"SourcePath","ArchivePath","Bytes"
"final_url_ssl_integrated_v2/FINAL_INTEGRATED_COMPLETE.json","final_url_ssl_integrated_v2/FINAL_INTEGRATED_COMPLETE.json","333"
"final_url_ssl_integrated_v2/FINAL_RESULTS_ZIP_SHA256.json","final_url_ssl_integrated_v2/FINAL_RESULTS_ZIP_SHA256.json","160"
"final_url_ssl_integrated_v2/audit/ARCHITECTURE_FREEZE.json","audit/ARCHITECTURE_FREEZE.json","2842"
"final_url_ssl_integrated_v2/audit/COMPLETE_COVERAGE_AUDIT.json","audit/COMPLETE_COVERAGE_AUDIT.json","2870"
"final_url_ssl_integrated_v2/audit/FINAL_ACCESS_PROTOCOL.json","audit/FINAL_ACCESS_PROTOCOL.json","374"
"final_url_ssl_integrated_v2/audit/HISTORICAL_EVIDENCE_MANIFEST.json","audit/HISTORICAL_EVIDENCE_MANIFEST.json","1413"
"final_url_ssl_integrated_v2/audit/INPUT_RESOLUTION.json","audit/INPUT_RESOLUTION.json","1501"
"final_url_ssl_integrated_v2/audit/INTEGRATED_PROTOCOL.json","audit/INTEGRATED_PROTOCOL.json","2096"
"final_url_ssl_integrated_v2/audit/PRE_FREEZE_DATA_PROTOCOL.json","audit/PRE_FREEZE_DATA_PROTOCOL.json","304"
"final_url_ssl_integrated_v2/audit/REPRESENTATION_SOURCES.json","audit/REPRESENTATION_SOURCES.json","707"
"final_url_ssl_integrated_v2/audit/RESUME_RESTORE.json","audit/RESUME_RESTORE.json","903"
"final_url_ssl_integrated_v2/checkpoints/DEEP/ENG_TRI_RUT_20000/COMPLETE.json","checkpoints/DEEP/ENG_TRI_RUT_20000/COMPLETE.json","215"
"final_url_ssl_integrated_v2/checkpoints/DEEP/ENG_TRI_RUT_200000/COMPLETE.json","checkpoints/DEEP/ENG_TRI_RUT_200000/COMPLETE.json","218"
"final_url_ssl_integrated_v2/checkpoints/DEEP/N10_rep00_RU/COMPLETE.json","checkpoints/DEEP/N10_rep00_RU/COMPLETE.json","211"
"final_url_ssl_integrated_v2/checkpoints/DEEP/N10_rep00_RUT/COMPLETE.json","checkpoints/DEEP/N10_rep00_RUT/COMPLETE.json","214"
"final_url_ssl_integrated_v2/checkpoints/DEEP/N10_rep01_RU/COMPLETE.json","checkpoints/DEEP/N10_rep01_RU/COMPLETE.json","211"
"final_url_ssl_integrated_v2/checkpoints/DEEP/N10_rep01_RUT/COMPLETE.json","checkpoints/DEEP/N10_rep01_RUT/COMPLETE.json","214"
"final_url_ssl_integrated_v2/checkpoints/DEEP/N10_rep02_RU/COMPLETE.json","checkpoints/DEEP/N10_rep02_RU/COMPLETE.json","211"
"final_url_ssl_integrated_v2/checkpoints/DEEP/N10_rep02_RUT/COMPLETE.json","checkpoints/DEEP/N10_rep02_RUT/COMPLETE.json","213"
"final_url_ssl_integrated_v2/checkpoints/DEEP/N10_rep03_RU/COMPLETE.json","checkpoints/DEEP/N10_rep03_RU/COMPLETE.json","211"
"final_url_ssl_integrated_v2/checkpoints/DEEP/N10_rep03_RUT/COMPLETE.json","checkpoints/DEEP/N10_rep03_RUT/COMPLETE.json","214"
"final_url_ssl_integrated_v2/checkpoints/DEEP/N10_rep04_RU/COMPLETE.json","checkpoints/DEEP/N10_rep04_RU/COMPLETE.json","213"
"final_url_ssl_integrated_v2/checkpoints/DEEP/N10_rep04_RUT/COMPLETE.json","checkpoints/DEEP/N10_rep04_RUT/COMPLETE.json","215"
"final_url_ssl_integrated_v2/checkpoints/DEEP/N10_rep05_RU/COMPLETE.json","checkpoints/DEEP/N10_rep05_RU/COMPLETE.json","211"
"final_url_ssl_integrated_v2/checkpoints/DEEP/N10_rep05_RUT/COMPLETE.json","checkpoints/DEEP/N10_rep05_RUT/COMPLETE.json","213"
"final_url_ssl_integrated_v2/checkpoints/DEEP/N10_rep06_RU/COMPLETE.json","checkpoints/DEEP/N10_rep06_RU/COMPLETE.json","211"
"final_url_ssl_integrated_v2/checkpoints/DEEP/N10_rep06_RUT/COMPLETE.json","checkpoints/DEEP/N10_rep06_RUT/COMPLETE.json","213"
"final_url_ssl_integrated_v2/checkpoints/DEEP/N10_rep07_RU/COMPLETE.json","checkpoints/DEEP/N10_rep07_RU/COMPLETE.json","212"
"final_url_ssl_integrated_v2/checkpoints/DEEP/N10_rep07_RUT/COMPLETE.json","checkpoints/DEEP/N10_rep07_RUT/COMPLETE.json","214"
"final_url_ssl_integrated_v2/checkpoints/DEEP/N10_rep08_RU/COMPLETE.json","checkpoints/DEEP/N10_rep08_RU/COMPLETE.json","212"
"final_url_ssl_integrated_v2/checkpoints/DEEP/N10_rep08_RUT/COMPLETE.json","checkpoints/DEEP/N10_rep08_RUT/COMPLETE.json","215"
"final_url_ssl_integrated_v2/checkpoints/DEEP/N10_rep09_RU/COMPLETE.json","checkpoints/DEEP/N10_rep09_RU/COMPLETE.json","211"
"final_url_ssl_integrated_v2/checkpoints/DEEP/N10_rep09_RUT/COMPLETE.json","checkpoints/DEEP/N10_rep09_RUT/COMPLETE.json","214"
"final_url_ssl_integrated_v2/checkpoints/DEEP/N3_seed122_DUAL_RUT_20000/COMPLETE.json","checkpoints/DEEP/N3_seed122_DUAL_RUT_20000/COMPLETE.json","226"
"final_url_ssl_integrated_v2/checkpoints/DEEP/N3_seed122_DUAL_RUT_200000/COMPLETE.json","checkpoints/DEEP/N3_seed122_DUAL_RUT_200000/COMPLETE.json","229"
"final_url_ssl_integrated_v2/checkpoints/DEEP/N3_seed42_DUAL_RUT_20000/COMPLETE.json","checkpoints/DEEP/N3_seed42_DUAL_RUT_20000/COMPLETE.json","222"
"final_url_ssl_integrated_v2/checkpoints/DEEP/N3_seed42_DUAL_RUT_200000/COMPLETE.json","checkpoints/DEEP/N3_seed42_DUAL_RUT_200000/COMPLETE.json","226"
"final_url_ssl_integrated_v2/checkpoints/DEEP/N3_seed82_DUAL_RUT_20000/COMPLETE.json","checkpoints/DEEP/N3_seed82_DUAL_RUT_20000/COMPLETE.json","225"
"final_url_ssl_integrated_v2/checkpoints/DEEP/N3_seed82_DUAL_RUT_200000/COMPLETE.json","checkpoints/DEEP/N3_seed82_DUAL_RUT_200000/COMPLETE.json","226"
"final_url_ssl_integrated_v2/checkpoints/URL_DAPT_BERT_200K/COMPLETE.json","checkpoints/URL_DAPT_BERT_200K/COMPLETE.json","321"
"final_url_ssl_integrated_v2/results/FF1_MODALITY_N5_ALL.csv","results/FF1_MODALITY_N5_ALL.csv","9826"
"final_url_ssl_integrated_v2/results/FF2_DEEP_N3_HISTORICAL_R0_RT.csv","results/FF2_DEEP_N3_HISTORICAL_R0_RT.csv","102418"
"final_url_ssl_integrated_v2/results/FF2_DEEP_N3_RUT_DEV.csv","results/FF2_DEEP_N3_RUT_DEV.csv","1353"
"final_url_ssl_integrated_v2/results/FF2_DEEP_N3_RUT_FINAL_ALL.csv","results/FF2_DEEP_N3_RUT_FINAL_ALL.csv","67485"
"final_url_ssl_integrated_v2/results/FF2_LABEL_CURVE_DEV_ALL.csv","results/FF2_LABEL_CURVE_DEV_ALL.csv","465346"
"final_url_ssl_integrated_v2/results/FF2_LABEL_CURVE_FINAL_ALL.csv","results/FF2_LABEL_CURVE_FINAL_ALL.csv","3175096"
"final_url_ssl_integrated_v2/results/FF3_N10_NEW_RU_RUT_ALL.csv","results/FF3_N10_NEW_RU_RUT_ALL.csv","31516"
"final_url_ssl_integrated_v2/results/FF3_N10_R0_RU_RT_RUT_ALL.csv","results/FF3_N10_R0_RU_RT_RUT_ALL.csv","52240"
"final_url_ssl_integrated_v2/results/FINAL_RESEARCH_SUMMARY.json","results/FINAL_RESEARCH_SUMMARY.json","4845"
"final_url_ssl_integrated_v2/results/curve_final_parts/final_run0_R0_LINEAR_10000.csv","results/curve_final_parts/final_run0_R0_LINEAR_10000.csv","11862"
"final_url_ssl_integrated_v2/results/curve_final_parts/final_run0_R0_LINEAR_100000.csv","results/curve_final_parts/final_run0_R0_LINEAR_100000.csv","11970"
"final_url_ssl_integrated_v2/results/curve_final_parts/final_run0_R0_LINEAR_2000.csv","results/curve_final_parts/final_run0_R0_LINEAR_2000.csv","11797"
"final_url_ssl_integrated_v2/results/curve_final_parts/final_run0_R0_LINEAR_20000.csv","results/curve_final_parts/final_run0_R0_LINEAR_20000.csv","11946"
"final_url_ssl_integrated_v2/results/curve_final_parts/final_run0_R0_LINEAR_200000.csv","results/curve_final_parts/final_run0_R0_LINEAR_200000.csv","11956"
"final_url_ssl_integrated_v2/results/curve_final_parts/final_run0_R0_LINEAR_5000.csv","results/curve_final_parts/final_run0_R0_LINEAR_5000.csv","11903"
"final_url_ssl_integrated_v2/results/curve_final_parts/final_run0_R0_LINEAR_50000.csv","results/curve_final_parts/final_run0_R0_LINEAR_50000.csv","11957"
"final_url_ssl_integrated_v2/results/curve_final_parts/final_run0_R0_MLP_10000.csv","results/curve_final_parts/final_run0_R0_MLP_10000.csv","11827"
"final_url_ssl_integrated_v2/results/curve_final_parts/final_run0_R0_MLP_100000.csv","results/curve_final_parts/final_run0_R0_MLP_100000.csv","11905"
"final_url_ssl_integrated_v2/results/curve_final_parts/final_run0_R0_MLP_2000.csv","results/curve_final_parts/final_run0_R0_MLP_2000.csv","11716"
"final_url_ssl_integrated_v2/results/curve_final_parts/final_run0_R0_MLP_20000.csv","results/curve_final_parts/final_run0_R0_MLP_20000.csv","11825"
"final_url_ssl_integrated_v2/results/curve_final_parts/final_run0_R0_MLP_200000.csv","results/curve_final_parts/final_run0_R0_MLP_200000.csv","11872"
"final_url_ssl_integrated_v2/results/curve_final_parts/final_run0_R0_MLP_5000.csv","results/curve_final_parts/final_run0_R0_MLP_5000.csv","11727"
"final_url_ssl_integrated_v2/results/curve_final_parts/final_run0_R0_MLP_50000.csv","results/curve_final_parts/final_run0_R0_MLP_50000.csv","11857"
"final_url_ssl_integrated_v2/results/curve_final_parts/final_run0_RT_LINEAR_10000.csv","results/curve_final_parts/final_run0_RT_LINEAR_10000.csv","11943"
"final_url_ssl_integrated_v2/results/curve_final_parts/final_run0_RT_LINEAR_100000.csv","results/curve_final_parts/final_run0_RT_LINEAR_100000.csv","12013"
"final_url_ssl_integrated_v2/results/curve_final_parts/final_run0_RT_LINEAR_2000.csv","results/curve_final_parts/final_run0_RT_LINEAR_2000.csv","11849"
"final_url_ssl_integrated_v2/results/curve_final_parts/final_run0_RT_LINEAR_20000.csv","results/curve_final_parts/final_run0_RT_LINEAR_20000.csv","11941"
"final_url_ssl_integrated_v2/results/curve_final_parts/final_run0_RT_LINEAR_200000.csv","results/curve_final_parts/final_run0_RT_LINEAR_200000.csv","11997"
"final_url_ssl_integrated_v2/results/curve_final_parts/final_run0_RT_LINEAR_5000.csv","results/curve_final_parts/final_run0_RT_LINEAR_5000.csv","11900"
"final_url_ssl_integrated_v2/results/curve_final_parts/final_run0_RT_LINEAR_50000.csv","results/curve_final_parts/final_run0_RT_LINEAR_50000.csv","11943"
"final_url_ssl_integrated_v2/results/curve_final_parts/final_run0_RT_MLP_10000.csv","results/curve_final_parts/final_run0_RT_MLP_10000.csv","11872"
"final_url_ssl_integrated_v2/results/curve_final_parts/final_run0_RT_MLP_100000.csv","results/curve_final_parts/final_run0_RT_MLP_100000.csv","11885"
"final_url_ssl_integrated_v2/results/curve_final_parts/final_run0_RT_MLP_2000.csv","results/curve_final_parts/final_run0_RT_MLP_2000.csv","11724"
"final_url_ssl_integrated_v2/results/curve_final_parts/final_run0_RT_MLP_20000.csv","results/curve_final_parts/final_run0_RT_MLP_20000.csv","11854"
"final_url_ssl_integrated_v2/results/curve_final_parts/final_run0_RT_MLP_200000.csv","results/curve_final_parts/final_run0_RT_MLP_200000.csv","11921"
"final_url_ssl_integrated_v2/results/curve_final_parts/final_run0_RT_MLP_5000.csv","results/curve_final_parts/final_run0_RT_MLP_5000.csv","11808"
"final_url_ssl_integrated_v2/results/curve_final_parts/final_run0_RT_MLP_50000.csv","results/curve_final_parts/final_run0_RT_MLP_50000.csv","11832"
"final_url_ssl_integrated_v2/results/curve_final_parts/final_run0_RUT_LINEAR_10000.csv","results/curve_final_parts/final_run0_RUT_LINEAR_10000.csv","11989"
"final_url_ssl_integrated_v2/results/curve_final_parts/final_run0_RUT_LINEAR_100000.csv","results/curve_final_parts/final_run0_RUT_LINEAR_100000.csv","12050"
"final_url_ssl_integrated_v2/results/curve_final_parts/final_run0_RUT_LINEAR_2000.csv","results/curve_final_parts/final_run0_RUT_LINEAR_2000.csv","11954"
"final_url_ssl_integrated_v2/results/curve_final_parts/final_run0_RUT_LINEAR_20000.csv","results/curve_final_parts/final_run0_RUT_LINEAR_20000.csv","12007"
"final_url_ssl_integrated_v2/results/curve_final_parts/final_run0_RUT_LINEAR_200000.csv","results/curve_final_parts/final_run0_RUT_LINEAR_200000.csv","12036"
"final_url_ssl_integrated_v2/results/curve_final_parts/final_run0_RUT_LINEAR_5000.csv","results/curve_final_parts/final_run0_RUT_LINEAR_5000.csv","11975"
"final_url_ssl_integrated_v2/results/curve_final_parts/final_run0_RUT_LINEAR_50000.csv","results/curve_final_parts/final_run0_RUT_LINEAR_50000.csv","11953"
"final_url_ssl_integrated_v2/results/curve_final_parts/final_run0_RUT_MLP_10000.csv","results/curve_final_parts/final_run0_RUT_MLP_10000.csv","11894"
"final_url_ssl_integrated_v2/results/curve_final_parts/final_run0_RUT_MLP_100000.csv","results/curve_final_parts/final_run0_RUT_MLP_100000.csv","11952"
"final_url_ssl_integrated_v2/results/curve_final_parts/final_run0_RUT_MLP_2000.csv","results/curve_final_parts/final_run0_RUT_MLP_2000.csv","11775"
"final_url_ssl_integrated_v2/results/curve_final_parts/final_run0_RUT_MLP_20000.csv","results/curve_final_parts/final_run0_RUT_MLP_20000.csv","11842"
"final_url_ssl_integrated_v2/results/curve_final_parts/final_run0_RUT_MLP_200000.csv","results/curve_final_parts/final_run0_RUT_MLP_200000.csv","11931"
"final_url_ssl_integrated_v2/results/curve_final_parts/final_run0_RUT_MLP_5000.csv","results/curve_final_parts/final_run0_RUT_MLP_5000.csv","11839"
"final_url_ssl_integrated_v2/results/curve_final_parts/final_run0_RUT_MLP_50000.csv","results/curve_final_parts/final_run0_RUT_MLP_50000.csv","11895"
"final_url_ssl_integrated_v2/results/curve_final_parts/final_run0_RU_LINEAR_10000.csv","results/curve_final_parts/final_run0_RU_LINEAR_10000.csv","11938"
"final_url_ssl_integrated_v2/results/curve_final_parts/final_run0_RU_LINEAR_100000.csv","results/curve_final_parts/final_run0_RU_LINEAR_100000.csv","11978"
"final_url_ssl_integrated_v2/results/curve_final_parts/final_run0_RU_LINEAR_2000.csv","results/curve_final_parts/final_run0_RU_LINEAR_2000.csv","11812"
"final_url_ssl_integrated_v2/results/curve_final_parts/final_run0_RU_LINEAR_20000.csv","results/curve_final_parts/final_run0_RU_LINEAR_20000.csv","11942"
"final_url_ssl_integrated_v2/results/curve_final_parts/final_run0_RU_LINEAR_200000.csv","results/curve_final_parts/final_run0_RU_LINEAR_200000.csv","11991"
"final_url_ssl_integrated_v2/results/curve_final_parts/final_run0_RU_LINEAR_5000.csv","results/curve_final_parts/final_run0_RU_LINEAR_5000.csv","11901"
"final_url_ssl_integrated_v2/results/curve_final_parts/final_run0_RU_LINEAR_50000.csv","results/curve_final_parts/final_run0_RU_LINEAR_50000.csv","11948"
"final_url_ssl_integrated_v2/results/curve_final_parts/final_run0_RU_MLP_10000.csv","results/curve_final_parts/final_run0_RU_MLP_10000.csv","11831"
"final_url_ssl_integrated_v2/results/curve_final_parts/final_run0_RU_MLP_100000.csv","results/curve_final_parts/final_run0_RU_MLP_100000.csv","11863"
"final_url_ssl_integrated_v2/results/curve_final_parts/final_run0_RU_MLP_2000.csv","results/curve_final_parts/final_run0_RU_MLP_2000.csv","11837"
"final_url_ssl_integrated_v2/results/curve_final_parts/final_run0_RU_MLP_20000.csv","results/curve_final_parts/final_run0_RU_MLP_20000.csv","11818"
"final_url_ssl_integrated_v2/results/curve_final_parts/final_run0_RU_MLP_200000.csv","results/curve_final_parts/final_run0_RU_MLP_200000.csv","11879"
"final_url_ssl_integrated_v2/results/curve_final_parts/final_run0_RU_MLP_5000.csv","results/curve_final_parts/final_run0_RU_MLP_5000.csv","11786"
"final_url_ssl_integrated_v2/results/curve_final_parts/final_run0_RU_MLP_50000.csv","results/curve_final_parts/final_run0_RU_MLP_50000.csv","11872"
"final_url_ssl_integrated_v2/results/curve_final_parts/final_run1_R0_LINEAR_10000.csv","results/curve_final_parts/final_run1_R0_LINEAR_10000.csv","11874"
"final_url_ssl_integrated_v2/results/curve_final_parts/final_run1_R0_LINEAR_100000.csv","results/curve_final_parts/final_run1_R0_LINEAR_100000.csv","11968"
"final_url_ssl_integrated_v2/results/curve_final_parts/final_run1_R0_LINEAR_2000.csv","results/curve_final_parts/final_run1_R0_LINEAR_2000.csv","11896"
"final_url_ssl_integrated_v2/results/curve_final_parts/final_run1_R0_LINEAR_20000.csv","results/curve_final_parts/final_run1_R0_LINEAR_20000.csv","11932"
"final_url_ssl_integrated_v2/results/curve_final_parts/final_run1_R0_LINEAR_200000.csv","results/curve_final_parts/final_run1_R0_LINEAR_200000.csv","11956"
"final_url_ssl_integrated_v2/results/curve_final_parts/final_run1_R0_LINEAR_5000.csv","results/curve_final_parts/final_run1_R0_LINEAR_5000.csv","11844"
"final_url_ssl_integrated_v2/results/curve_final_parts/final_run1_R0_LINEAR_50000.csv","results/curve_final_parts/final_run1_R0_LINEAR_50000.csv","11931"
"final_url_ssl_integrated_v2/results/curve_final_parts/final_run1_R0_MLP_10000.csv","results/curve_final_parts/final_run1_R0_MLP_10000.csv","11725"
"final_url_ssl_integrated_v2/results/curve_final_parts/final_run1_R0_MLP_100000.csv","results/curve_final_parts/final_run1_R0_MLP_100000.csv","11908"
"final_url_ssl_integrated_v2/results/curve_final_parts/final_run1_R0_MLP_2000.csv","results/curve_final_parts/final_run1_R0_MLP_2000.csv","11808"
"final_url_ssl_integrated_v2/results/curve_final_parts/final_run1_R0_MLP_20000.csv","results/curve_final_parts/final_run1_R0_MLP_20000.csv","11848"
"final_url_ssl_integrated_v2/results/curve_final_parts/final_run1_R0_MLP_200000.csv","results/curve_final_parts/final_run1_R0_MLP_200000.csv","11897"
"final_url_ssl_integrated_v2/results/curve_final_parts/final_run1_R0_MLP_5000.csv","results/curve_final_parts/final_run1_R0_MLP_5000.csv","11757"
"final_url_ssl_integrated_v2/results/curve_final_parts/final_run1_R0_MLP_50000.csv","results/curve_final_parts/final_run1_R0_MLP_50000.csv","11858"
"final_url_ssl_integrated_v2/results/curve_final_parts/final_run1_RT_LINEAR_10000.csv","results/curve_final_parts/final_run1_RT_LINEAR_10000.csv","11871"
"final_url_ssl_integrated_v2/results/curve_final_parts/final_run1_RT_LINEAR_100000.csv","results/curve_final_parts/final_run1_RT_LINEAR_100000.csv","12015"
"final_url_ssl_integrated_v2/results/curve_final_parts/final_run1_RT_LINEAR_2000.csv","results/curve_final_parts/final_run1_RT_LINEAR_2000.csv","11687"
"final_url_ssl_integrated_v2/results/curve_final_parts/final_run1_RT_LINEAR_20000.csv","results/curve_final_parts/final_run1_RT_LINEAR_20000.csv","11980"
"final_url_ssl_integrated_v2/results/curve_final_parts/final_run1_RT_LINEAR_200000.csv","results/curve_final_parts/final_run1_RT_LINEAR_200000.csv","11997"
"final_url_ssl_integrated_v2/results/curve_final_parts/final_run1_RT_LINEAR_5000.csv","results/curve_final_parts/final_run1_RT_LINEAR_5000.csv","11832"
"final_url_ssl_integrated_v2/results/curve_final_parts/final_run1_RT_LINEAR_50000.csv","results/curve_final_parts/final_run1_RT_LINEAR_50000.csv","11968"
"final_url_ssl_integrated_v2/results/curve_final_parts/final_run1_RT_MLP_10000.csv","results/curve_final_parts/final_run1_RT_MLP_10000.csv","11820"
"final_url_ssl_integrated_v2/results/curve_final_parts/final_run1_RT_MLP_100000.csv","results/curve_final_parts/final_run1_RT_MLP_100000.csv","11893"
"final_url_ssl_integrated_v2/results/curve_final_parts/final_run1_RT_MLP_2000.csv","results/curve_final_parts/final_run1_RT_MLP_2000.csv","11693"
"final_url_ssl_integrated_v2/results/curve_final_parts/final_run1_RT_MLP_20000.csv","results/curve_final_parts/final_run1_RT_MLP_20000.csv","11854"
"final_url_ssl_integrated_v2/results/curve_final_parts/final_run1_RT_MLP_200000.csv","results/curve_final_parts/final_run1_RT_MLP_200000.csv","11924"
"final_url_ssl_integrated_v2/results/curve_final_parts/final_run1_RT_MLP_5000.csv","results/curve_final_parts/final_run1_RT_MLP_5000.csv","11799"
"final_url_ssl_integrated_v2/results/curve_final_parts/final_run1_RT_MLP_50000.csv","results/curve_final_parts/final_run1_RT_MLP_50000.csv","11859"
"final_url_ssl_integrated_v2/results/curve_final_parts/final_run1_RUT_LINEAR_10000.csv","results/curve_final_parts/final_run1_RUT_LINEAR_10000.csv","11992"
"final_url_ssl_integrated_v2/results/curve_final_parts/final_run1_RUT_LINEAR_100000.csv","results/curve_final_parts/final_run1_RUT_LINEAR_100000.csv","12058"
"final_url_ssl_integrated_v2/results/curve_final_parts/final_run1_RUT_LINEAR_2000.csv","results/curve_final_parts/final_run1_RUT_LINEAR_2000.csv","11901"
"final_url_ssl_integrated_v2/results/curve_final_parts/final_run1_RUT_LINEAR_20000.csv","results/curve_final_parts/final_run1_RUT_LINEAR_20000.csv","11964"
"final_url_ssl_integrated_v2/results/curve_final_parts/final_run1_RUT_LINEAR_200000.csv","results/curve_final_parts/final_run1_RUT_LINEAR_200000.csv","12036"
"final_url_ssl_integrated_v2/results/curve_final_parts/final_run1_RUT_LINEAR_5000.csv","results/curve_final_parts/final_run1_RUT_LINEAR_5000.csv","11862"
"final_url_ssl_integrated_v2/results/curve_final_parts/final_run1_RUT_LINEAR_50000.csv","results/curve_final_parts/final_run1_RUT_LINEAR_50000.csv","11978"
"final_url_ssl_integrated_v2/results/curve_final_parts/final_run1_RUT_MLP_10000.csv","results/curve_final_parts/final_run1_RUT_MLP_10000.csv","11851"
"final_url_ssl_integrated_v2/results/curve_final_parts/final_run1_RUT_MLP_100000.csv","results/curve_final_parts/final_run1_RUT_MLP_100000.csv","11913"
"final_url_ssl_integrated_v2/results/curve_final_parts/final_run1_RUT_MLP_2000.csv","results/curve_final_parts/final_run1_RUT_MLP_2000.csv","11772"
"final_url_ssl_integrated_v2/results/curve_final_parts/final_run1_RUT_MLP_20000.csv","results/curve_final_parts/final_run1_RUT_MLP_20000.csv","11883"
"final_url_ssl_integrated_v2/results/curve_final_parts/final_run1_RUT_MLP_200000.csv","results/curve_final_parts/final_run1_RUT_MLP_200000.csv","11938"
"final_url_ssl_integrated_v2/results/curve_final_parts/final_run1_RUT_MLP_5000.csv","results/curve_final_parts/final_run1_RUT_MLP_5000.csv","11811"
"final_url_ssl_integrated_v2/results/curve_final_parts/final_run1_RUT_MLP_50000.csv","results/curve_final_parts/final_run1_RUT_MLP_50000.csv","11906"
"final_url_ssl_integrated_v2/results/curve_final_parts/final_run1_RU_LINEAR_10000.csv","results/curve_final_parts/final_run1_RU_LINEAR_10000.csv","11889"
"final_url_ssl_integrated_v2/results/curve_final_parts/final_run1_RU_LINEAR_100000.csv","results/curve_final_parts/final_run1_RU_LINEAR_100000.csv","11952"
"final_url_ssl_integrated_v2/results/curve_final_parts/final_run1_RU_LINEAR_2000.csv","results/curve_final_parts/final_run1_RU_LINEAR_2000.csv","11830"
"final_url_ssl_integrated_v2/results/curve_final_parts/final_run1_RU_LINEAR_20000.csv","results/curve_final_parts/final_run1_RU_LINEAR_20000.csv","11918"
"final_url_ssl_integrated_v2/results/curve_final_parts/final_run1_RU_LINEAR_200000.csv","results/curve_final_parts/final_run1_RU_LINEAR_200000.csv","11991"
"final_url_ssl_integrated_v2/results/curve_final_parts/final_run1_RU_LINEAR_5000.csv","results/curve_final_parts/final_run1_RU_LINEAR_5000.csv","11822"
"final_url_ssl_integrated_v2/results/curve_final_parts/final_run1_RU_LINEAR_50000.csv","results/curve_final_parts/final_run1_RU_LINEAR_50000.csv","11962"
"final_url_ssl_integrated_v2/results/curve_final_parts/final_run1_RU_MLP_10000.csv","results/curve_final_parts/final_run1_RU_MLP_10000.csv","11783"
"final_url_ssl_integrated_v2/results/curve_final_parts/final_run1_RU_MLP_100000.csv","results/curve_final_parts/final_run1_RU_MLP_100000.csv","11902"
"final_url_ssl_integrated_v2/results/curve_final_parts/final_run1_RU_MLP_2000.csv","results/curve_final_parts/final_run1_RU_MLP_2000.csv","11724"
"final_url_ssl_integrated_v2/results/curve_final_parts/final_run1_RU_MLP_20000.csv","results/curve_final_parts/final_run1_RU_MLP_20000.csv","11884"
"final_url_ssl_integrated_v2/results/curve_final_parts/final_run1_RU_MLP_200000.csv","results/curve_final_parts/final_run1_RU_MLP_200000.csv","11933"
"final_url_ssl_integrated_v2/results/curve_final_parts/final_run1_RU_MLP_5000.csv","results/curve_final_parts/final_run1_RU_MLP_5000.csv","11789"
"final_url_ssl_integrated_v2/results/curve_final_parts/final_run1_RU_MLP_50000.csv","results/curve_final_parts/final_run1_RU_MLP_50000.csv","11887"
"final_url_ssl_integrated_v2/results/curve_final_parts/final_run2_R0_LINEAR_10000.csv","results/curve_final_parts/final_run2_R0_LINEAR_10000.csv","11824"
"final_url_ssl_integrated_v2/results/curve_final_parts/final_run2_R0_LINEAR_100000.csv","results/curve_final_parts/final_run2_R0_LINEAR_100000.csv","11994"
"final_url_ssl_integrated_v2/results/curve_final_parts/final_run2_R0_LINEAR_2000.csv","results/curve_final_parts/final_run2_R0_LINEAR_2000.csv","11839"
"final_url_ssl_integrated_v2/results/curve_final_parts/final_run2_R0_LINEAR_20000.csv","results/curve_final_parts/final_run2_R0_LINEAR_20000.csv","11827"
"final_url_ssl_integrated_v2/results/curve_final_parts/final_run2_R0_LINEAR_200000.csv","results/curve_final_parts/final_run2_R0_LINEAR_200000.csv","11956"
"final_url_ssl_integrated_v2/results/curve_final_parts/final_run2_R0_LINEAR_5000.csv","results/curve_final_parts/final_run2_R0_LINEAR_5000.csv","11851"
"final_url_ssl_integrated_v2/results/curve_final_parts/final_run2_R0_LINEAR_50000.csv","results/curve_final_parts/final_run2_R0_LINEAR_50000.csv","11935"
"final_url_ssl_integrated_v2/results/curve_final_parts/final_run2_R0_MLP_10000.csv","results/curve_final_parts/final_run2_R0_MLP_10000.csv","11743"
"final_url_ssl_integrated_v2/results/curve_final_parts/final_run2_R0_MLP_100000.csv","results/curve_final_parts/final_run2_R0_MLP_100000.csv","11902"
"final_url_ssl_integrated_v2/results/curve_final_parts/final_run2_R0_MLP_2000.csv","results/curve_final_parts/final_run2_R0_MLP_2000.csv","11698"
"final_url_ssl_integrated_v2/results/curve_final_parts/final_run2_R0_MLP_20000.csv","results/curve_final_parts/final_run2_R0_MLP_20000.csv","11809"
"final_url_ssl_integrated_v2/results/curve_final_parts/final_run2_R0_MLP_200000.csv","results/curve_final_parts/final_run2_R0_MLP_200000.csv","11863"
"final_url_ssl_integrated_v2/results/curve_final_parts/final_run2_R0_MLP_5000.csv","results/curve_final_parts/final_run2_R0_MLP_5000.csv","11757"
"final_url_ssl_integrated_v2/results/curve_final_parts/final_run2_R0_MLP_50000.csv","results/curve_final_parts/final_run2_R0_MLP_50000.csv","11857"
"final_url_ssl_integrated_v2/results/curve_final_parts/final_run2_RT_LINEAR_10000.csv","results/curve_final_parts/final_run2_RT_LINEAR_10000.csv","11857"
"final_url_ssl_integrated_v2/results/curve_final_parts/final_run2_RT_LINEAR_100000.csv","results/curve_final_parts/final_run2_RT_LINEAR_100000.csv","11978"
"final_url_ssl_integrated_v2/results/curve_final_parts/final_run2_RT_LINEAR_2000.csv","results/curve_final_parts/final_run2_RT_LINEAR_2000.csv","11802"
"final_url_ssl_integrated_v2/results/curve_final_parts/final_run2_RT_LINEAR_20000.csv","results/curve_final_parts/final_run2_RT_LINEAR_20000.csv","11853"
"final_url_ssl_integrated_v2/results/curve_final_parts/final_run2_RT_LINEAR_200000.csv","results/curve_final_parts/final_run2_RT_LINEAR_200000.csv","11997"
"final_url_ssl_integrated_v2/results/curve_final_parts/final_run2_RT_LINEAR_5000.csv","results/curve_final_parts/final_run2_RT_LINEAR_5000.csv","11843"
"final_url_ssl_integrated_v2/results/curve_final_parts/final_run2_RT_LINEAR_50000.csv","results/curve_final_parts/final_run2_RT_LINEAR_50000.csv","11943"
"final_url_ssl_integrated_v2/results/curve_final_parts/final_run2_RT_MLP_10000.csv","results/curve_final_parts/final_run2_RT_MLP_10000.csv","11757"
"final_url_ssl_integrated_v2/results/curve_final_parts/final_run2_RT_MLP_100000.csv","results/curve_final_parts/final_run2_RT_MLP_100000.csv","11898"
"final_url_ssl_integrated_v2/results/curve_final_parts/final_run2_RT_MLP_2000.csv","results/curve_final_parts/final_run2_RT_MLP_2000.csv","11822"
"final_url_ssl_integrated_v2/results/curve_final_parts/final_run2_RT_MLP_20000.csv","results/curve_final_parts/final_run2_RT_MLP_20000.csv","11780"
"final_url_ssl_integrated_v2/results/curve_final_parts/final_run2_RT_MLP_200000.csv","results/curve_final_parts/final_run2_RT_MLP_200000.csv","11895"
"final_url_ssl_integrated_v2/results/curve_final_parts/final_run2_RT_MLP_5000.csv","results/curve_final_parts/final_run2_RT_MLP_5000.csv","11694"
"final_url_ssl_integrated_v2/results/curve_final_parts/final_run2_RT_MLP_50000.csv","results/curve_final_parts/final_run2_RT_MLP_50000.csv","11865"
"final_url_ssl_integrated_v2/results/curve_final_parts/final_run2_RUT_LINEAR_10000.csv","results/curve_final_parts/final_run2_RUT_LINEAR_10000.csv","11948"
"final_url_ssl_integrated_v2/results/curve_final_parts/final_run2_RUT_LINEAR_100000.csv","results/curve_final_parts/final_run2_RUT_LINEAR_100000.csv","12024"
"final_url_ssl_integrated_v2/results/curve_final_parts/final_run2_RUT_LINEAR_2000.csv","results/curve_final_parts/final_run2_RUT_LINEAR_2000.csv","11944"
"final_url_ssl_integrated_v2/results/curve_final_parts/final_run2_RUT_LINEAR_20000.csv","results/curve_final_parts/final_run2_RUT_LINEAR_20000.csv","11988"
"final_url_ssl_integrated_v2/results/curve_final_parts/final_run2_RUT_LINEAR_200000.csv","results/curve_final_parts/final_run2_RUT_LINEAR_200000.csv","12036"
"final_url_ssl_integrated_v2/results/curve_final_parts/final_run2_RUT_LINEAR_5000.csv","results/curve_final_parts/final_run2_RUT_LINEAR_5000.csv","11919"
"final_url_ssl_integrated_v2/results/curve_final_parts/final_run2_RUT_LINEAR_50000.csv","results/curve_final_parts/final_run2_RUT_LINEAR_50000.csv","11966"
"final_url_ssl_integrated_v2/results/curve_final_parts/final_run2_RUT_MLP_10000.csv","results/curve_final_parts/final_run2_RUT_MLP_10000.csv","11854"
"final_url_ssl_integrated_v2/results/curve_final_parts/final_run2_RUT_MLP_100000.csv","results/curve_final_parts/final_run2_RUT_MLP_100000.csv","11964"
"final_url_ssl_integrated_v2/results/curve_final_parts/final_run2_RUT_MLP_2000.csv","results/curve_final_parts/final_run2_RUT_MLP_2000.csv","11845"
"final_url_ssl_integrated_v2/results/curve_final_parts/final_run2_RUT_MLP_20000.csv","results/curve_final_parts/final_run2_RUT_MLP_20000.csv","11874"
"final_url_ssl_integrated_v2/results/curve_final_parts/final_run2_RUT_MLP_200000.csv","results/curve_final_parts/final_run2_RUT_MLP_200000.csv","11918"
"final_url_ssl_integrated_v2/results/curve_final_parts/final_run2_RUT_MLP_5000.csv","results/curve_final_parts/final_run2_RUT_MLP_5000.csv","11805"
"final_url_ssl_integrated_v2/results/curve_final_parts/final_run2_RUT_MLP_50000.csv","results/curve_final_parts/final_run2_RUT_MLP_50000.csv","11896"
"final_url_ssl_integrated_v2/results/curve_final_parts/final_run2_RU_LINEAR_10000.csv","results/curve_final_parts/final_run2_RU_LINEAR_10000.csv","11929"
"final_url_ssl_integrated_v2/results/curve_final_parts/final_run2_RU_LINEAR_100000.csv","results/curve_final_parts/final_run2_RU_LINEAR_100000.csv","11959"
"final_url_ssl_integrated_v2/results/curve_final_parts/final_run2_RU_LINEAR_2000.csv","results/curve_final_parts/final_run2_RU_LINEAR_2000.csv","11894"
"final_url_ssl_integrated_v2/results/curve_final_parts/final_run2_RU_LINEAR_20000.csv","results/curve_final_parts/final_run2_RU_LINEAR_20000.csv","11951"
"final_url_ssl_integrated_v2/results/curve_final_parts/final_run2_RU_LINEAR_200000.csv","results/curve_final_parts/final_run2_RU_LINEAR_200000.csv","11991"
"final_url_ssl_integrated_v2/results/curve_final_parts/final_run2_RU_LINEAR_5000.csv","results/curve_final_parts/final_run2_RU_LINEAR_5000.csv","11893"
"final_url_ssl_integrated_v2/results/curve_final_parts/final_run2_RU_LINEAR_50000.csv","results/curve_final_parts/final_run2_RU_LINEAR_50000.csv","11906"
"final_url_ssl_integrated_v2/results/curve_final_parts/final_run2_RU_MLP_10000.csv","results/curve_final_parts/final_run2_RU_MLP_10000.csv","11833"
"final_url_ssl_integrated_v2/results/curve_final_parts/final_run2_RU_MLP_100000.csv","results/curve_final_parts/final_run2_RU_MLP_100000.csv","11889"
"final_url_ssl_integrated_v2/results/curve_final_parts/final_run2_RU_MLP_2000.csv","results/curve_final_parts/final_run2_RU_MLP_2000.csv","11820"
"final_url_ssl_integrated_v2/results/curve_final_parts/final_run2_RU_MLP_20000.csv","results/curve_final_parts/final_run2_RU_MLP_20000.csv","11848"
"final_url_ssl_integrated_v2/results/curve_final_parts/final_run2_RU_MLP_200000.csv","results/curve_final_parts/final_run2_RU_MLP_200000.csv","11860"
"final_url_ssl_integrated_v2/results/curve_final_parts/final_run2_RU_MLP_5000.csv","results/curve_final_parts/final_run2_RU_MLP_5000.csv","11781"
"final_url_ssl_integrated_v2/results/curve_final_parts/final_run2_RU_MLP_50000.csv","results/curve_final_parts/final_run2_RU_MLP_50000.csv","11839"
"final_url_ssl_integrated_v2/results/curve_final_parts/final_run3_R0_LINEAR_10000.csv","results/curve_final_parts/final_run3_R0_LINEAR_10000.csv","11968"
"final_url_ssl_integrated_v2/results/curve_final_parts/final_run3_R0_LINEAR_100000.csv","results/curve_final_parts/final_run3_R0_LINEAR_100000.csv","12014"
"final_url_ssl_integrated_v2/results/curve_final_parts/final_run3_R0_LINEAR_2000.csv","results/curve_final_parts/final_run3_R0_LINEAR_2000.csv","11839"
"final_url_ssl_integrated_v2/results/curve_final_parts/final_run3_R0_LINEAR_20000.csv","results/curve_final_parts/final_run3_R0_LINEAR_20000.csv","11972"
"final_url_ssl_integrated_v2/results/curve_final_parts/final_run3_R0_LINEAR_200000.csv","results/curve_final_parts/final_run3_R0_LINEAR_200000.csv","11991"
"final_url_ssl_integrated_v2/results/curve_final_parts/final_run3_R0_LINEAR_5000.csv","results/curve_final_parts/final_run3_R0_LINEAR_5000.csv","11890"
"final_url_ssl_integrated_v2/results/curve_final_parts/final_run3_R0_LINEAR_50000.csv","results/curve_final_parts/final_run3_R0_LINEAR_50000.csv","11989"
"final_url_ssl_integrated_v2/results/curve_final_parts/final_run3_R0_MLP_10000.csv","results/curve_final_parts/final_run3_R0_MLP_10000.csv","11783"
"final_url_ssl_integrated_v2/results/curve_final_parts/final_run3_R0_MLP_100000.csv","results/curve_final_parts/final_run3_R0_MLP_100000.csv","11823"
"final_url_ssl_integrated_v2/results/curve_final_parts/final_run3_R0_MLP_2000.csv","results/curve_final_parts/final_run3_R0_MLP_2000.csv","11785"
"final_url_ssl_integrated_v2/results/curve_final_parts/final_run3_R0_MLP_20000.csv","results/curve_final_parts/final_run3_R0_MLP_20000.csv","11864"
"final_url_ssl_integrated_v2/results/curve_final_parts/final_run3_R0_MLP_200000.csv","results/curve_final_parts/final_run3_R0_MLP_200000.csv","11906"
"final_url_ssl_integrated_v2/results/curve_final_parts/final_run3_R0_MLP_5000.csv","results/curve_final_parts/final_run3_R0_MLP_5000.csv","11731"
"final_url_ssl_integrated_v2/results/curve_final_parts/final_run3_R0_MLP_50000.csv","results/curve_final_parts/final_run3_R0_MLP_50000.csv","11905"
"final_url_ssl_integrated_v2/results/curve_final_parts/final_run3_RT_LINEAR_10000.csv","results/curve_final_parts/final_run3_RT_LINEAR_10000.csv","11888"
"final_url_ssl_integrated_v2/results/curve_final_parts/final_run3_RT_LINEAR_100000.csv","results/curve_final_parts/final_run3_RT_LINEAR_100000.csv","11984"
"final_url_ssl_integrated_v2/results/curve_final_parts/final_run3_RT_LINEAR_2000.csv","results/curve_final_parts/final_run3_RT_LINEAR_2000.csv","11836"
"final_url_ssl_integrated_v2/results/curve_final_parts/final_run3_RT_LINEAR_20000.csv","results/curve_final_parts/final_run3_RT_LINEAR_20000.csv","11972"
"final_url_ssl_integrated_v2/results/curve_final_parts/final_run3_RT_LINEAR_200000.csv","results/curve_final_parts/final_run3_RT_LINEAR_200000.csv","12032"
"final_url_ssl_integrated_v2/results/curve_final_parts/final_run3_RT_LINEAR_5000.csv","results/curve_final_parts/final_run3_RT_LINEAR_5000.csv","11974"
"final_url_ssl_integrated_v2/results/curve_final_parts/final_run3_RT_LINEAR_50000.csv","results/curve_final_parts/final_run3_RT_LINEAR_50000.csv","12007"
"final_url_ssl_integrated_v2/results/curve_final_parts/final_run3_RT_MLP_10000.csv","results/curve_final_parts/final_run3_RT_MLP_10000.csv","11832"
"final_url_ssl_integrated_v2/results/curve_final_parts/final_run3_RT_MLP_100000.csv","results/curve_final_parts/final_run3_RT_MLP_100000.csv","11872"
"final_url_ssl_integrated_v2/results/curve_final_parts/final_run3_RT_MLP_2000.csv","results/curve_final_parts/final_run3_RT_MLP_2000.csv","11838"
"final_url_ssl_integrated_v2/results/curve_final_parts/final_run3_RT_MLP_20000.csv","results/curve_final_parts/final_run3_RT_MLP_20000.csv","11799"
"final_url_ssl_integrated_v2/results/curve_final_parts/final_run3_RT_MLP_200000.csv","results/curve_final_parts/final_run3_RT_MLP_200000.csv","11906"
"final_url_ssl_integrated_v2/results/curve_final_parts/final_run3_RT_MLP_5000.csv","results/curve_final_parts/final_run3_RT_MLP_5000.csv","11865"
"final_url_ssl_integrated_v2/results/curve_final_parts/final_run3_RT_MLP_50000.csv","results/curve_final_parts/final_run3_RT_MLP_50000.csv","11727"
"final_url_ssl_integrated_v2/results/curve_final_parts/final_run3_RUT_LINEAR_10000.csv","results/curve_final_parts/final_run3_RUT_LINEAR_10000.csv","11990"
"final_url_ssl_integrated_v2/results/curve_final_parts/final_run3_RUT_LINEAR_100000.csv","results/curve_final_parts/final_run3_RUT_LINEAR_100000.csv","12099"
"final_url_ssl_integrated_v2/results/curve_final_parts/final_run3_RUT_LINEAR_2000.csv","results/curve_final_parts/final_run3_RUT_LINEAR_2000.csv","11891"
"final_url_ssl_integrated_v2/results/curve_final_parts/final_run3_RUT_LINEAR_20000.csv","results/curve_final_parts/final_run3_RUT_LINEAR_20000.csv","12064"
"final_url_ssl_integrated_v2/results/curve_final_parts/final_run3_RUT_LINEAR_200000.csv","results/curve_final_parts/final_run3_RUT_LINEAR_200000.csv","12071"
"final_url_ssl_integrated_v2/results/curve_final_parts/final_run3_RUT_LINEAR_5000.csv","results/curve_final_parts/final_run3_RUT_LINEAR_5000.csv","11967"
"final_url_ssl_integrated_v2/results/curve_final_parts/final_run3_RUT_LINEAR_50000.csv","results/curve_final_parts/final_run3_RUT_LINEAR_50000.csv","12023"
"final_url_ssl_integrated_v2/results/curve_final_parts/final_run3_RUT_MLP_10000.csv","results/curve_final_parts/final_run3_RUT_MLP_10000.csv","11902"
"final_url_ssl_integrated_v2/results/curve_final_parts/final_run3_RUT_MLP_100000.csv","results/curve_final_parts/final_run3_RUT_MLP_100000.csv","11960"
"final_url_ssl_integrated_v2/results/curve_final_parts/final_run3_RUT_MLP_2000.csv","results/curve_final_parts/final_run3_RUT_MLP_2000.csv","11868"
"final_url_ssl_integrated_v2/results/curve_final_parts/final_run3_RUT_MLP_20000.csv","results/curve_final_parts/final_run3_RUT_MLP_20000.csv","11870"
"final_url_ssl_integrated_v2/results/curve_final_parts/final_run3_RUT_MLP_200000.csv","results/curve_final_parts/final_run3_RUT_MLP_200000.csv","11973"
"final_url_ssl_integrated_v2/results/curve_final_parts/final_run3_RUT_MLP_5000.csv","results/curve_final_parts/final_run3_RUT_MLP_5000.csv","11874"
"final_url_ssl_integrated_v2/results/curve_final_parts/final_run3_RUT_MLP_50000.csv","results/curve_final_parts/final_run3_RUT_MLP_50000.csv","11950"
"final_url_ssl_integrated_v2/results/curve_final_parts/final_run3_RU_LINEAR_10000.csv","results/curve_final_parts/final_run3_RU_LINEAR_10000.csv","11991"
"final_url_ssl_integrated_v2/results/curve_final_parts/final_run3_RU_LINEAR_100000.csv","results/curve_final_parts/final_run3_RU_LINEAR_100000.csv","12014"
"final_url_ssl_integrated_v2/results/curve_final_parts/final_run3_RU_LINEAR_2000.csv","results/curve_final_parts/final_run3_RU_LINEAR_2000.csv","11901"
"final_url_ssl_integrated_v2/results/curve_final_parts/final_run3_RU_LINEAR_20000.csv","results/curve_final_parts/final_run3_RU_LINEAR_20000.csv","11938"
"final_url_ssl_integrated_v2/results/curve_final_parts/final_run3_RU_LINEAR_200000.csv","results/curve_final_parts/final_run3_RU_LINEAR_200000.csv","12026"
"final_url_ssl_integrated_v2/results/curve_final_parts/final_run3_RU_LINEAR_5000.csv","results/curve_final_parts/final_run3_RU_LINEAR_5000.csv","11946"
"final_url_ssl_integrated_v2/results/curve_final_parts/final_run3_RU_LINEAR_50000.csv","results/curve_final_parts/final_run3_RU_LINEAR_50000.csv","11978"
"final_url_ssl_integrated_v2/results/curve_final_parts/final_run3_RU_MLP_10000.csv","results/curve_final_parts/final_run3_RU_MLP_10000.csv","11870"
"final_url_ssl_integrated_v2/results/curve_final_parts/final_run3_RU_MLP_100000.csv","results/curve_final_parts/final_run3_RU_MLP_100000.csv","11932"
"final_url_ssl_integrated_v2/results/curve_final_parts/final_run3_RU_MLP_2000.csv","results/curve_final_parts/final_run3_RU_MLP_2000.csv","11854"
"final_url_ssl_integrated_v2/results/curve_final_parts/final_run3_RU_MLP_20000.csv","results/curve_final_parts/final_run3_RU_MLP_20000.csv","11886"
"final_url_ssl_integrated_v2/results/curve_final_parts/final_run3_RU_MLP_200000.csv","results/curve_final_parts/final_run3_RU_MLP_200000.csv","11873"
"final_url_ssl_integrated_v2/results/curve_final_parts/final_run3_RU_MLP_5000.csv","results/curve_final_parts/final_run3_RU_MLP_5000.csv","11824"
"final_url_ssl_integrated_v2/results/curve_final_parts/final_run3_RU_MLP_50000.csv","results/curve_final_parts/final_run3_RU_MLP_50000.csv","11844"
"final_url_ssl_integrated_v2/results/curve_final_parts/final_run4_R0_LINEAR_10000.csv","results/curve_final_parts/final_run4_R0_LINEAR_10000.csv","11921"
"final_url_ssl_integrated_v2/results/curve_final_parts/final_run4_R0_LINEAR_100000.csv","results/curve_final_parts/final_run4_R0_LINEAR_100000.csv","12000"
"final_url_ssl_integrated_v2/results/curve_final_parts/final_run4_R0_LINEAR_2000.csv","results/curve_final_parts/final_run4_R0_LINEAR_2000.csv","11880"
"final_url_ssl_integrated_v2/results/curve_final_parts/final_run4_R0_LINEAR_20000.csv","results/curve_final_parts/final_run4_R0_LINEAR_20000.csv","11864"
"final_url_ssl_integrated_v2/results/curve_final_parts/final_run4_R0_LINEAR_200000.csv","results/curve_final_parts/final_run4_R0_LINEAR_200000.csv","11991"
"final_url_ssl_integrated_v2/results/curve_final_parts/final_run4_R0_LINEAR_5000.csv","results/curve_final_parts/final_run4_R0_LINEAR_5000.csv","11953"
"final_url_ssl_integrated_v2/results/curve_final_parts/final_run4_R0_LINEAR_50000.csv","results/curve_final_parts/final_run4_R0_LINEAR_50000.csv","11961"
"final_url_ssl_integrated_v2/results/curve_final_parts/final_run4_R0_MLP_10000.csv","results/curve_final_parts/final_run4_R0_MLP_10000.csv","11871"
"final_url_ssl_integrated_v2/results/curve_final_parts/final_run4_R0_MLP_100000.csv","results/curve_final_parts/final_run4_R0_MLP_100000.csv","11935"
"final_url_ssl_integrated_v2/results/curve_final_parts/final_run4_R0_MLP_2000.csv","results/curve_final_parts/final_run4_R0_MLP_2000.csv","11750"
"final_url_ssl_integrated_v2/results/curve_final_parts/final_run4_R0_MLP_20000.csv","results/curve_final_parts/final_run4_R0_MLP_20000.csv","11864"
"final_url_ssl_integrated_v2/results/curve_final_parts/final_run4_R0_MLP_200000.csv","results/curve_final_parts/final_run4_R0_MLP_200000.csv","11932"
"final_url_ssl_integrated_v2/results/curve_final_parts/final_run4_R0_MLP_5000.csv","results/curve_final_parts/final_run4_R0_MLP_5000.csv","11839"
"final_url_ssl_integrated_v2/results/curve_final_parts/final_run4_R0_MLP_50000.csv","results/curve_final_parts/final_run4_R0_MLP_50000.csv","11890"
"final_url_ssl_integrated_v2/results/curve_final_parts/final_run4_RT_LINEAR_10000.csv","results/curve_final_parts/final_run4_RT_LINEAR_10000.csv","11961"
"final_url_ssl_integrated_v2/results/curve_final_parts/final_run4_RT_LINEAR_100000.csv","results/curve_final_parts/final_run4_RT_LINEAR_100000.csv","12086"
"final_url_ssl_integrated_v2/results/curve_final_parts/final_run4_RT_LINEAR_2000.csv","results/curve_final_parts/final_run4_RT_LINEAR_2000.csv","11916"
"final_url_ssl_integrated_v2/results/curve_final_parts/final_run4_RT_LINEAR_20000.csv","results/curve_final_parts/final_run4_RT_LINEAR_20000.csv","12007"
"final_url_ssl_integrated_v2/results/curve_final_parts/final_run4_RT_LINEAR_200000.csv","results/curve_final_parts/final_run4_RT_LINEAR_200000.csv","12032"
"final_url_ssl_integrated_v2/results/curve_final_parts/final_run4_RT_LINEAR_5000.csv","results/curve_final_parts/final_run4_RT_LINEAR_5000.csv","11910"
"final_url_ssl_integrated_v2/results/curve_final_parts/final_run4_RT_LINEAR_50000.csv","results/curve_final_parts/final_run4_RT_LINEAR_50000.csv","12000"
"final_url_ssl_integrated_v2/results/curve_final_parts/final_run4_RT_MLP_10000.csv","results/curve_final_parts/final_run4_RT_MLP_10000.csv","11850"
"final_url_ssl_integrated_v2/results/curve_final_parts/final_run4_RT_MLP_100000.csv","results/curve_final_parts/final_run4_RT_MLP_100000.csv","11935"
"final_url_ssl_integrated_v2/results/curve_final_parts/final_run4_RT_MLP_2000.csv","results/curve_final_parts/final_run4_RT_MLP_2000.csv","11730"
"final_url_ssl_integrated_v2/results/curve_final_parts/final_run4_RT_MLP_20000.csv","results/curve_final_parts/final_run4_RT_MLP_20000.csv","11866"
"final_url_ssl_integrated_v2/results/curve_final_parts/final_run4_RT_MLP_200000.csv","results/curve_final_parts/final_run4_RT_MLP_200000.csv","11953"
"final_url_ssl_integrated_v2/results/curve_final_parts/final_run4_RT_MLP_5000.csv","results/curve_final_parts/final_run4_RT_MLP_5000.csv","11805"
"final_url_ssl_integrated_v2/results/curve_final_parts/final_run4_RT_MLP_50000.csv","results/curve_final_parts/final_run4_RT_MLP_50000.csv","11920"
"final_url_ssl_integrated_v2/results/curve_final_parts/final_run4_RUT_LINEAR_10000.csv","results/curve_final_parts/final_run4_RUT_LINEAR_10000.csv","12019"
"final_url_ssl_integrated_v2/results/curve_final_parts/final_run4_RUT_LINEAR_100000.csv","results/curve_final_parts/final_run4_RUT_LINEAR_100000.csv","12035"
"final_url_ssl_integrated_v2/results/curve_final_parts/final_run4_RUT_LINEAR_2000.csv","results/curve_final_parts/final_run4_RUT_LINEAR_2000.csv","11920"
"final_url_ssl_integrated_v2/results/curve_final_parts/final_run4_RUT_LINEAR_20000.csv","results/curve_final_parts/final_run4_RUT_LINEAR_20000.csv","12057"
"final_url_ssl_integrated_v2/results/curve_final_parts/final_run4_RUT_LINEAR_200000.csv","results/curve_final_parts/final_run4_RUT_LINEAR_200000.csv","12071"
"final_url_ssl_integrated_v2/results/curve_final_parts/final_run4_RUT_LINEAR_5000.csv","results/curve_final_parts/final_run4_RUT_LINEAR_5000.csv","11896"
"final_url_ssl_integrated_v2/results/curve_final_parts/final_run4_RUT_LINEAR_50000.csv","results/curve_final_parts/final_run4_RUT_LINEAR_50000.csv","12027"
"final_url_ssl_integrated_v2/results/curve_final_parts/final_run4_RUT_MLP_10000.csv","results/curve_final_parts/final_run4_RUT_MLP_10000.csv","11891"
"final_url_ssl_integrated_v2/results/curve_final_parts/final_run4_RUT_MLP_100000.csv","results/curve_final_parts/final_run4_RUT_MLP_100000.csv","11991"
"final_url_ssl_integrated_v2/results/curve_final_parts/final_run4_RUT_MLP_2000.csv","results/curve_final_parts/final_run4_RUT_MLP_2000.csv","11806"
"final_url_ssl_integrated_v2/results/curve_final_parts/final_run4_RUT_MLP_20000.csv","results/curve_final_parts/final_run4_RUT_MLP_20000.csv","11869"
"final_url_ssl_integrated_v2/results/curve_final_parts/final_run4_RUT_MLP_200000.csv","results/curve_final_parts/final_run4_RUT_MLP_200000.csv","11984"
"final_url_ssl_integrated_v2/results/curve_final_parts/final_run4_RUT_MLP_5000.csv","results/curve_final_parts/final_run4_RUT_MLP_5000.csv","11867"
"final_url_ssl_integrated_v2/results/curve_final_parts/final_run4_RUT_MLP_50000.csv","results/curve_final_parts/final_run4_RUT_MLP_50000.csv","11953"
"final_url_ssl_integrated_v2/results/curve_final_parts/final_run4_RU_LINEAR_10000.csv","results/curve_final_parts/final_run4_RU_LINEAR_10000.csv","11985"
"final_url_ssl_integrated_v2/results/curve_final_parts/final_run4_RU_LINEAR_100000.csv","results/curve_final_parts/final_run4_RU_LINEAR_100000.csv","12006"
"final_url_ssl_integrated_v2/results/curve_final_parts/final_run4_RU_LINEAR_2000.csv","results/curve_final_parts/final_run4_RU_LINEAR_2000.csv","11875"
"final_url_ssl_integrated_v2/results/curve_final_parts/final_run4_RU_LINEAR_20000.csv","results/curve_final_parts/final_run4_RU_LINEAR_20000.csv","11967"
"final_url_ssl_integrated_v2/results/curve_final_parts/final_run4_RU_LINEAR_200000.csv","results/curve_final_parts/final_run4_RU_LINEAR_200000.csv","12026"
"final_url_ssl_integrated_v2/results/curve_final_parts/final_run4_RU_LINEAR_5000.csv","results/curve_final_parts/final_run4_RU_LINEAR_5000.csv","11883"
"final_url_ssl_integrated_v2/results/curve_final_parts/final_run4_RU_LINEAR_50000.csv","results/curve_final_parts/final_run4_RU_LINEAR_50000.csv","11977"
"final_url_ssl_integrated_v2/results/curve_final_parts/final_run4_RU_MLP_10000.csv","results/curve_final_parts/final_run4_RU_MLP_10000.csv","11810"
"final_url_ssl_integrated_v2/results/curve_final_parts/final_run4_RU_MLP_100000.csv","results/curve_final_parts/final_run4_RU_MLP_100000.csv","11923"
"final_url_ssl_integrated_v2/results/curve_final_parts/final_run4_RU_MLP_2000.csv","results/curve_final_parts/final_run4_RU_MLP_2000.csv","11727"
"final_url_ssl_integrated_v2/results/curve_final_parts/final_run4_RU_MLP_20000.csv","results/curve_final_parts/final_run4_RU_MLP_20000.csv","11873"
"final_url_ssl_integrated_v2/results/curve_final_parts/final_run4_RU_MLP_200000.csv","results/curve_final_parts/final_run4_RU_MLP_200000.csv","11882"
"final_url_ssl_integrated_v2/results/curve_final_parts/final_run4_RU_MLP_5000.csv","results/curve_final_parts/final_run4_RU_MLP_5000.csv","11753"
"final_url_ssl_integrated_v2/results/curve_final_parts/final_run4_RU_MLP_50000.csv","results/curve_final_parts/final_run4_RU_MLP_50000.csv","11868"
"final_url_ssl_integrated_v2/results/curve_parts/dev_run0_R0_LINEAR_10000.csv","results/curve_parts/dev_run0_R0_LINEAR_10000.csv","1912"
"final_url_ssl_integrated_v2/results/curve_parts/dev_run0_R0_LINEAR_100000.csv","results/curve_parts/dev_run0_R0_LINEAR_100000.csv","1946"
"final_url_ssl_integrated_v2/results/curve_parts/dev_run0_R0_LINEAR_2000.csv","results/curve_parts/dev_run0_R0_LINEAR_2000.csv","1933"
"final_url_ssl_integrated_v2/results/curve_parts/dev_run0_R0_LINEAR_20000.csv","results/curve_parts/dev_run0_R0_LINEAR_20000.csv","1960"
"final_url_ssl_integrated_v2/results/curve_parts/dev_run0_R0_LINEAR_200000.csv","results/curve_parts/dev_run0_R0_LINEAR_200000.csv","1889"
"final_url_ssl_integrated_v2/results/curve_parts/dev_run0_R0_LINEAR_5000.csv","results/curve_parts/dev_run0_R0_LINEAR_5000.csv","1865"
"final_url_ssl_integrated_v2/results/curve_parts/dev_run0_R0_LINEAR_50000.csv","results/curve_parts/dev_run0_R0_LINEAR_50000.csv","1936"
"final_url_ssl_integrated_v2/results/curve_parts/dev_run0_R0_MLP_10000.csv","results/curve_parts/dev_run0_R0_MLP_10000.csv","1847"
"final_url_ssl_integrated_v2/results/curve_parts/dev_run0_R0_MLP_100000.csv","results/curve_parts/dev_run0_R0_MLP_100000.csv","1907"
"final_url_ssl_integrated_v2/results/curve_parts/dev_run0_R0_MLP_2000.csv","results/curve_parts/dev_run0_R0_MLP_2000.csv","1990"
"final_url_ssl_integrated_v2/results/curve_parts/dev_run0_R0_MLP_20000.csv","results/curve_parts/dev_run0_R0_MLP_20000.csv","1842"
"final_url_ssl_integrated_v2/results/curve_parts/dev_run0_R0_MLP_200000.csv","results/curve_parts/dev_run0_R0_MLP_200000.csv","1916"
"final_url_ssl_integrated_v2/results/curve_parts/dev_run0_R0_MLP_5000.csv","results/curve_parts/dev_run0_R0_MLP_5000.csv","1841"
"final_url_ssl_integrated_v2/results/curve_parts/dev_run0_R0_MLP_50000.csv","results/curve_parts/dev_run0_R0_MLP_50000.csv","1875"
"final_url_ssl_integrated_v2/results/curve_parts/dev_run0_RT_LINEAR_10000.csv","results/curve_parts/dev_run0_RT_LINEAR_10000.csv","1921"
"final_url_ssl_integrated_v2/results/curve_parts/dev_run0_RT_LINEAR_100000.csv","results/curve_parts/dev_run0_RT_LINEAR_100000.csv","1943"
"final_url_ssl_integrated_v2/results/curve_parts/dev_run0_RT_LINEAR_2000.csv","results/curve_parts/dev_run0_RT_LINEAR_2000.csv","1936"
"final_url_ssl_integrated_v2/results/curve_parts/dev_run0_RT_LINEAR_20000.csv","results/curve_parts/dev_run0_RT_LINEAR_20000.csv","1957"
"final_url_ssl_integrated_v2/results/curve_parts/dev_run0_RT_LINEAR_200000.csv","results/curve_parts/dev_run0_RT_LINEAR_200000.csv","1881"
"final_url_ssl_integrated_v2/results/curve_parts/dev_run0_RT_LINEAR_5000.csv","results/curve_parts/dev_run0_RT_LINEAR_5000.csv","1867"
"final_url_ssl_integrated_v2/results/curve_parts/dev_run0_RT_LINEAR_50000.csv","results/curve_parts/dev_run0_RT_LINEAR_50000.csv","1931"
"final_url_ssl_integrated_v2/results/curve_parts/dev_run0_RT_MLP_10000.csv","results/curve_parts/dev_run0_RT_MLP_10000.csv","1837"
"final_url_ssl_integrated_v2/results/curve_parts/dev_run0_RT_MLP_100000.csv","results/curve_parts/dev_run0_RT_MLP_100000.csv","1920"
"final_url_ssl_integrated_v2/results/curve_parts/dev_run0_RT_MLP_2000.csv","results/curve_parts/dev_run0_RT_MLP_2000.csv","1974"
"final_url_ssl_integrated_v2/results/curve_parts/dev_run0_RT_MLP_20000.csv","results/curve_parts/dev_run0_RT_MLP_20000.csv","1901"
"final_url_ssl_integrated_v2/results/curve_parts/dev_run0_RT_MLP_200000.csv","results/curve_parts/dev_run0_RT_MLP_200000.csv","1928"
"final_url_ssl_integrated_v2/results/curve_parts/dev_run0_RT_MLP_5000.csv","results/curve_parts/dev_run0_RT_MLP_5000.csv","1866"
"final_url_ssl_integrated_v2/results/curve_parts/dev_run0_RT_MLP_50000.csv","results/curve_parts/dev_run0_RT_MLP_50000.csv","1993"
"final_url_ssl_integrated_v2/results/curve_parts/dev_run0_RUT_LINEAR_10000.csv","results/curve_parts/dev_run0_RUT_LINEAR_10000.csv","1876"
"final_url_ssl_integrated_v2/results/curve_parts/dev_run0_RUT_LINEAR_100000.csv","results/curve_parts/dev_run0_RUT_LINEAR_100000.csv","1890"
"final_url_ssl_integrated_v2/results/curve_parts/dev_run0_RUT_LINEAR_2000.csv","results/curve_parts/dev_run0_RUT_LINEAR_2000.csv","1952"
"final_url_ssl_integrated_v2/results/curve_parts/dev_run0_RUT_LINEAR_20000.csv","results/curve_parts/dev_run0_RUT_LINEAR_20000.csv","1861"
"final_url_ssl_integrated_v2/results/curve_parts/dev_run0_RUT_LINEAR_200000.csv","results/curve_parts/dev_run0_RUT_LINEAR_200000.csv","1953"
"final_url_ssl_integrated_v2/results/curve_parts/dev_run0_RUT_LINEAR_5000.csv","results/curve_parts/dev_run0_RUT_LINEAR_5000.csv","1867"
"final_url_ssl_integrated_v2/results/curve_parts/dev_run0_RUT_LINEAR_50000.csv","results/curve_parts/dev_run0_RUT_LINEAR_50000.csv","1943"
"final_url_ssl_integrated_v2/results/curve_parts/dev_run0_RUT_MLP_10000.csv","results/curve_parts/dev_run0_RUT_MLP_10000.csv","1933"
"final_url_ssl_integrated_v2/results/curve_parts/dev_run0_RUT_MLP_100000.csv","results/curve_parts/dev_run0_RUT_MLP_100000.csv","1891"
"final_url_ssl_integrated_v2/results/curve_parts/dev_run0_RUT_MLP_2000.csv","results/curve_parts/dev_run0_RUT_MLP_2000.csv","1890"
"final_url_ssl_integrated_v2/results/curve_parts/dev_run0_RUT_MLP_20000.csv","results/curve_parts/dev_run0_RUT_MLP_20000.csv","1866"
"final_url_ssl_integrated_v2/results/curve_parts/dev_run0_RUT_MLP_200000.csv","results/curve_parts/dev_run0_RUT_MLP_200000.csv","1861"
"final_url_ssl_integrated_v2/results/curve_parts/dev_run0_RUT_MLP_5000.csv","results/curve_parts/dev_run0_RUT_MLP_5000.csv","1917"
"final_url_ssl_integrated_v2/results/curve_parts/dev_run0_RUT_MLP_50000.csv","results/curve_parts/dev_run0_RUT_MLP_50000.csv","1942"
"final_url_ssl_integrated_v2/results/curve_parts/dev_run0_RU_LINEAR_10000.csv","results/curve_parts/dev_run0_RU_LINEAR_10000.csv","1940"
"final_url_ssl_integrated_v2/results/curve_parts/dev_run0_RU_LINEAR_100000.csv","results/curve_parts/dev_run0_RU_LINEAR_100000.csv","1923"
"final_url_ssl_integrated_v2/results/curve_parts/dev_run0_RU_LINEAR_2000.csv","results/curve_parts/dev_run0_RU_LINEAR_2000.csv","1960"
"final_url_ssl_integrated_v2/results/curve_parts/dev_run0_RU_LINEAR_20000.csv","results/curve_parts/dev_run0_RU_LINEAR_20000.csv","1869"
"final_url_ssl_integrated_v2/results/curve_parts/dev_run0_RU_LINEAR_200000.csv","results/curve_parts/dev_run0_RU_LINEAR_200000.csv","1879"
"final_url_ssl_integrated_v2/results/curve_parts/dev_run0_RU_LINEAR_5000.csv","results/curve_parts/dev_run0_RU_LINEAR_5000.csv","1920"
"final_url_ssl_integrated_v2/results/curve_parts/dev_run0_RU_LINEAR_50000.csv","results/curve_parts/dev_run0_RU_LINEAR_50000.csv","1909"
"final_url_ssl_integrated_v2/results/curve_parts/dev_run0_RU_MLP_10000.csv","results/curve_parts/dev_run0_RU_MLP_10000.csv","1854"
"final_url_ssl_integrated_v2/results/curve_parts/dev_run0_RU_MLP_100000.csv","results/curve_parts/dev_run0_RU_MLP_100000.csv","1978"
"final_url_ssl_integrated_v2/results/curve_parts/dev_run0_RU_MLP_2000.csv","results/curve_parts/dev_run0_RU_MLP_2000.csv","1945"
"final_url_ssl_integrated_v2/results/curve_parts/dev_run0_RU_MLP_20000.csv","results/curve_parts/dev_run0_RU_MLP_20000.csv","1809"
"final_url_ssl_integrated_v2/results/curve_parts/dev_run0_RU_MLP_200000.csv","results/curve_parts/dev_run0_RU_MLP_200000.csv","1975"
"final_url_ssl_integrated_v2/results/curve_parts/dev_run0_RU_MLP_5000.csv","results/curve_parts/dev_run0_RU_MLP_5000.csv","1903"
"final_url_ssl_integrated_v2/results/curve_parts/dev_run0_RU_MLP_50000.csv","results/curve_parts/dev_run0_RU_MLP_50000.csv","1961"
"final_url_ssl_integrated_v2/results/curve_parts/dev_run1_R0_LINEAR_10000.csv","results/curve_parts/dev_run1_R0_LINEAR_10000.csv","1958"
"final_url_ssl_integrated_v2/results/curve_parts/dev_run1_R0_LINEAR_100000.csv","results/curve_parts/dev_run1_R0_LINEAR_100000.csv","1874"
"final_url_ssl_integrated_v2/results/curve_parts/dev_run1_R0_LINEAR_2000.csv","results/curve_parts/dev_run1_R0_LINEAR_2000.csv","1903"
"final_url_ssl_integrated_v2/results/curve_parts/dev_run1_R0_LINEAR_20000.csv","results/curve_parts/dev_run1_R0_LINEAR_20000.csv","1984"
"final_url_ssl_integrated_v2/results/curve_parts/dev_run1_R0_LINEAR_200000.csv","results/curve_parts/dev_run1_R0_LINEAR_200000.csv","1889"
"final_url_ssl_integrated_v2/results/curve_parts/dev_run1_R0_LINEAR_5000.csv","results/curve_parts/dev_run1_R0_LINEAR_5000.csv","1934"
"final_url_ssl_integrated_v2/results/curve_parts/dev_run1_R0_LINEAR_50000.csv","results/curve_parts/dev_run1_R0_LINEAR_50000.csv","1947"
"final_url_ssl_integrated_v2/results/curve_parts/dev_run1_R0_MLP_10000.csv","results/curve_parts/dev_run1_R0_MLP_10000.csv","1860"
"final_url_ssl_integrated_v2/results/curve_parts/dev_run1_R0_MLP_100000.csv","results/curve_parts/dev_run1_R0_MLP_100000.csv","1935"
"final_url_ssl_integrated_v2/results/curve_parts/dev_run1_R0_MLP_2000.csv","results/curve_parts/dev_run1_R0_MLP_2000.csv","1880"
"final_url_ssl_integrated_v2/results/curve_parts/dev_run1_R0_MLP_20000.csv","results/curve_parts/dev_run1_R0_MLP_20000.csv","1887"
"final_url_ssl_integrated_v2/results/curve_parts/dev_run1_R0_MLP_200000.csv","results/curve_parts/dev_run1_R0_MLP_200000.csv","1927"
"final_url_ssl_integrated_v2/results/curve_parts/dev_run1_R0_MLP_5000.csv","results/curve_parts/dev_run1_R0_MLP_5000.csv","1903"
"final_url_ssl_integrated_v2/results/curve_parts/dev_run1_R0_MLP_50000.csv","results/curve_parts/dev_run1_R0_MLP_50000.csv","1858"
"final_url_ssl_integrated_v2/results/curve_parts/dev_run1_RT_LINEAR_10000.csv","results/curve_parts/dev_run1_RT_LINEAR_10000.csv","1915"
"final_url_ssl_integrated_v2/results/curve_parts/dev_run1_RT_LINEAR_100000.csv","results/curve_parts/dev_run1_RT_LINEAR_100000.csv","1938"
"final_url_ssl_integrated_v2/results/curve_parts/dev_run1_RT_LINEAR_2000.csv","results/curve_parts/dev_run1_RT_LINEAR_2000.csv","1957"
"final_url_ssl_integrated_v2/results/curve_parts/dev_run1_RT_LINEAR_20000.csv","results/curve_parts/dev_run1_RT_LINEAR_20000.csv","1860"
"final_url_ssl_integrated_v2/results/curve_parts/dev_run1_RT_LINEAR_200000.csv","results/curve_parts/dev_run1_RT_LINEAR_200000.csv","1881"
"final_url_ssl_integrated_v2/results/curve_parts/dev_run1_RT_LINEAR_5000.csv","results/curve_parts/dev_run1_RT_LINEAR_5000.csv","1891"
"final_url_ssl_integrated_v2/results/curve_parts/dev_run1_RT_LINEAR_50000.csv","results/curve_parts/dev_run1_RT_LINEAR_50000.csv","1877"
"final_url_ssl_integrated_v2/results/curve_parts/dev_run1_RT_MLP_10000.csv","results/curve_parts/dev_run1_RT_MLP_10000.csv","1821"
"final_url_ssl_integrated_v2/results/curve_parts/dev_run1_RT_MLP_100000.csv","results/curve_parts/dev_run1_RT_MLP_100000.csv","1998"
"final_url_ssl_integrated_v2/results/curve_parts/dev_run1_RT_MLP_2000.csv","results/curve_parts/dev_run1_RT_MLP_2000.csv","1917"
"final_url_ssl_integrated_v2/results/curve_parts/dev_run1_RT_MLP_20000.csv","results/curve_parts/dev_run1_RT_MLP_20000.csv","1905"
"final_url_ssl_integrated_v2/results/curve_parts/dev_run1_RT_MLP_200000.csv","results/curve_parts/dev_run1_RT_MLP_200000.csv","1927"
"final_url_ssl_integrated_v2/results/curve_parts/dev_run1_RT_MLP_5000.csv","results/curve_parts/dev_run1_RT_MLP_5000.csv","1811"
"final_url_ssl_integrated_v2/results/curve_parts/dev_run1_RT_MLP_50000.csv","results/curve_parts/dev_run1_RT_MLP_50000.csv","1928"
"final_url_ssl_integrated_v2/results/curve_parts/dev_run1_RUT_LINEAR_10000.csv","results/curve_parts/dev_run1_RUT_LINEAR_10000.csv","1835"
"final_url_ssl_integrated_v2/results/curve_parts/dev_run1_RUT_LINEAR_100000.csv","results/curve_parts/dev_run1_RUT_LINEAR_100000.csv","1963"
"final_url_ssl_integrated_v2/results/curve_parts/dev_run1_RUT_LINEAR_2000.csv","results/curve_parts/dev_run1_RUT_LINEAR_2000.csv","1948"
"final_url_ssl_integrated_v2/results/curve_parts/dev_run1_RUT_LINEAR_20000.csv","results/curve_parts/dev_run1_RUT_LINEAR_20000.csv","1948"
"final_url_ssl_integrated_v2/results/curve_parts/dev_run1_RUT_LINEAR_200000.csv","results/curve_parts/dev_run1_RUT_LINEAR_200000.csv","1953"
"final_url_ssl_integrated_v2/results/curve_parts/dev_run1_RUT_LINEAR_5000.csv","results/curve_parts/dev_run1_RUT_LINEAR_5000.csv","1828"
"final_url_ssl_integrated_v2/results/curve_parts/dev_run1_RUT_LINEAR_50000.csv","results/curve_parts/dev_run1_RUT_LINEAR_50000.csv","1836"
"final_url_ssl_integrated_v2/results/curve_parts/dev_run1_RUT_MLP_10000.csv","results/curve_parts/dev_run1_RUT_MLP_10000.csv","1844"
"final_url_ssl_integrated_v2/results/curve_parts/dev_run1_RUT_MLP_100000.csv","results/curve_parts/dev_run1_RUT_MLP_100000.csv","1880"
"final_url_ssl_integrated_v2/results/curve_parts/dev_run1_RUT_MLP_2000.csv","results/curve_parts/dev_run1_RUT_MLP_2000.csv","1939"
"final_url_ssl_integrated_v2/results/curve_parts/dev_run1_RUT_MLP_20000.csv","results/curve_parts/dev_run1_RUT_MLP_20000.csv","1935"
"final_url_ssl_integrated_v2/results/curve_parts/dev_run1_RUT_MLP_200000.csv","results/curve_parts/dev_run1_RUT_MLP_200000.csv","1955"
"final_url_ssl_integrated_v2/results/curve_parts/dev_run1_RUT_MLP_5000.csv","results/curve_parts/dev_run1_RUT_MLP_5000.csv","1859"
"final_url_ssl_integrated_v2/results/curve_parts/dev_run1_RUT_MLP_50000.csv","results/curve_parts/dev_run1_RUT_MLP_50000.csv","1830"
"final_url_ssl_integrated_v2/results/curve_parts/dev_run1_RU_LINEAR_10000.csv","results/curve_parts/dev_run1_RU_LINEAR_10000.csv","1937"
"final_url_ssl_integrated_v2/results/curve_parts/dev_run1_RU_LINEAR_100000.csv","results/curve_parts/dev_run1_RU_LINEAR_100000.csv","1895"
"final_url_ssl_integrated_v2/results/curve_parts/dev_run1_RU_LINEAR_2000.csv","results/curve_parts/dev_run1_RU_LINEAR_2000.csv","1965"
"final_url_ssl_integrated_v2/results/curve_parts/dev_run1_RU_LINEAR_20000.csv","results/curve_parts/dev_run1_RU_LINEAR_20000.csv","1876"
"final_url_ssl_integrated_v2/results/curve_parts/dev_run1_RU_LINEAR_200000.csv","results/curve_parts/dev_run1_RU_LINEAR_200000.csv","1879"
"final_url_ssl_integrated_v2/results/curve_parts/dev_run1_RU_LINEAR_5000.csv","results/curve_parts/dev_run1_RU_LINEAR_5000.csv","1933"
"final_url_ssl_integrated_v2/results/curve_parts/dev_run1_RU_LINEAR_50000.csv","results/curve_parts/dev_run1_RU_LINEAR_50000.csv","1886"
"final_url_ssl_integrated_v2/results/curve_parts/dev_run1_RU_MLP_10000.csv","results/curve_parts/dev_run1_RU_MLP_10000.csv","1926"
"final_url_ssl_integrated_v2/results/curve_parts/dev_run1_RU_MLP_100000.csv","results/curve_parts/dev_run1_RU_MLP_100000.csv","1874"
"final_url_ssl_integrated_v2/results/curve_parts/dev_run1_RU_MLP_2000.csv","results/curve_parts/dev_run1_RU_MLP_2000.csv","1914"
"final_url_ssl_integrated_v2/results/curve_parts/dev_run1_RU_MLP_20000.csv","results/curve_parts/dev_run1_RU_MLP_20000.csv","1877"
"final_url_ssl_integrated_v2/results/curve_parts/dev_run1_RU_MLP_200000.csv","results/curve_parts/dev_run1_RU_MLP_200000.csv","1942"
"final_url_ssl_integrated_v2/results/curve_parts/dev_run1_RU_MLP_5000.csv","results/curve_parts/dev_run1_RU_MLP_5000.csv","1860"
"final_url_ssl_integrated_v2/results/curve_parts/dev_run1_RU_MLP_50000.csv","results/curve_parts/dev_run1_RU_MLP_50000.csv","1890"
"final_url_ssl_integrated_v2/results/curve_parts/dev_run2_R0_LINEAR_10000.csv","results/curve_parts/dev_run2_R0_LINEAR_10000.csv","1965"
"final_url_ssl_integrated_v2/results/curve_parts/dev_run2_R0_LINEAR_100000.csv","results/curve_parts/dev_run2_R0_LINEAR_100000.csv","1971"
"final_url_ssl_integrated_v2/results/curve_parts/dev_run2_R0_LINEAR_2000.csv","results/curve_parts/dev_run2_R0_LINEAR_2000.csv","1868"
"final_url_ssl_integrated_v2/results/curve_parts/dev_run2_R0_LINEAR_20000.csv","results/curve_parts/dev_run2_R0_LINEAR_20000.csv","1914"
"final_url_ssl_integrated_v2/results/curve_parts/dev_run2_R0_LINEAR_200000.csv","results/curve_parts/dev_run2_R0_LINEAR_200000.csv","1889"
"final_url_ssl_integrated_v2/results/curve_parts/dev_run2_R0_LINEAR_5000.csv","results/curve_parts/dev_run2_R0_LINEAR_5000.csv","1962"
"final_url_ssl_integrated_v2/results/curve_parts/dev_run2_R0_LINEAR_50000.csv","results/curve_parts/dev_run2_R0_LINEAR_50000.csv","1927"
"final_url_ssl_integrated_v2/results/curve_parts/dev_run2_R0_MLP_10000.csv","results/curve_parts/dev_run2_R0_MLP_10000.csv","1917"
"final_url_ssl_integrated_v2/results/curve_parts/dev_run2_R0_MLP_100000.csv","results/curve_parts/dev_run2_R0_MLP_100000.csv","1951"
"final_url_ssl_integrated_v2/results/curve_parts/dev_run2_R0_MLP_2000.csv","results/curve_parts/dev_run2_R0_MLP_2000.csv","1947"
"final_url_ssl_integrated_v2/results/curve_parts/dev_run2_R0_MLP_20000.csv","results/curve_parts/dev_run2_R0_MLP_20000.csv","1890"
"final_url_ssl_integrated_v2/results/curve_parts/dev_run2_R0_MLP_200000.csv","results/curve_parts/dev_run2_R0_MLP_200000.csv","1933"
"final_url_ssl_integrated_v2/results/curve_parts/dev_run2_R0_MLP_5000.csv","results/curve_parts/dev_run2_R0_MLP_5000.csv","1885"
"final_url_ssl_integrated_v2/results/curve_parts/dev_run2_R0_MLP_50000.csv","results/curve_parts/dev_run2_R0_MLP_50000.csv","1867"
"final_url_ssl_integrated_v2/results/curve_parts/dev_run2_RT_LINEAR_10000.csv","results/curve_parts/dev_run2_RT_LINEAR_10000.csv","1887"
"final_url_ssl_integrated_v2/results/curve_parts/dev_run2_RT_LINEAR_100000.csv","results/curve_parts/dev_run2_RT_LINEAR_100000.csv","1886"
"final_url_ssl_integrated_v2/results/curve_parts/dev_run2_RT_LINEAR_2000.csv","results/curve_parts/dev_run2_RT_LINEAR_2000.csv","1899"
"final_url_ssl_integrated_v2/results/curve_parts/dev_run2_RT_LINEAR_20000.csv","results/curve_parts/dev_run2_RT_LINEAR_20000.csv","1911"
"final_url_ssl_integrated_v2/results/curve_parts/dev_run2_RT_LINEAR_200000.csv","results/curve_parts/dev_run2_RT_LINEAR_200000.csv","1881"
"final_url_ssl_integrated_v2/results/curve_parts/dev_run2_RT_LINEAR_5000.csv","results/curve_parts/dev_run2_RT_LINEAR_5000.csv","1906"
"final_url_ssl_integrated_v2/results/curve_parts/dev_run2_RT_LINEAR_50000.csv","results/curve_parts/dev_run2_RT_LINEAR_50000.csv","1875"
"final_url_ssl_integrated_v2/results/curve_parts/dev_run2_RT_MLP_10000.csv","results/curve_parts/dev_run2_RT_MLP_10000.csv","1948"
"final_url_ssl_integrated_v2/results/curve_parts/dev_run2_RT_MLP_100000.csv","results/curve_parts/dev_run2_RT_MLP_100000.csv","1995"
"final_url_ssl_integrated_v2/results/curve_parts/dev_run2_RT_MLP_2000.csv","results/curve_parts/dev_run2_RT_MLP_2000.csv","1906"
"final_url_ssl_integrated_v2/results/curve_parts/dev_run2_RT_MLP_20000.csv","results/curve_parts/dev_run2_RT_MLP_20000.csv","1926"
"final_url_ssl_integrated_v2/results/curve_parts/dev_run2_RT_MLP_200000.csv","results/curve_parts/dev_run2_RT_MLP_200000.csv","1944"
"final_url_ssl_integrated_v2/results/curve_parts/dev_run2_RT_MLP_5000.csv","results/curve_parts/dev_run2_RT_MLP_5000.csv","1871"
"final_url_ssl_integrated_v2/results/curve_parts/dev_run2_RT_MLP_50000.csv","results/curve_parts/dev_run2_RT_MLP_50000.csv","1931"
"final_url_ssl_integrated_v2/results/curve_parts/dev_run2_RUT_LINEAR_10000.csv","results/curve_parts/dev_run2_RUT_LINEAR_10000.csv","1954"
"final_url_ssl_integrated_v2/results/curve_parts/dev_run2_RUT_LINEAR_100000.csv","results/curve_parts/dev_run2_RUT_LINEAR_100000.csv","1876"
"final_url_ssl_integrated_v2/results/curve_parts/dev_run2_RUT_LINEAR_2000.csv","results/curve_parts/dev_run2_RUT_LINEAR_2000.csv","2001"
"final_url_ssl_integrated_v2/results/curve_parts/dev_run2_RUT_LINEAR_20000.csv","results/curve_parts/dev_run2_RUT_LINEAR_20000.csv","1921"
"final_url_ssl_integrated_v2/results/curve_parts/dev_run2_RUT_LINEAR_200000.csv","results/curve_parts/dev_run2_RUT_LINEAR_200000.csv","1953"
"final_url_ssl_integrated_v2/results/curve_parts/dev_run2_RUT_LINEAR_5000.csv","results/curve_parts/dev_run2_RUT_LINEAR_5000.csv","1988"
"final_url_ssl_integrated_v2/results/curve_parts/dev_run2_RUT_LINEAR_50000.csv","results/curve_parts/dev_run2_RUT_LINEAR_50000.csv","1875"
"final_url_ssl_integrated_v2/results/curve_parts/dev_run2_RUT_MLP_10000.csv","results/curve_parts/dev_run2_RUT_MLP_10000.csv","1878"
"final_url_ssl_integrated_v2/results/curve_parts/dev_run2_RUT_MLP_100000.csv","results/curve_parts/dev_run2_RUT_MLP_100000.csv","1909"
"final_url_ssl_integrated_v2/results/curve_parts/dev_run2_RUT_MLP_2000.csv","results/curve_parts/dev_run2_RUT_MLP_2000.csv","1853"
"final_url_ssl_integrated_v2/results/curve_parts/dev_run2_RUT_MLP_20000.csv","results/curve_parts/dev_run2_RUT_MLP_20000.csv","1927"
"final_url_ssl_integrated_v2/results/curve_parts/dev_run2_RUT_MLP_200000.csv","results/curve_parts/dev_run2_RUT_MLP_200000.csv","1905"
"final_url_ssl_integrated_v2/results/curve_parts/dev_run2_RUT_MLP_5000.csv","results/curve_parts/dev_run2_RUT_MLP_5000.csv","1852"
"final_url_ssl_integrated_v2/results/curve_parts/dev_run2_RUT_MLP_50000.csv","results/curve_parts/dev_run2_RUT_MLP_50000.csv","1917"
"final_url_ssl_integrated_v2/results/curve_parts/dev_run2_RU_LINEAR_10000.csv","results/curve_parts/dev_run2_RU_LINEAR_10000.csv","1990"
"final_url_ssl_integrated_v2/results/curve_parts/dev_run2_RU_LINEAR_100000.csv","results/curve_parts/dev_run2_RU_LINEAR_100000.csv","1890"
"final_url_ssl_integrated_v2/results/curve_parts/dev_run2_RU_LINEAR_2000.csv","results/curve_parts/dev_run2_RU_LINEAR_2000.csv","1969"
"final_url_ssl_integrated_v2/results/curve_parts/dev_run2_RU_LINEAR_20000.csv","results/curve_parts/dev_run2_RU_LINEAR_20000.csv","1947"
"final_url_ssl_integrated_v2/results/curve_parts/dev_run2_RU_LINEAR_200000.csv","results/curve_parts/dev_run2_RU_LINEAR_200000.csv","1879"
"final_url_ssl_integrated_v2/results/curve_parts/dev_run2_RU_LINEAR_5000.csv","results/curve_parts/dev_run2_RU_LINEAR_5000.csv","1929"
"final_url_ssl_integrated_v2/results/curve_parts/dev_run2_RU_LINEAR_50000.csv","results/curve_parts/dev_run2_RU_LINEAR_50000.csv","1855"
"final_url_ssl_integrated_v2/results/curve_parts/dev_run2_RU_MLP_10000.csv","results/curve_parts/dev_run2_RU_MLP_10000.csv","1938"
"final_url_ssl_integrated_v2/results/curve_parts/dev_run2_RU_MLP_100000.csv","results/curve_parts/dev_run2_RU_MLP_100000.csv","1923"
"final_url_ssl_integrated_v2/results/curve_parts/dev_run2_RU_MLP_2000.csv","results/curve_parts/dev_run2_RU_MLP_2000.csv","1991"
"final_url_ssl_integrated_v2/results/curve_parts/dev_run2_RU_MLP_20000.csv","results/curve_parts/dev_run2_RU_MLP_20000.csv","1873"
"final_url_ssl_integrated_v2/results/curve_parts/dev_run2_RU_MLP_200000.csv","results/curve_parts/dev_run2_RU_MLP_200000.csv","2007"
"final_url_ssl_integrated_v2/results/curve_parts/dev_run2_RU_MLP_5000.csv","results/curve_parts/dev_run2_RU_MLP_5000.csv","1928"
"final_url_ssl_integrated_v2/results/curve_parts/dev_run2_RU_MLP_50000.csv","results/curve_parts/dev_run2_RU_MLP_50000.csv","1868"
"final_url_ssl_integrated_v2/results/curve_parts/dev_run3_R0_LINEAR_10000.csv","results/curve_parts/dev_run3_R0_LINEAR_10000.csv","1924"
"final_url_ssl_integrated_v2/results/curve_parts/dev_run3_R0_LINEAR_100000.csv","results/curve_parts/dev_run3_R0_LINEAR_100000.csv","1886"
"final_url_ssl_integrated_v2/results/curve_parts/dev_run3_R0_LINEAR_2000.csv","results/curve_parts/dev_run3_R0_LINEAR_2000.csv","1956"
"final_url_ssl_integrated_v2/results/curve_parts/dev_run3_R0_LINEAR_20000.csv","results/curve_parts/dev_run3_R0_LINEAR_20000.csv","2000"
"final_url_ssl_integrated_v2/results/curve_parts/dev_run3_R0_LINEAR_200000.csv","results/curve_parts/dev_run3_R0_LINEAR_200000.csv","1896"
"final_url_ssl_integrated_v2/results/curve_parts/dev_run3_R0_LINEAR_5000.csv","results/curve_parts/dev_run3_R0_LINEAR_5000.csv","1867"
"final_url_ssl_integrated_v2/results/curve_parts/dev_run3_R0_LINEAR_50000.csv","results/curve_parts/dev_run3_R0_LINEAR_50000.csv","1958"
"final_url_ssl_integrated_v2/results/curve_parts/dev_run3_R0_MLP_10000.csv","results/curve_parts/dev_run3_R0_MLP_10000.csv","1929"
"final_url_ssl_integrated_v2/results/curve_parts/dev_run3_R0_MLP_100000.csv","results/curve_parts/dev_run3_R0_MLP_100000.csv","1884"
"final_url_ssl_integrated_v2/results/curve_parts/dev_run3_R0_MLP_2000.csv","results/curve_parts/dev_run3_R0_MLP_2000.csv","1942"
"final_url_ssl_integrated_v2/results/curve_parts/dev_run3_R0_MLP_20000.csv","results/curve_parts/dev_run3_R0_MLP_20000.csv","1923"
"final_url_ssl_integrated_v2/results/curve_parts/dev_run3_R0_MLP_200000.csv","results/curve_parts/dev_run3_R0_MLP_200000.csv","1954"
"final_url_ssl_integrated_v2/results/curve_parts/dev_run3_R0_MLP_5000.csv","results/curve_parts/dev_run3_R0_MLP_5000.csv","1911"
"final_url_ssl_integrated_v2/results/curve_parts/dev_run3_R0_MLP_50000.csv","results/curve_parts/dev_run3_R0_MLP_50000.csv","1931"
"final_url_ssl_integrated_v2/results/curve_parts/dev_run3_RT_LINEAR_10000.csv","results/curve_parts/dev_run3_RT_LINEAR_10000.csv","1927"
"final_url_ssl_integrated_v2/results/curve_parts/dev_run3_RT_LINEAR_100000.csv","results/curve_parts/dev_run3_RT_LINEAR_100000.csv","1894"
"final_url_ssl_integrated_v2/results/curve_parts/dev_run3_RT_LINEAR_2000.csv","results/curve_parts/dev_run3_RT_LINEAR_2000.csv","2021"
"final_url_ssl_integrated_v2/results/curve_parts/dev_run3_RT_LINEAR_20000.csv","results/curve_parts/dev_run3_RT_LINEAR_20000.csv","1881"
"final_url_ssl_integrated_v2/results/curve_parts/dev_run3_RT_LINEAR_200000.csv","results/curve_parts/dev_run3_RT_LINEAR_200000.csv","1888"
"final_url_ssl_integrated_v2/results/curve_parts/dev_run3_RT_LINEAR_5000.csv","results/curve_parts/dev_run3_RT_LINEAR_5000.csv","1900"
"final_url_ssl_integrated_v2/results/curve_parts/dev_run3_RT_LINEAR_50000.csv","results/curve_parts/dev_run3_RT_LINEAR_50000.csv","1911"
"final_url_ssl_integrated_v2/results/curve_parts/dev_run3_RT_MLP_10000.csv","results/curve_parts/dev_run3_RT_MLP_10000.csv","1940"
"final_url_ssl_integrated_v2/results/curve_parts/dev_run3_RT_MLP_100000.csv","results/curve_parts/dev_run3_RT_MLP_100000.csv","1934"
"final_url_ssl_integrated_v2/results/curve_parts/dev_run3_RT_MLP_2000.csv","results/curve_parts/dev_run3_RT_MLP_2000.csv","2002"
"final_url_ssl_integrated_v2/results/curve_parts/dev_run3_RT_MLP_20000.csv","results/curve_parts/dev_run3_RT_MLP_20000.csv","1899"
"final_url_ssl_integrated_v2/results/curve_parts/dev_run3_RT_MLP_200000.csv","results/curve_parts/dev_run3_RT_MLP_200000.csv","1929"
"final_url_ssl_integrated_v2/results/curve_parts/dev_run3_RT_MLP_5000.csv","results/curve_parts/dev_run3_RT_MLP_5000.csv","1859"
"final_url_ssl_integrated_v2/results/curve_parts/dev_run3_RT_MLP_50000.csv","results/curve_parts/dev_run3_RT_MLP_50000.csv","1876"
"final_url_ssl_integrated_v2/results/curve_parts/dev_run3_RUT_LINEAR_10000.csv","results/curve_parts/dev_run3_RUT_LINEAR_10000.csv","1961"
"final_url_ssl_integrated_v2/results/curve_parts/dev_run3_RUT_LINEAR_100000.csv","results/curve_parts/dev_run3_RUT_LINEAR_100000.csv","1896"
"final_url_ssl_integrated_v2/results/curve_parts/dev_run3_RUT_LINEAR_2000.csv","results/curve_parts/dev_run3_RUT_LINEAR_2000.csv","1949"
"final_url_ssl_integrated_v2/results/curve_parts/dev_run3_RUT_LINEAR_20000.csv","results/curve_parts/dev_run3_RUT_LINEAR_20000.csv","1978"
"final_url_ssl_integrated_v2/results/curve_parts/dev_run3_RUT_LINEAR_200000.csv","results/curve_parts/dev_run3_RUT_LINEAR_200000.csv","1960"
"final_url_ssl_integrated_v2/results/curve_parts/dev_run3_RUT_LINEAR_5000.csv","results/curve_parts/dev_run3_RUT_LINEAR_5000.csv","1947"
"final_url_ssl_integrated_v2/results/curve_parts/dev_run3_RUT_LINEAR_50000.csv","results/curve_parts/dev_run3_RUT_LINEAR_50000.csv","1890"
"final_url_ssl_integrated_v2/results/curve_parts/dev_run3_RUT_MLP_10000.csv","results/curve_parts/dev_run3_RUT_MLP_10000.csv","1987"
"final_url_ssl_integrated_v2/results/curve_parts/dev_run3_RUT_MLP_100000.csv","results/curve_parts/dev_run3_RUT_MLP_100000.csv","1991"
"final_url_ssl_integrated_v2/results/curve_parts/dev_run3_RUT_MLP_2000.csv","results/curve_parts/dev_run3_RUT_MLP_2000.csv","1878"
"final_url_ssl_integrated_v2/results/curve_parts/dev_run3_RUT_MLP_20000.csv","results/curve_parts/dev_run3_RUT_MLP_20000.csv","1932"
"final_url_ssl_integrated_v2/results/curve_parts/dev_run3_RUT_MLP_200000.csv","results/curve_parts/dev_run3_RUT_MLP_200000.csv","1876"
"final_url_ssl_integrated_v2/results/curve_parts/dev_run3_RUT_MLP_5000.csv","results/curve_parts/dev_run3_RUT_MLP_5000.csv","1925"
"final_url_ssl_integrated_v2/results/curve_parts/dev_run3_RUT_MLP_50000.csv","results/curve_parts/dev_run3_RUT_MLP_50000.csv","1847"
"final_url_ssl_integrated_v2/results/curve_parts/dev_run3_RU_LINEAR_10000.csv","results/curve_parts/dev_run3_RU_LINEAR_10000.csv","1876"
"final_url_ssl_integrated_v2/results/curve_parts/dev_run3_RU_LINEAR_100000.csv","results/curve_parts/dev_run3_RU_LINEAR_100000.csv","1905"
"final_url_ssl_integrated_v2/results/curve_parts/dev_run3_RU_LINEAR_2000.csv","results/curve_parts/dev_run3_RU_LINEAR_2000.csv","1945"
"final_url_ssl_integrated_v2/results/curve_parts/dev_run3_RU_LINEAR_20000.csv","results/curve_parts/dev_run3_RU_LINEAR_20000.csv","1955"
"final_url_ssl_integrated_v2/results/curve_parts/dev_run3_RU_LINEAR_200000.csv","results/curve_parts/dev_run3_RU_LINEAR_200000.csv","1886"
"final_url_ssl_integrated_v2/results/curve_parts/dev_run3_RU_LINEAR_5000.csv","results/curve_parts/dev_run3_RU_LINEAR_5000.csv","1903"
"final_url_ssl_integrated_v2/results/curve_parts/dev_run3_RU_LINEAR_50000.csv","results/curve_parts/dev_run3_RU_LINEAR_50000.csv","1940"
"final_url_ssl_integrated_v2/results/curve_parts/dev_run3_RU_MLP_10000.csv","results/curve_parts/dev_run3_RU_MLP_10000.csv","1936"
"final_url_ssl_integrated_v2/results/curve_parts/dev_run3_RU_MLP_100000.csv","results/curve_parts/dev_run3_RU_MLP_100000.csv","1973"
"final_url_ssl_integrated_v2/results/curve_parts/dev_run3_RU_MLP_2000.csv","results/curve_parts/dev_run3_RU_MLP_2000.csv","1987"
"final_url_ssl_integrated_v2/results/curve_parts/dev_run3_RU_MLP_20000.csv","results/curve_parts/dev_run3_RU_MLP_20000.csv","1863"
"final_url_ssl_integrated_v2/results/curve_parts/dev_run3_RU_MLP_200000.csv","results/curve_parts/dev_run3_RU_MLP_200000.csv","1873"
"final_url_ssl_integrated_v2/results/curve_parts/dev_run3_RU_MLP_5000.csv","results/curve_parts/dev_run3_RU_MLP_5000.csv","1911"
"final_url_ssl_integrated_v2/results/curve_parts/dev_run3_RU_MLP_50000.csv","results/curve_parts/dev_run3_RU_MLP_50000.csv","1863"
"final_url_ssl_integrated_v2/results/curve_parts/dev_run4_R0_LINEAR_10000.csv","results/curve_parts/dev_run4_R0_LINEAR_10000.csv","1923"
"final_url_ssl_integrated_v2/results/curve_parts/dev_run4_R0_LINEAR_100000.csv","results/curve_parts/dev_run4_R0_LINEAR_100000.csv","1962"
"final_url_ssl_integrated_v2/results/curve_parts/dev_run4_R0_LINEAR_2000.csv","results/curve_parts/dev_run4_R0_LINEAR_2000.csv","1883"
"final_url_ssl_integrated_v2/results/curve_parts/dev_run4_R0_LINEAR_20000.csv","results/curve_parts/dev_run4_R0_LINEAR_20000.csv","1948"
"final_url_ssl_integrated_v2/results/curve_parts/dev_run4_R0_LINEAR_200000.csv","results/curve_parts/dev_run4_R0_LINEAR_200000.csv","1896"
"final_url_ssl_integrated_v2/results/curve_parts/dev_run4_R0_LINEAR_5000.csv","results/curve_parts/dev_run4_R0_LINEAR_5000.csv","1938"
"final_url_ssl_integrated_v2/results/curve_parts/dev_run4_R0_LINEAR_50000.csv","results/curve_parts/dev_run4_R0_LINEAR_50000.csv","1883"
"final_url_ssl_integrated_v2/results/curve_parts/dev_run4_R0_MLP_10000.csv","results/curve_parts/dev_run4_R0_MLP_10000.csv","1955"
"final_url_ssl_integrated_v2/results/curve_parts/dev_run4_R0_MLP_100000.csv","results/curve_parts/dev_run4_R0_MLP_100000.csv","1940"
"final_url_ssl_integrated_v2/results/curve_parts/dev_run4_R0_MLP_2000.csv","results/curve_parts/dev_run4_R0_MLP_2000.csv","1915"
"final_url_ssl_integrated_v2/results/curve_parts/dev_run4_R0_MLP_20000.csv","results/curve_parts/dev_run4_R0_MLP_20000.csv","1877"
"final_url_ssl_integrated_v2/results/curve_parts/dev_run4_R0_MLP_200000.csv","results/curve_parts/dev_run4_R0_MLP_200000.csv","1948"
"final_url_ssl_integrated_v2/results/curve_parts/dev_run4_R0_MLP_5000.csv","results/curve_parts/dev_run4_R0_MLP_5000.csv","1905"
"final_url_ssl_integrated_v2/results/curve_parts/dev_run4_R0_MLP_50000.csv","results/curve_parts/dev_run4_R0_MLP_50000.csv","1852"
"final_url_ssl_integrated_v2/results/curve_parts/dev_run4_RT_LINEAR_10000.csv","results/curve_parts/dev_run4_RT_LINEAR_10000.csv","1898"
"final_url_ssl_integrated_v2/results/curve_parts/dev_run4_RT_LINEAR_100000.csv","results/curve_parts/dev_run4_RT_LINEAR_100000.csv","1920"
"final_url_ssl_integrated_v2/results/curve_parts/dev_run4_RT_LINEAR_2000.csv","results/curve_parts/dev_run4_RT_LINEAR_2000.csv","2001"
"final_url_ssl_integrated_v2/results/curve_parts/dev_run4_RT_LINEAR_20000.csv","results/curve_parts/dev_run4_RT_LINEAR_20000.csv","1884"
"final_url_ssl_integrated_v2/results/curve_parts/dev_run4_RT_LINEAR_200000.csv","results/curve_parts/dev_run4_RT_LINEAR_200000.csv","1888"
"final_url_ssl_integrated_v2/results/curve_parts/dev_run4_RT_LINEAR_5000.csv","results/curve_parts/dev_run4_RT_LINEAR_5000.csv","1870"
"final_url_ssl_integrated_v2/results/curve_parts/dev_run4_RT_LINEAR_50000.csv","results/curve_parts/dev_run4_RT_LINEAR_50000.csv","1948"
"final_url_ssl_integrated_v2/results/curve_parts/dev_run4_RT_MLP_10000.csv","results/curve_parts/dev_run4_RT_MLP_10000.csv","1870"
"final_url_ssl_integrated_v2/results/curve_parts/dev_run4_RT_MLP_100000.csv","results/curve_parts/dev_run4_RT_MLP_100000.csv","1983"
"final_url_ssl_integrated_v2/results/curve_parts/dev_run4_RT_MLP_2000.csv","results/curve_parts/dev_run4_RT_MLP_2000.csv","1887"
"final_url_ssl_integrated_v2/results/curve_parts/dev_run4_RT_MLP_20000.csv","results/curve_parts/dev_run4_RT_MLP_20000.csv","1868"
"final_url_ssl_integrated_v2/results/curve_parts/dev_run4_RT_MLP_200000.csv","results/curve_parts/dev_run4_RT_MLP_200000.csv","1931"
"final_url_ssl_integrated_v2/results/curve_parts/dev_run4_RT_MLP_5000.csv","results/curve_parts/dev_run4_RT_MLP_5000.csv","1902"
"final_url_ssl_integrated_v2/results/curve_parts/dev_run4_RT_MLP_50000.csv","results/curve_parts/dev_run4_RT_MLP_50000.csv","1912"
"final_url_ssl_integrated_v2/results/curve_parts/dev_run4_RUT_LINEAR_10000.csv","results/curve_parts/dev_run4_RUT_LINEAR_10000.csv","1944"
"final_url_ssl_integrated_v2/results/curve_parts/dev_run4_RUT_LINEAR_100000.csv","results/curve_parts/dev_run4_RUT_LINEAR_100000.csv","1923"
"final_url_ssl_integrated_v2/results/curve_parts/dev_run4_RUT_LINEAR_2000.csv","results/curve_parts/dev_run4_RUT_LINEAR_2000.csv","1846"
"final_url_ssl_integrated_v2/results/curve_parts/dev_run4_RUT_LINEAR_20000.csv","results/curve_parts/dev_run4_RUT_LINEAR_20000.csv","1872"
"final_url_ssl_integrated_v2/results/curve_parts/dev_run4_RUT_LINEAR_200000.csv","results/curve_parts/dev_run4_RUT_LINEAR_200000.csv","1960"
"final_url_ssl_integrated_v2/results/curve_parts/dev_run4_RUT_LINEAR_5000.csv","results/curve_parts/dev_run4_RUT_LINEAR_5000.csv","1894"
"final_url_ssl_integrated_v2/results/curve_parts/dev_run4_RUT_LINEAR_50000.csv","results/curve_parts/dev_run4_RUT_LINEAR_50000.csv","1916"
"final_url_ssl_integrated_v2/results/curve_parts/dev_run4_RUT_MLP_10000.csv","results/curve_parts/dev_run4_RUT_MLP_10000.csv","1872"
"final_url_ssl_integrated_v2/results/curve_parts/dev_run4_RUT_MLP_100000.csv","results/curve_parts/dev_run4_RUT_MLP_100000.csv","1917"
"final_url_ssl_integrated_v2/results/curve_parts/dev_run4_RUT_MLP_2000.csv","results/curve_parts/dev_run4_RUT_MLP_2000.csv","1862"
"final_url_ssl_integrated_v2/results/curve_parts/dev_run4_RUT_MLP_20000.csv","results/curve_parts/dev_run4_RUT_MLP_20000.csv","1932"
"final_url_ssl_integrated_v2/results/curve_parts/dev_run4_RUT_MLP_200000.csv","results/curve_parts/dev_run4_RUT_MLP_200000.csv","1962"
"final_url_ssl_integrated_v2/results/curve_parts/dev_run4_RUT_MLP_5000.csv","results/curve_parts/dev_run4_RUT_MLP_5000.csv","1861"
"final_url_ssl_integrated_v2/results/curve_parts/dev_run4_RUT_MLP_50000.csv","results/curve_parts/dev_run4_RUT_MLP_50000.csv","1857"
"final_url_ssl_integrated_v2/results/curve_parts/dev_run4_RU_LINEAR_10000.csv","results/curve_parts/dev_run4_RU_LINEAR_10000.csv","1884"
"final_url_ssl_integrated_v2/results/curve_parts/dev_run4_RU_LINEAR_100000.csv","results/curve_parts/dev_run4_RU_LINEAR_100000.csv","2001"
"final_url_ssl_integrated_v2/results/curve_parts/dev_run4_RU_LINEAR_2000.csv","results/curve_parts/dev_run4_RU_LINEAR_2000.csv","1908"
"final_url_ssl_integrated_v2/results/curve_parts/dev_run4_RU_LINEAR_20000.csv","results/curve_parts/dev_run4_RU_LINEAR_20000.csv","1888"
"final_url_ssl_integrated_v2/results/curve_parts/dev_run4_RU_LINEAR_200000.csv","results/curve_parts/dev_run4_RU_LINEAR_200000.csv","1886"
"final_url_ssl_integrated_v2/results/curve_parts/dev_run4_RU_LINEAR_5000.csv","results/curve_parts/dev_run4_RU_LINEAR_5000.csv","1926"
"final_url_ssl_integrated_v2/results/curve_parts/dev_run4_RU_LINEAR_50000.csv","results/curve_parts/dev_run4_RU_LINEAR_50000.csv","1946"
"final_url_ssl_integrated_v2/results/curve_parts/dev_run4_RU_MLP_10000.csv","results/curve_parts/dev_run4_RU_MLP_10000.csv","1932"
"final_url_ssl_integrated_v2/results/curve_parts/dev_run4_RU_MLP_100000.csv","results/curve_parts/dev_run4_RU_MLP_100000.csv","1851"
"final_url_ssl_integrated_v2/results/curve_parts/dev_run4_RU_MLP_2000.csv","results/curve_parts/dev_run4_RU_MLP_2000.csv","1856"
"final_url_ssl_integrated_v2/results/curve_parts/dev_run4_RU_MLP_20000.csv","results/curve_parts/dev_run4_RU_MLP_20000.csv","1859"
"final_url_ssl_integrated_v2/results/curve_parts/dev_run4_RU_MLP_200000.csv","results/curve_parts/dev_run4_RU_MLP_200000.csv","1942"
"final_url_ssl_integrated_v2/results/curve_parts/dev_run4_RU_MLP_5000.csv","results/curve_parts/dev_run4_RU_MLP_5000.csv","1931"
"final_url_ssl_integrated_v2/results/curve_parts/dev_run4_RU_MLP_50000.csv","results/curve_parts/dev_run4_RU_MLP_50000.csv","1856"
"final_url_ssl_integrated_v2/results/ff1_parts/run0_R0_LINEAR.csv","results/ff1_parts/run0_R0_LINEAR.csv","438"
"final_url_ssl_integrated_v2/results/ff1_parts/run0_R0_MLP.csv","results/ff1_parts/run0_R0_MLP.csv","444"
"final_url_ssl_integrated_v2/results/ff1_parts/run0_RT_LINEAR.csv","results/ff1_parts/run0_RT_LINEAR.csv","450"
"final_url_ssl_integrated_v2/results/ff1_parts/run0_RT_MLP.csv","results/ff1_parts/run0_RT_MLP.csv","437"
"final_url_ssl_integrated_v2/results/ff1_parts/run0_RUT_LINEAR.csv","results/ff1_parts/run0_RUT_LINEAR.csv","442"
"final_url_ssl_integrated_v2/results/ff1_parts/run0_RUT_MLP.csv","results/ff1_parts/run0_RUT_MLP.csv","440"
"final_url_ssl_integrated_v2/results/ff1_parts/run0_RU_LINEAR.csv","results/ff1_parts/run0_RU_LINEAR.csv","449"
"final_url_ssl_integrated_v2/results/ff1_parts/run0_RU_MLP.csv","results/ff1_parts/run0_RU_MLP.csv","436"
"final_url_ssl_integrated_v2/results/ff1_parts/run1_R0_LINEAR.csv","results/ff1_parts/run1_R0_LINEAR.csv","443"
"final_url_ssl_integrated_v2/results/ff1_parts/run1_R0_MLP.csv","results/ff1_parts/run1_R0_MLP.csv","439"
"final_url_ssl_integrated_v2/results/ff1_parts/run1_RT_LINEAR.csv","results/ff1_parts/run1_RT_LINEAR.csv","447"
"final_url_ssl_integrated_v2/results/ff1_parts/run1_RT_MLP.csv","results/ff1_parts/run1_RT_MLP.csv","446"
"final_url_ssl_integrated_v2/results/ff1_parts/run1_RUT_LINEAR.csv","results/ff1_parts/run1_RUT_LINEAR.csv","449"
"final_url_ssl_integrated_v2/results/ff1_parts/run1_RUT_MLP.csv","results/ff1_parts/run1_RUT_MLP.csv","438"
"final_url_ssl_integrated_v2/results/ff1_parts/run1_RU_LINEAR.csv","results/ff1_parts/run1_RU_LINEAR.csv","445"
"final_url_ssl_integrated_v2/results/ff1_parts/run1_RU_MLP.csv","results/ff1_parts/run1_RU_MLP.csv","443"
"final_url_ssl_integrated_v2/results/ff1_parts/run2_R0_LINEAR.csv","results/ff1_parts/run2_R0_LINEAR.csv","438"
"final_url_ssl_integrated_v2/results/ff1_parts/run2_R0_MLP.csv","results/ff1_parts/run2_R0_MLP.csv","438"
"final_url_ssl_integrated_v2/results/ff1_parts/run2_RT_LINEAR.csv","results/ff1_parts/run2_RT_LINEAR.csv","438"
"final_url_ssl_integrated_v2/results/ff1_parts/run2_RT_MLP.csv","results/ff1_parts/run2_RT_MLP.csv","436"
"final_url_ssl_integrated_v2/results/ff1_parts/run2_RUT_LINEAR.csv","results/ff1_parts/run2_RUT_LINEAR.csv","450"
"final_url_ssl_integrated_v2/results/ff1_parts/run2_RUT_MLP.csv","results/ff1_parts/run2_RUT_MLP.csv","447"
"final_url_ssl_integrated_v2/results/ff1_parts/run2_RU_LINEAR.csv","results/ff1_parts/run2_RU_LINEAR.csv","448"
"final_url_ssl_integrated_v2/results/ff1_parts/run2_RU_MLP.csv","results/ff1_parts/run2_RU_MLP.csv","435"
"final_url_ssl_integrated_v2/results/ff1_parts/run3_R0_LINEAR.csv","results/ff1_parts/run3_R0_LINEAR.csv","438"
"final_url_ssl_integrated_v2/results/ff1_parts/run3_R0_MLP.csv","results/ff1_parts/run3_R0_MLP.csv","438"
"final_url_ssl_integrated_v2/results/ff1_parts/run3_RT_LINEAR.csv","results/ff1_parts/run3_RT_LINEAR.csv","453"
"final_url_ssl_integrated_v2/results/ff1_parts/run3_RT_MLP.csv","results/ff1_parts/run3_RT_MLP.csv","437"
"final_url_ssl_integrated_v2/results/ff1_parts/run3_RUT_LINEAR.csv","results/ff1_parts/run3_RUT_LINEAR.csv","446"
"final_url_ssl_integrated_v2/results/ff1_parts/run3_RUT_MLP.csv","results/ff1_parts/run3_RUT_MLP.csv","434"
"final_url_ssl_integrated_v2/results/ff1_parts/run3_RU_LINEAR.csv","results/ff1_parts/run3_RU_LINEAR.csv","449"
"final_url_ssl_integrated_v2/results/ff1_parts/run3_RU_MLP.csv","results/ff1_parts/run3_RU_MLP.csv","434"
"final_url_ssl_integrated_v2/results/ff1_parts/run4_R0_LINEAR.csv","results/ff1_parts/run4_R0_LINEAR.csv","439"
"final_url_ssl_integrated_v2/results/ff1_parts/run4_R0_MLP.csv","results/ff1_parts/run4_R0_MLP.csv","434"
"final_url_ssl_integrated_v2/results/ff1_parts/run4_RT_LINEAR.csv","results/ff1_parts/run4_RT_LINEAR.csv","447"
"final_url_ssl_integrated_v2/results/ff1_parts/run4_RT_MLP.csv","results/ff1_parts/run4_RT_MLP.csv","444"
"final_url_ssl_integrated_v2/results/ff1_parts/run4_RUT_LINEAR.csv","results/ff1_parts/run4_RUT_LINEAR.csv","450"
"final_url_ssl_integrated_v2/results/ff1_parts/run4_RUT_MLP.csv","results/ff1_parts/run4_RUT_MLP.csv","435"
"final_url_ssl_integrated_v2/results/ff1_parts/run4_RU_LINEAR.csv","results/ff1_parts/run4_RU_LINEAR.csv","447"
"final_url_ssl_integrated_v2/results/ff1_parts/run4_RU_MLP.csv","results/ff1_parts/run4_RU_MLP.csv","438"
"final_url_ssl_integrated_v2/results/n10_parts/rep00_RU.csv","results/n10_parts/rep00_RU.csv","1820"
"final_url_ssl_integrated_v2/results/n10_parts/rep00_RUT.csv","results/n10_parts/rep00_RUT.csv","1827"
"final_url_ssl_integrated_v2/results/n10_parts/rep00_RUT_COMPLETE.json","results/n10_parts/rep00_RUT_COMPLETE.json","108"
"final_url_ssl_integrated_v2/results/n10_parts/rep00_RU_COMPLETE.json","results/n10_parts/rep00_RU_COMPLETE.json","107"
"final_url_ssl_integrated_v2/results/n10_parts/rep01_RU.csv","results/n10_parts/rep01_RU.csv","1818"
"final_url_ssl_integrated_v2/results/n10_parts/rep01_RUT.csv","results/n10_parts/rep01_RUT.csv","1826"
"final_url_ssl_integrated_v2/results/n10_parts/rep01_RUT_COMPLETE.json","results/n10_parts/rep01_RUT_COMPLETE.json","108"
"final_url_ssl_integrated_v2/results/n10_parts/rep01_RU_COMPLETE.json","results/n10_parts/rep01_RU_COMPLETE.json","107"
"final_url_ssl_integrated_v2/results/n10_parts/rep02_RU.csv","results/n10_parts/rep02_RU.csv","1827"
"final_url_ssl_integrated_v2/results/n10_parts/rep02_RUT.csv","results/n10_parts/rep02_RUT.csv","1830"
"final_url_ssl_integrated_v2/results/n10_parts/rep02_RUT_COMPLETE.json","results/n10_parts/rep02_RUT_COMPLETE.json","108"
"final_url_ssl_integrated_v2/results/n10_parts/rep02_RU_COMPLETE.json","results/n10_parts/rep02_RU_COMPLETE.json","107"
"final_url_ssl_integrated_v2/results/n10_parts/rep03_RU.csv","results/n10_parts/rep03_RU.csv","1817"
"final_url_ssl_integrated_v2/results/n10_parts/rep03_RUT.csv","results/n10_parts/rep03_RUT.csv","1823"
"final_url_ssl_integrated_v2/results/n10_parts/rep03_RUT_COMPLETE.json","results/n10_parts/rep03_RUT_COMPLETE.json","108"
"final_url_ssl_integrated_v2/results/n10_parts/rep03_RU_COMPLETE.json","results/n10_parts/rep03_RU_COMPLETE.json","107"
"final_url_ssl_integrated_v2/results/n10_parts/rep04_RU.csv","results/n10_parts/rep04_RU.csv","1821"
"final_url_ssl_integrated_v2/results/n10_parts/rep04_RUT.csv","results/n10_parts/rep04_RUT.csv","1828"
"final_url_ssl_integrated_v2/results/n10_parts/rep04_RUT_COMPLETE.json","results/n10_parts/rep04_RUT_COMPLETE.json","108"
"final_url_ssl_integrated_v2/results/n10_parts/rep04_RU_COMPLETE.json","results/n10_parts/rep04_RU_COMPLETE.json","107"
"final_url_ssl_integrated_v2/results/n10_parts/rep05_RU.csv","results/n10_parts/rep05_RU.csv","1817"
"final_url_ssl_integrated_v2/results/n10_parts/rep05_RUT.csv","results/n10_parts/rep05_RUT.csv","1814"
"final_url_ssl_integrated_v2/results/n10_parts/rep05_RUT_COMPLETE.json","results/n10_parts/rep05_RUT_COMPLETE.json","108"
"final_url_ssl_integrated_v2/results/n10_parts/rep05_RU_COMPLETE.json","results/n10_parts/rep05_RU_COMPLETE.json","107"
"final_url_ssl_integrated_v2/results/n10_parts/rep06_RU.csv","results/n10_parts/rep06_RU.csv","1818"
"final_url_ssl_integrated_v2/results/n10_parts/rep06_RUT.csv","results/n10_parts/rep06_RUT.csv","1823"
"final_url_ssl_integrated_v2/results/n10_parts/rep06_RUT_COMPLETE.json","results/n10_parts/rep06_RUT_COMPLETE.json","108"
"final_url_ssl_integrated_v2/results/n10_parts/rep06_RU_COMPLETE.json","results/n10_parts/rep06_RU_COMPLETE.json","107"
"final_url_ssl_integrated_v2/results/n10_parts/rep07_RU.csv","results/n10_parts/rep07_RU.csv","1814"
"final_url_ssl_integrated_v2/results/n10_parts/rep07_RUT.csv","results/n10_parts/rep07_RUT.csv","1822"
"final_url_ssl_integrated_v2/results/n10_parts/rep07_RUT_COMPLETE.json","results/n10_parts/rep07_RUT_COMPLETE.json","108"
"final_url_ssl_integrated_v2/results/n10_parts/rep07_RU_COMPLETE.json","results/n10_parts/rep07_RU_COMPLETE.json","107"
"final_url_ssl_integrated_v2/results/n10_parts/rep08_RU.csv","results/n10_parts/rep08_RU.csv","1819"
"final_url_ssl_integrated_v2/results/n10_parts/rep08_RUT.csv","results/n10_parts/rep08_RUT.csv","1825"
"final_url_ssl_integrated_v2/results/n10_parts/rep08_RUT_COMPLETE.json","results/n10_parts/rep08_RUT_COMPLETE.json","108"
"final_url_ssl_integrated_v2/results/n10_parts/rep08_RU_COMPLETE.json","results/n10_parts/rep08_RU_COMPLETE.json","107"
"final_url_ssl_integrated_v2/results/n10_parts/rep09_RU.csv","results/n10_parts/rep09_RU.csv","1820"
"final_url_ssl_integrated_v2/results/n10_parts/rep09_RUT.csv","results/n10_parts/rep09_RUT.csv","1817"
"final_url_ssl_integrated_v2/results/n10_parts/rep09_RUT_COMPLETE.json","results/n10_parts/rep09_RUT_COMPLETE.json","108"
"final_url_ssl_integrated_v2/results/n10_parts/rep09_RU_COMPLETE.json","results/n10_parts/rep09_RU_COMPLETE.json","107"
"final_url_ssl_integrated_v2/scores/deep_n3/seed122_B20000/CAL.npy","scores/deep_n3/seed122_B20000/CAL.npy","200128"
"final_url_ssl_integrated_v2/scores/deep_n3/seed122_B20000/FINAL.npy","scores/deep_n3/seed122_B20000/FINAL.npy","672368"
"final_url_ssl_integrated_v2/scores/deep_n3/seed122_B200000/CAL.npy","scores/deep_n3/seed122_B200000/CAL.npy","200128"
"final_url_ssl_integrated_v2/scores/deep_n3/seed122_B200000/FINAL.npy","scores/deep_n3/seed122_B200000/FINAL.npy","672368"
"final_url_ssl_integrated_v2/scores/deep_n3/seed42_B20000/CAL.npy","scores/deep_n3/seed42_B20000/CAL.npy","200128"
"final_url_ssl_integrated_v2/scores/deep_n3/seed42_B20000/FINAL.npy","scores/deep_n3/seed42_B20000/FINAL.npy","672368"
"final_url_ssl_integrated_v2/scores/deep_n3/seed42_B200000/CAL.npy","scores/deep_n3/seed42_B200000/CAL.npy","200128"
"final_url_ssl_integrated_v2/scores/deep_n3/seed42_B200000/FINAL.npy","scores/deep_n3/seed42_B200000/FINAL.npy","672368"
"final_url_ssl_integrated_v2/scores/deep_n3/seed82_B20000/CAL.npy","scores/deep_n3/seed82_B20000/CAL.npy","200128"
"final_url_ssl_integrated_v2/scores/deep_n3/seed82_B20000/FINAL.npy","scores/deep_n3/seed82_B20000/FINAL.npy","672368"
"final_url_ssl_integrated_v2/scores/deep_n3/seed82_B200000/CAL.npy","scores/deep_n3/seed82_B200000/CAL.npy","200128"
"final_url_ssl_integrated_v2/scores/deep_n3/seed82_B200000/FINAL.npy","scores/deep_n3/seed82_B200000/FINAL.npy","672368"
"final_url_ssl_integrated_v2/scores/ff4/DUAL_RUT_20000/CAL.complete.json","scores/ff4/DUAL_RUT_20000/CAL.complete.json","70"
"final_url_ssl_integrated_v2/scores/ff4/DUAL_RUT_20000/CAL_equal.npy","scores/ff4/DUAL_RUT_20000/CAL_equal.npy","200128"
"final_url_ssl_integrated_v2/scores/ff4/DUAL_RUT_20000/CAL_gated.npy","scores/ff4/DUAL_RUT_20000/CAL_gated.npy","200128"
"final_url_ssl_integrated_v2/scores/ff4/DUAL_RUT_20000/CAL_text.npy","scores/ff4/DUAL_RUT_20000/CAL_text.npy","200128"
"final_url_ssl_integrated_v2/scores/ff4/DUAL_RUT_20000/CAL_url.npy","scores/ff4/DUAL_RUT_20000/CAL_url.npy","200128"
"final_url_ssl_integrated_v2/scores/ff4/DUAL_RUT_20000/FINAL.complete.json","scores/ff4/DUAL_RUT_20000/FINAL.complete.json","97"
"final_url_ssl_integrated_v2/scores/ff4/DUAL_RUT_20000/FINAL_equal.npy","scores/ff4/DUAL_RUT_20000/FINAL_equal.npy","672368"
"final_url_ssl_integrated_v2/scores/ff4/DUAL_RUT_20000/FINAL_gated.npy","scores/ff4/DUAL_RUT_20000/FINAL_gated.npy","672368"
"final_url_ssl_integrated_v2/scores/ff4/DUAL_RUT_20000/FINAL_text.npy","scores/ff4/DUAL_RUT_20000/FINAL_text.npy","672368"
"final_url_ssl_integrated_v2/scores/ff4/DUAL_RUT_20000/FINAL_url.npy","scores/ff4/DUAL_RUT_20000/FINAL_url.npy","672368"
"final_url_ssl_integrated_v2/scores/ff4/DUAL_RUT_200000/CAL.complete.json","scores/ff4/DUAL_RUT_200000/CAL.complete.json","96"
"final_url_ssl_integrated_v2/scores/ff4/DUAL_RUT_200000/CAL_equal.npy","scores/ff4/DUAL_RUT_200000/CAL_equal.npy","200128"
"final_url_ssl_integrated_v2/scores/ff4/DUAL_RUT_200000/CAL_gated.npy","scores/ff4/DUAL_RUT_200000/CAL_gated.npy","200128"
"final_url_ssl_integrated_v2/scores/ff4/DUAL_RUT_200000/CAL_text.npy","scores/ff4/DUAL_RUT_200000/CAL_text.npy","200128"
"final_url_ssl_integrated_v2/scores/ff4/DUAL_RUT_200000/CAL_url.npy","scores/ff4/DUAL_RUT_200000/CAL_url.npy","200128"
"final_url_ssl_integrated_v2/scores/ff4/DUAL_RUT_200000/FINAL.complete.json","scores/ff4/DUAL_RUT_200000/FINAL.complete.json","97"
"final_url_ssl_integrated_v2/scores/ff4/DUAL_RUT_200000/FINAL_equal.npy","scores/ff4/DUAL_RUT_200000/FINAL_equal.npy","672368"
"final_url_ssl_integrated_v2/scores/ff4/DUAL_RUT_200000/FINAL_gated.npy","scores/ff4/DUAL_RUT_200000/FINAL_gated.npy","672368"
"final_url_ssl_integrated_v2/scores/ff4/DUAL_RUT_200000/FINAL_text.npy","scores/ff4/DUAL_RUT_200000/FINAL_text.npy","672368"
"final_url_ssl_integrated_v2/scores/ff4/DUAL_RUT_200000/FINAL_url.npy","scores/ff4/DUAL_RUT_200000/FINAL_url.npy","672368"
"final_url_ssl_integrated_v2/scores/ff4/TRI_RUT_20000/CAL.complete.json","scores/ff4/TRI_RUT_20000/CAL.complete.json","96"
"final_url_ssl_integrated_v2/scores/ff4/TRI_RUT_20000/CAL_dom.npy","scores/ff4/TRI_RUT_20000/CAL_dom.npy","200128"
"final_url_ssl_integrated_v2/scores/ff4/TRI_RUT_20000/CAL_equal.npy","scores/ff4/TRI_RUT_20000/CAL_equal.npy","200128"
"final_url_ssl_integrated_v2/scores/ff4/TRI_RUT_20000/CAL_gated.npy","scores/ff4/TRI_RUT_20000/CAL_gated.npy","200128"
"final_url_ssl_integrated_v2/scores/ff4/TRI_RUT_20000/CAL_text.npy","scores/ff4/TRI_RUT_20000/CAL_text.npy","200128"
"final_url_ssl_integrated_v2/scores/ff4/TRI_RUT_20000/CAL_url.npy","scores/ff4/TRI_RUT_20000/CAL_url.npy","200128"
"final_url_ssl_integrated_v2/scores/ff4/TRI_RUT_20000/FINAL.complete.json","scores/ff4/TRI_RUT_20000/FINAL.complete.json","97"
"final_url_ssl_integrated_v2/scores/ff4/TRI_RUT_20000/FINAL_dom.npy","scores/ff4/TRI_RUT_20000/FINAL_dom.npy","672368"
"final_url_ssl_integrated_v2/scores/ff4/TRI_RUT_20000/FINAL_equal.npy","scores/ff4/TRI_RUT_20000/FINAL_equal.npy","672368"
"final_url_ssl_integrated_v2/scores/ff4/TRI_RUT_20000/FINAL_gated.npy","scores/ff4/TRI_RUT_20000/FINAL_gated.npy","672368"
"final_url_ssl_integrated_v2/scores/ff4/TRI_RUT_20000/FINAL_text.npy","scores/ff4/TRI_RUT_20000/FINAL_text.npy","672368"
"final_url_ssl_integrated_v2/scores/ff4/TRI_RUT_20000/FINAL_url.npy","scores/ff4/TRI_RUT_20000/FINAL_url.npy","672368"
"final_url_ssl_integrated_v2/scores/ff4/TRI_RUT_200000/CAL.complete.json","scores/ff4/TRI_RUT_200000/CAL.complete.json","96"
"final_url_ssl_integrated_v2/scores/ff4/TRI_RUT_200000/CAL_dom.npy","scores/ff4/TRI_RUT_200000/CAL_dom.npy","200128"
"final_url_ssl_integrated_v2/scores/ff4/TRI_RUT_200000/CAL_equal.npy","scores/ff4/TRI_RUT_200000/CAL_equal.npy","200128"
"final_url_ssl_integrated_v2/scores/ff4/TRI_RUT_200000/CAL_gated.npy","scores/ff4/TRI_RUT_200000/CAL_gated.npy","200128"
"final_url_ssl_integrated_v2/scores/ff4/TRI_RUT_200000/CAL_text.npy","scores/ff4/TRI_RUT_200000/CAL_text.npy","200128"
"final_url_ssl_integrated_v2/scores/ff4/TRI_RUT_200000/CAL_url.npy","scores/ff4/TRI_RUT_200000/CAL_url.npy","200128"
"final_url_ssl_integrated_v2/scores/ff4/TRI_RUT_200000/FINAL.complete.json","scores/ff4/TRI_RUT_200000/FINAL.complete.json","97"
"final_url_ssl_integrated_v2/scores/ff4/TRI_RUT_200000/FINAL_dom.npy","scores/ff4/TRI_RUT_200000/FINAL_dom.npy","672368"
"final_url_ssl_integrated_v2/scores/ff4/TRI_RUT_200000/FINAL_equal.npy","scores/ff4/TRI_RUT_200000/FINAL_equal.npy","672368"
"final_url_ssl_integrated_v2/scores/ff4/TRI_RUT_200000/FINAL_gated.npy","scores/ff4/TRI_RUT_200000/FINAL_gated.npy","672368"
"final_url_ssl_integrated_v2/scores/ff4/TRI_RUT_200000/FINAL_text.npy","scores/ff4/TRI_RUT_200000/FINAL_text.npy","672368"
"final_url_ssl_integrated_v2/scores/ff4/TRI_RUT_200000/FINAL_url.npy","scores/ff4/TRI_RUT_200000/FINAL_url.npy","672368"
"final_url_ssl_integrated_v2/scores/n10/rep00_RU/CAL.npy","scores/n10/rep00_RU/CAL.npy","200128"
"final_url_ssl_integrated_v2/scores/n10/rep00_RU/FINAL.npy","scores/n10/rep00_RU/FINAL.npy","672368"
"final_url_ssl_integrated_v2/scores/n10/rep00_RUT/CAL.npy","scores/n10/rep00_RUT/CAL.npy","200128"
"final_url_ssl_integrated_v2/scores/n10/rep00_RUT/FINAL.npy","scores/n10/rep00_RUT/FINAL.npy","672368"
"final_url_ssl_integrated_v2/scores/n10/rep01_RU/CAL.npy","scores/n10/rep01_RU/CAL.npy","200128"
"final_url_ssl_integrated_v2/scores/n10/rep01_RU/FINAL.npy","scores/n10/rep01_RU/FINAL.npy","672368"
"final_url_ssl_integrated_v2/scores/n10/rep01_RUT/CAL.npy","scores/n10/rep01_RUT/CAL.npy","200128"
"final_url_ssl_integrated_v2/scores/n10/rep01_RUT/FINAL.npy","scores/n10/rep01_RUT/FINAL.npy","672368"
"final_url_ssl_integrated_v2/scores/n10/rep02_RU/CAL.npy","scores/n10/rep02_RU/CAL.npy","200128"
"final_url_ssl_integrated_v2/scores/n10/rep02_RU/FINAL.npy","scores/n10/rep02_RU/FINAL.npy","672368"
"final_url_ssl_integrated_v2/scores/n10/rep02_RUT/CAL.npy","scores/n10/rep02_RUT/CAL.npy","200128"
"final_url_ssl_integrated_v2/scores/n10/rep02_RUT/FINAL.npy","scores/n10/rep02_RUT/FINAL.npy","672368"
"final_url_ssl_integrated_v2/scores/n10/rep03_RU/CAL.npy","scores/n10/rep03_RU/CAL.npy","200128"
"final_url_ssl_integrated_v2/scores/n10/rep03_RU/FINAL.npy","scores/n10/rep03_RU/FINAL.npy","672368"
"final_url_ssl_integrated_v2/scores/n10/rep03_RUT/CAL.npy","scores/n10/rep03_RUT/CAL.npy","200128"
"final_url_ssl_integrated_v2/scores/n10/rep03_RUT/FINAL.npy","scores/n10/rep03_RUT/FINAL.npy","672368"
"final_url_ssl_integrated_v2/scores/n10/rep04_RU/CAL.npy","scores/n10/rep04_RU/CAL.npy","200128"
"final_url_ssl_integrated_v2/scores/n10/rep04_RU/FINAL.npy","scores/n10/rep04_RU/FINAL.npy","672368"
"final_url_ssl_integrated_v2/scores/n10/rep04_RUT/CAL.npy","scores/n10/rep04_RUT/CAL.npy","200128"
"final_url_ssl_integrated_v2/scores/n10/rep04_RUT/FINAL.npy","scores/n10/rep04_RUT/FINAL.npy","672368"
"final_url_ssl_integrated_v2/scores/n10/rep05_RU/CAL.npy","scores/n10/rep05_RU/CAL.npy","200128"
"final_url_ssl_integrated_v2/scores/n10/rep05_RU/FINAL.npy","scores/n10/rep05_RU/FINAL.npy","672368"
"final_url_ssl_integrated_v2/scores/n10/rep05_RUT/CAL.npy","scores/n10/rep05_RUT/CAL.npy","200128"
"final_url_ssl_integrated_v2/scores/n10/rep05_RUT/FINAL.npy","scores/n10/rep05_RUT/FINAL.npy","672368"
"final_url_ssl_integrated_v2/scores/n10/rep06_RU/CAL.npy","scores/n10/rep06_RU/CAL.npy","200128"
"final_url_ssl_integrated_v2/scores/n10/rep06_RU/FINAL.npy","scores/n10/rep06_RU/FINAL.npy","672368"
"final_url_ssl_integrated_v2/scores/n10/rep06_RUT/CAL.npy","scores/n10/rep06_RUT/CAL.npy","200128"
"final_url_ssl_integrated_v2/scores/n10/rep06_RUT/FINAL.npy","scores/n10/rep06_RUT/FINAL.npy","672368"
"final_url_ssl_integrated_v2/scores/n10/rep07_RU/CAL.npy","scores/n10/rep07_RU/CAL.npy","200128"
"final_url_ssl_integrated_v2/scores/n10/rep07_RU/FINAL.npy","scores/n10/rep07_RU/FINAL.npy","672368"
"final_url_ssl_integrated_v2/scores/n10/rep07_RUT/CAL.npy","scores/n10/rep07_RUT/CAL.npy","200128"
"final_url_ssl_integrated_v2/scores/n10/rep07_RUT/FINAL.npy","scores/n10/rep07_RUT/FINAL.npy","672368"
"final_url_ssl_integrated_v2/scores/n10/rep08_RU/CAL.npy","scores/n10/rep08_RU/CAL.npy","200128"
"final_url_ssl_integrated_v2/scores/n10/rep08_RU/FINAL.npy","scores/n10/rep08_RU/FINAL.npy","672368"
"final_url_ssl_integrated_v2/scores/n10/rep08_RUT/CAL.npy","scores/n10/rep08_RUT/CAL.npy","200128"
"final_url_ssl_integrated_v2/scores/n10/rep08_RUT/FINAL.npy","scores/n10/rep08_RUT/FINAL.npy","672368"
"final_url_ssl_integrated_v2/scores/n10/rep09_RU/CAL.npy","scores/n10/rep09_RU/CAL.npy","200128"
"final_url_ssl_integrated_v2/scores/n10/rep09_RU/FINAL.npy","scores/n10/rep09_RU/FINAL.npy","672368"
"final_url_ssl_integrated_v2/scores/n10/rep09_RUT/CAL.npy","scores/n10/rep09_RUT/CAL.npy","200128"
"final_url_ssl_integrated_v2/scores/n10/rep09_RUT/FINAL.npy","scores/n10/rep09_RUT/FINAL.npy","672368"
"final_url_ssl_integrated_v2/thesis_tables/TABLE_COMPLETE_COVERAGE_AUDIT.csv","thesis_tables/TABLE_COMPLETE_COVERAGE_AUDIT.csv","1328"
"final_url_ssl_integrated_v2/thesis_tables/TABLE_FF1_CONTRASTIVE_HISTORICAL_PAIRED.csv","thesis_tables/TABLE_FF1_CONTRASTIVE_HISTORICAL_PAIRED.csv","5009"
"final_url_ssl_integrated_v2/thesis_tables/TABLE_FF1_CONTRASTIVE_HISTORICAL_PRIMARY.csv","thesis_tables/TABLE_FF1_CONTRASTIVE_HISTORICAL_PRIMARY.csv","1087"
"final_url_ssl_integrated_v2/thesis_tables/TABLE_FF1_MODALITY_DAPT_DEV_N5.csv","thesis_tables/TABLE_FF1_MODALITY_DAPT_DEV_N5.csv","1089"
"final_url_ssl_integrated_v2/thesis_tables/TABLE_FF1_MODALITY_PAIRED_STATS.csv","thesis_tables/TABLE_FF1_MODALITY_PAIRED_STATS.csv","1039"
"final_url_ssl_integrated_v2/thesis_tables/TABLE_FF2_B95_DEV.csv","thesis_tables/TABLE_FF2_B95_DEV.csv","440"
"final_url_ssl_integrated_v2/thesis_tables/TABLE_FF2_DEEP_N3_20K_200K.csv","thesis_tables/TABLE_FF2_DEEP_N3_20K_200K.csv","4585"
"final_url_ssl_integrated_v2/thesis_tables/TABLE_FF2_DEEP_N3_RUT_PAIRED.csv","thesis_tables/TABLE_FF2_DEEP_N3_RUT_PAIRED.csv","432"
"final_url_ssl_integrated_v2/thesis_tables/TABLE_FF2_LABEL_EFFICIENCY_DEV.csv","thesis_tables/TABLE_FF2_LABEL_EFFICIENCY_DEV.csv","5394"
"final_url_ssl_integrated_v2/thesis_tables/TABLE_FF2_LABEL_EFFICIENCY_FINAL.csv","thesis_tables/TABLE_FF2_LABEL_EFFICIENCY_FINAL.csv","7433"
"final_url_ssl_integrated_v2/thesis_tables/TABLE_FF2_LABEL_EFFICIENCY_PAIRED_DELTAS.csv","thesis_tables/TABLE_FF2_LABEL_EFFICIENCY_PAIRED_DELTAS.csv","6405"
"final_url_ssl_integrated_v2/thesis_tables/TABLE_FF2_MARGINAL_LABEL_UTILITY_DEV.csv","thesis_tables/TABLE_FF2_MARGINAL_LABEL_UTILITY_DEV.csv","2847"
"final_url_ssl_integrated_v2/thesis_tables/TABLE_FF3_N10_4REP_AGG.csv","thesis_tables/TABLE_FF3_N10_4REP_AGG.csv","3311"
"final_url_ssl_integrated_v2/thesis_tables/TABLE_FF3_N10_PAIRED_CONTRASTS.csv","thesis_tables/TABLE_FF3_N10_PAIRED_CONTRASTS.csv","3744"
"final_url_ssl_integrated_v2/thesis_tables/TABLE_FF3_OOD_HOLM_RUT_MINUS_RT.csv","thesis_tables/TABLE_FF3_OOD_HOLM_RUT_MINUS_RT.csv","661"
"final_url_ssl_integrated_v2/thesis_tables/TABLE_FF3_PRIMARY_RUT_MINUS_RT_OFFICIAL.csv","thesis_tables/TABLE_FF3_PRIMARY_RUT_MINUS_RT_OFFICIAL.csv","285"
"final_url_ssl_integrated_v2/thesis_tables/TABLE_FF4_DOM_DUAL_TRI_DEV.csv","thesis_tables/TABLE_FF4_DOM_DUAL_TRI_DEV.csv","1315"
"final_url_ssl_integrated_v2/thesis_tables/TABLE_FF4_DOM_FUSION_CASCADE_FINAL.csv","thesis_tables/TABLE_FF4_DOM_FUSION_CASCADE_FINAL.csv","223104"
"final_url_ssl_integrated_v2/thesis_tables/TABLE_FF4_PRIMARY_OFFICIAL_0p5FPR.csv","thesis_tables/TABLE_FF4_PRIMARY_OFFICIAL_0p5FPR.csv","6450"
"final_url_ssl_integrated_v2/thesis_tables/TABLE_FINAL_BOOTSTRAP_AP_P90.csv","thesis_tables/TABLE_FINAL_BOOTSTRAP_AP_P90.csv","330"
"final_url_ssl_integrated_v2/thesis_tables/TABLE_OPERATIONAL_1M_ILLUSTRATION.csv","thesis_tables/TABLE_OPERATIONAL_1M_ILLUSTRATION.csv","278"
"final_url_ssl_integrated_v2/thesis_tables/TABLE_OPERATIONAL_BENCHMARK.csv","thesis_tables/TABLE_OPERATIONAL_BENCHMARK.csv","1569"
"final_url_ssl_integrated_v2/thesis_tables/TABLE_OPERATIONAL_XGB_HISTORICAL.csv","thesis_tables/TABLE_OPERATIONAL_XGB_HISTORICAL.csv","428"
"final_url_ssl_integrated_v2/thesis_tables/TABLE_SYSTEM_REFERENCE_XGB_ALL_BUDGETS_HISTORICAL.csv","thesis_tables/TABLE_SYSTEM_REFERENCE_XGB_ALL_BUDGETS_HISTORICAL.csv","49184"
"final_url_ssl_integrated_v2/thesis_tables/TABLE_SYSTEM_REFERENCE_XGB_OPERATIONAL_HISTORICAL.csv","thesis_tables/TABLE_SYSTEM_REFERENCE_XGB_OPERATIONAL_HISTORICAL.csv","428"
"final_url_ssl_integrated_v2/thesis_tables/TABLE_SYSTEM_REFERENCE_XGB_SEED82_PRIMARY_HISTORICAL.csv","thesis_tables/TABLE_SYSTEM_REFERENCE_XGB_SEED82_PRIMARY_HISTORICAL.csv","1656"
"final_url_ssl_integrated_v2/thesis_tables/TABLE_SYSTEM_REFERENCE_XGB_VS_DEEP_UPDATED.csv","thesis_tables/TABLE_SYSTEM_REFERENCE_XGB_VS_DEEP_UPDATED.csv","2162"