file,line,key,locator,claim_context,source_file,assessment
chapter01.tex,9,APWG (2025),S. 3--4,"Phishing zählt zu den dauerhaft relevanten Bedrohungen der digitalen Wirtschaft. Allein im ersten Quartal 2025 erfasste die Anti-Phishing Working Group mehr als eine Million Phishing-Angriffe; die im selben Bericht wiedergegebene Branchenanalyse von OpSec Security ordnet Online-Payment-Diensten sowie Finanz- und Bankdienstleistungen zusammen 30,9~\% der von OpSec erfassten Angriffe zu (vgl. [APWG (2025), S. 3--4]).",apwg2025.pdf,Q1 2025: 1.003.924 Angriffe S. 3; Branchenanteile S. 4 stammen aus OpSec-Auswertung. Nenner im Text getrennt.
chapter01.tex,12,APWG (2025),S. 2,"Im Zentrum vieler Angriffe stehen manipulierte Webseiten, die vertrauenswürdige Dienste imitieren und Nutzer zur Preisgabe schützenswerter Informationen verleiten (vgl. [APWG (2025), S. 2]). Für ihre automatisierte Erkennung bilden insbesondere URL und HTML-Inhalt relevante Informationsquellen. Während die URL Domain-, Pfad- und Parameterinformationen enthält, stellt das HTML-Dokument textuelle, verlinkungsbezogene und strukturelle Eigenschaften der Webseite bereit (vgl. [Dalton et al. (2026), S. 2--3]).",apwg2025.pdf,Q1 2025: 1.003.924 Angriffe S. 3; Branchenanteile S. 4 stammen aus OpSec-Auswertung. Nenner im Text getrennt.
chapter01.tex,16,Dalton et al. (2026),S. 2--3,"Im Zentrum vieler Angriffe stehen manipulierte Webseiten, die vertrauenswürdige Dienste imitieren und Nutzer zur Preisgabe schützenswerter Informationen verleiten (vgl. [APWG (2025), S. 2]). Für ihre automatisierte Erkennung bilden insbesondere URL und HTML-Inhalt relevante Informationsquellen. Während die URL Domain-, Pfad- und Parameterinformationen enthält, stellt das HTML-Dokument textuelle, verlinkungsbezogene und strukturelle Eigenschaften der Webseite bereit (vgl. [Dalton et al. (2026), S. 2--3]).",dalton2026v2.pdf,"Verbindlich arXiv v2 vom 11.02.2026; URL/HTML und Ähnlichkeiten S. 1–3, Trennverfahren S. 5–6, Prävalenz/Metriken S. 6–8. Kein direkter Benchmark-Sieg aus umgerechneter Prävalenz."
chapter01.tex,20,ENISA (2024),S. 67,"Die Erkennung wird dadurch erschwert, dass sich Phishing-Kampagnen und Webseiten fortlaufend verändern. Generative Künstliche Intelligenz kann Angreifer zusätzlich bei der Erstellung maßgeschneiderter Kampagnen unterstützen (vgl. [ENISA (2024), S. 67]). Gleichzeitig entstehen regelmäßig neue Webseiten und Angriffsvarianten. Während Sperrlisten insbesondere bekannte Phishing-Webseiten erfassen, können lernbasierte Verfahren URL- und HTML-Eigenschaften zur Klassifikation bislang nicht beobachteter Webseiten nutzen (vgl. [Dalton et al. (2026), S. 1--3]). Eine hohe Leistung auf datensatznahen Testdaten erlaubt dabei noch keine belastbare Aussage über bislang unbekannte Webseiten. Ähnliche Seiten oder gemeinsame Phishing-Kits können in Trainings- und Testdaten auftreten und dadurch die Wiedererkennung bereits bekannter Strukturen begünstigen (vgl. [Dalton et al. (2026), S. 3]).",enisa2024.pdf,S. 67: generative KI und maßgeschneiderte Phishing-Kampagnen. DOI im Originalimpressum bestätigt.
chapter01.tex,23,Dalton et al. (2026),S. 1--3,"Die Erkennung wird dadurch erschwert, dass sich Phishing-Kampagnen und Webseiten fortlaufend verändern. Generative Künstliche Intelligenz kann Angreifer zusätzlich bei der Erstellung maßgeschneiderter Kampagnen unterstützen (vgl. [ENISA (2024), S. 67]). Gleichzeitig entstehen regelmäßig neue Webseiten und Angriffsvarianten. Während Sperrlisten insbesondere bekannte Phishing-Webseiten erfassen, können lernbasierte Verfahren URL- und HTML-Eigenschaften zur Klassifikation bislang nicht beobachteter Webseiten nutzen (vgl. [Dalton et al. (2026), S. 1--3]). Eine hohe Leistung auf datensatznahen Testdaten erlaubt dabei noch keine belastbare Aussage über bislang unbekannte Webseiten. Ähnliche Seiten oder gemeinsame Phishing-Kits können in Trainings- und Testdaten auftreten und dadurch die Wiedererkennung bereits bekannter Strukturen begünstigen (vgl. [Dalton et al. (2026), S. 3]).",dalton2026v2.pdf,"Verbindlich arXiv v2 vom 11.02.2026; URL/HTML und Ähnlichkeiten S. 1–3, Trennverfahren S. 5–6, Prävalenz/Metriken S. 6–8. Kein direkter Benchmark-Sieg aus umgerechneter Prävalenz."
chapter01.tex,26,Dalton et al. (2026),S. 3,"Die Erkennung wird dadurch erschwert, dass sich Phishing-Kampagnen und Webseiten fortlaufend verändern. Generative Künstliche Intelligenz kann Angreifer zusätzlich bei der Erstellung maßgeschneiderter Kampagnen unterstützen (vgl. [ENISA (2024), S. 67]). Gleichzeitig entstehen regelmäßig neue Webseiten und Angriffsvarianten. Während Sperrlisten insbesondere bekannte Phishing-Webseiten erfassen, können lernbasierte Verfahren URL- und HTML-Eigenschaften zur Klassifikation bislang nicht beobachteter Webseiten nutzen (vgl. [Dalton et al. (2026), S. 1--3]). Eine hohe Leistung auf datensatznahen Testdaten erlaubt dabei noch keine belastbare Aussage über bislang unbekannte Webseiten. Ähnliche Seiten oder gemeinsame Phishing-Kits können in Trainings- und Testdaten auftreten und dadurch die Wiedererkennung bereits bekannter Strukturen begünstigen (vgl. [Dalton et al. (2026), S. 3]).",dalton2026v2.pdf,"Verbindlich arXiv v2 vom 11.02.2026; URL/HTML und Ähnlichkeiten S. 1–3, Trennverfahren S. 5–6, Prävalenz/Metriken S. 6–8. Kein direkter Benchmark-Sieg aus umgerechneter Prävalenz."
chapter01.tex,34,ENISA (2020),S. 7,"Für einen betrieblichen Einsatz ist die Klassifikationsleistung nicht losgelöst von den hierfür eingesetzten Ressourcen zu betrachten. Erstens ist relevant, welcher Anteil tatsächlicher Phishing-Webseiten bei einer niedrigen False-Positive-Rate weiterhin erkannt wird, da Fehlalarme legitime Webseiten betreffen und nachgelagerte Sicherheitsprozesse belasten können. Die False-Positive-Rate wird entsprechend auch als Qualitätskennzahl von Security Operations Centers gemeinsam mit Größen wie Eskalationen und Bearbeitungsaufwand betrachtet (vgl. [ENISA (2020), S. 7]).",enisa2020soc.pdf,"How to set up CSIRT and SOC, gedruckte S. 7: FPR, Eskalationen und Aufwand als KPIs. Falschen Bericht im Verzeichnis ersetzt."
chapter01.tex,39,Roh et al. (2021),S. 1,"Zweitens stellt die Verfügbarkeit gelabelter Trainingsdaten eine Ressourcengrenze dar. Die Beschaffung und zuverlässige Annotation hochwertiger Trainingsdaten verursacht zusätzlichen Aufwand und gilt als wesentlicher Engpass datengetriebener Systeme (vgl. [Roh et al. (2021), S. 1]). Drittens stellt sich bei einem leistungsstarken multimodalen Klassifikationssystem die Frage, wie der zusätzliche Informationsumfang technisch effizient genutzt werden kann. Für den Systementwurf ist damit relevant, ob eindeutige Fälle bereits auf Basis der URL-Repräsentation abgeschlossen werden können, während unsichere Fälle weiterhin die vollständige multimodale Verarbeitung durchlaufen. Vor dem Hintergrund begrenzter Budgets und fehlender IT-Sicherheitsspezialisten, wie sie insbesondere für kleine und mittlere Unternehmen berichtet werden, sind damit neben der maximalen Klassifikationsleistung auch der Bedarf an gelabelter Supervision und die bedarfsgerechte Nutzung der verfügbaren Modellkomponenten relevant (vgl. [ENISA (2021), S. 14]).",roh2021.pdf,Autorenfassung S. 1: Datensammlung/Annotation als Engpass. Publikationsjahr 2021 von Autorenfassungsdatum unterschieden.
chapter01.tex,47,ENISA (2021),S. 14,"Zweitens stellt die Verfügbarkeit gelabelter Trainingsdaten eine Ressourcengrenze dar. Die Beschaffung und zuverlässige Annotation hochwertiger Trainingsdaten verursacht zusätzlichen Aufwand und gilt als wesentlicher Engpass datengetriebener Systeme (vgl. [Roh et al. (2021), S. 1]). Drittens stellt sich bei einem leistungsstarken multimodalen Klassifikationssystem die Frage, wie der zusätzliche Informationsumfang technisch effizient genutzt werden kann. Für den Systementwurf ist damit relevant, ob eindeutige Fälle bereits auf Basis der URL-Repräsentation abgeschlossen werden können, während unsichere Fälle weiterhin die vollständige multimodale Verarbeitung durchlaufen. Vor dem Hintergrund begrenzter Budgets und fehlender IT-Sicherheitsspezialisten, wie sie insbesondere für kleine und mittlere Unternehmen berichtet werden, sind damit neben der maximalen Klassifikationsleistung auch der Bedarf an gelabelter Supervision und die bedarfsgerechte Nutzung der verfügbaren Modellkomponenten relevant (vgl. [ENISA (2021), S. 14]).",enisa2021sme.pdf,"Cybersecurity for SMEs, gedruckte S. 14: Budgets und Fachkräftemangel. Falschen Bericht im Verzeichnis ersetzt."
chapter01.tex,52,Devlin et al. (2019),S. 4171 und 4173--4175,"Self-Supervised Representation Learning (SSLR) setzt an dieser Ausgangslage auf Ebene der Repräsentationsbildung an. Transformerbasierte Encoder können anhand ungelabelter Daten selbstüberwacht vortrainiert und anschließend für eine gelabelte Downstream-Aufgabe genutzt werden (vgl. [Devlin et al. (2019), S. 4171 und 4173--4175]). Darauf aufbauend kann das Vortraining gezielt auf den ungelabelten Trainingsdaten einer konkreten Zielaufgabe fortgesetzt werden. Gururangan et al. bezeichnen diese Weiteranpassung als Task-Adaptive Pretraining (TAPT) und zeigen über mehrere Aufgaben hinweg Verbesserungen gegenüber ausschließlich allgemein vortrainierten Modellen (vgl. [Gururangan et al. (2020), S. 8346--8347]). Für die Phishing-Webseitenerkennung ist damit zu untersuchen, welchen zusätzlichen Beitrag TAPT gegenüber bereits allgemein vortrainierten Repräsentationen leistet, wie sich dieser Beitrag bei unterschiedlicher Verfügbarkeit gelabelter Trainingsdaten verändert und wie die daraus entstehende Repräsentationsbasis in ein leistungsstarkes multimodales Klassifikationssystem überführt werden kann.",devlin2019.pdf,"S. 4171–4175: BERT, bidirektionales MLM und Maskierungsanteile; S. 4179: eingefrorene Merkmale. CLS ist keine Beschreibung des eigenen Mean-Poolings."
chapter01.tex,56,Gururangan et al. (2020),S. 8346--8347,"Self-Supervised Representation Learning (SSLR) setzt an dieser Ausgangslage auf Ebene der Repräsentationsbildung an. Transformerbasierte Encoder können anhand ungelabelter Daten selbstüberwacht vortrainiert und anschließend für eine gelabelte Downstream-Aufgabe genutzt werden (vgl. [Devlin et al. (2019), S. 4171 und 4173--4175]). Darauf aufbauend kann das Vortraining gezielt auf den ungelabelten Trainingsdaten einer konkreten Zielaufgabe fortgesetzt werden. Gururangan et al. bezeichnen diese Weiteranpassung als Task-Adaptive Pretraining (TAPT) und zeigen über mehrere Aufgaben hinweg Verbesserungen gegenüber ausschließlich allgemein vortrainierten Modellen (vgl. [Gururangan et al. (2020), S. 8346--8347]). Für die Phishing-Webseitenerkennung ist damit zu untersuchen, welchen zusätzlichen Beitrag TAPT gegenüber bereits allgemein vortrainierten Repräsentationen leistet, wie sich dieser Beitrag bei unterschiedlicher Verfügbarkeit gelabelter Trainingsdaten verändert und wie die daraus entstehende Repräsentationsbasis in ein leistungsstarkes multimodales Klassifikationssystem überführt werden kann.",gururangan2020.pdf,S. 8342–8343 DAPT/MLM; S. 8346–8347 TAPT und Ergebnisse. Zusätzliche Anpassung ist kein universelles Verbesserungsversprechen.
chapter01.tex,120,Dalton et al. (2026),S. 1--4,"Zur Beantwortung der Forschungsfragen wird ein empirisch-vergleichendes mit einem konstruktionsorientierten Vorgehen verbunden. Als Datengrundlage dient der öffentlich verfügbare PhreshPhish-Datensatz mit zeitlich verorteten URLs, gespeicherten HTML-Inhalten und Klassenlabels für legitime und phishingbezogene Webseiten (vgl. [Dalton et al. (2026), S. 1--4]).",dalton2026v2.pdf,"Verbindlich arXiv v2 vom 11.02.2026; URL/HTML und Ähnlichkeiten S. 1–3, Trennverfahren S. 5–6, Prävalenz/Metriken S. 6–8. Kein direkter Benchmark-Sieg aus umgerechneter Prävalenz."
chapter02.tex,6,Zhang et al. (2007),PDF-S. 1 und 3,"Phishing nutzt betrügerische E-Mails und Webseiten, um sensible Informationen zu erlangen; dazu können legitime Webseiten kopiert und für die Datenerfassung verändert werden (vgl. [Zhang et al. (2007), PDF-S. 1 und 3]). Die Täuschung beruht unter anderem darauf, dass Nutzer visuelle Inhalte als glaubwürdig wahrnehmen (vgl. [Dhamija et al. (2006), PDF-S. 1]).",zhang2007.pdf,"Unpaginierte Autorenfassung PDF-S. 1, 3: Webseitenimitation und CANTINA. Frühere Proceedingszahlen ersetzt."
chapter02.tex,6,Dhamija et al. (2006),PDF-S. 1,"Phishing nutzt betrügerische E-Mails und Webseiten, um sensible Informationen zu erlangen; dazu können legitime Webseiten kopiert und für die Datenerfassung verändert werden (vgl. [Zhang et al. (2007), PDF-S. 1 und 3]). Die Täuschung beruht unter anderem darauf, dass Nutzer visuelle Inhalte als glaubwürdig wahrnehmen (vgl. [Dhamija et al. (2006), PDF-S. 1]).",dhamija2006.pdf,"PDF-S. 1: 22 Teilnehmende, 20 Seiten, 23 % ignorieren Indikatoren, überzeugendste Seite täuscht 90 %. Historischer, kleiner Versuch explizit begrenzt."
chapter02.tex,8,Dhamija et al. (2006),PDF-S. 1,"Dhamija et al. untersuchten 22 Teilnehmende anhand von 20 Webseiten: 23 Prozent berücksichtigten browserbasierte Hinweise wie Adressleiste, Statusleiste oder Sicherheitsindikatoren nicht; die überzeugendste Phishing-Webseite täuschte 90 Prozent der Teilnehmenden (vgl. [Dhamija et al. (2006), PDF-S. 1]). Diese kleine Studie veranschaulicht die Täuschungswirkung, erlaubt aber keine Schätzung heutiger Erfolgsraten.",dhamija2006.pdf,"PDF-S. 1: 22 Teilnehmende, 20 Seiten, 23 % ignorieren Indikatoren, überzeugendste Seite täuscht 90 %. Historischer, kleiner Versuch explizit begrenzt."
chapter02.tex,10,ENISA (2025a),S. 8,"ENISA nennt Phishing für Juli 2024 bis Juni 2025 als häufigsten initialen Angriffsvektor und ordnet der breit gefassten Kategorie einschließlich Vishing, Malspam und Malvertising rund 60 Prozent der ausgewerteten Eintrittswege zu (vgl. [ENISA (2025a), S. 8]). Der Anteil bezieht sich somit nicht allein auf Phishing-Webseiten. Phishing-as-a-Service-Angebote erleichtern auch weniger versierten Akteuren die Durchführung von Kampagnen, etwa durch automatisiert erstellte Phishing-Kits und nachgebildete Anmeldeseiten (vgl. [ENISA (2025a), S. 11]).",enisa2025a.pdf,Version 1.2 Januar 2026; S. 8: breite 60-%-Kategorie einschließlich Vishing/Malspam/Malvertising; S. 11: Phishing-as-a-Service. Aussage nicht auf Webseiten beschränkt.
chapter02.tex,10,ENISA (2025a),S. 11,"ENISA nennt Phishing für Juli 2024 bis Juni 2025 als häufigsten initialen Angriffsvektor und ordnet der breit gefassten Kategorie einschließlich Vishing, Malspam und Malvertising rund 60 Prozent der ausgewerteten Eintrittswege zu (vgl. [ENISA (2025a), S. 8]). Der Anteil bezieht sich somit nicht allein auf Phishing-Webseiten. Phishing-as-a-Service-Angebote erleichtern auch weniger versierten Akteuren die Durchführung von Kampagnen, etwa durch automatisiert erstellte Phishing-Kits und nachgebildete Anmeldeseiten (vgl. [ENISA (2025a), S. 11]).",enisa2025a.pdf,Version 1.2 Januar 2026; S. 8: breite 60-%-Kategorie einschließlich Vishing/Malspam/Malvertising; S. 11: Phishing-as-a-Service. Aussage nicht auf Webseiten beschränkt.
chapter02.tex,12,ENISA (2025b),S.~3,"Für den europäischen Finanzsektor wertete ENISA 488 öffentlich berichtete Sicherheitsvorfälle von Januar 2023 bis Juni 2024 aus; Kreditinstitute bildeten mit 46~\% die am häufigsten betroffene Gruppe (vgl. [ENISA (2025b), S.~3]). Phishing, Smishing und Vishing richteten sich gegen Institute und Kunden; bei 36~\% der betrachteten Social-Engineering-Vorfälle wurden primär Kreditinstitute imitiert (vgl. [ENISA (2025b), S.~13]).",enisa2025b.pdf,"S. 3: 488 Vorfälle, 46 % Kreditinstitute; S. 13: Social Engineering und 36 % imitierte Kreditinstitute. Unterschiedliche Nenner erhalten."
chapter02.tex,12,ENISA (2025b),S.~13,"Für den europäischen Finanzsektor wertete ENISA 488 öffentlich berichtete Sicherheitsvorfälle von Januar 2023 bis Juni 2024 aus; Kreditinstitute bildeten mit 46~\% die am häufigsten betroffene Gruppe (vgl. [ENISA (2025b), S.~3]). Phishing, Smishing und Vishing richteten sich gegen Institute und Kunden; bei 36~\% der betrachteten Social-Engineering-Vorfälle wurden primär Kreditinstitute imitiert (vgl. [ENISA (2025b), S.~13]).",enisa2025b.pdf,"S. 3: 488 Vorfälle, 46 % Kreditinstitute; S. 13: Social Engineering und 36 % imitierte Kreditinstitute. Unterschiedliche Nenner erhalten."
chapter02.tex,17,Opara et al. (2024),S. 2,"\subsection{URL-, HTML-Text- und DOM-Daten als Informationsgrundlage} URL und HTML-Dokument liefern unterschiedliche Informationen über dieselbe Webseite: Die URL beschreibt deren Adresse, der HTML-Inhalt ergänzt semantische und strukturelle Eigenschaften (vgl. [Opara et al. (2024), S. 2]). Die Arbeit nutzt diese Informationsquellen in getrennten Modellzweigen.",opara2024.pdf,S. 2: gemeinsame Nutzung von URL und HTML im neuronalen Verfahren.
chapter02.tex,19,Yoon et al. (2024),S. 6--7,"Yoon et al. verarbeiten URLs sowohl als numerisch repräsentierte Zeichenfolgen als auch über eine wortbasierte Darstellung (vgl. [Yoon et al. (2024), S. 6--7]). Die URL kann damit unabhängig vom HTML-Inhalt als sequenzielle Eingabe dienen.",yoon2024.pdf,"S. 2, 6–7, 9, 13, 15: URL-Zeichen/Wörter, DOM-Graph, Strukturablation. Kein Beleg für eigene Architekturparameter erforderlich."
chapter02.tex,21,Yoon et al. (2024),S. 2,"Die Beziehungen zwischen HTML-Elementen lassen sich als Document Object Model (DOM) abbilden; Yoon et al. kombinieren einen HTML-DOM-Graphen mit URL-Repräsentationen (vgl. [Yoon et al. (2024), S. 2]). Im Folgenden werden entsprechend der textuelle HTML-Inhalt und die strukturelle DOM-Repräsentation unterschieden.",yoon2024.pdf,"S. 2, 6–7, 9, 13, 15: URL-Zeichen/Wörter, DOM-Graph, Strukturablation. Kein Beleg für eigene Architekturparameter erforderlich."
chapter02.tex,25,Purwanto et al. (2022),S. 1498,"Veränderungen von Phishing-Webseiten können die Übertragbarkeit zuvor trainierter Modelle einschränken (vgl. [Purwanto et al. (2022), S. 1498]). Eine hohe Leistung auf datensatznahen Testdaten genügt daher nicht als Nachweis der Erkennung zukünftiger Webseiten.",purwanto2022.pdf,S. 1498: Veränderlichkeit/Drift; S. 1506: Bedeutung niedriger FPR.
chapter02.tex,27,Dalton et al. (2026),S. 3,"Ähnliche Instanzen in Training und Test können die gemessene Generalisierungsleistung begünstigen (vgl. [Dalton et al. (2026), S. 3]). Die Evaluation dieser Arbeit berücksichtigt deshalb zeitliche und strukturelle Trennungen. Zusätzlich wird die Erkennung bei niedriger False-Positive-Rate betrachtet, einem für die Phishing-Erkennung relevanten Betriebspunkt (vgl. [Purwanto et al. (2022), S. 1506]).",dalton2026v2.pdf,"Verbindlich arXiv v2 vom 11.02.2026; URL/HTML und Ähnlichkeiten S. 1–3, Trennverfahren S. 5–6, Prävalenz/Metriken S. 6–8. Kein direkter Benchmark-Sieg aus umgerechneter Prävalenz."
chapter02.tex,27,Purwanto et al. (2022),S. 1506,"Ähnliche Instanzen in Training und Test können die gemessene Generalisierungsleistung begünstigen (vgl. [Dalton et al. (2026), S. 3]). Die Evaluation dieser Arbeit berücksichtigt deshalb zeitliche und strukturelle Trennungen. Zusätzlich wird die Erkennung bei niedriger False-Positive-Rate betrachtet, einem für die Phishing-Erkennung relevanten Betriebspunkt (vgl. [Purwanto et al. (2022), S. 1506]).",purwanto2022.pdf,S. 1498: Veränderlichkeit/Drift; S. 1506: Bedeutung niedriger FPR.
chapter02.tex,32,ENISA (2020),S. 7,"Auch im operativen Sicherheitsbetrieb zählt die False-Positive-Rate zu den Qualitätskennzahlen von Security Operations Centers und wird neben Kennzahlen wie der Anzahl von Eskalationen und dem Bearbeitungsaufwand pro Sicherheitsvorfall betrachtet (vgl. [ENISA (2020), S. 7]). Dieser Aspekt ist vor dem Hintergrund begrenzter betrieblicher Ressourcen besonders relevant, da fehlende Budgets und ein Mangel an IT-Sicherheitsspezialisten zu den identifizierten Herausforderungen kleiner und mittlerer Unternehmen zählen (vgl. [ENISA (2021), S. 14]).",enisa2020soc.pdf,"How to set up CSIRT and SOC, gedruckte S. 7: FPR, Eskalationen und Aufwand als KPIs. Falschen Bericht im Verzeichnis ersetzt."
chapter02.tex,35,ENISA (2021),S. 14,"Auch im operativen Sicherheitsbetrieb zählt die False-Positive-Rate zu den Qualitätskennzahlen von Security Operations Centers und wird neben Kennzahlen wie der Anzahl von Eskalationen und dem Bearbeitungsaufwand pro Sicherheitsvorfall betrachtet (vgl. [ENISA (2020), S. 7]). Dieser Aspekt ist vor dem Hintergrund begrenzter betrieblicher Ressourcen besonders relevant, da fehlende Budgets und ein Mangel an IT-Sicherheitsspezialisten zu den identifizierten Herausforderungen kleiner und mittlerer Unternehmen zählen (vgl. [ENISA (2021), S. 14]).",enisa2021sme.pdf,"Cybersecurity for SMEs, gedruckte S. 14: Budgets und Fachkräftemangel. Falschen Bericht im Verzeichnis ersetzt."
chapter02.tex,37,Gururangan et al. (2020),S. 8346--8347,"Task-Adaptive Pretraining setzt das selbstüberwachte Vortraining auf ungelabelten Trainingsdaten einer konkreten Downstream-Aufgabe fort und kann deren Leistung verbessern (vgl. [Gururangan et al. (2020), S. 8346--8347]). Dies motiviert die Untersuchung einer solchen Anpassung für URL und HTML-Text.",gururangan2020.pdf,S. 8342–8343 DAPT/MLM; S. 8346–8347 TAPT und Ergebnisse. Zusätzliche Anpassung ist kein universelles Verbesserungsversprechen.
chapter02.tex,43,Manning et al. (2008),S.~120--121,"In termbasierten Vektorraummodellen werden Dokumente durch Vektoren dargestellt, deren Dimensionen den Termen eines Wörterbuchs entsprechen (vgl. [Manning et al. (2008), S.~120--121]). Term Frequency-Inverse Document Frequency (TF-IDF) kombiniert die Häufigkeit eines Terms im Dokument mit seiner inversen Dokumenthäufigkeit im Korpus und gewichtet dadurch im Dokument häufige, im Korpus seltene Terme stärker (vgl. [Manning et al. (2008), S.~118--119]).",manning2008.pdf,Gedruckte S. 118–119 TF-IDF; 120–121 Vektorraummodell.
chapter02.tex,43,Manning et al. (2008),S.~118--119,"In termbasierten Vektorraummodellen werden Dokumente durch Vektoren dargestellt, deren Dimensionen den Termen eines Wörterbuchs entsprechen (vgl. [Manning et al. (2008), S.~120--121]). Term Frequency-Inverse Document Frequency (TF-IDF) kombiniert die Häufigkeit eines Terms im Dokument mit seiner inversen Dokumenthäufigkeit im Korpus und gewichtet dadurch im Dokument häufige, im Korpus seltene Terme stärker (vgl. [Manning et al. (2008), S.~118--119]).",manning2008.pdf,Gedruckte S. 118–119 TF-IDF; 120–121 Vektorraummodell.
chapter02.tex,45,Collobert et al. (2011),S.~2501,"Neuronale Modelle können diskreten Eingabeeinheiten trainierbare Vektoren zuordnen: Eine Lookup-Operation liest für jeden Vokabularindex den zugehörigen Merkmalsvektor aus einer trainierbaren Matrix aus (vgl. [Collobert et al. (2011), S.~2501]).",collobert2011.pdf,S. 2501 (PDF 9): trainierbare Lookup-Tabelle und numerische Eingaberepräsentation.
chapter02.tex,47,Collobert et al. (2011),S. 2501,"Für eine Eingabesequenz bilden die Vektoren der einzelnen Token die numerische Eingabe nachfolgender Netzwerkschichten (vgl. [Collobert et al. (2011), S. 2501]). Abbildung~\ref{fig:vektorraum} veranschaulicht diesen Übergang schematisch.",collobert2011.pdf,S. 2501 (PDF 9): trainierbare Lookup-Tabelle und numerische Eingaberepräsentation.
chapter02.tex,59,Collobert et al. (2011),S. 2501,"{\footnotesize Quelle: (Eigene Darstellung nach [Collobert et al. (2011), S. 2501]; [Turney und Pantel (2010), S. 141 und 148]; [Mikolov et al. (2013), S. 1]); KI-unterstützt.} \end{figure}",collobert2011.pdf,S. 2501 (PDF 9): trainierbare Lookup-Tabelle und numerische Eingaberepräsentation.
chapter02.tex,59,Turney und Pantel (2010),S. 141 und 148,"{\footnotesize Quelle: (Eigene Darstellung nach [Collobert et al. (2011), S. 2501]; [Turney und Pantel (2010), S. 141 und 148]; [Mikolov et al. (2013), S. 1]); KI-unterstützt.} \end{figure}",turney2010.pdf,"S. 141, 148: Vektorraummodelle und distributionelle Hypothese; Begriff auf S. 148 im Original verifiziert."
chapter02.tex,59,Mikolov et al. (2013),S. 1,"{\footnotesize Quelle: (Eigene Darstellung nach [Collobert et al. (2011), S. 2501]; [Turney und Pantel (2010), S. 141 und 148]; [Mikolov et al. (2013), S. 1]); KI-unterstützt.} \end{figure}",mikolov2013.pdf,PDF-interne S. 1: syntaktische/semantische Beziehungen. Frühere Proceedings-Seitenzahl 3111 ersetzt.
chapter02.tex,68,Turney und Pantel (2010),S. 148,"Die räumliche Anordnung in Abbildung~\ref{fig:vektorraum} verdeutlicht, dass gelernte Vektorrepräsentationen über eine reine numerische Kennzeichnung hinausgehen. Eine konzeptionelle Grundlage für die Interpretation solcher Repräsentationsräume bildet die distributionelle Annahme, nach der sprachliche Einheiten mit ähnlichen Verwendungskontexten tendenziell ähnliche Bedeutungen aufweisen (vgl. [Turney und Pantel (2010), S. 148]). Auch gelernte Wortrepräsentationen können syntaktische und semantische Beziehungen in ihren Vektoren abbilden (vgl. [Mikolov et al. (2013), S. 1]). Die dreidimensionale Darstellung in Abbildung \ref{fig:vektorraum} dient dabei ausschließlich der schematischen Visualisierung eines tatsächlich mehrdimensionalen Repräsentationsraums; die dargestellten Positionen und Gruppierungen stellen keine empirisch ermittelten Repräsentationen des in dieser Arbeit eingesetzten Modells dar.",turney2010.pdf,"S. 141, 148: Vektorraummodelle und distributionelle Hypothese; Begriff auf S. 148 im Original verifiziert."
chapter02.tex,71,Mikolov et al. (2013),S. 1,"Die räumliche Anordnung in Abbildung~\ref{fig:vektorraum} verdeutlicht, dass gelernte Vektorrepräsentationen über eine reine numerische Kennzeichnung hinausgehen. Eine konzeptionelle Grundlage für die Interpretation solcher Repräsentationsräume bildet die distributionelle Annahme, nach der sprachliche Einheiten mit ähnlichen Verwendungskontexten tendenziell ähnliche Bedeutungen aufweisen (vgl. [Turney und Pantel (2010), S. 148]). Auch gelernte Wortrepräsentationen können syntaktische und semantische Beziehungen in ihren Vektoren abbilden (vgl. [Mikolov et al. (2013), S. 1]). Die dreidimensionale Darstellung in Abbildung \ref{fig:vektorraum} dient dabei ausschließlich der schematischen Visualisierung eines tatsächlich mehrdimensionalen Repräsentationsraums; die dargestellten Positionen und Gruppierungen stellen keine empirisch ermittelten Repräsentationen des in dieser Arbeit eingesetzten Modells dar.",mikolov2013.pdf,PDF-interne S. 1: syntaktische/semantische Beziehungen. Frühere Proceedings-Seitenzahl 3111 ersetzt.
chapter02.tex,78,LeCun et al. (2015),S. 436,"Weitere parametrisierte Schichten können Eingaberepräsentationen schrittweise in höherstufige Merkmalsdarstellungen transformieren (vgl. [LeCun et al. (2015), S. 436]). Die Modellrepräsentation geht damit über die anfängliche Zuordnung eines Vektors zu einem Token hinaus.",lecun2015.pdf,S. 436: mehrschichtige Repräsentationsbildung.
chapter02.tex,85,Yoon et al. (2024),S. 9,"Für die vorliegende Arbeit bildet dieses Prinzip die Grundlage für die Verarbeitung der textuellen Eingabemodalitäten URL und HTML-Text. Die zusätzlich betrachtete DOM-Struktur bildet demgegenüber explizite Beziehungen zwischen HTML-Elementen ab und kann als Graph repräsentiert werden, in dem HTML-Elemente als Knoten und ihre Eltern-Kind-Beziehungen als Kanten modelliert werden (vgl. [Yoon et al. (2024), S. 9]). Neuronale und graphbasierte Verfahren zur weiterführenden Repräsentationsbildung werden im folgenden Abschnitt betrachtet.",yoon2024.pdf,"S. 2, 6–7, 9, 13, 15: URL-Zeichen/Wörter, DOM-Graph, Strukturablation. Kein Beleg für eigene Architekturparameter erforderlich."
chapter02.tex,90,Rumelhart et al. (1986),S.~533,"Neuronale Netze bestehen aus verbundenen Verarbeitungseinheiten mit trainierbaren Gewichten; verborgene Einheiten bilden interne Repräsentationen zwischen Ein- und Ausgabe (vgl. [Rumelhart et al. (1986), S.~533]).",rumelhart1986.pdf,"S. 533: Gewichte, verborgene Einheiten und gelernte Repräsentationen."
chapter02.tex,92,Rumelhart et al. (1986),S.~533,"Jede Einheit verarbeitet gewichtete Aktivierungen über eine Aktivierungsfunktion; die Gewichte werden anhand des Lernziels angepasst (vgl. [Rumelhart et al. (1986), S.~533]).",rumelhart1986.pdf,"S. 533: Gewichte, verborgene Einheiten und gelernte Repräsentationen."
chapter02.tex,94,Bengio (2009),S.~4--6,"Deep Learning verbindet mehrere nichtlineare Verarbeitungsebenen, um geeignete Merkmale und aufeinander aufbauende Repräsentationen aus Daten zu erlernen (vgl. [Bengio (2009), S.~4--6]).",bengio2009.pdf,Gedruckte S. 4–6: nichtlineare Hierarchien und Merkmalslernen. Früherer Verweis 1–2 präzisiert.
chapter02.tex,126,Rumelhart et al. (1986),S.~533,"{\footnotesize Quelle: (Eigene Darstellung nach [Rumelhart et al. (1986), S.~533]); KI-unterstützt.} \end{figure}",rumelhart1986.pdf,"S. 533: Gewichte, verborgene Einheiten und gelernte Repräsentationen."
chapter02.tex,129,Bengio (2009),S. 4--6,"Abbildung~\ref{fig:neuronale_repraesentationsbildung} zeigt eine vereinfachte mehrschichtige Verarbeitung. Zusätzliche verborgene Ebenen ermöglichen zunehmend abstrakte Merkmalsdarstellungen (vgl. [Bengio (2009), S. 4--6]).",bengio2009.pdf,Gedruckte S. 4–6: nichtlineare Hierarchien und Merkmalslernen. Früherer Verweis 1–2 präzisiert.
chapter02.tex,131,Kipf und Welling (2017),S. 1,"Graphen ergänzen Knotenmerkmale um explizite Beziehungen zwischen den Knoten, die als Kanten dargestellt werden (vgl. [Kipf und Welling (2017), S. 1]).",kipf2017.pdf,"S. 1–3: Knotenmerkmale, Adjazenz und lokale GCN-Aggregation. DOM-Übertragung separat durch Yoon gedeckt."
chapter02.tex,133,Kipf und Welling (2017),S. 1--2,"Graph Convolutional Networks (GCNs) bilden Knotenrepräsentationen unter Berücksichtigung der eigenen Merkmale und der lokalen Nachbarschaft (vgl. [Kipf und Welling (2017), S. 1--2]). Mehrere Verarbeitungsschichten beziehen entsprechend weiter entfernte Nachbarschaften ein (vgl. [Kipf und Welling (2017), S. 3]).",kipf2017.pdf,"S. 1–3: Knotenmerkmale, Adjazenz und lokale GCN-Aggregation. DOM-Übertragung separat durch Yoon gedeckt."
chapter02.tex,133,Kipf und Welling (2017),S. 3,"Graph Convolutional Networks (GCNs) bilden Knotenrepräsentationen unter Berücksichtigung der eigenen Merkmale und der lokalen Nachbarschaft (vgl. [Kipf und Welling (2017), S. 1--2]). Mehrere Verarbeitungsschichten beziehen entsprechend weiter entfernte Nachbarschaften ein (vgl. [Kipf und Welling (2017), S. 3]).",kipf2017.pdf,"S. 1–3: Knotenmerkmale, Adjazenz und lokale GCN-Aggregation. DOM-Übertragung separat durch Yoon gedeckt."
chapter02.tex,139,Yoon et al. (2024),S. 9,"Für Webseiten lässt sich dieses Prinzip auf die DOM-Struktur eines HTML-Dokuments übertragen. HTML-Elemente können dabei als Knoten und ihre hierarchischen Eltern-Kind-Beziehungen als Kanten eines Graphen modelliert werden (vgl. [Yoon et al. (2024), S. 9]). Dadurch können neben den Eigenschaften einzelner HTML-Elemente auch deren strukturelle Beziehungen in die Repräsentationsbildung einbezogen werden.",yoon2024.pdf,"S. 2, 6–7, 9, 13, 15: URL-Zeichen/Wörter, DOM-Graph, Strukturablation. Kein Beleg für eigene Architekturparameter erforderlich."
chapter02.tex,154,Kipf und Welling (2017),S. 1--3,"{\footnotesize Quelle: (Eigene Darstellung nach [Kipf und Welling (2017), S. 1--3]; [Yoon et al. (2024), S. 9 und 13]); KI-unterstützt.} \end{figure}",kipf2017.pdf,"S. 1–3: Knotenmerkmale, Adjazenz und lokale GCN-Aggregation. DOM-Übertragung separat durch Yoon gedeckt."
chapter02.tex,154,Yoon et al. (2024),S. 9 und 13,"{\footnotesize Quelle: (Eigene Darstellung nach [Kipf und Welling (2017), S. 1--3]; [Yoon et al. (2024), S. 9 und 13]); KI-unterstützt.} \end{figure}",yoon2024.pdf,"S. 2, 6–7, 9, 13, 15: URL-Zeichen/Wörter, DOM-Graph, Strukturablation. Kein Beleg für eigene Architekturparameter erforderlich."
chapter02.tex,161,Kipf und Welling (2017),S. 1--2,"Abbildung \ref{fig:dom_gcn_repraesentationsbildung} veranschaulicht die graphbasierte Verarbeitung dieser DOM-Struktur. Ein GCN kann dabei Knotenmerkmale gemeinsam mit der lokalen Graphstruktur verarbeiten und daraus strukturabhängige Repräsentationen erzeugen (vgl. [Kipf und Welling (2017), S. 1--2]).",kipf2017.pdf,"S. 1–3: Knotenmerkmale, Adjazenz und lokale GCN-Aggregation. DOM-Übertragung separat durch Yoon gedeckt."
chapter02.tex,174,Vaswani et al. (2017),S. 2,"Die ursprüngliche Transformer-Architektur besteht aus Encoder und Decoder; der Encoder überführt Eingabesequenzen in kontextabhängige Repräsentationen, die der Decoder für seine Ausgaben nutzt (vgl. [Vaswani et al. (2017), S. 2]). Da die Architektur ohne Rekurrenz und Faltung auskommt, werden den Embeddings Positionsinformationen hinzugefügt (vgl. [Vaswani et al. (2017), S. 6]).",vaswani2017.pdf,"PDF-interne S. 2–6: Encoder, Attentionformel, Q/K/V, Residualverbindungen, Feed-Forward, Positionsinformation. Falsche Proceedingszahlen ersetzt."
chapter02.tex,174,Vaswani et al. (2017),S. 6,"Die ursprüngliche Transformer-Architektur besteht aus Encoder und Decoder; der Encoder überführt Eingabesequenzen in kontextabhängige Repräsentationen, die der Decoder für seine Ausgaben nutzt (vgl. [Vaswani et al. (2017), S. 2]). Da die Architektur ohne Rekurrenz und Faltung auskommt, werden den Embeddings Positionsinformationen hinzugefügt (vgl. [Vaswani et al. (2017), S. 6]).",vaswani2017.pdf,"PDF-interne S. 2–6: Encoder, Attentionformel, Q/K/V, Residualverbindungen, Feed-Forward, Positionsinformation. Falsche Proceedingszahlen ersetzt."
chapter02.tex,176,Vaswani et al. (2017),S. 3--4,"Attention bildet Query-, Key- und Value-Vektoren und gewichtet Values anhand der Ähnlichkeit von Queries und Keys (vgl. [Vaswani et al. (2017), S. 3--4]). Für Scaled Dot-Product Attention gilt (vgl. [Vaswani et al. (2017), S. 4]):",vaswani2017.pdf,"PDF-interne S. 2–6: Encoder, Attentionformel, Q/K/V, Residualverbindungen, Feed-Forward, Positionsinformation. Falsche Proceedingszahlen ersetzt."
chapter02.tex,176,Vaswani et al. (2017),S. 4,"Attention bildet Query-, Key- und Value-Vektoren und gewichtet Values anhand der Ähnlichkeit von Queries und Keys (vgl. [Vaswani et al. (2017), S. 3--4]). Für Scaled Dot-Product Attention gilt (vgl. [Vaswani et al. (2017), S. 4]):",vaswani2017.pdf,"PDF-interne S. 2–6: Encoder, Attentionformel, Q/K/V, Residualverbindungen, Feed-Forward, Positionsinformation. Falsche Proceedingszahlen ersetzt."
chapter02.tex,188,Vaswani et al. (2017),S. 4,"\begin{center} \footnotesize{Quelle: (vgl. [Vaswani et al. (2017), S. 4]).} \end{center}",vaswani2017.pdf,"PDF-interne S. 2–6: Encoder, Attentionformel, Q/K/V, Residualverbindungen, Feed-Forward, Positionsinformation. Falsche Proceedingszahlen ersetzt."
chapter02.tex,211,Vaswani et al. (2017),S. 4,"Die Skalarprodukte werden durch $\sqrt{d_k}$ skaliert, mittels Softmax normalisiert und zur gewichteten Kombination der Values verwendet (vgl. [Vaswani et al. (2017), S. 4]). Bei Self-Attention stammen Queries, Keys und Values aus derselben Sequenz (vgl. [Vaswani et al. (2017), S. 5]). Multi-Head Attention berechnet mehrere solcher Ausgaben mit eigenen Projektionen und führt sie anschließend zusammen (vgl. [Vaswani et al. (2017), S. 4--5]).",vaswani2017.pdf,"PDF-interne S. 2–6: Encoder, Attentionformel, Q/K/V, Residualverbindungen, Feed-Forward, Positionsinformation. Falsche Proceedingszahlen ersetzt."
chapter02.tex,211,Vaswani et al. (2017),S. 5,"Die Skalarprodukte werden durch $\sqrt{d_k}$ skaliert, mittels Softmax normalisiert und zur gewichteten Kombination der Values verwendet (vgl. [Vaswani et al. (2017), S. 4]). Bei Self-Attention stammen Queries, Keys und Values aus derselben Sequenz (vgl. [Vaswani et al. (2017), S. 5]). Multi-Head Attention berechnet mehrere solcher Ausgaben mit eigenen Projektionen und führt sie anschließend zusammen (vgl. [Vaswani et al. (2017), S. 4--5]).",vaswani2017.pdf,"PDF-interne S. 2–6: Encoder, Attentionformel, Q/K/V, Residualverbindungen, Feed-Forward, Positionsinformation. Falsche Proceedingszahlen ersetzt."
chapter02.tex,211,Vaswani et al. (2017),S. 4--5,"Die Skalarprodukte werden durch $\sqrt{d_k}$ skaliert, mittels Softmax normalisiert und zur gewichteten Kombination der Values verwendet (vgl. [Vaswani et al. (2017), S. 4]). Bei Self-Attention stammen Queries, Keys und Values aus derselben Sequenz (vgl. [Vaswani et al. (2017), S. 5]). Multi-Head Attention berechnet mehrere solcher Ausgaben mit eigenen Projektionen und führt sie anschließend zusammen (vgl. [Vaswani et al. (2017), S. 4--5]).",vaswani2017.pdf,"PDF-interne S. 2–6: Encoder, Attentionformel, Q/K/V, Residualverbindungen, Feed-Forward, Positionsinformation. Falsche Proceedingszahlen ersetzt."
chapter02.tex,213,Vaswani et al. (2017),S. 3 und 5,"Im Encoder folgen auf Multi-Head Attention positionsweise Feed-Forward-Netze; beide Teilkomponenten besitzen Residualverbindungen und Layer-Normalisierung (vgl. [Vaswani et al. (2017), S. 3 und 5]).",vaswani2017.pdf,"PDF-interne S. 2–6: Encoder, Attentionformel, Q/K/V, Residualverbindungen, Feed-Forward, Positionsinformation. Falsche Proceedingszahlen ersetzt."
chapter02.tex,215,Devlin et al. (2019),S. 4171 und 4173,"Bidirectional Encoder Representations from Transformers (BERT) verwendet einen mehrschichtigen Transformer-Encoder, dessen Attention den Kontext auf beiden Seiten einer Tokenposition berücksichtigt (vgl. [Devlin et al. (2019), S. 4171 und 4173]). Für Klassifikation kann der abschließende Hidden State des speziellen Tokens \texttt{[CLS]} als Sequenzrepräsentation dienen (vgl. [Devlin et al. (2019), S. 4174]).",devlin2019.pdf,"S. 4171–4175: BERT, bidirektionales MLM und Maskierungsanteile; S. 4179: eingefrorene Merkmale. CLS ist keine Beschreibung des eigenen Mean-Poolings."
chapter02.tex,215,Devlin et al. (2019),S. 4174,"Bidirectional Encoder Representations from Transformers (BERT) verwendet einen mehrschichtigen Transformer-Encoder, dessen Attention den Kontext auf beiden Seiten einer Tokenposition berücksichtigt (vgl. [Devlin et al. (2019), S. 4171 und 4173]). Für Klassifikation kann der abschließende Hidden State des speziellen Tokens \texttt{[CLS]} als Sequenzrepräsentation dienen (vgl. [Devlin et al. (2019), S. 4174]).",devlin2019.pdf,"S. 4171–4175: BERT, bidirektionales MLM und Maskierungsanteile; S. 4179: eingefrorene Merkmale. CLS ist keine Beschreibung des eigenen Mean-Poolings."
chapter02.tex,217,Devlin et al. (2019),S. 4179,"Neben der Feinabstimmung des Encoders beschreiben Devlin et al. einen feature-basierten Ansatz, bei dem extrahierte Aktivierungen als feste Merkmale nachgelagerter Modelle dienen (vgl. [Devlin et al. (2019), S. 4179]). Die vorliegende Arbeit nutzt diese Trennung für die Repräsentationsvergleiche.",devlin2019.pdf,"S. 4171–4175: BERT, bidirektionales MLM und Maskierungsanteile; S. 4179: eingefrorene Merkmale. CLS ist keine Beschreibung des eigenen Mean-Poolings."
chapter02.tex,219,Liu et al. (2019),S. 1,"RoBERTa verändert das BERT-Vortraining unter anderem durch umfangreicheres Training, größere Datenmengen, dynamische Maskierung und den Verzicht auf Next Sentence Prediction (vgl. [Liu et al. (2019), S. 1]). Abschnitt~2.3 erläutert die hier relevanten selbstüberwachten Lernziele.",liu2019.pdf,S. 1: Änderungen an BERT-Vortraining einschließlich dynamischer Maskierung und Weglassen von NSP.
chapter02.tex,231,Chen et al. (2020),PDF-S.~3,"Die Downstream-Aufgabe dieser Arbeit ist die überwachte Klassifikation einer Webseite als Phishing oder legitim. Eine Linear Probe trainiert einen linearen Klassifikator auf eingefrorenen Repräsentationen, um deren Nutzbarkeit zu bewerten (vgl. [Chen et al. (2020), PDF-S.~3]). Mehrschichtige Netze sind dagegen nicht auf lineare Entscheidungsregionen beschränkt; Cybenkos Approximationsresultat gilt dabei für ausreichend große Netze mit geeigneten sigmoiden Aktivierungen (vgl. [Cybenko (1989), S.~303]). Der empirische Vergleich mit einer nichtlinearen Probe prüft, wie stark die gemessenen Repräsentationsunterschiede vom Klassifikationsmechanismus abhängen.",chen2020.pdf,"PDF-S. 3, Evaluation Protocol: Linear Evaluation auf eingefrorenem Encoder. Physische Zählung kenntlich gemacht."
chapter02.tex,231,Cybenko (1989),S.~303,"Die Downstream-Aufgabe dieser Arbeit ist die überwachte Klassifikation einer Webseite als Phishing oder legitim. Eine Linear Probe trainiert einen linearen Klassifikator auf eingefrorenen Repräsentationen, um deren Nutzbarkeit zu bewerten (vgl. [Chen et al. (2020), PDF-S.~3]). Mehrschichtige Netze sind dagegen nicht auf lineare Entscheidungsregionen beschränkt; Cybenkos Approximationsresultat gilt dabei für ausreichend große Netze mit geeigneten sigmoiden Aktivierungen (vgl. [Cybenko (1989), S.~303]). Der empirische Vergleich mit einer nichtlinearen Probe prüft, wie stark die gemessenen Repräsentationsunterschiede vom Klassifikationsmechanismus abhängen.",cybenko1989.pdf,S. 303: Approximation mit geeigneten sigmoiden Funktionen. Keine pauschale Garantie für das empirische MLP behauptet.
chapter02.tex,233,Baltrušaitis et al. (2019),S.~12,"Multimodale Fusion integriert Informationen mehrerer Modalitäten für eine gemeinsame Vorhersage; merkmalsbasierte Fusion verbindet Repräsentationen vor der Entscheidung, entscheidungsbasierte Fusion dagegen die Ausgaben getrennter Modelle (vgl. [Baltrušaitis et al. (2019), S.~12]). Für URL, HTML-Text und DOM wird hier eine merkmalsbasierte Fusion eingesetzt.",baltrusaitis2019.pdf,Autorenfassung S. 12: Feature-/Entscheidungsfusion. Unzutreffende Verlagsseite 434 ersetzt.
chapter02.tex,235,Zhou et al. (2019),PDF-S. 1--2,"Lernbare Modalitätsgewichte können über Softmax normalisiert und zur gewichteten Summe der Repräsentationen verwendet werden (vgl. [Zhou et al. (2019), PDF-S. 1--2]). Andere Architekturen nutzen abweichende Gating-Funktionen, beispielsweise sigmoide Gated Multimodal Units (vgl. [Arevalo et al. (2017), S.~5]). Eine zusätzliche Entwurfsdimension ist die Kaskadierung: Frühe Stufen schließen einen Teil der Eingaben ab, während verbleibende Fälle aufwendigere Stufen durchlaufen (vgl. [Viola und Jones (2004), S.~144]).",zhou2019.pdf,PDF-S. 1–2: Softmax-Modalitätsgewichte und gewichtete Summe. Eigene zusätzliche Konkatenation nicht fremder Quelle zugeschrieben.
chapter02.tex,235,Arevalo et al. (2017),S.~5,"Lernbare Modalitätsgewichte können über Softmax normalisiert und zur gewichteten Summe der Repräsentationen verwendet werden (vgl. [Zhou et al. (2019), PDF-S. 1--2]). Andere Architekturen nutzen abweichende Gating-Funktionen, beispielsweise sigmoide Gated Multimodal Units (vgl. [Arevalo et al. (2017), S.~5]). Eine zusätzliche Entwurfsdimension ist die Kaskadierung: Frühe Stufen schließen einen Teil der Eingaben ab, während verbleibende Fälle aufwendigere Stufen durchlaufen (vgl. [Viola und Jones (2004), S.~144]).",arevalo2017.pdf,S. 5: sigmoid-gesteuerte GMU; kein Beleg für identische Softmax-Architektur. Text entsprechend getrennt.
chapter02.tex,235,Viola und Jones (2004),S.~144,"Lernbare Modalitätsgewichte können über Softmax normalisiert und zur gewichteten Summe der Repräsentationen verwendet werden (vgl. [Zhou et al. (2019), PDF-S. 1--2]). Andere Architekturen nutzen abweichende Gating-Funktionen, beispielsweise sigmoide Gated Multimodal Units (vgl. [Arevalo et al. (2017), S.~5]). Eine zusätzliche Entwurfsdimension ist die Kaskadierung: Frühe Stufen schließen einen Teil der Eingaben ab, während verbleibende Fälle aufwendigere Stufen durchlaufen (vgl. [Viola und Jones (2004), S.~144]).",viola2004.pdf,S. 144–145: Kaskadenprinzip. Eigene zweischwellige URL-Route als Übertragung beschrieben.
chapter02.tex,240,Ericsson et al. (2022),S. 42--43,"\section{Self-Supervised Representation Learning} Self-Supervised Representation Learning leitet Trainingsziele aus den Eingabedaten selbst ab; eine solche Hilfsaufgabe (\textit{Pretext Task}) benötigt keine manuell annotierten Zielwerte der späteren Aufgabe (vgl. [Ericsson et al. (2022), S. 42--43]). Die vortrainierten Repräsentationen können anschließend als feste Merkmale oder durch weitere Feinabstimmung für eine \textit{Downstream Task} genutzt werden (vgl. [Ericsson et al. (2022), S. 44--45]).",ericsson2022published.pdf,"Veröffentlichte S. 42–46: Pretext Task, Transfer, feste Merkmale/Feinabstimmung. Seiten 44–45 für Weiterverwendung korrigiert."
chapter02.tex,240,Ericsson et al. (2022),S. 44--45,"\section{Self-Supervised Representation Learning} Self-Supervised Representation Learning leitet Trainingsziele aus den Eingabedaten selbst ab; eine solche Hilfsaufgabe (\textit{Pretext Task}) benötigt keine manuell annotierten Zielwerte der späteren Aufgabe (vgl. [Ericsson et al. (2022), S. 42--43]). Die vortrainierten Repräsentationen können anschließend als feste Merkmale oder durch weitere Feinabstimmung für eine \textit{Downstream Task} genutzt werden (vgl. [Ericsson et al. (2022), S. 44--45]).",ericsson2022published.pdf,"Veröffentlichte S. 42–46: Pretext Task, Transfer, feste Merkmale/Feinabstimmung. Seiten 44–45 für Weiterverwendung korrigiert."
chapter02.tex,330,Ericsson et al. (2022),S. 42--46,"{\footnotesize Quelle: (Eigene Darstellung nach [Ericsson et al. (2022), S. 42--46]); KI-unterstützt.} \end{figure}",ericsson2022published.pdf,"Veröffentlichte S. 42–46: Pretext Task, Transfer, feste Merkmale/Feinabstimmung. Seiten 44–45 für Weiterverwendung korrigiert."
chapter02.tex,333,Ericsson et al. (2022),S. 42--43,"Die Wahl der Pretext-Aufgabe bestimmt das Trainingssignal und beeinflusst die erlernte Repräsentation (vgl. [Ericsson et al. (2022), S. 42--43]). Im Folgenden werden maskierte und kontrastive Lernziele sowie die task-adaptive Weiteranpassung unterschieden.",ericsson2022published.pdf,"Veröffentlichte S. 42–46: Pretext Task, Transfer, feste Merkmale/Feinabstimmung. Seiten 44–45 für Weiterverwendung korrigiert."
chapter02.tex,337,Devlin et al. (2019),S.~4172 und 4174,"Masked Language Modeling (MLM) trainiert einen Encoder darauf, ausgewählte Token aus dem verbleibenden beidseitigen Kontext zu rekonstruieren; die ursprünglichen Token liefern dabei die Zielwerte ohne manuelle Klassenannotation (vgl. [Devlin et al. (2019), S.~4172 und 4174]).",devlin2019.pdf,"S. 4171–4175: BERT, bidirektionales MLM und Maskierungsanteile; S. 4179: eingefrorene Merkmale. CLS ist keine Beschreibung des eigenen Mean-Poolings."
chapter02.tex,339,Devlin et al. (2019),S.~4174,"BERT wählt 15~\% der Tokenpositionen aus, ersetzt davon 80~\% durch das Maskierungstoken und 10~\% durch zufällige Token und belässt 10~\% unverändert; für diese Positionen wird jeweils das ursprüngliche Token vorhergesagt (vgl. [Devlin et al. (2019), S.~4174]). Auch RoBERTa nutzt MLM als Vortrainingsziel (vgl. [Gururangan et al. (2020), S.~8343]).",devlin2019.pdf,"S. 4171–4175: BERT, bidirektionales MLM und Maskierungsanteile; S. 4179: eingefrorene Merkmale. CLS ist keine Beschreibung des eigenen Mean-Poolings."
chapter02.tex,339,Gururangan et al. (2020),S.~8343,"BERT wählt 15~\% der Tokenpositionen aus, ersetzt davon 80~\% durch das Maskierungstoken und 10~\% durch zufällige Token und belässt 10~\% unverändert; für diese Positionen wird jeweils das ursprüngliche Token vorhergesagt (vgl. [Devlin et al. (2019), S.~4174]). Auch RoBERTa nutzt MLM als Vortrainingsziel (vgl. [Gururangan et al. (2020), S.~8343]).",gururangan2020.pdf,S. 8342–8343 DAPT/MLM; S. 8346–8347 TAPT und Ergebnisse. Zusätzliche Anpassung ist kein universelles Verbesserungsversprechen.
chapter02.tex,352,Devlin et al. (2019),S.~4174,"{\footnotesize Quelle: (Eigene Darstellung nach [Devlin et al. (2019), S.~4174]; [Gururangan et al. (2020), S.~8343]); KI-unterstützt.} \end{figure}",devlin2019.pdf,"S. 4171–4175: BERT, bidirektionales MLM und Maskierungsanteile; S. 4179: eingefrorene Merkmale. CLS ist keine Beschreibung des eigenen Mean-Poolings."
chapter02.tex,352,Gururangan et al. (2020),S.~8343,"{\footnotesize Quelle: (Eigene Darstellung nach [Devlin et al. (2019), S.~4174]; [Gururangan et al. (2020), S.~8343]); KI-unterstützt.} \end{figure}",gururangan2020.pdf,S. 8342–8343 DAPT/MLM; S. 8346–8347 TAPT und Ergebnisse. Zusätzliche Anpassung ist kein universelles Verbesserungsversprechen.
chapter02.tex,355,Gururangan et al. (2020),S.~8343,"Abbildung~\ref{fig:mlm-konzept} überträgt MLM auf den HTML-Textzweig. Die Wörter sind schematisch; im Code werden Subword-Token maskiert und rekonstruiert. MLM kann auch das Vortraining auf weiteren ungelabelten Daten fortsetzen (vgl. [Gururangan et al. (2020), S.~8343]). Abschnitt~2.3.3 behandelt die aufgabenbezogene Fortsetzung.",gururangan2020.pdf,S. 8342–8343 DAPT/MLM; S. 8346–8347 TAPT und Ergebnisse. Zusätzliche Anpassung ist kein universelles Verbesserungsversprechen.
chapter02.tex,359,Gao et al. (2021),S.~6895,"Kontrastives Lernen nähert Repräsentationen positiver Paare einander an und unterscheidet sie von negativen Vergleichsinstanzen; für Text kann dies mit vortrainierten Transformer-Encodern umgesetzt werden (vgl. [Gao et al. (2021), S.~6895]).",gao2021.pdf,"S. 6895: positive/negative Paare, Kosinus und Temperatur. URL–HTML-Paare sind eigene Übertragung, keine SimCSE-Originalarchitektur."
chapter02.tex,366,Gao et al. (2021),S.~6895,"Die Ähnlichkeit zweier Repräsentationen kann dabei über die Kosinusähnlichkeit bestimmt werden. Innerhalb der kontrastiven Verlustfunktion beeinflusst ein Temperaturparameter die Skalierung der Ähnlichkeitswerte. Das Lernziel begünstigt dadurch eine hohe Ähnlichkeit positiver Paare relativ zu den verfügbaren negativen Vergleichsinstanzen (vgl. [Gao et al. (2021), S.~6895]). \begin{figure}[H] \centering \includegraphics[width=0.72\textwidth]{Praefix/Image/ContrastiveKonzept.png} \caption{Schematisches Prinzip des kontrastiven Repräsentationslernens für URL--HTML-Paare} \label{fig:contrastive-konzept} \vspace{0.2em}",gao2021.pdf,"S. 6895: positive/negative Paare, Kosinus und Temperatur. URL–HTML-Paare sind eigene Übertragung, keine SimCSE-Originalarchitektur."
chapter02.tex,374,Gao et al. (2021),S.~6895,"{\footnotesize Quelle: (Eigene Darstellung nach [Gao et al. (2021), S.~6895]); Übertragung auf URL--HTML-Paare, KI-unterstützt.} \end{figure}",gao2021.pdf,"S. 6895: positive/negative Paare, Kosinus und Temperatur. URL–HTML-Paare sind eigene Übertragung, keine SimCSE-Originalarchitektur."
chapter02.tex,386,Gururangan et al. (2020),S. 8346,"Task-Adaptive Pretraining (TAPT) setzt das RoBERTa-Vortraining auf dem ungelabelten Trainingskorpus einer konkreten Downstream-Aufgabe fort (vgl. [Gururangan et al. (2020), S. 8346]).",gururangan2020.pdf,S. 8342–8343 DAPT/MLM; S. 8346–8347 TAPT und Ergebnisse. Zusätzliche Anpassung ist kein universelles Verbesserungsversprechen.
chapter02.tex,388,Gururangan et al. (2020),S. 8346,"Die angepassten Repräsentationen werden anschließend für das überwachte Training der Zielaufgabe verwendet (vgl. [Gururangan et al. (2020), S. 8346]).",gururangan2020.pdf,S. 8342–8343 DAPT/MLM; S. 8346–8347 TAPT und Ergebnisse. Zusätzliche Anpassung ist kein universelles Verbesserungsversprechen.
chapter02.tex,405,Gururangan et al. (2020),S.~8346,"\begin{center} \footnotesize{Quelle: (Eigene Darstellung nach [Gururangan et al. (2020), S.~8346]); KI-unterstützt.} \end{center}",gururangan2020.pdf,S. 8342–8343 DAPT/MLM; S. 8346–8347 TAPT und Ergebnisse. Zusätzliche Anpassung ist kein universelles Verbesserungsversprechen.
chapter02.tex,408,Gururangan et al. (2020),S. 8342--8343 und 8346,"Domain-Adaptive Pretraining (DAPT) nutzt dagegen einen breiteren ungelabelten Korpus der Domäne; TAPT ist durch die Auswahl der Trainingsdaten enger an eine konkrete Zielaufgabe gebunden (vgl. [Gururangan et al. (2020), S. 8342--8343 und 8346]).",gururangan2020.pdf,S. 8342–8343 DAPT/MLM; S. 8346–8347 TAPT und Ergebnisse. Zusätzliche Anpassung ist kein universelles Verbesserungsversprechen.
chapter02.tex,427,Saito und Rehmsmeier (2015),S. 3--4,"\paragraph{True-Positive-Rate, False-Positive-Rate und Precision} Bei einer binären Klassifikation ergeben sich aus tatsächlicher und vorhergesagter Klasse die vier Fälle True Positive (TP), False Positive (FP), True Negative (TN) und False Negative (FN). Darauf aufbauend lassen sich True-Positive-Rate (TPR), False-Positive-Rate (FPR) und Precision bestimmen (vgl. [Saito und Rehmsmeier (2015), S. 3--4]):",saito2015.pdf,"S. 3–4: Verwechslungsmatrix und Metriken; S. 5, 7: Prävalenzabhängigkeit. Eigene AP- und P>=90-Definition zusätzlich am Code präzisiert."
chapter02.tex,438,Saito und Rehmsmeier (2015),S. 4,"\begin{center} \footnotesize Quelle: (vgl. [Saito und Rehmsmeier (2015), S. 4]). \end{center}",saito2015.pdf,"S. 3–4: Verwechslungsmatrix und Metriken; S. 5, 7: Prävalenzabhängigkeit. Eigene AP- und P>=90-Definition zusätzlich am Code präzisiert."
chapter02.tex,441,Saito und Rehmsmeier (2015),S. 4,"TPR entspricht dem Recall, FPR dem Anteil falsch positiver unter allen negativen Instanzen und Precision dem Anteil tatsächlich positiver unter allen positiven Vorhersagen (vgl. [Saito und Rehmsmeier (2015), S. 4]). In dieser Arbeit ist Phishing die positive und legitim die negative Klasse.",saito2015.pdf,"S. 3–4: Verwechslungsmatrix und Metriken; S. 5, 7: Prävalenzabhängigkeit. Eigene AP- und P>=90-Definition zusätzlich am Code präzisiert."
chapter02.tex,443,Saito und Rehmsmeier (2015),S. 4,"\paragraph{Betriebspunkt} Die Klassifikationsschwelle bestimmt das Verhältnis von TPR und FPR (vgl. [Saito und Rehmsmeier (2015), S. 4]). Für die Phishing-Erkennung sind insbesondere Betriebspunkte mit niedriger FPR relevant (vgl. [Purwanto et al. (2022), S. 1506]).",saito2015.pdf,"S. 3–4: Verwechslungsmatrix und Metriken; S. 5, 7: Prävalenzabhängigkeit. Eigene AP- und P>=90-Definition zusätzlich am Code präzisiert."
chapter02.tex,443,Purwanto et al. (2022),S. 1506,"\paragraph{Betriebspunkt} Die Klassifikationsschwelle bestimmt das Verhältnis von TPR und FPR (vgl. [Saito und Rehmsmeier (2015), S. 4]). Für die Phishing-Erkennung sind insbesondere Betriebspunkte mit niedriger FPR relevant (vgl. [Purwanto et al. (2022), S. 1506]).",purwanto2022.pdf,S. 1498: Veränderlichkeit/Drift; S. 1506: Bedeutung niedriger FPR.
chapter02.tex,458,Saito und Rehmsmeier (2015),S. 4 und 7,"\paragraph{Ergänzende Precision-Recall-Metriken} Neben einzelnen Betriebspunkten kann die Modellleistung über unterschiedliche Klassifikationsschwellen betrachtet werden. Die Precision-Recall-Kurve stellt hierzu Precision und Recall über verschiedene Schwellenwerte gegenüber (vgl. [Saito und Rehmsmeier (2015), S. 4 und 7]). Die Average Precision (AP) fasst diese Rankingperspektive über die Kurve zusammen. Dalton et al. verwenden im PhreshPhish-Benchmark ergänzend eine als Precision bei 90\,\% Recall bezeichnete Kennzahl ($P@R=0{,}90$) (vgl. [Dalton et al. (2026), S. 7]).",saito2015.pdf,"S. 3–4: Verwechslungsmatrix und Metriken; S. 5, 7: Prävalenzabhängigkeit. Eigene AP- und P>=90-Definition zusätzlich am Code präzisiert."
chapter02.tex,461,Dalton et al. (2026),S. 7,"\paragraph{Ergänzende Precision-Recall-Metriken} Neben einzelnen Betriebspunkten kann die Modellleistung über unterschiedliche Klassifikationsschwellen betrachtet werden. Die Precision-Recall-Kurve stellt hierzu Precision und Recall über verschiedene Schwellenwerte gegenüber (vgl. [Saito und Rehmsmeier (2015), S. 4 und 7]). Die Average Precision (AP) fasst diese Rankingperspektive über die Kurve zusammen. Dalton et al. verwenden im PhreshPhish-Benchmark ergänzend eine als Precision bei 90\,\% Recall bezeichnete Kennzahl ($P@R=0{,}90$) (vgl. [Dalton et al. (2026), S. 7]).",dalton2026v2.pdf,"Verbindlich arXiv v2 vom 11.02.2026; URL/HTML und Ähnlichkeiten S. 1–3, Trennverfahren S. 5–6, Prävalenz/Metriken S. 6–8. Kein direkter Benchmark-Sieg aus umgerechneter Prävalenz."
chapter02.tex,465,Saito und Rehmsmeier (2015),S. 5 und 7,"Precision und darauf aufbauende Precision-Recall-Metriken hängen zusätzlich von der Klassenverteilung der Evaluationsmenge ab (vgl. [Saito und Rehmsmeier (2015), S. 5 und 7]). AP und der nachfolgend präzisierte Kennwert $P_{\geq 90}$ werden in der vorliegenden Arbeit daher ergänzend zur Beschreibung der Rankingqualität auf einem festen Evaluationsbestand verwendet. Die zentralen Modell- und Systemvergleiche stützen sich dagegen auf TPR und FPR an den festgelegten Betriebspunkten. Der implementierte Kennwert $P_{\geq 90}$ ist die maximale Precision unter allen empirischen Schwellen mit Recall von mindestens 90\,\%: \[ P_{\geq 90}=\max_{\tau:\,\mathrm{TPR}(\tau)\geq 0{,}90} \mathrm{Precision}(\tau). \] Er bezeichnet somit keine interpolierte Precision bei exakt 90\,\% Recall. AP wird als Summe der Precision-Werte gewichtet mit den jeweiligen Recall-Zuwächsen berechnet; sie entspricht hier keiner trapezförmigen Flächenintegration.",saito2015.pdf,"S. 3–4: Verwechslungsmatrix und Metriken; S. 5, 7: Prävalenzabhängigkeit. Eigene AP- und P>=90-Definition zusätzlich am Code präzisiert."
chapter02.tex,487,Koh et al. (2021),PDF-S. 1,"Eine besondere Herausforderung für die Generalisierung lernbasierter Modelle entsteht, wenn sich die zugrunde liegende Datenverteilung zwischen Training und späterer Evaluation verändert. Koh et al. bezeichnen als Distribution Shift Situationen, in denen sich Trainings- und Testverteilung unterscheiden (vgl. [Koh et al. (2021), PDF-S. 1]). Vereinfacht lässt sich dieser Zusammenhang durch",koh2021.pdf,"PDF-S. 1–3: reale Verteilungsverschiebungen, zeitliche und domänenbezogene Bedingungen; physische Zählung ersetzt ungedruckte Proceedingszahlen."
chapter02.tex,498,Koh et al. (2021),PDF-S. 1--2,"beschreiben, wobei \(X\) die Eingabedaten und \(Y\) die zugehörige Zielklasse bezeichnet. Koh et al. zeigen anhand mehrerer realer Datensätze, dass Modelle unter solchen Out-of-Distribution-Bedingungen deutlich geringere Leistungen als unter vergleichbaren Trainings- und Testbedingungen erreichen können (vgl. [Koh et al. (2021), PDF-S. 1--2]).",koh2021.pdf,"PDF-S. 1–3: reale Verteilungsverschiebungen, zeitliche und domänenbezogene Bedingungen; physische Zählung ersetzt ungedruckte Proceedingszahlen."
chapter02.tex,500,Koh et al. (2021),PDF-S.~1--3,"Zeitliche Veränderungen und zuvor unbeobachtete Domänen bilden mögliche Ursachen von Verteilungsverschiebungen; WILDS berücksichtigt beide Formen in seinen Testbedingungen (vgl. [Koh et al. (2021), PDF-S.~1--3]).",koh2021.pdf,"PDF-S. 1–3: reale Verteilungsverschiebungen, zeitliche und domänenbezogene Bedingungen; physische Zählung ersetzt ungedruckte Proceedingszahlen."
chapter02.tex,509,Reimers und Gurevych (2017),S.~338,"Stochastisches Training kann zwischen Läufen unterschiedliche Ergebnisse erzeugen; Reimers und Gurevych empfehlen deshalb die Bewertung mehrerer Ausführungen anstelle einzelner Ergebniswerte (vgl. [Reimers und Gurevych (2017), S.~338]).",reimers2017.pdf,S. 338: Bewertung stochastischer Modelle über Ergebnisverteilungen statt Einzelwerte.
chapter02.tex,516,Holt und Sullivan (2023),S.~787--788,"\paragraph{Gepaarte Leistungsdifferenzen} Werden zwei Modellvarianten unter korrespondierenden Bedingungen verglichen, können die jeweils zusammengehörigen Beobachtungen paarweise gegenübergestellt werden. Holt und Sullivan bilden hierfür die Differenzen zwischen den Beobachtungspaaren und verwenden deren Mittelwert als Teststatistik (vgl. [Holt und Sullivan (2023), S.~787--788]):",holt2023.pdf,"S. 787–788: Paardifferenzen, Mittelwert, Vorzeichenpermutationen, Symmetrieannahme. Exaktheit nicht mit Voraussetzungslosigkeit gleichgesetzt."
chapter02.tex,525,Holt und Sullivan (2023),S.~787--788,"\begin{center} \footnotesize{Quelle: (vgl. [Holt und Sullivan (2023), S.~787--788]).} \end{center}",holt2023.pdf,"S. 787–788: Paardifferenzen, Mittelwert, Vorzeichenpermutationen, Symmetrieannahme. Exaktheit nicht mit Voraussetzungslosigkeit gleichgesetzt."
chapter02.tex,528,Holt und Sullivan (2023),S.~787--788,"Die Paarbildung erhält die Zuordnung korrespondierender Beobachtungen (vgl. [Holt und Sullivan (2023), S.~787--788]). Differenzen prozentual ausgewiesener Metriken werden in dieser Arbeit in Prozentpunkten berichtet.",holt2023.pdf,"S. 787–788: Paardifferenzen, Mittelwert, Vorzeichenpermutationen, Symmetrieannahme. Exaktheit nicht mit Voraussetzungslosigkeit gleichgesetzt."
chapter02.tex,530,Botsch (2023),S. 15,"\paragraph{Konfidenzintervalle} Konfidenzintervalle ergänzen Punktschätzungen um eine Unsicherheitsangabe, häufig zum Niveau von 95~\% oder 99~\% (vgl. [Botsch (2023), S. 15]). Hier beschreiben 95-\%-Intervalle die Unsicherheit mittlerer Differenzen aus gepaarten Downstream-Wiederholungen; ihre Interpretation setzt die in Kapitel~4 genannten Bedingungen voraus.",botsch2023.pdf,Gedruckte S. 15 (PDF 23): Konfidenzintervalle; bibliografische Daten bei Springer geprüft.
chapter02.tex,532,Raschka (2018),S. 16,"Bootstrap-Resampling zieht wiederholt Stichproben gleicher Größe mit Zurücklegen und berechnet die Leistungsmetrik erneut (vgl. [Raschka (2018), S. 16]). Beim 95-\%-Percentile-Intervall bilden das 2,5-\%- und 97,5-\%-Quantil der Bootstrap-Verteilung die Grenzen (vgl. [Raschka (2018), S. 18]).",raschka2018.pdf,S. 16 und 18: Bootstrap und Percentile-Intervalle; ursprüngliche falsche Seiten 15/17 berichtigt.
chapter02.tex,532,Raschka (2018),S. 18,"Bootstrap-Resampling zieht wiederholt Stichproben gleicher Größe mit Zurücklegen und berechnet die Leistungsmetrik erneut (vgl. [Raschka (2018), S. 16]). Beim 95-\%-Percentile-Intervall bilden das 2,5-\%- und 97,5-\%-Quantil der Bootstrap-Verteilung die Grenzen (vgl. [Raschka (2018), S. 18]).",raschka2018.pdf,S. 16 und 18: Bootstrap und Percentile-Intervalle; ursprüngliche falsche Seiten 15/17 berichtigt.
chapter02.tex,534,Holt und Sullivan (2023),S. 787--788,"\paragraph{Exakter Sign-Flip-Permutationstest} Bei unter der Nullhypothese um null symmetrischen Paardifferenzen lässt sich eine Nullverteilung ihres Mittelwerts durch alle Vorzeichenkombinationen bilden (vgl. [Holt und Sullivan (2023), S. 787--788]).",holt2023.pdf,"S. 787–788: Paardifferenzen, Mittelwert, Vorzeichenpermutationen, Symmetrieannahme. Exaktheit nicht mit Voraussetzungslosigkeit gleichgesetzt."
chapter02.tex,536,Holt und Sullivan (2023),S. 788,"Für $n$ Paare gibt es $2^n$ Vorzeichenkombinationen; der zweiseitige exakte $p$-Wert ist deren Anteil mit einem mindestens so großen absoluten Mittelwert wie beobachtet (vgl. [Holt und Sullivan (2023), S. 788]).",holt2023.pdf,"S. 787–788: Paardifferenzen, Mittelwert, Vorzeichenpermutationen, Symmetrieannahme. Exaktheit nicht mit Voraussetzungslosigkeit gleichgesetzt."
chapter02.tex,538,Dror et al. (2017),S.~471 und 474,"\paragraph{Korrektur multipler Tests} Mit mehreren Hypothesentests kann das Risiko mindestens einer falschen Zurückweisung innerhalb der Testfamilie steigen (vgl. [Dror et al. (2017), S.~471 und 474]).",dror2017.pdf,"S. 471, 474: Multiplikität bei Modellvergleichen; DOI und Metadaten über ACL bestätigt."
chapter02.tex,540,Holm (1979),S.~66--67,"Die Holm-Prozedur sortiert $m$ $p$-Werte aufsteigend und vergleicht sie nacheinander mit $\alpha/(m-i+1)$, bis erstmals keine Zurückweisung erfolgt; dadurch wird die familienbezogene Fehlerwahrscheinlichkeit kontrolliert (vgl. [Holm (1979), S.~66--67]).",holm1979.pdf,S. 66–67: schrittweise Testprozedur und Kontrolle der Familienfehlerwahrscheinlichkeit.
chapter02.tex,550,Reddi et al. (2020),S.~5--6,"Die technische Evaluation berücksichtigt neben der Klassifikationsgüte auch den Inferenzaufwand. Reddi et al. unterscheiden latenzorientierte Szenarien und durchsatzorientierte Batch-Verarbeitung (vgl. [Reddi et al. (2020), S.~5--6]).",reddi2020.pdf,"Autorenfassung S. 5–6: Szenarien, Latenzperzentile und Durchsatz; S. 11: Vergleich. Kein Anspruch eigener MLPerf-Konformität."
chapter02.tex,563,Reddi et al. (2020),S.~5--6,"\item \textbf{95.\ Perzentil der Latenz [ms]:} bezeichnet den Latenzwert, den 95\,\% der beobachteten Inferenzvorgänge nicht überschreiten. Perzentilbasierte Latenzmetriken werden auch in etablierten Inferenzbenchmarks zur Betrachtung langsamerer Bereiche der Laufzeitverteilung eingesetzt (vgl. [Reddi et al. (2020), S.~5--6]).",reddi2020.pdf,"Autorenfassung S. 5–6: Szenarien, Latenzperzentile und Durchsatz; S. 11: Vergleich. Kein Anspruch eigener MLPerf-Konformität."
chapter02.tex,569,Reddi et al. (2020),S.~6,"\item \textbf{Durchsatz [Seiten/s]:} beschreibt die Anzahl der innerhalb eines Zeitraums verarbeiteten Eingaben. Im Offline-Szenario des MLPerf-Inference-Benchmarks wird entsprechend der Durchsatz in Samples pro Sekunde betrachtet (vgl. [Reddi et al. (2020), S.~6]).",reddi2020.pdf,"Autorenfassung S. 5–6: Szenarien, Latenzperzentile und Durchsatz; S. 11: Vergleich. Kein Anspruch eigener MLPerf-Konformität."
chapter02.tex,583,Reddi et al. (2020),S.~11,"Latenz und Durchsatz erfassen unterschiedliche Aspekte der technischen Verarbeitung und sind daher gemeinsam zu betrachten (vgl. [Reddi et al. (2020), S.~11]). Peak-VRAM und Eskalationsrate ergänzen diese Kennzahlen um den Ressourcenbedarf und den Verarbeitungsumfang.",reddi2020.pdf,"Autorenfassung S. 5–6: Szenarien, Latenzperzentile und Durchsatz; S. 11: Vergleich. Kein Anspruch eigener MLPerf-Konformität."
chapter03.tex,11,Maneriker et al. (2021),PDF-S. 1--2,"Ein Forschungsstrang der Phishing-Erkennung untersucht, wie transformerbasierte Repräsentationen bereits vor der gelabelten Zielklassifikation an Web- und insbesondere URL-Daten angepasst werden können. URLTran vergleicht zwei Ansätze: ausschließlich auf URLs vortrainierte und anschließend feinabgestimmte Transformer sowie die direkte Feinabstimmung öffentlich vortrainierter BERT- und RoBERTa-Modelle. Die Evaluation berücksichtigt gezielt Betriebspunkte mit sehr niedrigen False-Positive-Raten (vgl. [Maneriker et al. (2021), PDF-S. 1--2]). PhishBERT wird auf mehr als drei Milliarden ungelabelten URLs vortrainiert und anschließend für die Phishing-Klassifikation weiterverwendet (vgl. [Wang et al. (2023), Abstract, o.\,S.]). Auch urlBERT nutzt mehrere Milliarden URLs und kombiniert mehrere selbstüberwachte Vortrainingsziele; ergänzend wird die Sensitivität gegenüber reduziertem gelabeltem Trainingsumfang untersucht (vgl. [Li et al. (2025), S. 1--2 und 12]).",maneriker2021.pdf,PDF-S. 1–2: URL-Vortraining und direkte Feinabstimmung öffentlicher Encoder als zwei Ansätze; Low-FPR. Früherer Anspruch zusätzlichen TAPTs für alle Modelle korrigiert.
chapter03.tex,13,Wang et al. (2023),"Abstract, o.\,S.","Ein Forschungsstrang der Phishing-Erkennung untersucht, wie transformerbasierte Repräsentationen bereits vor der gelabelten Zielklassifikation an Web- und insbesondere URL-Daten angepasst werden können. URLTran vergleicht zwei Ansätze: ausschließlich auf URLs vortrainierte und anschließend feinabgestimmte Transformer sowie die direkte Feinabstimmung öffentlich vortrainierter BERT- und RoBERTa-Modelle. Die Evaluation berücksichtigt gezielt Betriebspunkte mit sehr niedrigen False-Positive-Raten (vgl. [Maneriker et al. (2021), PDF-S. 1--2]). PhishBERT wird auf mehr als drei Milliarden ungelabelten URLs vortrainiert und anschließend für die Phishing-Klassifikation weiterverwendet (vgl. [Wang et al. (2023), Abstract, o.\,S.]). Auch urlBERT nutzt mehrere Milliarden URLs und kombiniert mehrere selbstüberwachte Vortrainingsziele; ergänzend wird die Sensitivität gegenüber reduziertem gelabeltem Trainingsumfang untersucht (vgl. [Li et al. (2025), S. 1--2 und 12]).",wang2023_web_review.json,"IEEE-Originalabstract: PhishBERT auf mehr als 3 Milliarden ungelabelten URLs, anschließende Feinabstimmung. Konferenzpaper-DOI von Video-/Abstract-DOI unterschieden."
chapter03.tex,16,Li et al. (2025),S. 1--2 und 12,"Ein Forschungsstrang der Phishing-Erkennung untersucht, wie transformerbasierte Repräsentationen bereits vor der gelabelten Zielklassifikation an Web- und insbesondere URL-Daten angepasst werden können. URLTran vergleicht zwei Ansätze: ausschließlich auf URLs vortrainierte und anschließend feinabgestimmte Transformer sowie die direkte Feinabstimmung öffentlich vortrainierter BERT- und RoBERTa-Modelle. Die Evaluation berücksichtigt gezielt Betriebspunkte mit sehr niedrigen False-Positive-Raten (vgl. [Maneriker et al. (2021), PDF-S. 1--2]). PhishBERT wird auf mehr als drei Milliarden ungelabelten URLs vortrainiert und anschließend für die Phishing-Klassifikation weiterverwendet (vgl. [Wang et al. (2023), Abstract, o.\,S.]). Auch urlBERT nutzt mehrere Milliarden URLs und kombiniert mehrere selbstüberwachte Vortrainingsziele; ergänzend wird die Sensitivität gegenüber reduziertem gelabeltem Trainingsumfang untersucht (vgl. [Li et al. (2025), S. 1--2 und 12]).",li2025.pdf,"Autorenfassung arXiv 2402.11495v2, S. 1–2 und 12: urlBERT, mehrere Milliarden URLs und reduzierte Trainingsmengen. Publikationsfassung bibliografisch unterschieden."
chapter03.tex,21,Gui et al. (2024),S. 1,"Neben der domänennäheren Repräsentationsbildung rückt damit die verfügbare gelabelte Downstream-Supervision in den Fokus. Gui et al. führen den Aufwand der Erhebung und Annotation großer gelabelter Datenbestände als eine Motivation für Self-Supervised Learning an (vgl. [Gui et al. (2024), S. 1]). Für spezialisierte URL-Repräsentationen untersuchen Li et al. ergänzend, wie sich die Downstream-Leistung bei reduziertem gelabeltem Trainingsumfang verändert (vgl. [Li et al. (2025), S. 12]).",gui2024.pdf,Paginierte Autorenfassung S. 1: Motivationsgrund Annotation. Falsche gedruckte Fundstelle 9052 ersetzt.
chapter03.tex,23,Li et al. (2025),S. 12,"Neben der domänennäheren Repräsentationsbildung rückt damit die verfügbare gelabelte Downstream-Supervision in den Fokus. Gui et al. führen den Aufwand der Erhebung und Annotation großer gelabelter Datenbestände als eine Motivation für Self-Supervised Learning an (vgl. [Gui et al. (2024), S. 1]). Für spezialisierte URL-Repräsentationen untersuchen Li et al. ergänzend, wie sich die Downstream-Leistung bei reduziertem gelabeltem Trainingsumfang verändert (vgl. [Li et al. (2025), S. 12]).",li2025.pdf,"Autorenfassung arXiv 2402.11495v2, S. 1–2 und 12: urlBERT, mehrere Milliarden URLs und reduzierte Trainingsmengen. Publikationsfassung bibliografisch unterschieden."
chapter03.tex,42,Aljofey et al. (2022),S. 1--2 und 13,"Neben der Repräsentationsbildung unterscheiden sich bestehende Verfahren hinsichtlich der für die Klassifikation verwendeten Webseiteninformationen. Aljofey et al. kombinieren URL-Zeichenfolgen, Hyperlinkinformationen und textuelle HTML-Merkmale und führen diese einem XGBoost-Klassifikator zu (vgl. [Aljofey et al. (2022), S. 1--2 und 13]). Opara et al. verarbeiten URL- und HTML-Informationen dagegen in einem gemeinsamen neuronalen Verfahren (vgl. [Opara et al. (2024), S. 2]). Damit werden URL und HTML-Inhalt als unterschiedliche Informationsquellen derselben Webseite für die Klassifikation nutzbar gemacht.",aljofey2022.pdf,"URL, Hyperlinks und HTML-Text; XGBoost; S. 1–2, 13."
chapter03.tex,44,Opara et al. (2024),S. 2,"Neben der Repräsentationsbildung unterscheiden sich bestehende Verfahren hinsichtlich der für die Klassifikation verwendeten Webseiteninformationen. Aljofey et al. kombinieren URL-Zeichenfolgen, Hyperlinkinformationen und textuelle HTML-Merkmale und führen diese einem XGBoost-Klassifikator zu (vgl. [Aljofey et al. (2022), S. 1--2 und 13]). Opara et al. verarbeiten URL- und HTML-Informationen dagegen in einem gemeinsamen neuronalen Verfahren (vgl. [Opara et al. (2024), S. 2]). Damit werden URL und HTML-Inhalt als unterschiedliche Informationsquellen derselben Webseite für die Klassifikation nutzbar gemacht.",opara2024.pdf,S. 2: gemeinsame Nutzung von URL und HTML im neuronalen Verfahren.
chapter03.tex,50,Yoon et al. (2024),"S. 2, 13 und 15","Über den textuellen HTML-Inhalt hinaus kann auch die Dokumentstruktur berücksichtigt werden. Yoon et al. kombinieren URL-Repräsentationen mit einem graphbasierten HTML-DOM und untersuchen den zusätzlichen Beitrag der strukturellen Information anhand von Ablationen (vgl. [Yoon et al. (2024), S. 2, 13 und 15]). Die bestehende Forschung liefert damit eine Grundlage dafür, adressbezogene, textuelle und strukturelle Informationen innerhalb eines gemeinsamen Klassifikationssystems zu berücksichtigen.",yoon2024.pdf,"S. 2, 6–7, 9, 13, 15: URL-Zeichen/Wörter, DOM-Graph, Strukturablation. Kein Beleg für eigene Architekturparameter erforderlich."
chapter03.tex,66,Liu et al. (2021),"Abstract, o.\,S.","Neben dem Informationsumfang kann auch die Verarbeitungstiefe Bestandteil des Systementwurfs sein. Liu et al. beschreiben ein mehrstufiges Phishing-Erkennungsverfahren und berichten eine Verkürzung der Ausführungszeit bei zugleich verbesserter Erkennung (vgl. [Liu et al. (2021), Abstract, o.\,S.]). Dieses Prinzip bildet den konzeptionellen Bezug für die URL-first-Kaskade der vorliegenden Arbeit. Die URL-Stufe dient dabei als vorgelagerter Entscheidungspfad, während für unsichere Fälle weiterhin das vollständige multimodale System ausgeführt wird.",liu2021_web_review.json,"Verlagsabstract extern eingesehen: mehrstufiges CASE-Modell, kürzere Ausführungszeit und bessere Detektion. Nicht belegte konkrete Stufen entfernt; keine erfundene PDF-Seite."
chapter03.tex,77,Rashid et al. (2024),"Abstract, o.\,S.","Die Aussagekraft eines Phishing-Klassifikators hängt neben der Modellarchitektur auch von der Zusammensetzung der Evaluationsdaten ab. Rashid et al. untersuchen URL-Klassifikatoren über unterschiedliche Datensätze hinweg und berichten deutliche Leistungsunterschiede zwischen datensatzinternen und datensatzübergreifenden Evaluationen (vgl. [Rashid et al. (2024), Abstract, o.\,S.]). Dalton et al. adressieren im PhreshPhish-Benchmark eine verwandte Problematik durch zeitlich getrennte Trainings- und Testdaten sowie eine zusätzliche Reduktion stark ähnlicher Instanzen (vgl. [Dalton et al. (2026), S. 5--6]).",rashid2024_web_review.json,Verlagsabstract extern eingesehen: geringe Übertragbarkeit zwischen Datensätzen und UDA. Nur qualitative Abstract-Aussage beibehalten; keine ungeprüfte Seitenzahl.
chapter03.tex,80,Dalton et al. (2026),S. 5--6,"Die Aussagekraft eines Phishing-Klassifikators hängt neben der Modellarchitektur auch von der Zusammensetzung der Evaluationsdaten ab. Rashid et al. untersuchen URL-Klassifikatoren über unterschiedliche Datensätze hinweg und berichten deutliche Leistungsunterschiede zwischen datensatzinternen und datensatzübergreifenden Evaluationen (vgl. [Rashid et al. (2024), Abstract, o.\,S.]). Dalton et al. adressieren im PhreshPhish-Benchmark eine verwandte Problematik durch zeitlich getrennte Trainings- und Testdaten sowie eine zusätzliche Reduktion stark ähnlicher Instanzen (vgl. [Dalton et al. (2026), S. 5--6]).",dalton2026v2.pdf,"Verbindlich arXiv v2 vom 11.02.2026; URL/HTML und Ähnlichkeiten S. 1–3, Trennverfahren S. 5–6, Prävalenz/Metriken S. 6–8. Kein direkter Benchmark-Sieg aus umgerechneter Prävalenz."
chapter03.tex,91,Maneriker et al. (2021),PDF-S. 1--2,"Eine weitere Evaluationsdimension bildet der Klassifikationsbetriebspunkt. URLTran untersucht seine Modelle gezielt bei niedrigen False-Positive-Raten (vgl. [Maneriker et al. (2021), PDF-S. 1--2]). Auch im operativen Sicherheitsbetrieb werden False-Positive-Raten gemeinsam mit Größen wie Eskalationen und Bearbeitungsaufwand als Qualitätskennzahlen betrachtet (vgl. [ENISA (2020), S. 7]). Die vorliegende Arbeit verwendet daher einen auf einer getrennten Kalibrationsmenge bestimmten Low-FPR-Betriebspunkt, der anschließend unverändert auf die finalen Evaluationsbedingungen übertragen wird.",maneriker2021.pdf,PDF-S. 1–2: URL-Vortraining und direkte Feinabstimmung öffentlicher Encoder als zwei Ansätze; Low-FPR. Früherer Anspruch zusätzlichen TAPTs für alle Modelle korrigiert.
chapter03.tex,94,ENISA (2020),S. 7,"Eine weitere Evaluationsdimension bildet der Klassifikationsbetriebspunkt. URLTran untersucht seine Modelle gezielt bei niedrigen False-Positive-Raten (vgl. [Maneriker et al. (2021), PDF-S. 1--2]). Auch im operativen Sicherheitsbetrieb werden False-Positive-Raten gemeinsam mit Größen wie Eskalationen und Bearbeitungsaufwand als Qualitätskennzahlen betrachtet (vgl. [ENISA (2020), S. 7]). Die vorliegende Arbeit verwendet daher einen auf einer getrennten Kalibrationsmenge bestimmten Low-FPR-Betriebspunkt, der anschließend unverändert auf die finalen Evaluationsbedingungen übertragen wird.",enisa2020soc.pdf,"How to set up CSIRT and SOC, gedruckte S. 7: FPR, Eskalationen und Aufwand als KPIs. Falschen Bericht im Verzeichnis ersetzt."
chapter03.tex,101,Reddi et al. (2020),S. 5--6,"Für die technische Bewertung des Gesamtsystems kommen Ressourcenkennzahlen der Inferenz hinzu. Reddi et al. unterscheiden insbesondere latenz- und durchsatzorientierte Inferenzszenarien (vgl. [Reddi et al. (2020), S. 5--6]). Entsprechend werden neben der Klassifikationsleistung auch Latenz, Durchsatz, GPU-Speicherbedarf und Eskalationsrate betrachtet.",reddi2020.pdf,"Autorenfassung S. 5–6: Szenarien, Latenzperzentile und Durchsatz; S. 11: Vergleich. Kein Anspruch eigener MLPerf-Konformität."
chapter03.tex,146,Maneriker et al. (2021),PDF-S. 1--2,"Selbstüberwachte URL-Repräsentationen (vgl. [Maneriker et al. (2021), PDF-S. 1--2]; [Wang et al. (2023), Abstract, o.\,S.]; [Li et al. (2025), S. 1--2 und 12]) & Zusätzliche task-adaptive Anpassung bereits vortrainierter URL- und HTML-Text-Repräsentationen. & Vergleich von R0, RU, RT und RUT bei konstanten Downstream-Probes. \\[1mm]",maneriker2021.pdf,PDF-S. 1–2: URL-Vortraining und direkte Feinabstimmung öffentlicher Encoder als zwei Ansätze; Low-FPR. Früherer Anspruch zusätzlichen TAPTs für alle Modelle korrigiert.
chapter03.tex,146,Wang et al. (2023),"Abstract, o.\,S.","Selbstüberwachte URL-Repräsentationen (vgl. [Maneriker et al. (2021), PDF-S. 1--2]; [Wang et al. (2023), Abstract, o.\,S.]; [Li et al. (2025), S. 1--2 und 12]) & Zusätzliche task-adaptive Anpassung bereits vortrainierter URL- und HTML-Text-Repräsentationen. & Vergleich von R0, RU, RT und RUT bei konstanten Downstream-Probes. \\[1mm]",wang2023_web_review.json,"IEEE-Originalabstract: PhishBERT auf mehr als 3 Milliarden ungelabelten URLs, anschließende Feinabstimmung. Konferenzpaper-DOI von Video-/Abstract-DOI unterschieden."
chapter03.tex,146,Li et al. (2025),S. 1--2 und 12,"Selbstüberwachte URL-Repräsentationen (vgl. [Maneriker et al. (2021), PDF-S. 1--2]; [Wang et al. (2023), Abstract, o.\,S.]; [Li et al. (2025), S. 1--2 und 12]) & Zusätzliche task-adaptive Anpassung bereits vortrainierter URL- und HTML-Text-Repräsentationen. & Vergleich von R0, RU, RT und RUT bei konstanten Downstream-Probes. \\[1mm]",li2025.pdf,"Autorenfassung arXiv 2402.11495v2, S. 1–2 und 12: urlBERT, mehrere Milliarden URLs und reduzierte Trainingsmengen. Publikationsfassung bibliografisch unterschieden."
chapter03.tex,155,Gui et al. (2024),S. 1,"Nutzung ungelabelter Daten und reduzierte Labelbudgets (vgl. [Gui et al. (2024), S. 1]; [Li et al. (2025), S. 1--2 und 12]) & Verhalten der Repräsentationsvarianten bei unterschiedlicher gelabelter Downstream-Supervision. & Sieben Labelbudgets sowie Bestimmung der kleinsten ausreichenden RUT-Stufe gegenüber vollständig mit 200.000 Labels trainierten Referenzen. \\[1mm]",gui2024.pdf,Paginierte Autorenfassung S. 1: Motivationsgrund Annotation. Falsche gedruckte Fundstelle 9052 ersetzt.
chapter03.tex,155,Li et al. (2025),S. 1--2 und 12,"Nutzung ungelabelter Daten und reduzierte Labelbudgets (vgl. [Gui et al. (2024), S. 1]; [Li et al. (2025), S. 1--2 und 12]) & Verhalten der Repräsentationsvarianten bei unterschiedlicher gelabelter Downstream-Supervision. & Sieben Labelbudgets sowie Bestimmung der kleinsten ausreichenden RUT-Stufe gegenüber vollständig mit 200.000 Labels trainierten Referenzen. \\[1mm]",li2025.pdf,"Autorenfassung arXiv 2402.11495v2, S. 1–2 und 12: urlBERT, mehrere Milliarden URLs und reduzierte Trainingsmengen. Publikationsfassung bibliografisch unterschieden."
chapter03.tex,165,Aljofey et al. (2022),S. 1--2 und 13,"Mehrquellenbasierte Webseitenklassifikation (vgl. [Aljofey et al. (2022), S. 1--2 und 13]; [Opara et al. (2024), S. 2]; [Yoon et al. (2024), S. 2 und 13--15]) & Überführung der ausgewählten Repräsentationsbasis in ein multimodales Klassifikationssystem. & Sequenzielle Erweiterung um HTML-Text, DOM und lernbare Gating-Fusion. \\[1mm]",aljofey2022.pdf,"URL, Hyperlinks und HTML-Text; XGBoost; S. 1–2, 13."
chapter03.tex,165,Opara et al. (2024),S. 2,"Mehrquellenbasierte Webseitenklassifikation (vgl. [Aljofey et al. (2022), S. 1--2 und 13]; [Opara et al. (2024), S. 2]; [Yoon et al. (2024), S. 2 und 13--15]) & Überführung der ausgewählten Repräsentationsbasis in ein multimodales Klassifikationssystem. & Sequenzielle Erweiterung um HTML-Text, DOM und lernbare Gating-Fusion. \\[1mm]",opara2024.pdf,S. 2: gemeinsame Nutzung von URL und HTML im neuronalen Verfahren.
chapter03.tex,165,Yoon et al. (2024),S. 2 und 13--15,"Mehrquellenbasierte Webseitenklassifikation (vgl. [Aljofey et al. (2022), S. 1--2 und 13]; [Opara et al. (2024), S. 2]; [Yoon et al. (2024), S. 2 und 13--15]) & Überführung der ausgewählten Repräsentationsbasis in ein multimodales Klassifikationssystem. & Sequenzielle Erweiterung um HTML-Text, DOM und lernbare Gating-Fusion. \\[1mm]",yoon2024.pdf,"S. 2, 6–7, 9, 13, 15: URL-Zeichen/Wörter, DOM-Graph, Strukturablation. Kein Beleg für eigene Architekturparameter erforderlich."
chapter03.tex,174,Maneriker et al. (2021),PDF-S. 1--2,"Low-FPR- und gestufte Verarbeitung (vgl. [Maneriker et al. (2021), PDF-S. 1--2]; [Liu et al. (2021), Abstract, o.\,S.]; [ENISA (2020), S. 7]; [Reddi et al. (2020), S. 5--6]) & Bewertung des Gesamtsystems bei festgelegtem Betriebspunkt und unterschiedlicher Verarbeitungstiefe. & CAL-basierter Low-FPR-Betriebspunkt, URL-first-Kaskade sowie Effizienz- und Eskalationsmetriken. \\",maneriker2021.pdf,PDF-S. 1–2: URL-Vortraining und direkte Feinabstimmung öffentlicher Encoder als zwei Ansätze; Low-FPR. Früherer Anspruch zusätzlichen TAPTs für alle Modelle korrigiert.
chapter03.tex,174,Liu et al. (2021),"Abstract, o.\,S.","Low-FPR- und gestufte Verarbeitung (vgl. [Maneriker et al. (2021), PDF-S. 1--2]; [Liu et al. (2021), Abstract, o.\,S.]; [ENISA (2020), S. 7]; [Reddi et al. (2020), S. 5--6]) & Bewertung des Gesamtsystems bei festgelegtem Betriebspunkt und unterschiedlicher Verarbeitungstiefe. & CAL-basierter Low-FPR-Betriebspunkt, URL-first-Kaskade sowie Effizienz- und Eskalationsmetriken. \\",liu2021_web_review.json,"Verlagsabstract extern eingesehen: mehrstufiges CASE-Modell, kürzere Ausführungszeit und bessere Detektion. Nicht belegte konkrete Stufen entfernt; keine erfundene PDF-Seite."
chapter03.tex,174,ENISA (2020),S. 7,"Low-FPR- und gestufte Verarbeitung (vgl. [Maneriker et al. (2021), PDF-S. 1--2]; [Liu et al. (2021), Abstract, o.\,S.]; [ENISA (2020), S. 7]; [Reddi et al. (2020), S. 5--6]) & Bewertung des Gesamtsystems bei festgelegtem Betriebspunkt und unterschiedlicher Verarbeitungstiefe. & CAL-basierter Low-FPR-Betriebspunkt, URL-first-Kaskade sowie Effizienz- und Eskalationsmetriken. \\",enisa2020soc.pdf,"How to set up CSIRT and SOC, gedruckte S. 7: FPR, Eskalationen und Aufwand als KPIs. Falschen Bericht im Verzeichnis ersetzt."
chapter03.tex,174,Reddi et al. (2020),S. 5--6,"Low-FPR- und gestufte Verarbeitung (vgl. [Maneriker et al. (2021), PDF-S. 1--2]; [Liu et al. (2021), Abstract, o.\,S.]; [ENISA (2020), S. 7]; [Reddi et al. (2020), S. 5--6]) & Bewertung des Gesamtsystems bei festgelegtem Betriebspunkt und unterschiedlicher Verarbeitungstiefe. & CAL-basierter Low-FPR-Betriebspunkt, URL-first-Kaskade sowie Effizienz- und Eskalationsmetriken. \\",reddi2020.pdf,"Autorenfassung S. 5–6: Szenarien, Latenzperzentile und Durchsatz; S. 11: Vergleich. Kein Anspruch eigener MLPerf-Konformität."
chapter04.tex,67,Dalton et al. (2026),S. 2,"Als gemeinsame Datengrundlage wird der öffentlich bereitgestellte PhreshPhish-Datensatz verwendet. Dalton et al. konzipieren PhreshPhish als umfangreichen Datensatz für die Erkennung von Phishing-Webseiten und stellen zusätzlich einen darauf aufbauenden Benchmark zur standardisierten Modellbewertung bereit (vgl. [Dalton et al. (2026), S. 2]). Für die vorliegende Arbeit sind insbesondere URL, gespeicherter HTML-Inhalt, Klassenzuordnung und Erfassungsdatum relevant. Der von Dalton et al. bereitgestellte Testbestand ist zeitlich vom Training getrennt; zusätzlich werden stark ähnliche Trainings- und Testinstanzen reduziert (vgl. [Dalton et al. (2026), S. 5--6]). Dieser offizielle Testbestand bleibt deshalb als FINAL von der Modell- und Architekturauswahl ausgeschlossen. Vor Beginn der Versuche wird ein verbindlicher Data Freeze erzeugt. Der offizielle Testbestand wird vollständig als FINAL übernommen; SUP, DEV, SSL und CAL werden ausschließlich aus dem offiziellen Trainingsbestand gebildet. Die Rollenzuordnung erfolgt deterministisch anhand der SHA-256-Identifikatoren. Vor und nach der Materialisierung wird die paarweise SHA-256-Disjunktheit der relevanten Rollen geprüft.",dalton2026v2.pdf,"Verbindlich arXiv v2 vom 11.02.2026; URL/HTML und Ähnlichkeiten S. 1–3, Trennverfahren S. 5–6, Prävalenz/Metriken S. 6–8. Kein direkter Benchmark-Sieg aus umgerechneter Prävalenz."
chapter04.tex,71,Dalton et al. (2026),S. 5--6,"Als gemeinsame Datengrundlage wird der öffentlich bereitgestellte PhreshPhish-Datensatz verwendet. Dalton et al. konzipieren PhreshPhish als umfangreichen Datensatz für die Erkennung von Phishing-Webseiten und stellen zusätzlich einen darauf aufbauenden Benchmark zur standardisierten Modellbewertung bereit (vgl. [Dalton et al. (2026), S. 2]). Für die vorliegende Arbeit sind insbesondere URL, gespeicherter HTML-Inhalt, Klassenzuordnung und Erfassungsdatum relevant. Der von Dalton et al. bereitgestellte Testbestand ist zeitlich vom Training getrennt; zusätzlich werden stark ähnliche Trainings- und Testinstanzen reduziert (vgl. [Dalton et al. (2026), S. 5--6]). Dieser offizielle Testbestand bleibt deshalb als FINAL von der Modell- und Architekturauswahl ausgeschlossen. Vor Beginn der Versuche wird ein verbindlicher Data Freeze erzeugt. Der offizielle Testbestand wird vollständig als FINAL übernommen; SUP, DEV, SSL und CAL werden ausschließlich aus dem offiziellen Trainingsbestand gebildet. Die Rollenzuordnung erfolgt deterministisch anhand der SHA-256-Identifikatoren. Vor und nach der Materialisierung wird die paarweise SHA-256-Disjunktheit der relevanten Rollen geprüft.",dalton2026v2.pdf,"Verbindlich arXiv v2 vom 11.02.2026; URL/HTML und Ähnlichkeiten S. 1–3, Trennverfahren S. 5–6, Prävalenz/Metriken S. 6–8. Kein direkter Benchmark-Sieg aus umgerechneter Prävalenz."
chapter04.tex,180,Chen et al. (2020),PDF-S. 3,"Zur Bewertung der Repräsentationen werden eine logistische Regression als Linear Probe und ein kleines Mehrschicht-Perzeptron als nichtlineare Probe eingesetzt. Die Transformer-Encoder bleiben dabei eingefroren. Die Linear Probe misst die unmittelbare lineare Nutzbarkeit der Repräsentationen für die Zielklassifikation (vgl. [Chen et al. (2020), PDF-S. 3]). Innerhalb einer Wiederholung erhalten R0, RU, RT und RUT identische gelabelte Trainingsinstanzen und denselben Downstream-Versuchsaufbau.",chen2020.pdf,"PDF-S. 3, Evaluation Protocol: Linear Evaluation auf eingefrorenem Encoder. Physische Zählung kenntlich gemacht."
chapter04.tex,280,Holt und Sullivan (2023),S. 787--788,"Bei gepaarten Repräsentations- und Architekturvergleichen bildet die jeweilige Trainingsreplikation die statistische Einheit. Als Effektgröße wird die mittlere Differenz der TPR in Prozentpunkten berichtet. Für mittlere Paardifferenzen wird das zweiseitige t-Intervall $\bar d\pm t_{0{,}975;n-1}s_d/\sqrt n$ verwendet; es beschreibt die Downstream-Variation bei festen Vortrainingszuständen und fester Testpopulation. Die t-Intervalle setzen unabhängige, näherungsweise normalverteilte Paardifferenzen voraus; die Sign-Flip-Tests benötigen unter der jeweiligen Nullhypothese Vorzeichensymmetrie. Die vollständige Enumeration allein macht einen Test nicht voraussetzungsfrei. Ergänzend werden die Anzahl der Replikationen mit positiver beziehungsweise negativer Differenz angegeben. Für gepaarte Vergleiche wird der exakte Sign-Flip-Permutationstest verwendet (vgl. [Holt und Sullivan (2023), S. 787--788]). Mehrere gemeinsam geprüfte Hypothesen werden mit der Holm-Prozedur für multiples Testen korrigiert (vgl. [Holm (1979), S. 66--67]). Der N10-Vergleich von RUT20k und R020k verwendet \nolinkurl{OFFICIAL_TEST} als primären Endpunkt. Die vier zusätzlichen domain-, template- und zeitbezogenen Bedingungen bilden eine gemeinsame sekundäre Testfamilie; ihre vier p-Werte werden innerhalb dieses Vergleichs nach Holm korrigiert.",holt2023.pdf,"S. 787–788: Paardifferenzen, Mittelwert, Vorzeichenpermutationen, Symmetrieannahme. Exaktheit nicht mit Voraussetzungslosigkeit gleichgesetzt."
chapter04.tex,281,Holm (1979),S. 66--67,"Bei gepaarten Repräsentations- und Architekturvergleichen bildet die jeweilige Trainingsreplikation die statistische Einheit. Als Effektgröße wird die mittlere Differenz der TPR in Prozentpunkten berichtet. Für mittlere Paardifferenzen wird das zweiseitige t-Intervall $\bar d\pm t_{0{,}975;n-1}s_d/\sqrt n$ verwendet; es beschreibt die Downstream-Variation bei festen Vortrainingszuständen und fester Testpopulation. Die t-Intervalle setzen unabhängige, näherungsweise normalverteilte Paardifferenzen voraus; die Sign-Flip-Tests benötigen unter der jeweiligen Nullhypothese Vorzeichensymmetrie. Die vollständige Enumeration allein macht einen Test nicht voraussetzungsfrei. Ergänzend werden die Anzahl der Replikationen mit positiver beziehungsweise negativer Differenz angegeben. Für gepaarte Vergleiche wird der exakte Sign-Flip-Permutationstest verwendet (vgl. [Holt und Sullivan (2023), S. 787--788]). Mehrere gemeinsam geprüfte Hypothesen werden mit der Holm-Prozedur für multiples Testen korrigiert (vgl. [Holm (1979), S. 66--67]). Der N10-Vergleich von RUT20k und R020k verwendet \nolinkurl{OFFICIAL_TEST} als primären Endpunkt. Die vier zusätzlichen domain-, template- und zeitbezogenen Bedingungen bilden eine gemeinsame sekundäre Testfamilie; ihre vier p-Werte werden innerhalb dieses Vergleichs nach Holm korrigiert.",holm1979.pdf,S. 66–67: schrittweise Testprozedur und Kontrolle der Familienfehlerwahrscheinlichkeit.
chapter04.tex,333,Zhou et al. (2019),PDF-S. 2,"Aufbauend auf der Repräsentationsanalyse wird ein mehrzweigiges prototypisches Klassifikationssystem konzipiert. Die DUAL-Variante verarbeitet URL und HTML-Text in getrennten Transformerzweigen. Die TRI-Variante ergänzt zusätzlich die strukturelle DOM-Repräsentation. Die Ausgaben der aktiven Modalitäten werden jeweils in einen gemeinsamen 256-dimensionalen Raum projiziert und L2-normalisiert. Eine lernbare Gating-Komponente bestimmt instanzabhängige Modalitätsgewichte; daraus wird eine gewichtete Fusionsrepräsentation gebildet. Die Verwendung lernbarer, über Softmax normalisierter Modalitätsgewichte entspricht dem Prinzip einer gewichteten multimodalen Fusion (vgl. [Zhou et al. (2019), PDF-S. 2]). Für die abschließende Klassifikation werden die einzelnen Modalitätsrepräsentationen gemeinsam mit der Fusionsrepräsentation verwendet. Modalitätsspezifische Auxiliary Heads erzeugen zusätzliche Hilfsscores, ohne die Gating-Gewichte zu ersetzen. Der URL-Hilfsscore bildet zugleich die Grundlage der URL-first-Kaskade. Die Gesamtarchitektur und die Rollen von DUAL, TRI, Auxiliary Heads, Gating und Main Head sind in Abbildung~\ref{fig:systemkonzeption} dargestellt. Die technische Parametrisierung der Encoderfreigabe, DOM-GCN-, Gating- und Head-Komponenten wird erst in Kapitel 5 spezifiziert. Die Architektur trennt damit drei Ebenen: die Repräsentationsbildung innerhalb der Modalitätszweige, deren gemeinsame Fusion und die nachgelagerte Klassifikation. Ob jede zusätzliche Systemkomponente gegenüber einer einfacheren Vorstufe einen eigenen Beitrag liefert, wird nicht aus dem Endmodell abgeleitet, sondern in einer gesonderten sequenziellen Ablation geprüft.",zhou2019.pdf,PDF-S. 1–2: Softmax-Modalitätsgewichte und gewichtete Summe. Eigene zusätzliche Konkatenation nicht fremder Quelle zugeschrieben.
chapter04.tex,398,Viola und Jones (2004),S. 144--145,"Die URL-first-Kaskade führt zunächst ausschließlich den URL-Zweig aus und erzeugt über den URL-Auxiliary-Head den Score $f_{\mathrm{URL}}$. Eine untere und eine obere, auf Development-Daten bestimmte Schwelle begrenzen einen Unsicherheitsbereich. Liegt der Score außerhalb dieses Bereichs, wird die Klassifikation bereits nach dem URL-Pfad abgeschlossen. Nur die dazwischenliegenden Fälle durchlaufen zusätzlich den vollständigen multimodalen Pfad. Dieses Vorgehen entspricht dem Grundprinzip kaskadierter Klassifikatoren (vgl. [Viola und Jones (2004), S. 144--145]). Bei einer Eskalation wird die bereits berechnete URL-Repräsentation wiederverwendet und um HTML-Text sowie in der TRI-Variante um den DOM ergänzt. Die aktiven Repräsentationen durchlaufen anschließend dieselbe Fusion und denselben Klassifikationskopf wie im Vollsystem. Abbildung~\ref{fig:urlkaskade} zeigt den Ablauf und verdeutlicht, dass der DOM-Zweig nur für eskalierte TRI-Fälle ausgeführt wird. Zusätzlich wird untersucht, ob die verwendete URL-Repräsentation den Anteil der Eskalationen beeinflusst. TRI-Fallback, Labelbudget und grundsätzliche Routinglogik bleiben hierfür unverändert; variiert wird ausschließlich zwischen der Basis- und der task-adaptierten URL-Repräsentation. Die Routingparameter werden auf Development-Daten für zulässige TPR-Abweichungen von 0,25, 0,5, 1,0 und 2,0 Prozentpunkten gegenüber dem Vollsystem bestimmt. Die primär betrachtete Toleranz beträgt einen Prozentpunkt. Als zentrale Ressourcenkennzahl wird die Eskalationsrate berichtet, also der Anteil der Webseiten, für die der vollständige multimodale Pfad ausgeführt wird. Verglichen wird damit der erforderliche Verarbeitungsumfang unter derselben vorgegebenen TPR-Toleranz.",viola2004.pdf,S. 144–145: Kaskadenprinzip. Eigene zweischwellige URL-Route als Übertragung beschrieben.
chapter06.tex,444,Dalton et al. (2026),S. 6--7,"Ergänzend zur Betriebspunktanalyse werden AP und $P_{\geq 90}$ auf dem festen \nolinkurl{OFFICIAL_TEST} mit 1.000 stratifizierten Bootstrap-Replikationen ausgewertet. TRI Full erreicht eine AP von 99,679\,\% mit einem 95-\%-Percentile-Intervall von [99,659; 99,700]\,\% sowie ein $P_{\geq 90}$ von 99,714\,\% [99,673; 99,753]\,\%. Die Kaskade erreicht eine AP von 98,539\,\% [98,476; 98,602]\,\% und ein $P_{\geq 90}$ von 99,776\,\% [99,742; 99,815]\,\%. Die engen Intervalle zeigen eine geringe Stichprobenunsicherheit dieser Rankingmetriken auf dem festen Testbestand. Für die absolute Höhe precision-basierter Kennzahlen ist zusätzlich die Klassenprävalenz relevant, also der Anteil phishingbezogener Webseiten innerhalb der Evaluationsmenge. Der \nolinkurl{OFFICIAL_TEST} enthält 76.800 Phishing- und 91.260 Benign-Instanzen und weist damit einen Phishing-Anteil von 45,70\,\% auf. Dies entspricht nahezu der für den regulären PhreshPhish-Testbestand berichteten Base Rate von 46\,\% (vgl. [Dalton et al. (2026), S. 6--7]). Zur Einordnung wird deshalb eine reine Base-Rate-Sensitivität von $P_{\geq 90}$ berechnet. Für die ausgewählte Schwelle werden die klassenspezifischen Scoreverteilungen konstant gehalten und ausschließlich die angenommene Prävalenz verändert. Mit der beobachteten Precision $P_0$ und der Testprävalenz $\pi_0=76.800/168.060$ gilt \[ \lambda=\frac{1-P_0}{P_0}\frac{\pi_0}{1-\pi_0} =\frac{\mathrm{FPR}_*}{\mathrm{TPR}_*}, \qquad \mathrm{Precision}_{\pi}=\frac{\pi}{\pi+(1-\pi)\lambda}. \] Hierbei kennzeichnet $*$ die für $P_{\geq 90}$ ausgewählte empirische Schwelle. Die Umrechnung benötigt keinen Recall von exakt 90\,\%. Sie bildet einen reinen Prior-Shift ab; Veränderungen des klassenspezifischen Fehlerverhaltens sind darin nicht enthalten.",dalton2026v2.pdf,"Verbindlich arXiv v2 vom 11.02.2026; URL/HTML und Ähnlichkeiten S. 1–3, Trennverfahren S. 5–6, Prävalenz/Metriken S. 6–8. Kein direkter Benchmark-Sieg aus umgerechneter Prävalenz."
chapter07.tex,27,Maneriker et al. (2021),PDF-S. 1--2,"Damit zeigt sich ein zusätzlicher Repräsentationsnutzen der Anpassung auf dem ungelabelten Webseitenpool, obwohl die Ausgangsencoder bereits selbstüberwacht vortrainiert sind. Die in Kapitel 3 dargestellten spezialisierten URL-Repräsentationsverfahren verdeutlichen die Relevanz einer domänennäheren Repräsentationsbildung für URL-basierte Sicherheitsaufgaben (vgl. [Maneriker et al. (2021), PDF-S. 1--2]; [Wang et al. (2023), Abstract, o.\,S.]; [Li et al. (2025), S. 1--2 und 12]). Die vorliegende Untersuchung betrachtet diesen Zusammenhang für die zusätzliche task-adaptive Anpassung zweier Informationszweige innerhalb desselben Versuchsprotokolls.",maneriker2021.pdf,PDF-S. 1–2: URL-Vortraining und direkte Feinabstimmung öffentlicher Encoder als zwei Ansätze; Low-FPR. Früherer Anspruch zusätzlichen TAPTs für alle Modelle korrigiert.
chapter07.tex,27,Wang et al. (2023),"Abstract, o.\,S.","Damit zeigt sich ein zusätzlicher Repräsentationsnutzen der Anpassung auf dem ungelabelten Webseitenpool, obwohl die Ausgangsencoder bereits selbstüberwacht vortrainiert sind. Die in Kapitel 3 dargestellten spezialisierten URL-Repräsentationsverfahren verdeutlichen die Relevanz einer domänennäheren Repräsentationsbildung für URL-basierte Sicherheitsaufgaben (vgl. [Maneriker et al. (2021), PDF-S. 1--2]; [Wang et al. (2023), Abstract, o.\,S.]; [Li et al. (2025), S. 1--2 und 12]). Die vorliegende Untersuchung betrachtet diesen Zusammenhang für die zusätzliche task-adaptive Anpassung zweier Informationszweige innerhalb desselben Versuchsprotokolls.",wang2023_web_review.json,"IEEE-Originalabstract: PhishBERT auf mehr als 3 Milliarden ungelabelten URLs, anschließende Feinabstimmung. Konferenzpaper-DOI von Video-/Abstract-DOI unterschieden."
chapter07.tex,27,Li et al. (2025),S. 1--2 und 12,"Damit zeigt sich ein zusätzlicher Repräsentationsnutzen der Anpassung auf dem ungelabelten Webseitenpool, obwohl die Ausgangsencoder bereits selbstüberwacht vortrainiert sind. Die in Kapitel 3 dargestellten spezialisierten URL-Repräsentationsverfahren verdeutlichen die Relevanz einer domänennäheren Repräsentationsbildung für URL-basierte Sicherheitsaufgaben (vgl. [Maneriker et al. (2021), PDF-S. 1--2]; [Wang et al. (2023), Abstract, o.\,S.]; [Li et al. (2025), S. 1--2 und 12]). Die vorliegende Untersuchung betrachtet diesen Zusammenhang für die zusätzliche task-adaptive Anpassung zweier Informationszweige innerhalb desselben Versuchsprotokolls.",li2025.pdf,"Autorenfassung arXiv 2402.11495v2, S. 1–2 und 12: urlBERT, mehrere Milliarden URLs und reduzierte Trainingsmengen. Publikationsfassung bibliografisch unterschieden."
chapter07.tex,57,Li et al. (2025),S. 12,"Für die Einordnung ist die Trennung der beiden Lernphasen relevant. Der TAPT-Schritt verwendet den 200.000 Instanzen umfassenden SSL-Pool ohne Downstream-Labels. Erst im anschließenden Klassifikationstraining wird der Umfang der verfügbaren gelabelten Supervision variiert. Die Sensitivität gegenüber reduziertem gelabeltem Trainingsumfang wird auch für spezialisierte URL-Repräsentationen als relevante Evaluationsdimension betrachtet (vgl. [Li et al. (2025), S. 12]). Die B95-Auswertung weist ausschließlich auf DEV auf eine frühere relative Sättigung von RUT hin; auf FINAL erreichen R0 und RUT das jeweilige relative Ziel bei denselben geprüften Budgets. Da sich B95 jeweils auf das eigene 200k-Endniveau einer Variante bezieht, beantwortet diese Kennzahl jedoch nicht, ob ein reduziertes RUT-Budget auch das absolute Niveau einer vollständig trainierten Referenz erreicht. Diese Frage wird durch FF3 gesondert geprüft.",li2025.pdf,"Autorenfassung arXiv 2402.11495v2, S. 1–2 und 12: urlBERT, mehrere Milliarden URLs und reduzierte Trainingsmengen. Publikationsfassung bibliografisch unterschieden."
chapter07.tex,106,Rashid et al. (2024),"Abstract, o.\,S.","Im untersuchten Linear-Probe-Protokoll reichen damit 50.000 gelabelte Instanzen aus, um das festgelegte Leistungsniveau beider mit 200.000 Labels trainierten Referenzen zu erreichen. Bezogen auf die Downstream-Supervision entspricht dies einer Reduktion um 75\,\%. Der vorausgehende TAPT-Schritt auf dem vollständigen ungelabelten Webseitenpool bleibt davon unberührt. Die Margensensitivität bestätigt die 50k-Entscheidung zusätzlich über den untersuchten Bereich von 0 bis 2 Prozentpunkten. Die zusätzlichen internen Evaluationsbedingungen zeigen, dass diese Relation nicht auf den vollständigen Finalbestand beschränkt ist. Dies ist insbesondere vor dem in Kapitel 3 diskutierten Problem datensatzabhängiger Evaluationsresultate relevant (vgl. [Rashid et al. (2024), Abstract, o.\,S.]; [Dalton et al. (2026), S. 5--6]). Die Domain-, Template- und Zeitbedingungen sind jedoch nicht als kausale Einzeltests verschiedener Formen von Distribution Shift zu verstehen. Sie prüfen, ob die in FF1 und FF2 identifizierten Leistungsrelationen unter veränderter Zusammensetzung der Testdaten erhalten bleiben.",rashid2024_web_review.json,Verlagsabstract extern eingesehen: geringe Übertragbarkeit zwischen Datensätzen und UDA. Nur qualitative Abstract-Aussage beibehalten; keine ungeprüfte Seitenzahl.
chapter07.tex,106,Dalton et al. (2026),S. 5--6,"Im untersuchten Linear-Probe-Protokoll reichen damit 50.000 gelabelte Instanzen aus, um das festgelegte Leistungsniveau beider mit 200.000 Labels trainierten Referenzen zu erreichen. Bezogen auf die Downstream-Supervision entspricht dies einer Reduktion um 75\,\%. Der vorausgehende TAPT-Schritt auf dem vollständigen ungelabelten Webseitenpool bleibt davon unberührt. Die Margensensitivität bestätigt die 50k-Entscheidung zusätzlich über den untersuchten Bereich von 0 bis 2 Prozentpunkten. Die zusätzlichen internen Evaluationsbedingungen zeigen, dass diese Relation nicht auf den vollständigen Finalbestand beschränkt ist. Dies ist insbesondere vor dem in Kapitel 3 diskutierten Problem datensatzabhängiger Evaluationsresultate relevant (vgl. [Rashid et al. (2024), Abstract, o.\,S.]; [Dalton et al. (2026), S. 5--6]). Die Domain-, Template- und Zeitbedingungen sind jedoch nicht als kausale Einzeltests verschiedener Formen von Distribution Shift zu verstehen. Sie prüfen, ob die in FF1 und FF2 identifizierten Leistungsrelationen unter veränderter Zusammensetzung der Testdaten erhalten bleiben.",dalton2026v2.pdf,"Verbindlich arXiv v2 vom 11.02.2026; URL/HTML und Ähnlichkeiten S. 1–3, Trennverfahren S. 5–6, Prävalenz/Metriken S. 6–8. Kein direkter Benchmark-Sieg aus umgerechneter Prävalenz."
chapter07.tex,131,Aljofey et al. (2022),S. 1--2 und 13,"Die Ergebnisse zeigen damit für das implementierte System, dass die in Kapitel 3 diskutierten textuellen und strukturellen Webseiteninformationen über die URL hinaus zusätzliche Klassifikationsinformation bereitstellen können (vgl. [Aljofey et al. (2022), S. 1--2 und 13]; [Yoon et al. (2024), S. 13 und 15]). Gleichzeitig unterscheiden sich ihre marginalen Beiträge: Der HTML-Text erzeugt den größten zusätzlichen Effekt, während DOM und Gating kleinere, aber statistisch gestützte Verbesserungen liefern. TRI Full erreicht auf \nolinkurl{OFFICIAL_TEST} 96,12\,\% TPR bei 0,666\,\% FPR und bildet die leistungsstärkste Variante des implementierten Gesamtsystems. Die URL-first-Kaskade ergänzt diese Architektur um eine gestufte Verarbeitung. In der eingefrorenen Routingkonfiguration werden 14,93\,\% der Webseiten an den vollständigen TRI-Pfad eskaliert; die TPR beträgt 95,77\,\%. Gleichzeitig sinkt die Median-Latenz von 30,18 auf 11,95\,ms und der gemessene In-Memory-Durchsatz steigt von 183,2 auf 447,0 Seiten pro Sekunde. Die Kaskade realisiert damit das in Kapitel 3 aufgegriffene Prinzip einer mehrstufigen Verarbeitung, ohne den multimodalen Pfad für unsichere Fälle aufzugeben (vgl. [Liu et al. (2021), Abstract, o.\,S.]). Der Frontend-Vergleich verbindet schließlich Repräsentations- und Systemebene. Bei derselben auf Development festgelegten TPR-Toleranz von einem Prozentpunkt sinkt die mittlere Eskalationsrate auf \nolinkurl{OFFICIAL_TEST} von 35,746\,\% mit URL\_BASE auf 23,514\,\% mit URL\_TAPT (fünf Läufe). Die task-adaptierte URL-Repräsentation ermöglicht innerhalb dieses Routingprotokolls damit häufiger eine Entscheidung in der ersten Verarbeitungsstufe. Der Repräsentationsvorteil wirkt sich folglich nicht nur auf die Klassifikationsleistung eines einzelnen Modells, sondern auch auf die Verarbeitungstiefe des Gesamtsystems aus.",aljofey2022.pdf,"URL, Hyperlinks und HTML-Text; XGBoost; S. 1–2, 13."
chapter07.tex,131,Yoon et al. (2024),S. 13 und 15,"Die Ergebnisse zeigen damit für das implementierte System, dass die in Kapitel 3 diskutierten textuellen und strukturellen Webseiteninformationen über die URL hinaus zusätzliche Klassifikationsinformation bereitstellen können (vgl. [Aljofey et al. (2022), S. 1--2 und 13]; [Yoon et al. (2024), S. 13 und 15]). Gleichzeitig unterscheiden sich ihre marginalen Beiträge: Der HTML-Text erzeugt den größten zusätzlichen Effekt, während DOM und Gating kleinere, aber statistisch gestützte Verbesserungen liefern. TRI Full erreicht auf \nolinkurl{OFFICIAL_TEST} 96,12\,\% TPR bei 0,666\,\% FPR und bildet die leistungsstärkste Variante des implementierten Gesamtsystems. Die URL-first-Kaskade ergänzt diese Architektur um eine gestufte Verarbeitung. In der eingefrorenen Routingkonfiguration werden 14,93\,\% der Webseiten an den vollständigen TRI-Pfad eskaliert; die TPR beträgt 95,77\,\%. Gleichzeitig sinkt die Median-Latenz von 30,18 auf 11,95\,ms und der gemessene In-Memory-Durchsatz steigt von 183,2 auf 447,0 Seiten pro Sekunde. Die Kaskade realisiert damit das in Kapitel 3 aufgegriffene Prinzip einer mehrstufigen Verarbeitung, ohne den multimodalen Pfad für unsichere Fälle aufzugeben (vgl. [Liu et al. (2021), Abstract, o.\,S.]). Der Frontend-Vergleich verbindet schließlich Repräsentations- und Systemebene. Bei derselben auf Development festgelegten TPR-Toleranz von einem Prozentpunkt sinkt die mittlere Eskalationsrate auf \nolinkurl{OFFICIAL_TEST} von 35,746\,\% mit URL\_BASE auf 23,514\,\% mit URL\_TAPT (fünf Läufe). Die task-adaptierte URL-Repräsentation ermöglicht innerhalb dieses Routingprotokolls damit häufiger eine Entscheidung in der ersten Verarbeitungsstufe. Der Repräsentationsvorteil wirkt sich folglich nicht nur auf die Klassifikationsleistung eines einzelnen Modells, sondern auch auf die Verarbeitungstiefe des Gesamtsystems aus.",yoon2024.pdf,"S. 2, 6–7, 9, 13, 15: URL-Zeichen/Wörter, DOM-Graph, Strukturablation. Kein Beleg für eigene Architekturparameter erforderlich."
chapter07.tex,141,Liu et al. (2021),"Abstract, o.\,S.","Die Ergebnisse zeigen damit für das implementierte System, dass die in Kapitel 3 diskutierten textuellen und strukturellen Webseiteninformationen über die URL hinaus zusätzliche Klassifikationsinformation bereitstellen können (vgl. [Aljofey et al. (2022), S. 1--2 und 13]; [Yoon et al. (2024), S. 13 und 15]). Gleichzeitig unterscheiden sich ihre marginalen Beiträge: Der HTML-Text erzeugt den größten zusätzlichen Effekt, während DOM und Gating kleinere, aber statistisch gestützte Verbesserungen liefern. TRI Full erreicht auf \nolinkurl{OFFICIAL_TEST} 96,12\,\% TPR bei 0,666\,\% FPR und bildet die leistungsstärkste Variante des implementierten Gesamtsystems. Die URL-first-Kaskade ergänzt diese Architektur um eine gestufte Verarbeitung. In der eingefrorenen Routingkonfiguration werden 14,93\,\% der Webseiten an den vollständigen TRI-Pfad eskaliert; die TPR beträgt 95,77\,\%. Gleichzeitig sinkt die Median-Latenz von 30,18 auf 11,95\,ms und der gemessene In-Memory-Durchsatz steigt von 183,2 auf 447,0 Seiten pro Sekunde. Die Kaskade realisiert damit das in Kapitel 3 aufgegriffene Prinzip einer mehrstufigen Verarbeitung, ohne den multimodalen Pfad für unsichere Fälle aufzugeben (vgl. [Liu et al. (2021), Abstract, o.\,S.]). Der Frontend-Vergleich verbindet schließlich Repräsentations- und Systemebene. Bei derselben auf Development festgelegten TPR-Toleranz von einem Prozentpunkt sinkt die mittlere Eskalationsrate auf \nolinkurl{OFFICIAL_TEST} von 35,746\,\% mit URL\_BASE auf 23,514\,\% mit URL\_TAPT (fünf Läufe). Die task-adaptierte URL-Repräsentation ermöglicht innerhalb dieses Routingprotokolls damit häufiger eine Entscheidung in der ersten Verarbeitungsstufe. Der Repräsentationsvorteil wirkt sich folglich nicht nur auf die Klassifikationsleistung eines einzelnen Modells, sondern auch auf die Verarbeitungstiefe des Gesamtsystems aus.",liu2021_web_review.json,"Verlagsabstract extern eingesehen: mehrstufiges CASE-Modell, kürzere Ausführungszeit und bessere Detektion. Nicht belegte konkrete Stufen entfernt; keine erfundene PDF-Seite."
