run,model_seed,label_rank_seed,budget,rep,probe,dataset,scenario,target_fpr,threshold,tpr,fpr,precision,f1,tp,fp,tn,fn,fp_per_1000,fpr_ci_lo,fpr_ci_hi,AP,AUC,P_at_R90,FPR_at_TPR90,FPR_at_TPR95,reuse_source,known_before_current_benchmark,source
0,42,20260813,200000,R0,LINEAR,FINAL,OFFICIAL_TEST,0.005,2.5348377227783208,0.7792447916666667,0.0061582292351523,0.9906965964772878,0.8723398052591685,59846,562,90698,16954,6.158229235152312,0.0056609301974939,0.0066872981089901,0.9878596953278096,0.9890162470779456,0.972809412559462,0.0211702827087442,0.0478194170501862,HISTORICAL_CANONICAL_CURVE,True,
0,42,20260813,200000,R0,LINEAR,FINAL,DOMAIN_OOD_EXACT,0.005,2.5348377227783208,0.7895412770397721,0.0115872321818976,0.9919826542960872,0.8792598717289772,59019,477,40689,15732,11.587232181897685,0.0105758451665335,0.0126683593028246,0.9913272446746486,0.9843572092406434,0.979015687301726,0.0350289073507263,0.0726084632949521,HISTORICAL_CANONICAL_CURVE,True,
0,42,20260813,200000,R0,LINEAR,FINAL,TEMPLATE_OOD_EXACT,0.005,2.5348377227783208,0.7801686454778759,0.0061347655168595,0.9900862531763358,0.8726813880126184,55328,554,89751,15590,6.134765516859531,0.0056358666048958,0.0066657749759674,0.9874002446048692,0.9892580070098108,0.9716695337118848,0.0206079397597032,0.0456453131055866,HISTORICAL_CANONICAL_CURVE,True,
0,42,20260813,200000,R0,LINEAR,FINAL,DOMAIN_TEMPLATE_OOD_EXACT,0.005,2.5348377227783208,0.7908782074448861,0.0114613880742913,0.9915002356011454,0.8798983538796813,54709,469,40451,14466,11.4613880742913,0.0104526238152077,0.0125403387166989,0.9910251031718984,0.9848493577956372,0.978408787340698,0.0335777126099706,0.0685972629521016,HISTORICAL_CANONICAL_CURVE,True,
0,42,20260813,200000,R0,LINEAR,FINAL,LATE_TEST_Q4,0.005,2.5348377227783208,0.7543587134095717,0.0089994706193753,0.996991363443296,0.8588678324770166,28167,85,9360,9172,8.999470619375332,0.0071946038990732,0.0111161243070289,0.996292123170298,0.986179575905992,0.9918574463063488,0.0292218104817363,0.0631021704605611,HISTORICAL_CANONICAL_CURVE,True,
0,42,20260813,2000,RUT,LINEAR,FINAL,DOMAIN_OOD_EXACT,0.005,2.6906876564025883,0.6183997538494468,0.0081377836078317,0.9928051373467064,0.7621010287523081,46226,335,40831,28525,8.137783607831706,0.0072925962914546,0.0090534066170069,0.9833912332407252,0.9707516289909804,0.9485386383182708,0.0886654034883156,0.1547393480056357,HISTORICAL_CANONICAL_CURVE,True,
0,42,20260813,2000,RUT,LINEAR,FINAL,TEMPLATE_OOD_EXACT,0.005,2.6906876564025883,0.6039933444259568,0.0044183600022147,0.990770938866144,0.7504796278613416,42834,399,89906,28084,4.418360002214717,0.0039962320402599,0.0048727902557726,0.97481023710956,0.9789028257468132,0.9249362392766056,0.0573611649410331,0.1053097835114334,HISTORICAL_CANONICAL_CURVE,True,
0,42,20260813,2000,RUT,LINEAR,FINAL,DOMAIN_TEMPLATE_OOD_EXACT,0.005,2.6906876564025883,0.6118684495843875,0.0080645161290322,0.9922636909227308,0.7569636326242276,42326,330,40590,26849,8.064516129032258,0.0072207626756352,0.0089791488003531,0.9819694655306744,0.9702645395512888,0.944449500925336,0.0894916911045943,0.1566226783968719,HISTORICAL_CANONICAL_CURVE,True,
0,42,20260813,2000,RUT,LINEAR,FINAL,LATE_TEST_Q4,0.005,2.6906876564025883,0.5716275208227323,0.0062466913710958,0.9972433770966688,0.7267032106499608,21344,59,9386,15995,6.246691371095817,0.0047585720755803,0.0080504735155597,0.992622766854158,0.9735119607426674,0.977657531855472,0.0813128639491794,0.1298041291688724,HISTORICAL_CANONICAL_CURVE,True,
0,42,20260813,2000,RUT,LINEAR,FINAL,OFFICIAL_TEST,0.005,2.6906876564025883,0.6106510416666666,0.0044269121192198,0.9914591349202994,0.7557976503198981,46898,404,90856,29902,4.426912119219812,0.004006528894553,0.0048792557960209,0.9765887766857788,0.9791870926530882,0.9296829816137406,0.057286872671488,0.1050295857988165,HISTORICAL_CANONICAL_CURVE,True,
0,42,20260813,5000,RUT,LINEAR,FINAL,TEMPLATE_OOD_EXACT,0.005,2.329610347747803,0.701613130657943,0.0050274071203144,0.9909581565792356,0.8215538805736032,49757,454,89851,21161,5.027407120314489,0.0045765436508536,0.0055105001276351,0.9838238832747852,0.9863214383984408,0.9595598183950208,0.0297879408670616,0.0618459664470405,HISTORICAL_CANONICAL_CURVE,True,
0,42,20260813,5000,RUT,LINEAR,FINAL,DOMAIN_TEMPLATE_OOD_EXACT,0.005,2.329610347747803,0.7094904228406216,0.0092130987292277,0.99237706243934,0.8274228490023687,49079,377,40543,20096,9.21309872922776,0.0083101303623478,0.0101866991951707,0.9883168709939808,0.980560523923733,0.9692690900599362,0.0482404692082111,0.095307917888563,HISTORICAL_CANONICAL_CURVE,True,
0,42,20260813,5000,RUT,LINEAR,FINAL,LATE_TEST_Q4,0.005,2.329610347747803,0.674656525348831,0.0075172048703017,0.9971894545166652,0.804811424737624,25191,71,9374,12148,7.517204870301747,0.0058755321330082,0.0094726055657797,0.9954078025723604,0.9832539493965204,0.9881228869616344,0.0427739544732662,0.0807834833245103,HISTORICAL_CANONICAL_CURVE,True,
0,42,20260813,5000,RUT,LINEAR,FINAL,OFFICIAL_TEST,0.005,2.329610347747803,0.7074739583333334,0.0050624589086127,0.9915687276443536,0.8257697802364813,54334,462,90798,22466,5.062458908612755,0.0046123156986906,0.0055444878546755,0.9849534898319704,0.9865014479720258,0.9628355319060024,0.0292351523120753,0.0618891080429541,HISTORICAL_CANONICAL_CURVE,True,
0,42,20260813,5000,RUT,LINEAR,FINAL,DOMAIN_OOD_EXACT,0.005,2.329610347747803,0.7147864242618828,0.0093523781761647,0.9928459937565036,0.8311775183367427,53431,385,40781,21320,9.352378176164796,0.008445147456187,0.0103297866577395,0.989169969958316,0.9807562649722452,0.9717199144953492,0.0475635232959238,0.0954185492882475,HISTORICAL_CANONICAL_CURVE,True,
0,42,20260813,10000,RUT,LINEAR,FINAL,DOMAIN_TEMPLATE_OOD_EXACT,0.005,2.407734155654908,0.7381713046620889,0.0097507331378299,0.9922467063075668,0.8465561975181743,51063,399,40521,18112,9.750733137829911,0.0088213532116194,0.0107506346599747,0.9903098576581923,0.983827539062707,0.9752651283738272,0.0385874877810361,0.0755865102639296,HISTORICAL_CANONICAL_CURVE,True,
0,42,20260813,10000,RUT,LINEAR,FINAL,LATE_TEST_Q4,0.005,2.407734155654908,0.6841372291705723,0.0069878242456326,0.9974229823122877,0.8115965051628277,25545,66,9379,11794,6.98782424563261,0.0054083846265516,0.0088817604881413,0.9961362314713984,0.985945639830542,0.990481242448354,0.0341979883536262,0.0634197988353626,HISTORICAL_CANONICAL_CURVE,True,
0,42,20260813,10000,RUT,LINEAR,FINAL,OFFICIAL_TEST,0.005,2.407734155654908,0.7345442708333333,0.0052158667543282,0.9916328288421312,0.8439437799669381,56413,476,90784,20387,5.215866754328293,0.0047588290553796,0.0057047731024981,0.9876639250620476,0.9888788377643546,0.9708728319640476,0.0227262765724304,0.0481700635546789,HISTORICAL_CANONICAL_CURVE,True,
0,42,20260813,10000,RUT,LINEAR,FINAL,DOMAIN_OOD_EXACT,0.005,2.407734155654908,0.7420101403325708,0.0098867997862313,0.9927156229305748,0.8492466927976482,55466,407,40759,19285,9.886799786231355,0.0089535874135842,0.0108900815499274,0.9909527880432362,0.9838853943902643,0.9767414849443944,0.0389156099693922,0.0767623767186513,HISTORICAL_CANONICAL_CURVE,True,
0,42,20260813,10000,RUT,LINEAR,FINAL,TEMPLATE_OOD_EXACT,0.005,2.407734155654908,0.7302659409458812,0.0051824372958307,0.9910442620127448,0.8409011568906029,51789,468,89837,19129,5.182437295830796,0.0047245458296797,0.0056725407352334,0.9868047234845514,0.988768107176903,0.968955414206124,0.0226454792093461,0.0474281601240241,HISTORICAL_CANONICAL_CURVE,True,
0,42,20260813,20000,RUT,LINEAR,FINAL,LATE_TEST_Q4,0.005,2.328731298446656,0.7203192372586303,0.0068819481206987,0.9975891101962092,0.8365785381026439,26896,65,9380,10443,6.881948120698782,0.0053152409466182,0.0087633115996446,0.9967451903535948,0.9881008494546504,0.9917089578661632,0.0297511911064055,0.0547379565907887,HISTORICAL_CANONICAL_CURVE,True,
0,42,20260813,20000,RUT,LINEAR,FINAL,OFFICIAL_TEST,0.005,2.328731298446656,0.7680338541666667,0.0051172474249397,0.9921449236358744,0.8658221530693128,58985,467,90793,17815,5.117247424939733,0.004664629878649,0.0056017445673401,0.9895559754755952,0.990470974856066,0.9768233914161756,0.0179706333552487,0.0391957045803199,HISTORICAL_CANONICAL_CURVE,True,
0,42,20260813,20000,RUT,LINEAR,FINAL,DOMAIN_OOD_EXACT,0.005,2.328731298446656,0.7747053551123062,0.0096681727639314,0.9931741785003771,0.8704409322180386,57910,398,40768,16841,9.6681727639314,0.0087454997473152,0.010660959176826,0.9924083864629498,0.986393320699132,0.9814879649890592,0.0308264101442938,0.0643735121216537,HISTORICAL_CANONICAL_CURVE,True,
0,42,20260813,20000,RUT,LINEAR,FINAL,TEMPLATE_OOD_EXACT,0.005,2.328731298446656,0.7697763614315124,0.0051049222080726,0.9916260989609824,0.8667301738509168,54591,461,89844,16327,5.104922208072643,0.0046505311982684,0.005591533930446,0.9888537421146452,0.9903688784640964,0.9752230233410728,0.0179613531919605,0.0390565306461436,HISTORICAL_CANONICAL_CURVE,True,
0,42,20260813,20000,RUT,LINEAR,FINAL,DOMAIN_TEMPLATE_OOD_EXACT,0.005,2.328731298446656,0.7773183953740513,0.0095796676441837,0.9927625870058896,0.8719291702476122,53771,392,40528,15404,9.579667644183774,0.0086586083099726,0.0105712834240508,0.9919134552753236,0.9863924699387876,0.9803949357520786,0.0304252199413489,0.0638074291300097,HISTORICAL_CANONICAL_CURVE,True,
0,42,20260813,50000,RUT,LINEAR,FINAL,OFFICIAL_TEST,0.005,2.130564451217652,0.8198177083333333,0.0055665132588209,0.9919962186859934,0.897725814500606,62962,508,90752,13838,5.566513258820951,0.0050940936068277,0.0060707636497902,0.9910417515512924,0.9916126721557912,0.9840693602118392,0.0122616699539776,0.0301994301994302,HISTORICAL_CANONICAL_CURVE,True,
0,42,20260813,50000,RUT,LINEAR,FINAL,DOMAIN_OOD_EXACT,0.005,2.130564451217652,0.8262631938034274,0.0104455132876645,0.9930861497893688,0.9020263609478256,61764,430,40736,12987,10.445513287664578,0.009485899951836,0.0114750854404498,0.9936501193332228,0.9883635444928583,0.9872624550590652,0.0210853617062624,0.048340863819657,HISTORICAL_CANONICAL_CURVE,True,
0,42,20260813,50000,RUT,LINEAR,FINAL,TEMPLATE_OOD_EXACT,0.005,2.130564451217652,0.8249104599678502,0.0055257183987597,0.991542372881356,0.9005834449421943,58501,499,89806,12417,5.525718398759759,0.005052635428163,0.0060309755953173,0.990761489178456,0.9917893954667438,0.9836068099530082,0.0117822933392392,0.0286362881346547,HISTORICAL_CANONICAL_CURVE,True,
0,42,20260813,50000,RUT,LINEAR,FINAL,DOMAIN_TEMPLATE_OOD_EXACT,0.005,2.130564451217652,0.8319913263462233,0.010288367546432,0.9927381239866148,0.9052843514302116,57553,421,40499,11622,10.288367546432063,0.0093333151244231,0.011313833757711,0.993480523498876,0.9887739176391496,0.9870335732175126,0.0199902248289345,0.0457722385141739,HISTORICAL_CANONICAL_CURVE,True,
0,42,20260813,50000,RUT,LINEAR,FINAL,LATE_TEST_Q4,0.005,2.130564451217652,0.7932992313666676,0.007940709370037,0.9974744073275862,0.8837472961885583,29621,75,9370,7718,7.940709370037057,0.0062508467032469,0.0099437167937724,0.997198504805825,0.9895994294672236,0.994559754006268,0.0194812069878242,0.0426680783483324,HISTORICAL_CANONICAL_CURVE,True,
0,42,20260813,100000,RUT,LINEAR,FINAL,OFFICIAL_TEST,0.005,2.0693950653076176,0.8317838541666667,0.0054459785229016,0.9922799714188076,0.904971029480514,63881,497,90763,12919,5.4459785229016,0.0049787893705065,0.0059450112766839,0.991544425979598,0.9920338874107404,0.9850654810254657,0.0114836730221345,0.0277777777777777,HISTORICAL_CANONICAL_CURVE,True,
0,42,20260813,100000,RUT,LINEAR,FINAL,DOMAIN_OOD_EXACT,0.005,2.0693950653076176,0.8379954783213602,0.0101297186998979,0.9933870405023946,0.9090988251855828,62641,417,40749,12110,10.129718699897976,0.0091849356474426,0.0111445227475618,0.9940422083511272,0.9890977903154368,0.988205052878966,0.0195063887674294,0.0440169071563912,HISTORICAL_CANONICAL_CURVE,True,
0,42,20260813,100000,RUT,LINEAR,FINAL,TEMPLATE_OOD_EXACT,0.005,2.0693950653076176,0.8338503623903664,0.0054260561430707,0.9917819706498952,0.9059850011107452,59135,490,89815,11783,5.426056143070705,0.0049573329710398,0.0059269643472769,0.9912466649554464,0.9921719749262942,0.9843619876006292,0.0112286141409667,0.0264215713415646,HISTORICAL_CANONICAL_CURVE,True,
0,42,20260813,100000,RUT,LINEAR,FINAL,DOMAIN_TEMPLATE_OOD_EXACT,0.005,2.0693950653076176,0.840534875316227,0.0100195503421309,0.9929979164531884,0.9104275458196652,58144,410,40510,11031,10.019550342130987,0.0090772455068981,0.0110323225554507,0.9938597243540676,0.9894545016482132,0.9876756653871775,0.0189882697947214,0.0416911045943304,HISTORICAL_CANONICAL_CURVE,True,
0,42,20260813,100000,RUT,LINEAR,FINAL,LATE_TEST_Q4,0.005,2.0693950653076176,0.810519831811243,0.0081524616199047,0.9974621798885996,0.8943262411347519,30264,77,9368,7075,8.152461619904711,0.0064389971412495,0.0101787885776516,0.9973678874868748,0.990333911589168,0.9949387320191796,0.0181048173636844,0.0398094229751191,HISTORICAL_CANONICAL_CURVE,True,
0,42,20260813,200000,RUT,LINEAR,FINAL,OFFICIAL_TEST,0.005,2.013790130615235,0.8571744791666667,0.0054788516326977,0.9924620464036424,0.9198706080443788,65831,500,90760,10969,5.478851632697786,0.0050102301956925,0.005979313146278,0.9923337637676248,0.9925603376370856,0.9882778436950524,0.0089853166776243,0.0242493973263204,HISTORICAL_CANONICAL_CURVE,True,
0,42,20260813,200000,RUT,LINEAR,FINAL,DOMAIN_OOD_EXACT,0.005,2.013790130615235,0.8635335982127329,0.0099596754603313,0.9936884236453202,0.9240503611025616,64550,410,40756,10201,9.959675460331342,0.0090229766658509,0.0109664290733086,0.9947914136209908,0.9903516795390164,0.9909567573936608,0.0149152212991303,0.0377010154010591,HISTORICAL_CANONICAL_CURVE,True,
0,42,20260813,200000,RUT,LINEAR,FINAL,TEMPLATE_OOD_EXACT,0.005,2.013790130615235,0.8594433007135001,0.0054260561430707,0.9920247395833334,0.920987020051678,60950,490,89815,9968,5.426056143070705,0.0049573329710398,0.0059269643472769,0.9921402302816074,0.992749313803723,0.9880034673849108,0.008582027573224,0.022889098056586,HISTORICAL_CANONICAL_CURVE,True,
0,42,20260813,200000,RUT,LINEAR,FINAL,DOMAIN_TEMPLATE_OOD_EXACT,0.005,2.013790130615235,0.8662378026743766,0.0098240469208211,0.9933359856773424,0.9254434397176812,59922,402,40518,9253,9.824046920821116,0.0088911240252174,0.0108274765608553,0.994696469330226,0.9907929200488512,0.9908192652229948,0.0141006842619745,0.0349462365591397,HISTORICAL_CANONICAL_CURVE,True,
0,42,20260813,200000,RUT,LINEAR,FINAL,LATE_TEST_Q4,0.005,2.013790130615235,0.846059080318166,0.0074113287453679,0.997789078045545,0.9156811594202898,31591,70,9375,5748,7.411328745367919,0.0057819189546625,0.0093546164952586,0.9977371198324468,0.9916000016502828,0.996062875580948,0.014081524616199,0.0345156167284277,HISTORICAL_CANONICAL_CURVE,True,
1,62,20260823,200000,R0,LINEAR,FINAL,OFFICIAL_TEST,0.005,2.5348377227783208,0.7792447916666667,0.0061582292351523,0.9906965964772878,0.8723398052591685,59846,562,90698,16954,6.158229235152312,0.0056609301974939,0.0066872981089901,0.9878596953278096,0.9890162470779456,0.972809412559462,0.0211702827087442,0.0478194170501862,HISTORICAL_CANONICAL_CURVE,True,
1,62,20260823,200000,R0,LINEAR,FINAL,DOMAIN_OOD_EXACT,0.005,2.5348377227783208,0.7895412770397721,0.0115872321818976,0.9919826542960872,0.8792598717289772,59019,477,40689,15732,11.587232181897685,0.0105758451665335,0.0126683593028246,0.9913272446746486,0.9843572092406434,0.979015687301726,0.0350289073507263,0.0726084632949521,HISTORICAL_CANONICAL_CURVE,True,
1,62,20260823,200000,R0,LINEAR,FINAL,TEMPLATE_OOD_EXACT,0.005,2.5348377227783208,0.7801686454778759,0.0061347655168595,0.9900862531763358,0.8726813880126184,55328,554,89751,15590,6.134765516859531,0.0056358666048958,0.0066657749759674,0.9874002446048692,0.9892580070098108,0.9716695337118848,0.0206079397597032,0.0456453131055866,HISTORICAL_CANONICAL_CURVE,True,
1,62,20260823,200000,R0,LINEAR,FINAL,DOMAIN_TEMPLATE_OOD_EXACT,0.005,2.5348377227783208,0.7908782074448861,0.0114613880742913,0.9915002356011454,0.8798983538796813,54709,469,40451,14466,11.4613880742913,0.0104526238152077,0.0125403387166989,0.9910251031718984,0.9848493577956372,0.978408787340698,0.0335777126099706,0.0685972629521016,HISTORICAL_CANONICAL_CURVE,True,
1,62,20260823,200000,R0,LINEAR,FINAL,LATE_TEST_Q4,0.005,2.5348377227783208,0.7543587134095717,0.0089994706193753,0.996991363443296,0.8588678324770166,28167,85,9360,9172,8.999470619375332,0.0071946038990732,0.0111161243070289,0.996292123170298,0.986179575905992,0.9918574463063488,0.0292218104817363,0.0631021704605611,HISTORICAL_CANONICAL_CURVE,True,
1,62,20260823,2000,RUT,LINEAR,FINAL,DOMAIN_TEMPLATE_OOD_EXACT,0.005,2.362660169601441,0.6126490784242862,0.0092864125122189,0.9911131898971,0.7572251753249655,42380,380,40540,26795,9.286412512218964,0.0083797967659968,0.0102636451160208,0.978062019849415,0.9637817277076112,0.9287941400247648,0.1166422287390029,0.1943304007820137,HISTORICAL_CANONICAL_CURVE,True,
1,62,20260823,2000,RUT,LINEAR,FINAL,LATE_TEST_Q4,0.005,2.362660169601441,0.5830632850370926,0.0053996823716251,0.9976629089909266,0.7359916160984432,21771,51,9394,15568,5.399682371625199,0.0040229826448414,0.0070935464069736,0.99121383001853,0.968141368147568,0.9713022368649212,0.1051349920592906,0.1630492323980942,HISTORICAL_CANONICAL_CURVE,True,
1,62,20260823,2000,RUT,LINEAR,FINAL,OFFICIAL_TEST,0.005,2.362660169601441,0.609140625,0.0048433048433048,0.9906403523632052,0.754402373734116,46782,442,90818,30018,4.843304843304844,0.0044031975223982,0.0053153229042196,0.9732663406468536,0.976278027536366,0.9169552009126968,0.0685952224413763,0.1240412009642778,HISTORICAL_CANONICAL_CURVE,True,
1,62,20260823,2000,RUT,LINEAR,FINAL,DOMAIN_OOD_EXACT,0.005,2.362660169601441,0.6159650038126581,0.0093766700675314,0.9916864096489338,0.7599211097449271,46044,386,40780,28707,9.376670067531458,0.0084682420540338,0.0103552708562779,0.9798356717940624,0.9645092448154452,0.934807980881454,0.1139775542923772,0.1930233687994947,HISTORICAL_CANONICAL_CURVE,True,
1,62,20260823,2000,RUT,LINEAR,FINAL,TEMPLATE_OOD_EXACT,0.005,2.362660169601441,0.6047829888039707,0.0048280826089363,0.9899367585283664,0.7508490599068659,42890,436,89869,28028,4.828082608936382,0.004386418769916,0.0053019990980408,0.971074881387231,0.975813544873816,0.9093343970822886,0.0704722883561264,0.1242234649244228,HISTORICAL_CANONICAL_CURVE,True,
1,62,20260823,5000,RUT,LINEAR,FINAL,LATE_TEST_Q4,0.005,2.443180084228516,0.6638635207156056,0.0065643197458973,0.9975050301810864,0.7971827815208476,24788,62,9383,12551,6.564319745897301,0.005036421561052,0.008407366576794,0.995280735307312,0.9825363217079188,0.9887376128444144,0.0405505558496559,0.0800423504499735,HISTORICAL_CANONICAL_CURVE,True,
1,62,20260823,5000,RUT,LINEAR,FINAL,OFFICIAL_TEST,0.005,2.443180084228516,0.6959635416666666,0.0054131054131054,0.990842355034851,0.8176283424095943,53450,494,90766,23350,5.413105413105413,0.0049473529446651,0.0059107050207037,0.9832854992007508,0.9846476323656312,0.9598539132366828,0.0316787201402586,0.0699978084593469,HISTORICAL_CANONICAL_CURVE,True,
1,62,20260823,5000,RUT,LINEAR,FINAL,DOMAIN_OOD_EXACT,0.005,2.443180084228516,0.7045925807012615,0.0100811349171646,0.992182201793384,0.824015332264247,52669,415,40751,22082,10.08113491716465,0.0091386544754889,0.0110936459926359,0.9878690102690584,0.978228812793586,0.9687544996400288,0.0527134042656561,0.1097264733032113,HISTORICAL_CANONICAL_CURVE,True,
1,62,20260823,5000,RUT,LINEAR,FINAL,TEMPLATE_OOD_EXACT,0.005,2.443180084228516,0.6938435940099834,0.0054039089751398,0.9901799009940838,0.8159387125659138,49206,488,89817,21712,5.403908975139804,0.0049361601587686,0.0059038452414546,0.9822545637762582,0.9846323434198108,0.9565973262993824,0.0320690991639444,0.0697303582304412,HISTORICAL_CANONICAL_CURVE,True,
1,62,20260823,5000,RUT,LINEAR,FINAL,DOMAIN_TEMPLATE_OOD_EXACT,0.005,2.443180084228516,0.7031875677629201,0.0099951124144672,0.9916619098099976,0.8228746394647585,48643,409,40511,20532,9.995112414467252,0.0090539751372399,0.0110067219720524,0.98710452816748,0.9783340824569418,0.9662590017382668,0.0531280547409579,0.1092375366568915,HISTORICAL_CANONICAL_CURVE,True,
1,62,20260823,10000,RUT,LINEAR,FINAL,OFFICIAL_TEST,0.005,2.407866477966309,0.7530729166666666,0.0050405435020819,0.9921092356250858,0.8562207615325398,57836,460,90800,18964,5.040543502081963,0.0045913938301902,0.0055215813781482,0.9874430597542376,0.9883207181347706,0.974717279111086,0.0196471619548542,0.0485316677624369,HISTORICAL_CANONICAL_CURVE,True,
1,62,20260823,10000,RUT,LINEAR,FINAL,DOMAIN_OOD_EXACT,0.005,2.407866477966309,0.7611001859506896,0.009692464655298,0.9930356768833344,0.8617344349946608,56893,399,40767,17858,9.692464655298062,0.0087686145859449,0.0106864232096727,0.990861684815582,0.9834791805804128,0.9802161941668366,0.0329883884759267,0.0759850361949181,HISTORICAL_CANONICAL_CURVE,True,
1,62,20260823,10000,RUT,LINEAR,FINAL,TEMPLATE_OOD_EXACT,0.005,2.407866477966309,0.7484559632251333,0.005016333536349,0.9915377718000448,0.8530172760144636,53079,453,89852,17839,5.016333536349039,0.0045659762483531,0.005498921630171,0.9865223556934948,0.988155246887856,0.9724850313085608,0.0199988926416034,0.0484358562648801,HISTORICAL_CANONICAL_CURVE,True,
1,62,20260823,10000,RUT,LINEAR,FINAL,DOMAIN_TEMPLATE_OOD_EXACT,0.005,2.407866477966309,0.7573111673292374,0.0095796676441837,0.9925728035771804,0.8591272118995688,52387,392,40528,16788,9.579667644183774,0.0086586083099726,0.0105712834240508,0.9902039767743948,0.9834043861443398,0.9782700919160972,0.0337976539589442,0.0754887585532746,HISTORICAL_CANONICAL_CURVE,True,
1,62,20260823,10000,RUT,LINEAR,FINAL,LATE_TEST_Q4,0.005,2.407866477966309,0.7348081094833819,0.0061408152461619,0.9978905255501,0.8463769010087301,27437,58,9387,9902,6.14081524616199,0.0046661837425527,0.0079312863338884,0.996619551975611,0.9873621381289148,0.9932905742913724,0.0240338803599788,0.0531498147167813,HISTORICAL_CANONICAL_CURVE,True,
1,62,20260823,20000,RUT,LINEAR,FINAL,OFFICIAL_TEST,0.005,2.1606817245483403,0.7782421875,0.0052158667543282,0.992098929371732,0.8722536393155532,59769,476,90784,17031,5.215866754328293,0.0047588290553796,0.0057047731024981,0.9887153794159852,0.9893751823430308,0.9773758855219808,0.0175323252246329,0.0408941485864562,HISTORICAL_CANONICAL_CURVE,True,
1,62,20260823,20000,RUT,LINEAR,FINAL,DOMAIN_OOD_EXACT,0.005,2.1606817245483403,0.78575537451004,0.0097410484380313,0.993219135228368,0.8773900573613767,58736,401,40765,16015,9.741048438031386,0.0088148488064991,0.0107373467486138,0.9919529284413124,0.9853834762505138,0.9819882938506224,0.0299761939464606,0.0651751445367536,HISTORICAL_CANONICAL_CURVE,True,
1,62,20260823,20000,RUT,LINEAR,FINAL,TEMPLATE_OOD_EXACT,0.005,2.1606817245483403,0.773470769057221,0.0052045844637616,0.9915044375756918,0.8690203658082556,54853,470,89835,16065,5.204584463761696,0.0047456977569538,0.0056956806622175,0.9879680509894452,0.989318325860668,0.975206611570248,0.017972426775926,0.0409279663363047,HISTORICAL_CANONICAL_CURVE,True,
1,62,20260823,20000,RUT,LINEAR,FINAL,DOMAIN_TEMPLATE_OOD_EXACT,0.005,2.1606817245483403,0.7816263100831226,0.0096529814271749,0.9927475029377204,0.8746269381020552,54069,395,40525,15106,9.652981427174977,0.0087283468449769,0.0106481574853043,0.9914364469451205,0.9854707260652268,0.9805190714668178,0.0302297165200391,0.0649315738025415,HISTORICAL_CANONICAL_CURVE,True,
1,62,20260823,20000,RUT,LINEAR,FINAL,LATE_TEST_Q4,0.005,2.1606817245483403,0.741262486943946,0.0065643197458973,0.9977649603460708,0.8505969667634721,27678,62,9383,9661,6.564319745897301,0.005036421561052,0.008407366576794,0.9967145438778948,0.9877945334556602,0.9929970747274178,0.0250926416093171,0.049655902593965,HISTORICAL_CANONICAL_CURVE,True,
1,62,20260823,50000,RUT,LINEAR,FINAL,OFFICIAL_TEST,0.005,2.103220939636231,0.8250390625,0.0055445978522901,0.992077533701796,0.9008807910769252,63363,506,90754,13437,5.544597852290161,0.0050731248873558,0.0060479038822839,0.9909949961395834,0.9914226366887876,0.984211500405746,0.0121520929213236,0.0295967565198334,HISTORICAL_CANONICAL_CURVE,True,
1,62,20260823,50000,RUT,LINEAR,FINAL,DOMAIN_OOD_EXACT,0.005,2.103220939636231,0.8319487364717529,0.0102268862653646,0.993275834531225,0.9054826333529896,62189,421,40745,12562,10.22688626536462,0.0092775149924196,0.0112462593155351,0.993700745665816,0.988516348194612,0.987349388749468,0.0209396103580624,0.0477335665354904,HISTORICAL_CANONICAL_CURVE,True,
1,62,20260823,50000,RUT,LINEAR,FINAL,TEMPLATE_OOD_EXACT,0.005,2.103220939636231,0.8264474463464847,0.0055146448147943,0.9915747445354268,0.9015120052912496,58610,498,89807,12308,5.514644814794308,0.0050420442821714,0.0060194207682089,0.9906029224199828,0.9915092846805,0.9833911100839688,0.0119373235147555,0.0289906428215491,HISTORICAL_CANONICAL_CURVE,True,
1,62,20260823,50000,RUT,LINEAR,FINAL,DOMAIN_TEMPLATE_OOD_EXACT,0.005,2.103220939636231,0.8340730032526201,0.0101173020527859,0.9928757033952263,0.90657260028597,57697,414,40506,11478,10.117302052785924,0.0091703415842686,0.0111347103419533,0.9934612603841716,0.9888284764828884,0.9867845598022438,0.0203812316715542,0.046041055718475,HISTORICAL_CANONICAL_CURVE,True,
1,62,20260823,50000,RUT,LINEAR,FINAL,LATE_TEST_Q4,0.005,2.103220939636231,0.8101448887222475,0.0075172048703017,0.9976583885755748,0.8941767661838604,30250,71,9374,7089,7.517204870301747,0.0058755321330082,0.0094726055657797,0.9973629226214342,0.9902005165753384,0.9949669893714658,0.0179989412387506,0.0390682901005823,HISTORICAL_CANONICAL_CURVE,True,
1,62,20260823,100000,RUT,LINEAR,FINAL,OFFICIAL_TEST,0.005,2.122040748596192,0.8421875,0.0052487398641244,0.9926487515155236,0.9112490226051184,64680,479,90781,12120,5.248739864124479,0.0047902382248018,0.0057391065328666,0.9918212181890208,0.9920959396858334,0.9871187021592596,0.0098838483453868,0.0261450799912338,HISTORICAL_CANONICAL_CURVE,True,
1,62,20260823,100000,RUT,LINEAR,FINAL,DOMAIN_OOD_EXACT,0.005,2.122040748596192,0.8486441652954475,0.0095710051984647,0.9938274506117716,0.91551572354274,63437,394,40772,11314,9.571005198464752,0.0086530556697062,0.0105590878244817,0.9944078658722334,0.9897184939444876,0.98983434842734,0.0167856969343633,0.0410290045182917,HISTORICAL_CANONICAL_CURVE,True,
1,62,20260823,100000,RUT,LINEAR,FINAL,TEMPLATE_OOD_EXACT,0.005,2.122040748596192,0.8430017766998505,0.0052156580477271,0.9921832213094348,0.9115290494232808,59784,471,89834,11134,5.215658047727147,0.0047562745269038,0.0057072498219089,0.9915422539396446,0.9922417866139543,0.9864468071954008,0.0097115331377,0.0250262997619179,HISTORICAL_CANONICAL_CURVE,True,
1,62,20260823,100000,RUT,LINEAR,FINAL,DOMAIN_TEMPLATE_OOD_EXACT,0.005,2.122040748596192,0.8499457896638959,0.0094574780058651,0.9934608495826434,0.9161167680765364,58795,387,40533,10380,9.457478005865102,0.0085424088228912,0.0104431287007133,0.9942484928374362,0.9900996721237346,0.9893402386134368,0.0163978494623655,0.0387341153470185,HISTORICAL_CANONICAL_CURVE,True,
1,62,20260823,100000,RUT,LINEAR,FINAL,LATE_TEST_Q4,0.005,2.122040748596192,0.8304989421248561,0.0071995764955002,0.9978119570113908,0.9064998465293712,31010,68,9377,6329,7.199576495500265,0.0055949641049867,0.0091183723104806,0.9976360519821142,0.9912037367390252,0.9959406204628284,0.0145050291159343,0.0369507676019057,HISTORICAL_CANONICAL_CURVE,True,
1,62,20260823,200000,RUT,LINEAR,FINAL,OFFICIAL_TEST,0.005,2.013790130615235,0.8571744791666667,0.0054788516326977,0.9924620464036424,0.9198706080443788,65831,500,90760,10969,5.478851632697786,0.0050102301956925,0.005979313146278,0.9923337637676248,0.9925603376370856,0.9882778436950524,0.0089853166776243,0.0242493973263204,HISTORICAL_CANONICAL_CURVE,True,
1,62,20260823,200000,RUT,LINEAR,FINAL,DOMAIN_OOD_EXACT,0.005,2.013790130615235,0.8635335982127329,0.0099596754603313,0.9936884236453202,0.9240503611025616,64550,410,40756,10201,9.959675460331342,0.0090229766658509,0.0109664290733086,0.9947914136209908,0.9903516795390164,0.9909567573936608,0.0149152212991303,0.0377010154010591,HISTORICAL_CANONICAL_CURVE,True,
1,62,20260823,200000,RUT,LINEAR,FINAL,TEMPLATE_OOD_EXACT,0.005,2.013790130615235,0.8594433007135001,0.0054260561430707,0.9920247395833334,0.920987020051678,60950,490,89815,9968,5.426056143070705,0.0049573329710398,0.0059269643472769,0.9921402302816074,0.992749313803723,0.9880034673849108,0.008582027573224,0.022889098056586,HISTORICAL_CANONICAL_CURVE,True,
1,62,20260823,200000,RUT,LINEAR,FINAL,DOMAIN_TEMPLATE_OOD_EXACT,0.005,2.013790130615235,0.8662378026743766,0.0098240469208211,0.9933359856773424,0.9254434397176812,59922,402,40518,9253,9.824046920821116,0.0088911240252174,0.0108274765608553,0.994696469330226,0.9907929200488512,0.9908192652229948,0.0141006842619745,0.0349462365591397,HISTORICAL_CANONICAL_CURVE,True,
1,62,20260823,200000,RUT,LINEAR,FINAL,LATE_TEST_Q4,0.005,2.013790130615235,0.846059080318166,0.0074113287453679,0.997789078045545,0.9156811594202898,31591,70,9375,5748,7.411328745367919,0.0057819189546625,0.0093546164952586,0.9977371198324468,0.9916000016502828,0.996062875580948,0.014081524616199,0.0345156167284277,HISTORICAL_CANONICAL_CURVE,True,
2,82,20260833,200000,R0,LINEAR,FINAL,OFFICIAL_TEST,0.005,2.5348377227783208,0.7792447916666667,0.0061582292351523,0.9906965964772878,0.8723398052591685,59846,562,90698,16954,6.158229235152312,0.0056609301974939,0.0066872981089901,0.9878596953278096,0.9890162470779456,0.972809412559462,0.0211702827087442,0.0478194170501862,HISTORICAL_CANONICAL_CURVE,True,
2,82,20260833,200000,R0,LINEAR,FINAL,DOMAIN_OOD_EXACT,0.005,2.5348377227783208,0.7895412770397721,0.0115872321818976,0.9919826542960872,0.8792598717289772,59019,477,40689,15732,11.587232181897685,0.0105758451665335,0.0126683593028246,0.9913272446746486,0.9843572092406434,0.979015687301726,0.0350289073507263,0.0726084632949521,HISTORICAL_CANONICAL_CURVE,True,
2,82,20260833,200000,R0,LINEAR,FINAL,TEMPLATE_OOD_EXACT,0.005,2.5348377227783208,0.7801686454778759,0.0061347655168595,0.9900862531763358,0.8726813880126184,55328,554,89751,15590,6.134765516859531,0.0056358666048958,0.0066657749759674,0.9874002446048692,0.9892580070098108,0.9716695337118848,0.0206079397597032,0.0456453131055866,HISTORICAL_CANONICAL_CURVE,True,
2,82,20260833,200000,R0,LINEAR,FINAL,DOMAIN_TEMPLATE_OOD_EXACT,0.005,2.5348377227783208,0.7908782074448861,0.0114613880742913,0.9915002356011454,0.8798983538796813,54709,469,40451,14466,11.4613880742913,0.0104526238152077,0.0125403387166989,0.9910251031718984,0.9848493577956372,0.978408787340698,0.0335777126099706,0.0685972629521016,HISTORICAL_CANONICAL_CURVE,True,
2,82,20260833,200000,R0,LINEAR,FINAL,LATE_TEST_Q4,0.005,2.5348377227783208,0.7543587134095717,0.0089994706193753,0.996991363443296,0.8588678324770166,28167,85,9360,9172,8.999470619375332,0.0071946038990732,0.0111161243070289,0.996292123170298,0.986179575905992,0.9918574463063488,0.0292218104817363,0.0631021704605611,HISTORICAL_CANONICAL_CURVE,True,
2,82,20260833,2000,RUT,LINEAR,FINAL,OFFICIAL_TEST,0.005,2.75487756729126,0.6678776041666666,0.0054131054131054,0.9904609264873424,0.7977944893340696,51293,494,90766,25507,5.413105413105413,0.0049473529446651,0.0059107050207037,0.9801283859916704,0.982310408191568,0.945529656379952,0.0436335744028051,0.0854810431733508,HISTORICAL_CANONICAL_CURVE,True,
2,82,20260833,2000,RUT,LINEAR,FINAL,DOMAIN_OOD_EXACT,0.005,2.75487756729126,0.6768738879747428,0.0104212213962979,0.991592521459648,0.8045509115339053,50597,429,40737,24154,10.421221396297916,0.0094627405769038,0.0114496657872979,0.9850701897620178,0.9735933566814576,0.9567808180215028,0.0738230578632852,0.1358159646310061,HISTORICAL_CANONICAL_CURVE,True,
2,82,20260833,2000,RUT,LINEAR,FINAL,TEMPLATE_OOD_EXACT,0.005,2.75487756729126,0.6648664654953609,0.0053485410553125,0.9898601839022548,0.7954484108239422,47151,483,89822,23767,5.348541055312553,0.0048832370398875,0.0058460385918867,0.9787534869752886,0.98213162850003,0.941456723110508,0.0439510547588727,0.0851780078622446,HISTORICAL_CANONICAL_CURVE,True,
2,82,20260833,2000,RUT,LINEAR,FINAL,DOMAIN_TEMPLATE_OOD_EXACT,0.005,2.75487756729126,0.674737983375497,0.0103861192570869,0.990976645435244,0.8028380993334766,46675,425,40495,22500,10.386119257086998,0.0094264739633539,0.0114161590012696,0.9839897777047724,0.9734227417040874,0.9534880159277128,0.0742179863147605,0.1351906158357771,HISTORICAL_CANONICAL_CURVE,True,
2,82,20260833,2000,RUT,LINEAR,FINAL,LATE_TEST_Q4,0.005,2.75487756729126,0.6542756902970085,0.0058231868713605,0.9977537267714928,0.7903079710144928,24430,55,9390,12909,5.823186871360508,0.0043897452916448,0.0075730158926316,0.994594064690129,0.9800416358945896,0.9853984636134404,0.052726310217046,0.0977236633139227,HISTORICAL_CANONICAL_CURVE,True,
2,82,20260833,5000,RUT,LINEAR,FINAL,OFFICIAL_TEST,0.005,2.565749883651734,0.6973307291666667,0.0054240631163708,0.9908418131359852,0.8185708826901031,53555,495,90765,23245,5.424063116370808,0.0049578312620105,0.0059221409291803,0.9839167878879624,0.9856303672057628,0.960707187235048,0.0309774271312732,0.0642778873548104,HISTORICAL_CANONICAL_CURVE,True,
2,82,20260833,5000,RUT,LINEAR,FINAL,DOMAIN_OOD_EXACT,0.005,2.565749883651734,0.705114312852002,0.0101297186998979,0.992150588235294,0.8243610998154463,52708,417,40749,22043,10.129718699897976,0.0091849356474426,0.0111445227475618,0.9879065533682426,0.9783369229379084,0.9682094234809888,0.0536607880289559,0.1065685274255453,HISTORICAL_CANONICAL_CURVE,True,
2,82,20260833,5000,RUT,LINEAR,FINAL,TEMPLATE_OOD_EXACT,0.005,2.565749883651734,0.6889788206097183,0.0053374674713471,0.9902316437995258,0.8125826327737172,48861,482,89823,22057,5.337467471347101,0.0048726539564129,0.0058344757263263,0.982720659168704,0.9854813614169988,0.9573159757633932,0.0315154199656718,0.0641160511599579,HISTORICAL_CANONICAL_CURVE,True,
2,82,20260833,5000,RUT,LINEAR,FINAL,DOMAIN_TEMPLATE_OOD_EXACT,0.005,2.565749883651734,0.6974051319118179,0.0100928641251221,0.9915118382111148,0.8188507268885098,48243,413,40507,20932,10.09286412512219,0.0091470653856355,0.0111091155669332,0.986919596488544,0.9781049659776708,0.965780411379642,0.0539100684261974,0.1062561094819159,HISTORICAL_CANONICAL_CURVE,True,
2,82,20260833,5000,RUT,LINEAR,FINAL,LATE_TEST_Q4,0.005,2.565749883651734,0.6562575323388414,0.0061408152461619,0.9976386287761584,0.7917158042681055,24504,58,9387,12835,6.14081524616199,0.0046661837425527,0.0079312863338884,0.9954231750380044,0.9831476365988518,0.9892852937713412,0.0385389094759131,0.0718898888300688,HISTORICAL_CANONICAL_CURVE,True,
2,82,20260833,10000,RUT,LINEAR,FINAL,OFFICIAL_TEST,0.005,2.4379420280456547,0.722734375,0.0053035283804514,0.9913555992141454,0.8359966864974774,55506,484,90776,21294,5.303528380451458,0.0048425971488442,0.0057963186399307,0.9867988071504308,0.988195430851756,0.9687881038808146,0.0244028051720359,0.0500657462195923,HISTORICAL_CANONICAL_CURVE,True,
2,82,20260833,10000,RUT,LINEAR,FINAL,DOMAIN_OOD_EXACT,0.005,2.4379420280456547,0.7299567898757208,0.0100811349171646,0.9924518006547836,0.841202179895322,54565,415,40751,20186,10.08113491716465,0.0091386544754889,0.0110936459926359,0.9901415498285764,0.9824297116311984,0.975297187590606,0.0413933828887917,0.0817665063401836,HISTORICAL_CANONICAL_CURVE,True,
2,82,20260833,10000,RUT,LINEAR,FINAL,TEMPLATE_OOD_EXACT,0.005,2.4379420280456547,0.7189571053893229,0.0052710259675543,0.9907506363795348,0.8332502594356966,50987,476,89829,19931,5.271025967554399,0.0048091663720179,0.0057650876497744,0.98593757992394,0.9881718797488728,0.9664905134689056,0.0245058413155417,0.049343890150047,HISTORICAL_CANONICAL_CURVE,True,
2,82,20260833,10000,RUT,LINEAR,FINAL,DOMAIN_TEMPLATE_OOD_EXACT,0.005,2.4379420280456547,0.7267799060354174,0.0099706744868035,0.991949963498609,0.8389093760950458,50275,408,40512,18900,9.97067448680352,0.0090307062380559,0.0109811199234075,0.9894649534056152,0.9824578765021774,0.9733181192947356,0.0417155425219941,0.081060606060606,HISTORICAL_CANONICAL_CURVE,True,
2,82,20260833,10000,RUT,LINEAR,FINAL,LATE_TEST_Q4,0.005,2.4379420280456547,0.671415945793942,0.0066701958708311,0.9974933354553774,0.802599564604943,25070,63,9382,12269,6.670195870831128,0.0051292570168881,0.0085261169546909,0.9959709865080008,0.98534621292948,0.9903084219518662,0.0348332451032292,0.0626786659608258,HISTORICAL_CANONICAL_CURVE,True,
2,82,20260833,20000,RUT,LINEAR,FINAL,OFFICIAL_TEST,0.005,2.2821660041809086,0.7625911458333333,0.0049638395792241,0.992324635716706,0.8624208511264909,58567,453,90807,18233,4.963839579224195,0.0045181846671805,0.0054413913890392,0.9891173842764592,0.990063054805067,0.9759548182139076,0.0186609686609686,0.0404558404558404,HISTORICAL_CANONICAL_CURVE,True,
2,82,20260833,20000,RUT,LINEAR,FINAL,DOMAIN_OOD_EXACT,0.005,2.2821660041809086,0.7692472341507137,0.0094738376329981,0.9932633179023008,0.8670189908249963,57502,390,40776,17249,9.473837632998103,0.0085606363126888,0.0104571918427752,0.9920549773825096,0.9856802163386172,0.9807005524539744,0.0321624641694602,0.0655638147986202,HISTORICAL_CANONICAL_CURVE,True,
2,82,20260833,20000,RUT,LINEAR,FINAL,TEMPLATE_OOD_EXACT,0.005,2.2821660041809086,0.7617107081417975,0.0049055976966945,0.9918658881421908,0.8616844791832828,54019,443,89862,16899,4.905597696694535,0.0044603337393723,0.0053831052419755,0.9884498222576784,0.990022505898462,0.9744137762579383,0.0185593267260949,0.0394884004207961,HISTORICAL_CANONICAL_CURVE,True,
2,82,20260833,20000,RUT,LINEAR,FINAL,DOMAIN_TEMPLATE_OOD_EXACT,0.005,2.2821660041809086,0.7690205999277195,0.0093352883675464,0.9928703409918064,0.8667253205598189,53197,382,40538,15978,9.33528836754643,0.0084262492473431,0.0103149342157856,0.9915485188677488,0.9857138316021,0.9794075542341152,0.0319892473118279,0.0640762463343108,HISTORICAL_CANONICAL_CURVE,True,
2,82,20260833,20000,RUT,LINEAR,FINAL,LATE_TEST_Q4,0.005,2.2821660041809086,0.716703714614746,0.0061408152461619,0.9978373541146204,0.8342217650176128,26761,58,9387,10578,6.14081524616199,0.0046661837425527,0.0079312863338884,0.9967204462882606,0.9880037564063116,0.992505606042724,0.0268925357331921,0.0548438327157226,HISTORICAL_CANONICAL_CURVE,True,
2,82,20260833,50000,RUT,LINEAR,FINAL,DOMAIN_OOD_EXACT,0.005,2.123510837554932,0.808724966890075,0.009619588981198,0.9934920869693832,0.8916371681415929,60453,396,40770,14298,9.619588981198076,0.0086992746416742,0.0106100265562298,0.9933775153220566,0.988005453332192,0.9845620299101524,0.0256279453918282,0.0567458582325219,HISTORICAL_CANONICAL_CURVE,True,
2,82,20260833,50000,RUT,LINEAR,FINAL,TEMPLATE_OOD_EXACT,0.005,2.123510837554932,0.8045912180264531,0.0053485410553125,0.9916062770449924,0.8883630051143927,57060,483,89822,13858,5.348541055312553,0.0048832370398875,0.0058460385918867,0.9902081360831966,0.9914451823264944,0.9796632541863,0.0146724987542218,0.0339516084380709,HISTORICAL_CANONICAL_CURVE,True,
2,82,20260833,50000,RUT,LINEAR,FINAL,DOMAIN_TEMPLATE_OOD_EXACT,0.005,2.123510837554932,0.8115215034333213,0.0095307917888563,0.993100642170998,0.8931759240107556,56137,390,40530,13038,9.530791788856304,0.0086121237745716,0.0105200262575969,0.9930372170470928,0.9881442014370596,0.9840519694000126,0.0246578690127077,0.054960899315738,HISTORICAL_CANONICAL_CURVE,True,
2,82,20260833,50000,RUT,LINEAR,FINAL,LATE_TEST_Q4,0.005,2.123510837554932,0.7676156297704813,0.0066701958708311,0.9978067885117492,0.867704044562848,28662,63,9382,8677,6.670195870831128,0.0051292570168881,0.0085261169546909,0.9972028127459204,0.9897475919589892,0.9932358588096292,0.0242456326098464,0.0476442562202223,HISTORICAL_CANONICAL_CURVE,True,
2,82,20260833,50000,RUT,LINEAR,FINAL,OFFICIAL_TEST,0.005,2.123510837554932,0.8023046875,0.0053802323033092,0.99209441617827,0.8871627264088461,61617,491,90769,15183,5.380232303309226,0.0049159209580977,0.0058763943386045,0.990716362490742,0.9914555457535476,0.9803293103203756,0.0151983344291036,0.0345825115055884,HISTORICAL_CANONICAL_CURVE,True,
2,82,20260833,100000,RUT,LINEAR,FINAL,TEMPLATE_OOD_EXACT,0.005,2.0458283424377446,0.8352745424292846,0.0054371297270361,0.991779262310178,0.9068238355849824,59236,491,89814,11682,5.437129727036155,0.0049679201348334,0.0059385231447949,0.9913113803414044,0.9921526109101808,0.9845142980534904,0.0111178783013122,0.0275178561541442,HISTORICAL_CANONICAL_CURVE,True,
2,82,20260833,100000,RUT,LINEAR,FINAL,DOMAIN_TEMPLATE_OOD_EXACT,0.005,2.0458283424377446,0.8421395012649079,0.0097018572825024,0.9932312623610448,0.9114662786422274,58255,397,40523,10920,9.701857282502443,0.0087748469542971,0.0106993991353827,0.9940060179950184,0.9897039636958554,0.9881131865864692,0.0183040078201368,0.0418621700879765,HISTORICAL_CANONICAL_CURVE,True,
2,82,20260833,100000,RUT,LINEAR,FINAL,LATE_TEST_Q4,0.005,2.0458283424377446,0.812421328905434,0.0069878242456326,0.9978290187822768,0.8956303513433717,30335,66,9379,7004,6.98782424563261,0.0054083846265516,0.0088817604881413,0.9974888933962,0.9907406736592812,0.9948786264061577,0.0183165696135521,0.041079936474325,HISTORICAL_CANONICAL_CURVE,True,
2,82,20260833,100000,RUT,LINEAR,FINAL,OFFICIAL_TEST,0.005,2.0458283424377446,0.8331901041666666,0.0054788516326977,0.9922467397540666,0.9057888441421484,63989,500,90760,12811,5.478851632697786,0.0050102301956925,0.005979313146278,0.9916856225626826,0.9921019333925736,0.9851488676367888,0.0114179268025421,0.0286105632259478,HISTORICAL_CANONICAL_CURVE,True,
2,82,20260833,100000,RUT,LINEAR,FINAL,DOMAIN_OOD_EXACT,0.005,2.0458283424377446,0.8395071637837621,0.009838216003498,0.9935876122167862,0.910071785947357,62754,405,40761,11997,9.838216003498031,0.0089073352643853,0.0108391758749404,0.994236682791428,0.9894602507083464,0.9885403658267832,0.0189476752659962,0.0444784530923577,HISTORICAL_CANONICAL_CURVE,True,
2,82,20260833,200000,RUT,LINEAR,FINAL,DOMAIN_TEMPLATE_OOD_EXACT,0.005,2.013790130615235,0.8662378026743766,0.0098240469208211,0.9933359856773424,0.9254434397176812,59922,402,40518,9253,9.824046920821116,0.0088911240252174,0.0108274765608553,0.994696469330226,0.9907929200488512,0.9908192652229948,0.0141006842619745,0.0349462365591397,HISTORICAL_CANONICAL_CURVE,True,
2,82,20260833,200000,RUT,LINEAR,FINAL,LATE_TEST_Q4,0.005,2.013790130615235,0.846059080318166,0.0074113287453679,0.997789078045545,0.9156811594202898,31591,70,9375,5748,7.411328745367919,0.0057819189546625,0.0093546164952586,0.9977371198324468,0.9916000016502828,0.996062875580948,0.014081524616199,0.0345156167284277,HISTORICAL_CANONICAL_CURVE,True,
2,82,20260833,200000,RUT,LINEAR,FINAL,OFFICIAL_TEST,0.005,2.013790130615235,0.8571744791666667,0.0054788516326977,0.9924620464036424,0.9198706080443788,65831,500,90760,10969,5.478851632697786,0.0050102301956925,0.005979313146278,0.9923337637676248,0.9925603376370856,0.9882778436950524,0.0089853166776243,0.0242493973263204,HISTORICAL_CANONICAL_CURVE,True,
2,82,20260833,200000,RUT,LINEAR,FINAL,DOMAIN_OOD_EXACT,0.005,2.013790130615235,0.8635335982127329,0.0099596754603313,0.9936884236453202,0.9240503611025616,64550,410,40756,10201,9.959675460331342,0.0090229766658509,0.0109664290733086,0.9947914136209908,0.9903516795390164,0.9909567573936608,0.0149152212991303,0.0377010154010591,HISTORICAL_CANONICAL_CURVE,True,
2,82,20260833,200000,RUT,LINEAR,FINAL,TEMPLATE_OOD_EXACT,0.005,2.013790130615235,0.8594433007135001,0.0054260561430707,0.9920247395833334,0.920987020051678,60950,490,89815,9968,5.426056143070705,0.0049573329710398,0.0059269643472769,0.9921402302816074,0.992749313803723,0.9880034673849108,0.008582027573224,0.022889098056586,HISTORICAL_CANONICAL_CURVE,True,
3,102,20260843,200000,R0,LINEAR,FINAL,OFFICIAL_TEST,0.005,2.5348377227783208,0.7792447916666667,0.0061582292351523,0.9906965964772878,0.8723398052591685,59846,562,90698,16954,6.158229235152312,0.0056609301974939,0.0066872981089901,0.9878596953278096,0.9890162470779456,0.972809412559462,0.0211702827087442,0.0478194170501862,HISTORICAL_CANONICAL_CURVE,True,
3,102,20260843,200000,R0,LINEAR,FINAL,DOMAIN_OOD_EXACT,0.005,2.5348377227783208,0.7895412770397721,0.0115872321818976,0.9919826542960872,0.8792598717289772,59019,477,40689,15732,11.587232181897685,0.0105758451665335,0.0126683593028246,0.9913272446746486,0.9843572092406434,0.979015687301726,0.0350289073507263,0.0726084632949521,HISTORICAL_CANONICAL_CURVE,True,
3,102,20260843,200000,R0,LINEAR,FINAL,TEMPLATE_OOD_EXACT,0.005,2.5348377227783208,0.7801686454778759,0.0061347655168595,0.9900862531763358,0.8726813880126184,55328,554,89751,15590,6.134765516859531,0.0056358666048958,0.0066657749759674,0.9874002446048692,0.9892580070098108,0.9716695337118848,0.0206079397597032,0.0456453131055866,HISTORICAL_CANONICAL_CURVE,True,
3,102,20260843,200000,R0,LINEAR,FINAL,DOMAIN_TEMPLATE_OOD_EXACT,0.005,2.5348377227783208,0.7908782074448861,0.0114613880742913,0.9915002356011454,0.8798983538796813,54709,469,40451,14466,11.4613880742913,0.0104526238152077,0.0125403387166989,0.9910251031718984,0.9848493577956372,0.978408787340698,0.0335777126099706,0.0685972629521016,HISTORICAL_CANONICAL_CURVE,True,
3,102,20260843,200000,R0,LINEAR,FINAL,LATE_TEST_Q4,0.005,2.5348377227783208,0.7543587134095717,0.0089994706193753,0.996991363443296,0.8588678324770166,28167,85,9360,9172,8.999470619375332,0.0071946038990732,0.0111161243070289,0.996292123170298,0.986179575905992,0.9918574463063488,0.0292218104817363,0.0631021704605611,HISTORICAL_CANONICAL_CURVE,True,
3,102,20260843,2000,RUT,LINEAR,FINAL,OFFICIAL_TEST,0.005,2.7652943134307866,0.5876822916666666,0.0051062897216743,0.989780701754386,0.7374836601307189,45134,466,90794,31666,5.1062897216743375,0.0046541659629276,0.0055902943011389,0.9681040322894816,0.970837331182884,0.9004129378508995,0.0837716414639491,0.1616042077580539,HISTORICAL_CANONICAL_CURVE,True,
3,102,20260843,2000,RUT,LINEAR,FINAL,DOMAIN_OOD_EXACT,0.005,2.7652943134307866,0.5950020735508555,0.0104698051790312,0.9904026008728956,0.7433958164450648,44477,431,40735,30274,10.46980517903124,0.009509060683583,0.0115005037413753,0.9759613280178476,0.9568847623162324,0.9247687253433036,0.13294952144974,0.2431132487975514,HISTORICAL_CANONICAL_CURVE,True,
3,102,20260843,2000,RUT,LINEAR,FINAL,TEMPLATE_OOD_EXACT,0.005,2.7652943134307866,0.5748611071942243,0.0050938486241071,0.9888425342000582,0.727052235478751,40768,460,89845,30150,5.093848624107192,0.0046399598760949,0.0055799593401049,0.9650737285052904,0.9698722045826946,0.8908210402914044,0.0866286473617186,0.1680859310115719,HISTORICAL_CANONICAL_CURVE,True,
3,102,20260843,2000,RUT,LINEAR,FINAL,DOMAIN_TEMPLATE_OOD_EXACT,0.005,2.7652943134307866,0.5829707264185038,0.0103861192570869,0.989571063996859,0.7337050951995415,40327,425,40495,28848,10.386119257086998,0.0094264739633539,0.0114161590012696,0.9733823681824244,0.9551850234628834,0.9160303097182372,0.1394672531769306,0.2505865102639296,HISTORICAL_CANONICAL_CURVE,True,
3,102,20260843,2000,RUT,LINEAR,FINAL,LATE_TEST_Q4,0.005,2.7652943134307866,0.5781890248801521,0.0064584436209634,0.9971824480369516,0.7319669768939971,21589,61,9384,15750,6.458443620963473,0.0049436938020252,0.0082885109275938,0.9898162216675896,0.9624384761079972,0.9663302567641392,0.1239809422975119,0.2034939121228163,HISTORICAL_CANONICAL_CURVE,True,
3,102,20260843,5000,RUT,LINEAR,FINAL,OFFICIAL_TEST,0.005,2.5503373146057133,0.6748697916666667,0.0055445978522901,0.9903317028431672,0.8027196134308017,51830,506,90754,24970,5.544597852290161,0.0050731248873558,0.0060479038822839,0.9812520345999232,0.9831653519562926,0.9508232801903792,0.0391737891737891,0.0763423186500109,HISTORICAL_CANONICAL_CURVE,True,
3,102,20260843,5000,RUT,LINEAR,FINAL,DOMAIN_OOD_EXACT,0.005,2.5503373146057133,0.6825728083905233,0.0103483457221979,0.9917199556842698,0.8086053882725832,51023,426,40740,23728,10.34834572219793,0.0093932706401191,0.0113733986676287,0.9863085430000404,0.9757539080663608,0.96287656529517,0.0630131662051207,0.1164067434290433,HISTORICAL_CANONICAL_CURVE,True,
3,102,20260843,5000,RUT,LINEAR,FINAL,TEMPLATE_OOD_EXACT,0.005,2.5503373146057133,0.6669533827801123,0.0054703504789325,0.9896637582909632,0.7968764478439234,47299,494,89811,23619,5.470350478932506,0.0049996846384749,0.0059731965340559,0.9800470782669866,0.9831181238757358,0.9484523827213694,0.0384142627761475,0.074370189911965,HISTORICAL_CANONICAL_CURVE,True,
3,102,20260843,5000,RUT,LINEAR,FINAL,DOMAIN_TEMPLATE_OOD_EXACT,0.005,2.5503373146057133,0.6753740513191182,0.0101417399804496,0.9911953154835152,0.8033600151321051,46719,415,40505,22456,10.141739980449657,0.0091936192270744,0.0111603036778728,0.9852913087362668,0.975628736565322,0.9603769510765624,0.0627810361681329,0.1151026392961876,HISTORICAL_CANONICAL_CURVE,True,
3,102,20260843,5000,RUT,LINEAR,FINAL,LATE_TEST_Q4,0.005,2.5503373146057133,0.6468571734647419,0.0084700899947061,0.9966987166260884,0.7845449230169557,24153,80,9365,13186,8.470089994706195,0.0067218038190347,0.0105308257994097,0.994118686192186,0.978627407443776,0.9840744752481044,0.0575966119640021,0.1011116993118051,HISTORICAL_CANONICAL_CURVE,True,
3,102,20260843,10000,RUT,LINEAR,FINAL,DOMAIN_OOD_EXACT,0.005,2.4928357601165776,0.749916389078407,0.0091094592624981,0.99335483413666,0.8546381772028389,56057,375,40791,18694,9.109459262498175,0.0082142904567865,0.0100748560319685,0.9907932854590012,0.9833691500212194,0.9800282605212172,0.0333041830636933,0.0761064956517514,HISTORICAL_CANONICAL_CURVE,True,
3,102,20260843,10000,RUT,LINEAR,FINAL,TEMPLATE_OOD_EXACT,0.005,2.4928357601165776,0.7370202205363942,0.0048280826089363,0.9917273831208258,0.8456100046917215,52268,436,89869,18650,4.828082608936382,0.004386418769916,0.0053019990980408,0.9862356268585412,0.9878934946135668,0.9718918918918918,0.0204418360002214,0.0477160733071258,HISTORICAL_CANONICAL_CURVE,True,
3,102,20260843,10000,RUT,LINEAR,FINAL,DOMAIN_TEMPLATE_OOD_EXACT,0.005,2.4928357601165776,0.7452547885796892,0.0089687194525904,0.9929314329738058,0.8514472108675009,51553,367,40553,17622,8.96871945259042,0.0080780179107169,0.0099301043210291,0.9901383176772508,0.98329619722176,0.9786702294875824,0.0331622678396872,0.0745845552297165,HISTORICAL_CANONICAL_CURVE,True,
3,102,20260843,10000,RUT,LINEAR,FINAL,LATE_TEST_Q4,0.005,2.4928357601165776,0.7223010793004633,0.0066701958708311,0.9976695150371768,0.8379419623438763,26970,63,9382,10369,6.670195870831128,0.0051292570168881,0.0085261169546909,0.996359597055792,0.986478237372208,0.9917694259248332,0.0295394388565378,0.061302276336686,HISTORICAL_CANONICAL_CURVE,True,
3,102,20260843,10000,RUT,LINEAR,FINAL,OFFICIAL_TEST,0.005,2.4928357601165776,0.7424869791666666,0.0048980933596318,0.9922220288846356,0.8493781187160199,57023,447,90813,19777,4.898093359631821,0.0044554558259981,0.0053726353132834,0.9870472993311722,0.9879655567141044,0.9729600382866714,0.0210497479728248,0.0493534955073416,HISTORICAL_CANONICAL_CURVE,True,
3,102,20260843,20000,RUT,LINEAR,FINAL,TEMPLATE_OOD_EXACT,0.005,2.2432904243469243,0.7954821060943625,0.0049720392004872,0.9921038285000792,0.8829794726915582,56414,449,89856,14504,4.972039200487238,0.0045237123304597,0.0054526019666304,0.9890747211525854,0.9902191185388126,0.9786571809693198,0.0154144288799069,0.0374619345551187,HISTORICAL_CANONICAL_CURVE,True,
3,102,20260843,20000,RUT,LINEAR,FINAL,DOMAIN_TEMPLATE_OOD_EXACT,0.005,2.2432904243469243,0.803252620166245,0.0089442815249266,0.9934562228460068,0.8882867328505426,55565,366,40554,13610,8.944281524926685,0.0080548160527939,0.0099044354832585,0.9923908091797564,0.9869890655508772,0.9837272497472194,0.0251710654936461,0.0592375366568914,HISTORICAL_CANONICAL_CURVE,True,
3,102,20260843,20000,RUT,LINEAR,FINAL,LATE_TEST_Q4,0.005,2.2432904243469243,0.7750073649535338,0.0062466913710958,0.9979653067558713,0.8724674384949349,28938,59,9386,8401,6.246691371095817,0.0047585720755803,0.0080504735155597,0.9970869533940424,0.9892082515097712,0.9930867407232332,0.0247750132345156,0.0499735309687665,HISTORICAL_CANONICAL_CURVE,True,
3,102,20260843,20000,RUT,LINEAR,FINAL,OFFICIAL_TEST,0.005,2.2432904243469243,0.7995703125,0.0050405435020819,0.9925646952333232,0.885675755587126,61407,460,90800,15393,5.040543502081963,0.0045913938301902,0.0055215813781482,0.9898549713894786,0.9904081276481116,0.980230876138072,0.0152750383519614,0.037563006793776,HISTORICAL_CANONICAL_CURVE,True,
3,102,20260843,20000,RUT,LINEAR,FINAL,DOMAIN_OOD_EXACT,0.005,2.2432904243469243,0.8066915492769328,0.0091337511538648,0.9938032532920216,0.8905248545352512,60301,376,40790,14450,9.13375115386484,0.008237368781245,0.0101003564417081,0.9929508268655824,0.9871519443678506,0.9849786978610016,0.024923480542195,0.0589564203468882,HISTORICAL_CANONICAL_CURVE,True,
3,102,20260843,50000,RUT,LINEAR,FINAL,DOMAIN_TEMPLATE_OOD_EXACT,0.005,2.2282180786132817,0.8294325984821106,0.0094574780058651,0.9933002094766546,0.9040003781373585,57376,387,40533,11799,9.457478005865102,0.0085424088228912,0.0104431287007133,0.9935359459838314,0.988972613446919,0.9875501562177852,0.0191837732160312,0.0463587487781036,HISTORICAL_CANONICAL_CURVE,True,
3,102,20260843,50000,RUT,LINEAR,FINAL,LATE_TEST_Q4,0.005,2.2282180786132817,0.8094217841934707,0.0070937003705664,0.9977880488610102,0.8937881677978382,30223,67,9378,7116,7.093700370566437,0.005501626405098,0.0090001133578429,0.9974862348688968,0.990829693933103,0.9952065333175524,0.01715193223928,0.0393859184753838,HISTORICAL_CANONICAL_CURVE,True,
3,102,20260843,50000,RUT,LINEAR,FINAL,OFFICIAL_TEST,0.005,2.2282180786132817,0.8217447916666667,0.0053035283804514,0.9923892191087208,0.8990412695699247,63110,484,90776,13690,5.303528380451458,0.0048425971488442,0.0057963186399307,0.9911731275640836,0.991617827626767,0.984630067519444,0.0118233618233618,0.0299693184308568,HISTORICAL_CANONICAL_CURVE,True,
3,102,20260843,50000,RUT,LINEAR,FINAL,DOMAIN_OOD_EXACT,0.005,2.2282180786132817,0.8284838998809381,0.0096438808725647,0.9936303688610072,0.9035731481346388,61930,397,40769,12821,9.643880872564738,0.0087223864306582,0.0106354936275669,0.9938718853009694,0.9888718652616676,0.988103281144435,0.019676432006996,0.0476849827527571,HISTORICAL_CANONICAL_CURVE,True,
3,102,20260843,50000,RUT,LINEAR,FINAL,TEMPLATE_OOD_EXACT,0.005,2.2282180786132817,0.8220903014749429,0.0052488787996234,0.9919353466609954,0.8990616301573717,58301,474,89831,12617,5.248878799623498,0.0047880080416224,0.0057419541060583,0.9906611679416,0.9915698496179408,0.9838458574181116,0.011605115995792,0.0290460107413764,HISTORICAL_CANONICAL_CURVE,True,
3,102,20260843,100000,RUT,LINEAR,FINAL,OFFICIAL_TEST,0.005,2.1281340122222905,0.8479557291666666,0.0052487398641244,0.9926983933416664,0.9146360303928316,65123,479,90781,11677,5.248739864124479,0.0047902382248018,0.0057391065328666,0.9921898937110314,0.9925170781797884,0.9871185182011624,0.0098838483453868,0.0251588866973482,HISTORICAL_CANONICAL_CURVE,True,
3,102,20260843,100000,RUT,LINEAR,FINAL,DOMAIN_OOD_EXACT,0.005,2.1281340122222905,0.854329707963773,0.0095710051984647,0.9938682768924304,0.9188314257555374,63862,394,40772,10889,9.571005198464752,0.0086530556697062,0.0105590878244817,0.9946217670415392,0.9901311850720836,0.9897896130645872,0.0168585726084632,0.0394743234708254,HISTORICAL_CANONICAL_CURVE,True,
3,102,20260843,100000,RUT,LINEAR,FINAL,TEMPLATE_OOD_EXACT,0.005,2.1281340122222905,0.8486984968555232,0.0052045844637616,0.992251640344225,0.9148780932692891,60188,470,89835,10730,5.204584463761696,0.0047456977569538,0.0056956806622175,0.9918303245687424,0.9925536172737692,0.986583198083314,0.0096118708820109,0.0239300149493383,HISTORICAL_CANONICAL_CURVE,True,
3,102,20260843,100000,RUT,LINEAR,FINAL,DOMAIN_TEMPLATE_OOD_EXACT,0.005,2.1281340122222905,0.8556125767979762,0.0094086021505376,0.9935372322567648,0.9194311323759,59187,385,40535,9988,9.408602150537634,0.0084959401602289,0.0103918557209214,0.9943991595491826,0.9903459311866112,0.9894802078532948,0.0161779081133919,0.0374877810361681,HISTORICAL_CANONICAL_CURVE,True,
3,102,20260843,100000,RUT,LINEAR,FINAL,LATE_TEST_Q4,0.005,2.1281340122222905,0.8366051581456386,0.0080465854949708,0.9975729705563008,0.9100257818303644,31238,76,9369,6101,8.046585494970884,0.0063448821812544,0.0100612916918886,0.997739514352696,0.9916759373375194,0.9958547995499496,0.0148226574907358,0.034939121228163,HISTORICAL_CANONICAL_CURVE,True,
3,102,20260843,200000,RUT,LINEAR,FINAL,OFFICIAL_TEST,0.005,2.013790130615235,0.8571744791666667,0.0054788516326977,0.9924620464036424,0.9198706080443788,65831,500,90760,10969,5.478851632697786,0.0050102301956925,0.005979313146278,0.9923337637676248,0.9925603376370856,0.9882778436950524,0.0089853166776243,0.0242493973263204,HISTORICAL_CANONICAL_CURVE,True,
3,102,20260843,200000,RUT,LINEAR,FINAL,DOMAIN_OOD_EXACT,0.005,2.013790130615235,0.8635335982127329,0.0099596754603313,0.9936884236453202,0.9240503611025616,64550,410,40756,10201,9.959675460331342,0.0090229766658509,0.0109664290733086,0.9947914136209908,0.9903516795390164,0.9909567573936608,0.0149152212991303,0.0377010154010591,HISTORICAL_CANONICAL_CURVE,True,
3,102,20260843,200000,RUT,LINEAR,FINAL,TEMPLATE_OOD_EXACT,0.005,2.013790130615235,0.8594433007135001,0.0054260561430707,0.9920247395833334,0.920987020051678,60950,490,89815,9968,5.426056143070705,0.0049573329710398,0.0059269643472769,0.9921402302816074,0.992749313803723,0.9880034673849108,0.008582027573224,0.022889098056586,HISTORICAL_CANONICAL_CURVE,True,
3,102,20260843,200000,RUT,LINEAR,FINAL,DOMAIN_TEMPLATE_OOD_EXACT,0.005,2.013790130615235,0.8662378026743766,0.0098240469208211,0.9933359856773424,0.9254434397176812,59922,402,40518,9253,9.824046920821116,0.0088911240252174,0.0108274765608553,0.994696469330226,0.9907929200488512,0.9908192652229948,0.0141006842619745,0.0349462365591397,HISTORICAL_CANONICAL_CURVE,True,
3,102,20260843,200000,RUT,LINEAR,FINAL,LATE_TEST_Q4,0.005,2.013790130615235,0.846059080318166,0.0074113287453679,0.997789078045545,0.9156811594202898,31591,70,9375,5748,7.411328745367919,0.0057819189546625,0.0093546164952586,0.9977371198324468,0.9916000016502828,0.996062875580948,0.014081524616199,0.0345156167284277,HISTORICAL_CANONICAL_CURVE,True,
4,122,20260853,200000,R0,LINEAR,FINAL,TEMPLATE_OOD_EXACT,0.005,2.5348377227783208,0.7801686454778759,0.0061347655168595,0.9900862531763358,0.8726813880126184,55328,554,89751,15590,6.134765516859531,0.0056358666048958,0.0066657749759674,0.9874002446048692,0.9892580070098108,0.9716695337118848,0.0206079397597032,0.0456453131055866,HISTORICAL_CANONICAL_CURVE,True,
4,122,20260853,200000,R0,LINEAR,FINAL,DOMAIN_TEMPLATE_OOD_EXACT,0.005,2.5348377227783208,0.7908782074448861,0.0114613880742913,0.9915002356011454,0.8798983538796813,54709,469,40451,14466,11.4613880742913,0.0104526238152077,0.0125403387166989,0.9910251031718984,0.9848493577956372,0.978408787340698,0.0335777126099706,0.0685972629521016,HISTORICAL_CANONICAL_CURVE,True,
4,122,20260853,200000,R0,LINEAR,FINAL,LATE_TEST_Q4,0.005,2.5348377227783208,0.7543587134095717,0.0089994706193753,0.996991363443296,0.8588678324770166,28167,85,9360,9172,8.999470619375332,0.0071946038990732,0.0111161243070289,0.996292123170298,0.986179575905992,0.9918574463063488,0.0292218104817363,0.0631021704605611,HISTORICAL_CANONICAL_CURVE,True,
4,122,20260853,200000,R0,LINEAR,FINAL,OFFICIAL_TEST,0.005,2.5348377227783208,0.7792447916666667,0.0061582292351523,0.9906965964772878,0.8723398052591685,59846,562,90698,16954,6.158229235152312,0.0056609301974939,0.0066872981089901,0.9878596953278096,0.9890162470779456,0.972809412559462,0.0211702827087442,0.0478194170501862,HISTORICAL_CANONICAL_CURVE,True,
4,122,20260853,200000,R0,LINEAR,FINAL,DOMAIN_OOD_EXACT,0.005,2.5348377227783208,0.7895412770397721,0.0115872321818976,0.9919826542960872,0.8792598717289772,59019,477,40689,15732,11.587232181897685,0.0105758451665335,0.0126683593028246,0.9913272446746486,0.9843572092406434,0.979015687301726,0.0350289073507263,0.0726084632949521,HISTORICAL_CANONICAL_CURVE,True,
4,122,20260853,2000,RUT,LINEAR,FINAL,DOMAIN_OOD_EXACT,0.005,2.852415561676026,0.5798183301895626,0.008186367390565,0.9922846219006846,0.7319429198682766,43342,337,40829,31409,8.18636739056503,0.0073386105981593,0.0091045491956495,0.9794570849727297,0.9645492388078272,0.9379748776645428,0.1080746246902783,0.1715007530486323,HISTORICAL_CANONICAL_CURVE,True,
4,122,20260853,2000,RUT,LINEAR,FINAL,TEMPLATE_OOD_EXACT,0.005,2.852415561676026,0.5582785752559294,0.004351918498422,0.9901713142428412,0.7139933094686349,39592,393,89912,31326,4.351918498422014,0.0039330437473684,0.0048031038958814,0.9692927301089768,0.974962781238963,0.9109943907625994,0.0690548696085488,0.1173799900337744,HISTORICAL_CANONICAL_CURVE,True,
4,122,20260853,2000,RUT,LINEAR,FINAL,DOMAIN_TEMPLATE_OOD_EXACT,0.005,2.852415561676026,0.5666353451391398,0.0080400782013685,0.9916763649243536,0.7211893174855796,39197,329,40591,29978,8.040078201368523,0.0071976301124889,0.0089534109578581,0.9773395943642488,0.9634522378500135,0.9323140508243608,0.1104594330400782,0.175268817204301,HISTORICAL_CANONICAL_CURVE,True,
4,122,20260853,2000,RUT,LINEAR,FINAL,LATE_TEST_Q4,0.005,2.852415561676026,0.5738771793567048,0.0051879301217575,0.9977184895469572,0.728645266594124,21428,49,9396,15911,5.187930121757543,0.0038404507330677,0.0068529850768225,0.9915355118880064,0.9696042969504464,0.9750304506699148,0.0911593435680254,0.1385918475383801,HISTORICAL_CANONICAL_CURVE,True,
4,122,20260853,2000,RUT,LINEAR,FINAL,OFFICIAL_TEST,0.005,2.852415561676026,0.5715885416666666,0.0045036160420775,0.9907242320973164,0.7249337373770736,43898,411,90849,32902,4.503616042077581,0.0040795309494782,0.0049596521900755,0.9714844192535996,0.9752967881801766,0.916604784384448,0.0689129958360727,0.1166009204470742,HISTORICAL_CANONICAL_CURVE,True,
4,122,20260853,5000,RUT,LINEAR,FINAL,TEMPLATE_OOD_EXACT,0.005,2.8545770645141606,0.610648918469218,0.0049166712806599,0.9898514285714286,0.7553284264136464,43306,444,89861,27612,4.916671280659986,0.0044708953829284,0.0053946894795969,0.9772341839588998,0.9814485333668244,0.9385357389680474,0.0462875809755827,0.0842146060572504,HISTORICAL_CANONICAL_CURVE,True,
4,122,20260853,5000,RUT,LINEAR,FINAL,DOMAIN_TEMPLATE_OOD_EXACT,0.005,2.8545770645141606,0.6182580411998554,0.0089442815249266,0.9915148142996244,0.761613049711065,42768,366,40554,26407,8.944281524926685,0.0080548160527939,0.0099044354832585,0.9825537226144886,0.9721066698320274,0.9512888291289134,0.0779081133919843,0.1354105571847507,HISTORICAL_CANONICAL_CURVE,True,
4,122,20260853,5000,RUT,LINEAR,FINAL,LATE_TEST_Q4,0.005,2.8545770645141606,0.6184686252979459,0.0057173107464266,0.9976670842873806,0.7635816552590683,23093,54,9391,14246,5.717310746426681,0.0042978522447994,0.0074533456351008,0.9939403779830936,0.9779655576081852,0.9822869168712732,0.0641609317098994,0.1080995235574378,HISTORICAL_CANONICAL_CURVE,True,
4,122,20260853,5000,RUT,LINEAR,FINAL,OFFICIAL_TEST,0.005,2.8545770645141606,0.6224348958333333,0.0049419241726934,0.9906536245699838,0.7645177283413566,47803,451,90809,28997,4.941924172693403,0.0044972727881447,0.0054184749550691,0.9788474799394112,0.9816576045889948,0.9428727322329832,0.0458908612754766,0.0849112426035502,HISTORICAL_CANONICAL_CURVE,True,
4,122,20260853,5000,RUT,LINEAR,FINAL,DOMAIN_OOD_EXACT,0.005,2.8545770645141606,0.6295835507217294,0.0090608754797648,0.9921366079898808,0.7703337534578429,47062,373,40793,27689,9.060875479764857,0.0081681388028076,0.0100238502369323,0.983946262422571,0.9725428808102567,0.9552993297739408,0.0764708740222513,0.1344313268231064,HISTORICAL_CANONICAL_CURVE,True,
4,122,20260853,10000,RUT,LINEAR,FINAL,OFFICIAL_TEST,0.005,2.5816724300384526,0.7228385416666666,0.00471181240412,0.9923137423137424,0.8364069185801242,55514,430,90830,21286,4.711812404120096,0.0042778374707244,0.0051777134447562,0.9867172886469252,0.9879584235061,0.9688406711240064,0.0243589743589743,0.051413543721236,HISTORICAL_CANONICAL_CURVE,True,
4,122,20260853,10000,RUT,LINEAR,FINAL,DOMAIN_OOD_EXACT,0.005,2.5816724300384526,0.7300905673502696,0.0087207890006315,0.9934648851348892,0.8416547788873039,54575,359,40807,20176,8.72078900063159,0.0078452680089539,0.0096666196394516,0.990159971958798,0.9824343951101936,0.9750177513078004,0.0418792207161249,0.0837584414322499,HISTORICAL_CANONICAL_CURVE,True,
4,122,20260853,10000,RUT,LINEAR,FINAL,TEMPLATE_OOD_EXACT,0.005,2.5816724300384526,0.7197326489748724,0.00467305243342,0.9918000932690813,0.8341422758248762,51042,422,89883,19876,4.673052433420076,0.0042386778574076,0.0051396980841083,0.985913859479218,0.9879301592503889,0.966859531671261,0.0242290017164055,0.0498311278445268,HISTORICAL_CANONICAL_CURVE,True,
4,122,20260853,10000,RUT,LINEAR,FINAL,DOMAIN_TEMPLATE_OOD_EXACT,0.005,2.5816724300384526,0.7276183592338272,0.0086021505376344,0.9930551445200748,0.839863173702653,50333,352,40568,18842,8.602150537634408,0.0077301754435178,0.0095448870980984,0.9895378976522322,0.982490999565116,0.9734661329664144,0.0414711632453567,0.0815493646138807,HISTORICAL_CANONICAL_CURVE,True,
4,122,20260853,10000,RUT,LINEAR,FINAL,LATE_TEST_Q4,0.005,2.5816724300384526,0.6915557460028389,0.0057173107464266,0.9979131241304684,0.8169580004745709,25822,54,9391,11517,5.717310746426681,0.0042978522447994,0.0074533456351008,0.996053863514516,0.9855802425776587,0.9897823974559052,0.0367390153520381,0.0672313393329804,HISTORICAL_CANONICAL_CURVE,True,
4,122,20260853,20000,RUT,LINEAR,FINAL,LATE_TEST_Q4,0.005,2.3108987808227544,0.7605452743779962,0.0065643197458973,0.9978215038650736,0.8631742123740482,28398,62,9383,8941,6.564319745897301,0.005036421561052,0.008407366576794,0.9970430357892536,0.9890762714290232,0.9933500812767844,0.0238221281101111,0.0488088935944944,HISTORICAL_CANONICAL_CURVE,True,
4,122,20260853,20000,RUT,LINEAR,FINAL,OFFICIAL_TEST,0.005,2.3108987808227544,0.7780729166666667,0.0052268244575936,0.9920807530755564,0.8721402873760336,59756,477,90783,17044,5.226824457593688,0.0047692982593481,0.005716218096868,0.9895172634288096,0.9901558381587175,0.9796476607565514,0.015735261889108,0.0381437650668419,HISTORICAL_CANONICAL_CURVE,True,
4,122,20260853,20000,RUT,LINEAR,FINAL,DOMAIN_OOD_EXACT,0.005,2.3108987808227544,0.7860363072065926,0.009765340329398,0.993204753291976,0.8775595549249495,58757,402,40764,15994,9.765340329398049,0.0088379681771999,0.0107628062658638,0.9925386895526666,0.9865036780164528,0.9836712617129826,0.0271340426565612,0.0607054365252878,HISTORICAL_CANONICAL_CURVE,True,
4,122,20260853,20000,RUT,LINEAR,FINAL,TEMPLATE_OOD_EXACT,0.005,2.3108987808227544,0.7796892185340816,0.0052045844637616,0.9915716232694928,0.8729574840940307,55294,470,89835,15624,5.204584463761696,0.0047456977569538,0.0056956806622175,0.9889580778628572,0.9901625824884454,0.9785694576447864,0.0154808703836996,0.0374951553070151,HISTORICAL_CANONICAL_CURVE,True,
4,122,20260853,20000,RUT,LINEAR,FINAL,DOMAIN_TEMPLATE_OOD_EXACT,0.005,2.3108987808227544,0.7883339356704011,0.0096529814271749,0.992808767841538,0.8788345164903346,54533,395,40525,14642,9.652981427174977,0.0087283468449769,0.0106481574853043,0.9921660406128028,0.986706815700048,0.9829023396798332,0.026466275659824,0.0593597262952101,HISTORICAL_CANONICAL_CURVE,True,
4,122,20260853,50000,RUT,LINEAR,FINAL,LATE_TEST_Q4,0.005,2.1184408664703374,0.8222234125177429,0.0070937003705664,0.997822412896516,0.9015519696947452,30701,67,9378,6638,7.093700370566437,0.005501626405098,0.0090001133578429,0.9975394339690002,0.9908045200335032,0.9952484948648328,0.0170460561143462,0.0385389094759131,HISTORICAL_CANONICAL_CURVE,True,
4,122,20260853,50000,RUT,LINEAR,FINAL,OFFICIAL_TEST,0.005,2.1184408664703374,0.8318229166666666,0.0052816129739206,0.9925115744337072,0.9050904608758482,63884,482,90778,12916,5.281612973920666,0.0048216520425703,0.0057734353290924,0.9910820171573466,0.9913849936964672,0.9847420682974086,0.0117357001972386,0.0308349769888231,HISTORICAL_CANONICAL_CURVE,True,
4,122,20260853,50000,RUT,LINEAR,FINAL,DOMAIN_OOD_EXACT,0.005,2.1184408664703374,0.838249655523003,0.0096438808725647,0.9937041089807634,0.9093811680018576,62660,397,40769,12091,9.643880872564738,0.0087223864306582,0.0106354936275669,0.993974144389712,0.98891723784556,0.988117793934053,0.0196521401156294,0.0471019773599572,HISTORICAL_CANONICAL_CURVE,True,
4,122,20260853,50000,RUT,LINEAR,FINAL,TEMPLATE_OOD_EXACT,0.005,2.1184408664703374,0.8353450463916072,0.0052267316316925,0.9920955235878284,0.9069975733172064,59241,472,89833,11677,5.226731631692598,0.004766851832125,0.0057188184479922,0.9906803509529952,0.9914420023288316,0.9843475310736206,0.0112396877249321,0.0301201483860251,HISTORICAL_CANONICAL_CURVE,True,
4,122,20260853,50000,RUT,LINEAR,FINAL,DOMAIN_TEMPLATE_OOD_EXACT,0.005,2.1184408664703374,0.8424141669678352,0.0094819159335288,0.993385837509802,0.9116922330780602,58274,388,40532,10901,9.481915933528835,0.0085656455518711,0.0104687628019753,0.9937418101993832,0.9891983253969684,0.9878480209407472,0.0187194525904203,0.0453567937438905,HISTORICAL_CANONICAL_CURVE,True,
4,122,20260853,100000,RUT,LINEAR,FINAL,OFFICIAL_TEST,0.005,2.070036888122559,0.8470963541666666,0.0052596975673898,0.9926758930070037,0.9141263339820284,65057,480,90780,11743,5.259697567389876,0.0048007089830515,0.0057505499777144,0.991884048909455,0.992196636841168,0.9870641651674804,0.0099276791584483,0.0270764847687924,HISTORICAL_CANONICAL_CURVE,True,
4,122,20260853,100000,RUT,LINEAR,FINAL,DOMAIN_OOD_EXACT,0.005,2.070036888122559,0.8531658439351982,0.0094495457416314,0.993937410385886,0.9181873807724148,63775,389,40777,10976,9.449545741631445,0.0085375353800844,0.010431713955226,0.994471841705697,0.9897625848435926,0.9899061240104764,0.01666423747753,0.0415634261283583,HISTORICAL_CANONICAL_CURVE,True,
4,122,20260853,100000,RUT,LINEAR,FINAL,TEMPLATE_OOD_EXACT,0.005,2.070036888122559,0.8492907301390338,0.0052156580477271,0.9922406550139208,0.9152174078210592,60230,471,89834,10688,5.215658047727147,0.0047562745269038,0.0057072498219089,0.9916126469360124,0.9923497595227384,0.986599483763273,0.0096007972980455,0.0260450694867393,HISTORICAL_CANONICAL_CURVE,True,
4,122,20260853,100000,RUT,LINEAR,FINAL,DOMAIN_TEMPLATE_OOD_EXACT,0.005,2.070036888122559,0.8559016985905312,0.0093108504398826,0.9936060951869504,0.9196275327539744,59207,381,40539,9968,9.3108504398827,0.0084030221897233,0.0102892904797328,0.9943196103051176,0.9901417421001109,0.9896061790788596,0.0159824046920821,0.039516129032258,HISTORICAL_CANONICAL_CURVE,True,
4,122,20260853,100000,RUT,LINEAR,FINAL,LATE_TEST_Q4,0.005,2.070036888122559,0.8352660756849407,0.0071995764955002,0.9978244177117992,0.9093374152635032,31188,68,9377,6151,7.199576495500265,0.0055949641049867,0.0091183723104806,0.9976399616201111,0.991152556709646,0.995970131563352,0.0143991529910005,0.0366331392271042,HISTORICAL_CANONICAL_CURVE,True,
4,122,20260853,200000,RUT,LINEAR,FINAL,OFFICIAL_TEST,0.005,2.013790130615235,0.8571744791666667,0.0054788516326977,0.9924620464036424,0.9198706080443788,65831,500,90760,10969,5.478851632697786,0.0050102301956925,0.005979313146278,0.9923337637676248,0.9925603376370856,0.9882778436950524,0.0089853166776243,0.0242493973263204,HISTORICAL_CANONICAL_CURVE,True,
4,122,20260853,200000,RUT,LINEAR,FINAL,DOMAIN_OOD_EXACT,0.005,2.013790130615235,0.8635335982127329,0.0099596754603313,0.9936884236453202,0.9240503611025616,64550,410,40756,10201,9.959675460331342,0.0090229766658509,0.0109664290733086,0.9947914136209908,0.9903516795390164,0.9909567573936608,0.0149152212991303,0.0377010154010591,HISTORICAL_CANONICAL_CURVE,True,
4,122,20260853,200000,RUT,LINEAR,FINAL,TEMPLATE_OOD_EXACT,0.005,2.013790130615235,0.8594433007135001,0.0054260561430707,0.9920247395833334,0.920987020051678,60950,490,89815,9968,5.426056143070705,0.0049573329710398,0.0059269643472769,0.9921402302816074,0.992749313803723,0.9880034673849108,0.008582027573224,0.022889098056586,HISTORICAL_CANONICAL_CURVE,True,
4,122,20260853,200000,RUT,LINEAR,FINAL,DOMAIN_TEMPLATE_OOD_EXACT,0.005,2.013790130615235,0.8662378026743766,0.0098240469208211,0.9933359856773424,0.9254434397176812,59922,402,40518,9253,9.824046920821116,0.0088911240252174,0.0108274765608553,0.994696469330226,0.9907929200488512,0.9908192652229948,0.0141006842619745,0.0349462365591397,HISTORICAL_CANONICAL_CURVE,True,
4,122,20260853,200000,RUT,LINEAR,FINAL,LATE_TEST_Q4,0.005,2.013790130615235,0.846059080318166,0.0074113287453679,0.997789078045545,0.9156811594202898,31591,70,9375,5748,7.411328745367919,0.0057819189546625,0.0093546164952586,0.9977371198324468,0.9916000016502828,0.996062875580948,0.014081524616199,0.0345156167284277,HISTORICAL_CANONICAL_CURVE,True,
5,342,9301,200000,R0,LINEAR,FINAL,OFFICIAL_TEST,0.005,2.534840822219849,0.7792447916666667,0.0061582292351523,0.9906965964772878,0.8723398052591685,59846,562,90698,16954,6.158229235152312,0.0056609301974939,0.0066872981089901,0.9878596969244832,0.9890162480053556,0.972809412559462,0.0211702827087442,0.0478194170501862,RECOMPUTED_MISSING_PROBE_CONDITION,False,RECOMPUTED_MISSING_PROBE_CONDITION
5,342,9301,200000,R0,LINEAR,FINAL,DOMAIN_OOD_EXACT,0.005,2.534840822219849,0.7895412770397721,0.0115872321818976,0.9919826542960872,0.8792598717289772,59019,477,40689,15732,11.587232181897685,0.0105758451665335,0.0126683593028246,0.99132724622603,0.984357211515439,0.979015687301726,0.0350289073507263,0.0726084632949521,RECOMPUTED_MISSING_PROBE_CONDITION,False,RECOMPUTED_MISSING_PROBE_CONDITION
5,342,9301,200000,R0,LINEAR,FINAL,TEMPLATE_OOD_EXACT,0.005,2.534840822219849,0.7801686454778759,0.0061347655168595,0.9900862531763358,0.8726813880126184,55328,554,89751,15590,6.134765516859531,0.0056358666048958,0.0066657749759674,0.9874002467391,0.9892580084932008,0.9716695337118848,0.0206079397597032,0.0456453131055866,RECOMPUTED_MISSING_PROBE_CONDITION,False,RECOMPUTED_MISSING_PROBE_CONDITION
5,342,9301,200000,R0,LINEAR,FINAL,DOMAIN_TEMPLATE_OOD_EXACT,0.005,2.534840822219849,0.7908782074448861,0.0114613880742913,0.9915002356011454,0.8798983538796813,54709,469,40451,14466,11.4613880742913,0.0104526238152077,0.0125403387166989,0.9910251050972912,0.984849360975129,0.978408787340698,0.0335777126099706,0.0685972629521016,RECOMPUTED_MISSING_PROBE_CONDITION,False,RECOMPUTED_MISSING_PROBE_CONDITION
5,342,9301,200000,R0,LINEAR,FINAL,LATE_TEST_Q4,0.005,2.534840822219849,0.7543587134095717,0.0089994706193753,0.996991363443296,0.8588678324770166,28167,85,9360,9172,8.999470619375332,0.0071946038990732,0.0111161243070289,0.9962921234468048,0.9861795773237608,0.9918574463063488,0.0292218104817363,0.0631021704605611,RECOMPUTED_MISSING_PROBE_CONDITION,False,RECOMPUTED_MISSING_PROBE_CONDITION
5,342,9301,2000,RUT,LINEAR,FINAL,OFFICIAL_TEST,0.005,2.9553387165069585,0.5808333333333333,0.0045584045584045,0.9907604832977968,0.732335172051484,44608,416,90844,32192,4.558404558404559,0.0041316947972804,0.005017058732546,0.9715207076772224,0.9748913715648742,0.9119455365860094,0.07313171159325,0.1280517203594126,RECOMPUTED_MISSING_PROBE_CONDITION,False,RECOMPUTED_MISSING_PROBE_CONDITION
5,342,9301,2000,RUT,LINEAR,FINAL,DOMAIN_OOD_EXACT,0.005,2.9553387165069585,0.5865473371593691,0.0071903998445318,0.9932942162615256,0.7375601386131952,43845,296,40870,30906,7.190399844531895,0.0063969825687565,0.0080544685893569,0.9800576465637698,0.9649180021716536,0.9369672998718734,0.1099451003255113,0.1836709906233299,RECOMPUTED_MISSING_PROBE_CONDITION,False,RECOMPUTED_MISSING_PROBE_CONDITION
5,342,9301,2000,RUT,LINEAR,FINAL,TEMPLATE_OOD_EXACT,0.005,2.9553387165069585,0.5768775205166531,0.0045290958418692,0.9901016456921587,0.7290044369999465,40911,409,89896,30007,4.529095841869221,0.0041016004556333,0.0049888797944205,0.9693450864292537,0.974507046296611,0.905501645670185,0.0737611427938652,0.1281656608161231,RECOMPUTED_MISSING_PROBE_CONDITION,False,RECOMPUTED_MISSING_PROBE_CONDITION
5,342,9301,2000,RUT,LINEAR,FINAL,DOMAIN_TEMPLATE_OOD_EXACT,0.005,2.9553387165069585,0.5831008312251535,0.007160312805474,0.9927884023726896,0.7346909037922116,40336,293,40627,28839,7.160312805474096,0.0063662882106501,0.0080254248161665,0.9783600801150786,0.9642865831449484,0.9313140378430932,0.112218963831867,0.1859481915933528,RECOMPUTED_MISSING_PROBE_CONDITION,False,RECOMPUTED_MISSING_PROBE_CONDITION
5,342,9301,2000,RUT,LINEAR,FINAL,LATE_TEST_Q4,0.005,2.9553387165069585,0.5611826776292884,0.004235044997353,0.998094693722016,0.7184269624397854,20954,40,9405,16385,4.235044997353097,0.0030272501893441,0.005762509925235,0.9913712938425772,0.9686149581593088,0.9727367446168096,0.0997353096876654,0.1619904711487559,RECOMPUTED_MISSING_PROBE_CONDITION,False,RECOMPUTED_MISSING_PROBE_CONDITION
5,342,9301,5000,RUT,LINEAR,FINAL,OFFICIAL_TEST,0.005,2.6089661121368413,0.6995182291666666,0.0054131054131054,0.9908884667170812,0.8200920491233962,53723,494,90766,23077,5.413105413105413,0.0049473529446651,0.0059107050207037,0.9845796121775148,0.9862808554941468,0.9639769050541114,0.0283037475345167,0.0618124041200964,RECOMPUTED_MISSING_PROBE_CONDITION,False,RECOMPUTED_MISSING_PROBE_CONDITION
5,342,9301,5000,RUT,LINEAR,FINAL,DOMAIN_OOD_EXACT,0.005,2.6089661121368413,0.7052079570841862,0.0084049944128649,0.9934792031812444,0.8248834225268363,52715,346,40820,22036,8.404994412864985,0.0075457704873669,0.0093345956995626,0.989364102080407,0.9811873744691872,0.9735893836558082,0.0443327017441578,0.0909245493854151,RECOMPUTED_MISSING_PROBE_CONDITION,False,RECOMPUTED_MISSING_PROBE_CONDITION
5,342,9301,5000,RUT,LINEAR,FINAL,TEMPLATE_OOD_EXACT,0.005,2.6089661121368413,0.6946191375955328,0.0053817618072089,0.9902305666673368,0.8164919404964157,49261,486,89819,21657,5.381761807208903,0.0049149893772293,0.0058807241109913,0.983563484121398,0.9861986172248094,0.961829415310428,0.0280493881844859,0.0604174741154974,RECOMPUTED_MISSING_PROBE_CONDITION,False,RECOMPUTED_MISSING_PROBE_CONDITION
5,342,9301,5000,RUT,LINEAR,FINAL,DOMAIN_TEMPLATE_OOD_EXACT,0.005,2.6089661121368413,0.7010769786772678,0.008357771260997,0.9929973996191568,0.8218855390038471,48497,342,40578,20678,8.357771260997067,0.0074985086996405,0.0092878483202857,0.9885989587146388,0.9810897489296596,0.9718402197836504,0.0440860215053763,0.0903958944281524,RECOMPUTED_MISSING_PROBE_CONDITION,False,RECOMPUTED_MISSING_PROBE_CONDITION
5,342,9301,5000,RUT,LINEAR,FINAL,LATE_TEST_Q4,0.005,2.6089661121368413,0.6652561664747315,0.0063525674960296,0.9975903614457832,0.7982133389032601,24840,60,9385,12499,6.352567496029645,0.0048510763873844,0.0081695474584392,0.9955699939801133,0.9838011712214916,0.9891758338725808,0.0389624139756484,0.074219163578613,RECOMPUTED_MISSING_PROBE_CONDITION,False,RECOMPUTED_MISSING_PROBE_CONDITION
5,342,9301,10000,RUT,LINEAR,FINAL,OFFICIAL_TEST,0.005,2.4612519741058354,0.7348567708333333,0.0047008547008547,0.99245594907326,0.844448101985546,56437,429,90831,20363,4.700854700854701,0.0042673946944013,0.0051662421082893,0.9875427777564704,0.9885487562864116,0.9721702690160452,0.0216852947622178,0.0496493534955073,RECOMPUTED_MISSING_PROBE_CONDITION,False,RECOMPUTED_MISSING_PROBE_CONDITION
5,342,9301,10000,RUT,LINEAR,FINAL,DOMAIN_OOD_EXACT,0.005,2.4612519741058354,0.7413813862021913,0.0082106592819316,0.9939379808813243,0.8492812701137095,55419,338,40828,19332,8.210659281931692,0.0073616206796583,0.0091301175694626,0.9911595551766056,0.9839869128271248,0.9789871944121072,0.0350774911334596,0.0755477821503182,RECOMPUTED_MISSING_PROBE_CONDITION,False,RECOMPUTED_MISSING_PROBE_CONDITION
5,342,9301,10000,RUT,LINEAR,FINAL,TEMPLATE_OOD_EXACT,0.005,2.4612519741058354,0.731394004343044,0.0046398316815237,0.9919866891064872,0.8419882148596659,51869,419,89886,19049,4.6398316815237255,0.0042070349684673,0.0051049034719453,0.986765462420114,0.9884914421493406,0.9705318857768452,0.0214606057250429,0.0484026355129837,RECOMPUTED_MISSING_PROBE_CONDITION,False,RECOMPUTED_MISSING_PROBE_CONDITION
5,342,9301,10000,RUT,LINEAR,FINAL,DOMAIN_TEMPLATE_OOD_EXACT,0.005,2.4612519741058354,0.7386049873509216,0.0081378299120234,0.9935246762338116,0.847306407077885,51093,333,40587,18082,8.137829912023461,0.0072901724686703,0.0090563502774239,0.9905640670689084,0.9839638701975983,0.9776542453793126,0.0347751710654936,0.0743890518084066,RECOMPUTED_MISSING_PROBE_CONDITION,False,RECOMPUTED_MISSING_PROBE_CONDITION
5,342,9301,10000,RUT,LINEAR,FINAL,LATE_TEST_Q4,0.005,2.4612519741058354,0.69731380058384,0.0052938062466913,0.9980833365277724,0.8210197710718001,26037,50,9395,11302,5.293806246691371,0.0039316424178792,0.0069733379560803,0.9963887303080996,0.986546485917992,0.9916794523781424,0.0298570672313393,0.0627845420857596,RECOMPUTED_MISSING_PROBE_CONDITION,False,RECOMPUTED_MISSING_PROBE_CONDITION
5,342,9301,20000,RUT,LINEAR,FINAL,OFFICIAL_TEST,0.005,2.2464835643768315,0.766015625,0.0050186280955511,0.992274996626636,0.8645876197754393,58830,458,90802,17970,5.018628095551173,0.0045704741562752,0.0054986727140166,0.9888195069721616,0.98966015717741,0.9759410386016436,0.018671926364234,0.041442033749726,RECOMPUTED_MISSING_PROBE_CONDITION,False,RECOMPUTED_MISSING_PROBE_CONDITION
5,342,9301,20000,RUT,LINEAR,FINAL,DOMAIN_OOD_EXACT,0.005,2.2464835643768315,0.7723910048026114,0.0085021619783316,0.993974555408267,0.8692843915144763,57737,350,40816,17014,8.502161978331632,0.0076378906365936,0.0094367897100402,0.9921248595626564,0.9857195369915264,0.9816197922744778,0.0306077831219938,0.0649079337317203,RECOMPUTED_MISSING_PROBE_CONDITION,False,RECOMPUTED_MISSING_PROBE_CONDITION
5,342,9301,20000,RUT,LINEAR,FINAL,TEMPLATE_OOD_EXACT,0.005,2.2464835643768315,0.7633040976902902,0.0049388184485908,0.9918282091685294,0.8626888506406579,54132,446,89859,16786,4.938818448590887,0.0044920204218391,0.0054178562088085,0.988261032172678,0.989726792270331,0.9747705371187708,0.018293560710924,0.0396987985161397,RECOMPUTED_MISSING_PROBE_CONDITION,False,RECOMPUTED_MISSING_PROBE_CONDITION
5,342,9301,20000,RUT,LINEAR,FINAL,DOMAIN_TEMPLATE_OOD_EXACT,0.005,2.2464835643768315,0.770350560173473,0.0083822091886608,0.9936045644391408,0.867849552549936,53289,343,40577,15886,8.382209188660802,0.0075216668757505,0.0093135606606133,0.991708063401788,0.985906578050696,0.9806577620967742,0.0300097751710654,0.0627565982404692,RECOMPUTED_MISSING_PROBE_CONDITION,False,RECOMPUTED_MISSING_PROBE_CONDITION
5,342,9301,20000,RUT,LINEAR,FINAL,LATE_TEST_Q4,0.005,2.2464835643768315,0.7366560432791451,0.0065643197458973,0.9977510156703424,0.8475511115904294,27506,62,9383,9833,6.564319745897301,0.005036421561052,0.008407366576794,0.9967346197143344,0.9879189298920648,0.9925917180720758,0.0265749073583906,0.0535733192165166,RECOMPUTED_MISSING_PROBE_CONDITION,False,RECOMPUTED_MISSING_PROBE_CONDITION
5,342,9301,50000,RUT,LINEAR,FINAL,OFFICIAL_TEST,0.005,2.1603374481201176,0.8052994791666667,0.0050624589086127,0.9925853408014892,0.889187615467008,61847,462,90798,14953,5.062458908612755,0.0046123156986906,0.0055444878546755,0.990641275633917,0.9912504789001434,0.982265673847553,0.0136752136752136,0.0323690554459785,RECOMPUTED_MISSING_PROBE_CONDITION,False,RECOMPUTED_MISSING_PROBE_CONDITION
5,342,9301,50000,RUT,LINEAR,FINAL,DOMAIN_OOD_EXACT,0.005,2.1603374481201176,0.8111730946743188,0.0090851673711315,0.993869857400426,0.8932756830017456,60636,374,40792,14115,9.085167371131517,0.0081912137951024,0.0100493539659006,0.9934946206718404,0.988183426833896,0.9866117253717336,0.0221784968177622,0.0508915124131564,RECOMPUTED_MISSING_PROBE_CONDITION,False,RECOMPUTED_MISSING_PROBE_CONDITION
5,342,9301,50000,RUT,LINEAR,FINAL,TEMPLATE_OOD_EXACT,0.005,2.1603374481201176,0.80377337206351,0.0050606278722108,0.9920465027236812,0.8880406926474368,57002,457,89848,13916,5.060627872210841,0.0046082492437445,0.0055452322455323,0.9902174103537728,0.9913410880139611,0.981380975077259,0.0134101101821604,0.0311721388627429,RECOMPUTED_MISSING_PROBE_CONDITION,False,RECOMPUTED_MISSING_PROBE_CONDITION
5,342,9301,50000,RUT,LINEAR,FINAL,DOMAIN_TEMPLATE_OOD_EXACT,0.005,2.1603374481201176,0.8103794723527286,0.0090420332355816,0.9934429715743957,0.8926219915129416,56058,370,40550,13117,9.042033235581624,0.0081476338211435,0.0100071005385502,0.9932104836246582,0.988448482693496,0.9859547448260574,0.0216764418377321,0.0485826001955034,RECOMPUTED_MISSING_PROBE_CONDITION,False,RECOMPUTED_MISSING_PROBE_CONDITION
5,342,9301,50000,RUT,LINEAR,FINAL,LATE_TEST_Q4,0.005,2.1603374481201176,0.7717400037494309,0.0065643197458973,0.9978530369139136,0.8703505142184031,28816,62,9383,8523,6.564319745897301,0.005036421561052,0.008407366576794,0.9971120351247054,0.989396648857177,0.9940580010051142,0.0212811011116993,0.0453149814716781,RECOMPUTED_MISSING_PROBE_CONDITION,False,RECOMPUTED_MISSING_PROBE_CONDITION
5,342,9301,100000,RUT,LINEAR,FINAL,OFFICIAL_TEST,0.005,2.0911848545074467,0.8487239583333334,0.0052158667543282,0.9927503122239484,0.9151048028190766,65182,476,90784,11618,5.215866754328293,0.0047588290553796,0.0057047731024981,0.9919697556567436,0.992293238840264,0.987174909667376,0.0098400175323252,0.0266600920447074,RECOMPUTED_MISSING_PROBE_CONDITION,False,RECOMPUTED_MISSING_PROBE_CONDITION
5,342,9301,100000,RUT,LINEAR,FINAL,DOMAIN_OOD_EXACT,0.005,2.0911848545074467,0.8551858838008856,0.0094009619588981,0.993982554071494,0.9193752516826784,63926,387,40779,10825,9.40096195889812,0.0084913382447017,0.0103807534679945,0.9945091097064211,0.9898729860319696,0.990183525394793,0.0162026915415634,0.0404945829082252,RECOMPUTED_MISSING_PROBE_CONDITION,False,RECOMPUTED_MISSING_PROBE_CONDITION
5,342,9301,100000,RUT,LINEAR,FINAL,TEMPLATE_OOD_EXACT,0.005,2.0911848545074467,0.8498265602526862,0.005115995792038,0.992392557220484,0.9155930967428292,60268,462,89843,10650,5.115995792038093,0.0046611030731377,0.0056031079698455,0.9916629414676816,0.9923930955106266,0.986827661909989,0.0094346935385637,0.0250705940977797,RECOMPUTED_MISSING_PROBE_CONDITION,False,RECOMPUTED_MISSING_PROBE_CONDITION
5,342,9301,100000,RUT,LINEAR,FINAL,DOMAIN_TEMPLATE_OOD_EXACT,0.005,2.0911848545074467,0.8568558005059631,0.009188660801564,0.993696457610354,0.9202167298019002,59273,376,40544,9902,9.188660801564028,0.0082869115385773,0.0101610472568523,0.9943297232595196,0.9901838074838878,0.9900769671140512,0.01524926686217,0.0380254154447702,RECOMPUTED_MISSING_PROBE_CONDITION,False,RECOMPUTED_MISSING_PROBE_CONDITION
5,342,9301,100000,RUT,LINEAR,FINAL,LATE_TEST_Q4,0.005,2.0911848545074467,0.8402474624387369,0.0077289571201694,0.9976786338919452,0.9122205099874976,31374,73,9372,5965,7.728957120169402,0.0060630205869548,0.009708326763937,0.9976539248714624,0.99127617337331,0.996235810189988,0.013446267866596,0.0352567496029645,RECOMPUTED_MISSING_PROBE_CONDITION,False,RECOMPUTED_MISSING_PROBE_CONDITION
5,342,9301,200000,RUT,LINEAR,FINAL,OFFICIAL_TEST,0.005,2.013785362243653,0.8571744791666667,0.0054788516326977,0.9924620464036424,0.9198706080443788,65831,500,90760,10969,5.478851632697786,0.0050102301956925,0.005979313146278,0.992333765044148,0.9925603380651208,0.9882778436950524,0.0089853166776243,0.0242493973263204,RECOMPUTED_MISSING_PROBE_CONDITION,False,RECOMPUTED_MISSING_PROBE_CONDITION
5,342,9301,200000,RUT,LINEAR,FINAL,DOMAIN_OOD_EXACT,0.005,2.013785362243653,0.8635335982127329,0.0099596754603313,0.9936884236453202,0.9240503611025616,64550,410,40756,10201,9.959675460331342,0.0090229766658509,0.0109664290733086,0.9947914155343568,0.9903516821387828,0.9909567573936608,0.0149152212991303,0.0377010154010591,RECOMPUTED_MISSING_PROBE_CONDITION,False,RECOMPUTED_MISSING_PROBE_CONDITION
5,342,9301,200000,RUT,LINEAR,FINAL,TEMPLATE_OOD_EXACT,0.005,2.013785362243653,0.8594433007135001,0.0054260561430707,0.9920247395833334,0.920987020051678,60950,490,89815,9968,5.426056143070705,0.0049573329710398,0.0059269643472769,0.9921402306486556,0.9927493137256498,0.9880034673849108,0.008582027573224,0.022889098056586,RECOMPUTED_MISSING_PROBE_CONDITION,False,RECOMPUTED_MISSING_PROBE_CONDITION
5,342,9301,200000,RUT,LINEAR,FINAL,DOMAIN_TEMPLATE_OOD_EXACT,0.005,2.013785362243653,0.8662378026743766,0.0098240469208211,0.9933359856773424,0.9254434397176812,59922,402,40518,9253,9.824046920821116,0.0088911240252174,0.0108274765608553,0.9946964704085894,0.9907929216385972,0.9908192652229948,0.0141006842619745,0.0349462365591397,RECOMPUTED_MISSING_PROBE_CONDITION,False,RECOMPUTED_MISSING_PROBE_CONDITION
5,342,9301,200000,RUT,LINEAR,FINAL,LATE_TEST_Q4,0.005,2.013785362243653,0.846059080318166,0.0074113287453679,0.997789078045545,0.9156811594202898,31591,70,9375,5748,7.411328745367919,0.0057819189546625,0.0093546164952586,0.997737119820731,0.9916000016502826,0.996062875580948,0.014081524616199,0.0345156167284277,RECOMPUTED_MISSING_PROBE_CONDITION,False,RECOMPUTED_MISSING_PROBE_CONDITION
6,362,9302,200000,R0,LINEAR,FINAL,OFFICIAL_TEST,0.005,2.534840822219849,0.7792447916666667,0.0061582292351523,0.9906965964772878,0.8723398052591685,59846,562,90698,16954,6.158229235152312,0.0056609301974939,0.0066872981089901,0.9878596969244832,0.9890162480053556,0.972809412559462,0.0211702827087442,0.0478194170501862,RECOMPUTED_MISSING_PROBE_CONDITION,False,RECOMPUTED_MISSING_PROBE_CONDITION
6,362,9302,200000,R0,LINEAR,FINAL,DOMAIN_OOD_EXACT,0.005,2.534840822219849,0.7895412770397721,0.0115872321818976,0.9919826542960872,0.8792598717289772,59019,477,40689,15732,11.587232181897685,0.0105758451665335,0.0126683593028246,0.99132724622603,0.984357211515439,0.979015687301726,0.0350289073507263,0.0726084632949521,RECOMPUTED_MISSING_PROBE_CONDITION,False,RECOMPUTED_MISSING_PROBE_CONDITION
6,362,9302,200000,R0,LINEAR,FINAL,TEMPLATE_OOD_EXACT,0.005,2.534840822219849,0.7801686454778759,0.0061347655168595,0.9900862531763358,0.8726813880126184,55328,554,89751,15590,6.134765516859531,0.0056358666048958,0.0066657749759674,0.9874002467391,0.9892580084932008,0.9716695337118848,0.0206079397597032,0.0456453131055866,RECOMPUTED_MISSING_PROBE_CONDITION,False,RECOMPUTED_MISSING_PROBE_CONDITION
6,362,9302,200000,R0,LINEAR,FINAL,DOMAIN_TEMPLATE_OOD_EXACT,0.005,2.534840822219849,0.7908782074448861,0.0114613880742913,0.9915002356011454,0.8798983538796813,54709,469,40451,14466,11.4613880742913,0.0104526238152077,0.0125403387166989,0.9910251050972912,0.984849360975129,0.978408787340698,0.0335777126099706,0.0685972629521016,RECOMPUTED_MISSING_PROBE_CONDITION,False,RECOMPUTED_MISSING_PROBE_CONDITION
6,362,9302,200000,R0,LINEAR,FINAL,LATE_TEST_Q4,0.005,2.534840822219849,0.7543587134095717,0.0089994706193753,0.996991363443296,0.8588678324770166,28167,85,9360,9172,8.999470619375332,0.0071946038990732,0.0111161243070289,0.9962921234468048,0.9861795773237608,0.9918574463063488,0.0292218104817363,0.0631021704605611,RECOMPUTED_MISSING_PROBE_CONDITION,False,RECOMPUTED_MISSING_PROBE_CONDITION
6,362,9302,2000,RUT,LINEAR,FINAL,OFFICIAL_TEST,0.005,2.8075051307678227,0.6310677083333334,0.0050405435020819,0.9905980460286964,0.7709781588533795,48466,460,90800,28334,5.040543502081963,0.0045913938301902,0.0055215813781482,0.9760169960423196,0.9784053281546772,0.929395471413973,0.0575388998465921,0.1106399298706991,RECOMPUTED_MISSING_PROBE_CONDITION,False,RECOMPUTED_MISSING_PROBE_CONDITION
6,362,9302,2000,RUT,LINEAR,FINAL,DOMAIN_OOD_EXACT,0.005,2.8075051307678227,0.641115169027839,0.0087450808919982,0.9925441139922128,0.7790303572154265,47924,360,40806,26827,8.745080891998251,0.0078683189096487,0.0096921473644366,0.9831647830303192,0.9699326783951366,0.9504004972664472,0.0852888305883496,0.1645775640091337,RECOMPUTED_MISSING_PROBE_CONDITION,False,RECOMPUTED_MISSING_PROBE_CONDITION
6,362,9302,2000,RUT,LINEAR,FINAL,TEMPLATE_OOD_EXACT,0.005,2.8075051307678227,0.6242984855748893,0.0049720392004872,0.9899604230485431,0.7657145821983553,44274,449,89856,26644,4.972039200487238,0.0045237123304597,0.0054526019666304,0.9744905532117134,0.9783321206672632,0.924965221423603,0.0573390177731022,0.1091633907314102,RECOMPUTED_MISSING_PROBE_CONDITION,False,RECOMPUTED_MISSING_PROBE_CONDITION
6,362,9302,2000,RUT,LINEAR,FINAL,DOMAIN_TEMPLATE_OOD_EXACT,0.005,2.8075051307678227,0.6342175641488977,0.0086265884652981,0.9920180893159978,0.7737566137566139,43872,353,40567,25303,8.626588465298143,0.0077533523575974,0.0095705807788325,0.9817888460363116,0.9695254009604184,0.945984137113684,0.0868768328445747,0.1648338220918866,RECOMPUTED_MISSING_PROBE_CONDITION,False,RECOMPUTED_MISSING_PROBE_CONDITION
6,362,9302,2000,RUT,LINEAR,FINAL,LATE_TEST_Q4,0.005,2.8075051307678227,0.655293392967139,0.0056114346214928,0.997838587333306,0.7910766246362755,24468,53,9392,12871,5.611434621492853,0.0042060915894183,0.0073335463918727,0.9936841049079596,0.9764764808986656,0.9813138686131389,0.0677607199576495,0.1289571201694018,RECOMPUTED_MISSING_PROBE_CONDITION,False,RECOMPUTED_MISSING_PROBE_CONDITION
6,362,9302,5000,RUT,LINEAR,FINAL,OFFICIAL_TEST,0.005,2.793380498886109,0.693671875,0.0049747972824895,0.9915500297796308,0.8162846285854376,53274,454,90806,23526,4.974797282489591,0.0045286414496504,0.005452848765797,0.9831164912349708,0.9846245478520618,0.9563081946346796,0.0346044269121192,0.0704251588866973,RECOMPUTED_MISSING_PROBE_CONDITION,False,RECOMPUTED_MISSING_PROBE_CONDITION
6,362,9302,5000,RUT,LINEAR,FINAL,DOMAIN_OOD_EXACT,0.005,2.793380498886109,0.7018501424730104,0.0091580430452315,0.9928653886186862,0.8223713085459903,52464,377,40789,22287,9.1580430452315,0.0082604487619072,0.0101258552016477,0.9876064371140282,0.9777226501557796,0.9661511065155888,0.0572559879512218,0.111329738133411,RECOMPUTED_MISSING_PROBE_CONDITION,False,RECOMPUTED_MISSING_PROBE_CONDITION
6,362,9302,5000,RUT,LINEAR,FINAL,TEMPLATE_OOD_EXACT,0.005,2.793380498886109,0.6859048478524493,0.0049277448646254,0.9909346479791395,0.8106761328600237,48643,445,89860,22275,4.927744864625436,0.0044814576110708,0.005406273134558,0.9817839884475402,0.9843279704638764,0.9533532486930544,0.0345828027241016,0.0697525053983721,RECOMPUTED_MISSING_PROBE_CONDITION,False,RECOMPUTED_MISSING_PROBE_CONDITION
6,362,9302,5000,RUT,LINEAR,FINAL,DOMAIN_TEMPLATE_OOD_EXACT,0.005,2.793380498886109,0.6943693530899891,0.0090420332355816,0.9923558457120426,0.8170406028338634,48033,370,40550,21142,9.042033235581624,0.0081476338211435,0.0100071005385502,0.986525570363402,0.9772742423005956,0.963243142896923,0.0580645161290322,0.112316715542522,RECOMPUTED_MISSING_PROBE_CONDITION,False,RECOMPUTED_MISSING_PROBE_CONDITION
6,362,9302,5000,RUT,LINEAR,FINAL,LATE_TEST_Q4,0.005,2.793380498886109,0.6871367738825357,0.0070937003705664,0.997395428393718,0.8136942422656708,25657,67,9378,11682,7.093700370566437,0.005501626405098,0.0090001133578429,0.9950932137447116,0.9818889614676152,0.9876090084270488,0.0446797247220751,0.0855479089465325,RECOMPUTED_MISSING_PROBE_CONDITION,False,RECOMPUTED_MISSING_PROBE_CONDITION
6,362,9302,10000,RUT,LINEAR,FINAL,OFFICIAL_TEST,0.005,2.5550327301025395,0.7404166666666666,0.0051610782380013,0.991785122525508,0.8478622283520334,56864,471,90789,19936,5.161078238001315,0.0047064908886026,0.0056475403017973,0.9870154322081724,0.9881515933328082,0.9717707923297532,0.0220030681569143,0.0520381328073635,RECOMPUTED_MISSING_PROBE_CONDITION,False,RECOMPUTED_MISSING_PROBE_CONDITION
6,362,9302,10000,RUT,LINEAR,FINAL,DOMAIN_OOD_EXACT,0.005,2.5550327301025395,0.7466120854570507,0.0085264538696982,0.9937501112871922,0.8526338303593253,55810,351,40815,18941,8.526453869698294,0.0076609252997818,0.0094623336060423,0.9909319153781688,0.9836632919678732,0.9792021423685398,0.0347131127629597,0.0807462469027838,RECOMPUTED_MISSING_PROBE_CONDITION,False,RECOMPUTED_MISSING_PROBE_CONDITION
6,362,9302,10000,RUT,LINEAR,FINAL,TEMPLATE_OOD_EXACT,0.005,2.5550327301025395,0.7391917425759328,0.0050827750401417,0.9913201338855164,0.846888908634157,52422,459,89846,18496,5.082775040141742,0.0046293891084118,0.0055683841970371,0.9862533026012156,0.9881464911397064,0.9700598802395208,0.0218149604119373,0.0508720447372792,RECOMPUTED_MISSING_PROBE_CONDITION,False,RECOMPUTED_MISSING_PROBE_CONDITION
6,362,9302,10000,RUT,LINEAR,FINAL,DOMAIN_TEMPLATE_OOD_EXACT,0.005,2.5550327301025395,0.7457896638959162,0.0084066471163245,0.9933762082643356,0.851959804803937,51590,344,40576,17585,8.406647116324537,0.0075448269621103,0.0093392710987843,0.9903461157299204,0.9836983250436916,0.9778098842596228,0.0345307917888563,0.0789345063538611,RECOMPUTED_MISSING_PROBE_CONDITION,False,RECOMPUTED_MISSING_PROBE_CONDITION
6,362,9302,10000,RUT,LINEAR,FINAL,LATE_TEST_Q4,0.005,2.5550327301025395,0.707678298829642,0.0058231868713605,0.9979228822840742,0.8281049233758501,26424,55,9390,10915,5.823186871360508,0.0043897452916448,0.0075730158926316,0.99612939264449,0.9858676072635176,0.9913615189574856,0.0310217046056114,0.0673372154579142,RECOMPUTED_MISSING_PROBE_CONDITION,False,RECOMPUTED_MISSING_PROBE_CONDITION
6,362,9302,20000,RUT,LINEAR,FINAL,OFFICIAL_TEST,0.005,2.345424890518189,0.7765755208333334,0.0050295857988165,0.9923627287853576,0.8713075237399561,59641,459,90801,17159,5.029585798816568,0.004580933718018,0.0055101273204197,0.988986192670085,0.9897552634072064,0.977501555517846,0.0174337058952443,0.040083278544817,RECOMPUTED_MISSING_PROBE_CONDITION,False,RECOMPUTED_MISSING_PROBE_CONDITION
6,362,9302,20000,RUT,LINEAR,FINAL,DOMAIN_OOD_EXACT,0.005,2.345424890518189,0.7834945351901647,0.0088908322401982,0.9937895576332444,0.8762005924418778,58567,366,40800,16184,8.890832240198222,0.0080066611647009,0.0098452770115775,0.9923375293379744,0.9861295038890074,0.9830354924967488,0.0282028858766943,0.0625516202691541,RECOMPUTED_MISSING_PROBE_CONDITION,False,RECOMPUTED_MISSING_PROBE_CONDITION
6,362,9302,20000,RUT,LINEAR,FINAL,TEMPLATE_OOD_EXACT,0.005,2.345424890518189,0.7763473307199865,0.0049941863684181,0.991875045038553,0.8709759068546026,55057,451,89854,15861,4.994186368418139,0.0045448431472191,0.0054757629368828,0.9885160163445944,0.989885948768218,0.9764713081524315,0.0170311721388627,0.0381927910968384,RECOMPUTED_MISSING_PROBE_CONDITION,False,RECOMPUTED_MISSING_PROBE_CONDITION
6,362,9302,20000,RUT,LINEAR,FINAL,DOMAIN_TEMPLATE_OOD_EXACT,0.005,2.345424890518189,0.7837079869895194,0.0087732160312805,0.9934215348530382,0.8761909379621325,54213,359,40561,14962,8.773216031280548,0.0078924520111433,0.0097247048505888,0.9919965943748452,0.986427165967002,0.9822518813005822,0.0274926686217008,0.0601661779081133,RECOMPUTED_MISSING_PROBE_CONDITION,False,RECOMPUTED_MISSING_PROBE_CONDITION
6,362,9302,20000,RUT,LINEAR,FINAL,LATE_TEST_Q4,0.005,2.345424890518189,0.7493505450065615,0.0063525674960296,0.9978601997146932,0.8559323330121293,27980,60,9385,9359,6.352567496029645,0.0048510763873844,0.0081695474584392,0.996847907623072,0.9884626881082998,0.9935262644476632,0.0231868713605082,0.0484912652196929,RECOMPUTED_MISSING_PROBE_CONDITION,False,RECOMPUTED_MISSING_PROBE_CONDITION
6,362,9302,50000,RUT,LINEAR,FINAL,OFFICIAL_TEST,0.005,2.1456153392791752,0.8225520833333333,0.0054898093359631,0.9921316727655364,0.8994183935702945,63172,501,90759,13628,5.489809335963182,0.0050207114415715,0.0059907461348385,0.9908839942534756,0.9913020722757552,0.9840969275890544,0.0122397545474468,0.0305500767039228,RECOMPUTED_MISSING_PROBE_CONDITION,False,RECOMPUTED_MISSING_PROBE_CONDITION
6,362,9302,50000,RUT,LINEAR,FINAL,DOMAIN_OOD_EXACT,0.005,2.1456153392791752,0.8287648325774906,0.0100568430257979,0.9933616611881664,0.9036290440211208,61951,414,40752,12800,10.056843025797988,0.0091155160323757,0.0110682054798117,0.9937049578896447,0.9884409013516382,0.987437259678887,0.0207938590098625,0.0469076422290239,RECOMPUTED_MISSING_PROBE_CONDITION,False,RECOMPUTED_MISSING_PROBE_CONDITION
6,362,9302,50000,RUT,LINEAR,FINAL,TEMPLATE_OOD_EXACT,0.005,2.1456153392791752,0.8230209537776023,0.0054371297270361,0.9916578884773524,0.899503760325484,58367,491,89814,12551,5.437129727036155,0.0049679201348334,0.0059385231447949,0.9905429540792964,0.991452335935437,0.983256315465188,0.0120369857704446,0.0293117767565472,RECOMPUTED_MISSING_PROBE_CONDITION,False,RECOMPUTED_MISSING_PROBE_CONDITION
6,362,9302,50000,RUT,LINEAR,FINAL,DOMAIN_TEMPLATE_OOD_EXACT,0.005,2.1456153392791752,0.8296638959161546,0.0098973607038123,0.9929927158849076,0.9040103329868004,57392,405,40515,11783,9.897360703812316,0.0089609084170834,0.0109043049325786,0.9934890879671944,0.9888084124761846,0.9868925729863378,0.0202101661779081,0.0450146627565982,RECOMPUTED_MISSING_PROBE_CONDITION,False,RECOMPUTED_MISSING_PROBE_CONDITION
6,362,9302,50000,RUT,LINEAR,FINAL,LATE_TEST_Q4,0.005,2.1456153392791752,0.8030745333297624,0.0070937003705664,0.9977706052640336,0.8898979107312441,29986,67,9378,7353,7.093700370566437,0.005501626405098,0.0090001133578429,0.9973296517411696,0.9901450931644824,0.9949091339608122,0.0182106934886183,0.0382212811011117,RECOMPUTED_MISSING_PROBE_CONDITION,False,RECOMPUTED_MISSING_PROBE_CONDITION
6,362,9302,100000,RUT,LINEAR,FINAL,OFFICIAL_TEST,0.005,2.04409408569336,0.8466796875,0.0055226824457593,0.992308748798242,0.913728052610501,65025,504,90756,11775,5.522682445759369,0.0050521580714688,0.0060250422167003,0.9917081396436828,0.991982547503356,0.9868379728765168,0.0101030024106947,0.0262765724304185,RECOMPUTED_MISSING_PROBE_CONDITION,False,RECOMPUTED_MISSING_PROBE_CONDITION
6,362,9302,100000,RUT,LINEAR,FINAL,DOMAIN_OOD_EXACT,0.005,2.04409408569336,0.8531257106928335,0.0101297186998979,0.9935035597999656,0.9179789837339858,63772,417,40749,10979,10.129718699897976,0.0091849356474426,0.0111445227475618,0.99437188188872,0.9895923986168794,0.9897039139835556,0.0170043239566632,0.0400573288636253,RECOMPUTED_MISSING_PROBE_CONDITION,False,RECOMPUTED_MISSING_PROBE_CONDITION
6,362,9302,100000,RUT,LINEAR,FINAL,TEMPLATE_OOD_EXACT,0.005,2.04409408569336,0.8490087142897431,0.0054814240628979,0.9918458117123796,0.9148856962688892,60210,495,89810,10708,5.481424062897958,0.0050102738053845,0.0059847533344114,0.991505943565977,0.9922064651476856,0.986371432544772,0.0097669010575272,0.0248048280826089,RECOMPUTED_MISSING_PROBE_CONDITION,False,RECOMPUTED_MISSING_PROBE_CONDITION
6,362,9302,100000,RUT,LINEAR,FINAL,DOMAIN_TEMPLATE_OOD_EXACT,0.005,2.04409408569336,0.8558872425009035,0.0099951124144672,0.9931393105761972,0.91941920956596,59206,409,40511,9969,9.995112414467252,0.0090539751372399,0.0110067219720524,0.9942655413898216,0.9900703070435284,0.9893706604807828,0.0163489736070381,0.0377077223851417,RECOMPUTED_MISSING_PROBE_CONDITION,False,RECOMPUTED_MISSING_PROBE_CONDITION
6,362,9302,100000,RUT,LINEAR,FINAL,LATE_TEST_Q4,0.005,2.04409408569336,0.8337127400305311,0.0074113287453679,0.9977564102564104,0.9083879251229228,31130,70,9375,6209,7.411328745367919,0.0057819189546625,0.0093546164952586,0.997628627176392,0.9912234267096068,0.9959407407407408,0.0145050291159343,0.0339862361037586,RECOMPUTED_MISSING_PROBE_CONDITION,False,RECOMPUTED_MISSING_PROBE_CONDITION
6,362,9302,200000,RUT,LINEAR,FINAL,OFFICIAL_TEST,0.005,2.013785362243653,0.8571744791666667,0.0054788516326977,0.9924620464036424,0.9198706080443788,65831,500,90760,10969,5.478851632697786,0.0050102301956925,0.005979313146278,0.992333765044148,0.9925603380651208,0.9882778436950524,0.0089853166776243,0.0242493973263204,RECOMPUTED_MISSING_PROBE_CONDITION,False,RECOMPUTED_MISSING_PROBE_CONDITION
6,362,9302,200000,RUT,LINEAR,FINAL,DOMAIN_OOD_EXACT,0.005,2.013785362243653,0.8635335982127329,0.0099596754603313,0.9936884236453202,0.9240503611025616,64550,410,40756,10201,9.959675460331342,0.0090229766658509,0.0109664290733086,0.9947914155343568,0.9903516821387828,0.9909567573936608,0.0149152212991303,0.0377010154010591,RECOMPUTED_MISSING_PROBE_CONDITION,False,RECOMPUTED_MISSING_PROBE_CONDITION
6,362,9302,200000,RUT,LINEAR,FINAL,TEMPLATE_OOD_EXACT,0.005,2.013785362243653,0.8594433007135001,0.0054260561430707,0.9920247395833334,0.920987020051678,60950,490,89815,9968,5.426056143070705,0.0049573329710398,0.0059269643472769,0.9921402306486556,0.9927493137256498,0.9880034673849108,0.008582027573224,0.022889098056586,RECOMPUTED_MISSING_PROBE_CONDITION,False,RECOMPUTED_MISSING_PROBE_CONDITION
6,362,9302,200000,RUT,LINEAR,FINAL,DOMAIN_TEMPLATE_OOD_EXACT,0.005,2.013785362243653,0.8662378026743766,0.0098240469208211,0.9933359856773424,0.9254434397176812,59922,402,40518,9253,9.824046920821116,0.0088911240252174,0.0108274765608553,0.9946964704085894,0.9907929216385972,0.9908192652229948,0.0141006842619745,0.0349462365591397,RECOMPUTED_MISSING_PROBE_CONDITION,False,RECOMPUTED_MISSING_PROBE_CONDITION
6,362,9302,200000,RUT,LINEAR,FINAL,LATE_TEST_Q4,0.005,2.013785362243653,0.846059080318166,0.0074113287453679,0.997789078045545,0.9156811594202898,31591,70,9375,5748,7.411328745367919,0.0057819189546625,0.0093546164952586,0.997737119820731,0.9916000016502826,0.996062875580948,0.014081524616199,0.0345156167284277,RECOMPUTED_MISSING_PROBE_CONDITION,False,RECOMPUTED_MISSING_PROBE_CONDITION
7,382,9303,200000,R0,LINEAR,FINAL,OFFICIAL_TEST,0.005,2.534840822219849,0.7792447916666667,0.0061582292351523,0.9906965964772878,0.8723398052591685,59846,562,90698,16954,6.158229235152312,0.0056609301974939,0.0066872981089901,0.9878596969244832,0.9890162480053556,0.972809412559462,0.0211702827087442,0.0478194170501862,RECOMPUTED_MISSING_PROBE_CONDITION,False,RECOMPUTED_MISSING_PROBE_CONDITION
7,382,9303,200000,R0,LINEAR,FINAL,DOMAIN_OOD_EXACT,0.005,2.534840822219849,0.7895412770397721,0.0115872321818976,0.9919826542960872,0.8792598717289772,59019,477,40689,15732,11.587232181897685,0.0105758451665335,0.0126683593028246,0.99132724622603,0.984357211515439,0.979015687301726,0.0350289073507263,0.0726084632949521,RECOMPUTED_MISSING_PROBE_CONDITION,False,RECOMPUTED_MISSING_PROBE_CONDITION
7,382,9303,200000,R0,LINEAR,FINAL,TEMPLATE_OOD_EXACT,0.005,2.534840822219849,0.7801686454778759,0.0061347655168595,0.9900862531763358,0.8726813880126184,55328,554,89751,15590,6.134765516859531,0.0056358666048958,0.0066657749759674,0.9874002467391,0.9892580084932008,0.9716695337118848,0.0206079397597032,0.0456453131055866,RECOMPUTED_MISSING_PROBE_CONDITION,False,RECOMPUTED_MISSING_PROBE_CONDITION
7,382,9303,200000,R0,LINEAR,FINAL,DOMAIN_TEMPLATE_OOD_EXACT,0.005,2.534840822219849,0.7908782074448861,0.0114613880742913,0.9915002356011454,0.8798983538796813,54709,469,40451,14466,11.4613880742913,0.0104526238152077,0.0125403387166989,0.9910251050972912,0.984849360975129,0.978408787340698,0.0335777126099706,0.0685972629521016,RECOMPUTED_MISSING_PROBE_CONDITION,False,RECOMPUTED_MISSING_PROBE_CONDITION
7,382,9303,200000,R0,LINEAR,FINAL,LATE_TEST_Q4,0.005,2.534840822219849,0.7543587134095717,0.0089994706193753,0.996991363443296,0.8588678324770166,28167,85,9360,9172,8.999470619375332,0.0071946038990732,0.0111161243070289,0.9962921234468048,0.9861795773237608,0.9918574463063488,0.0292218104817363,0.0631021704605611,RECOMPUTED_MISSING_PROBE_CONDITION,False,RECOMPUTED_MISSING_PROBE_CONDITION
7,382,9303,2000,RUT,LINEAR,FINAL,OFFICIAL_TEST,0.005,2.948748588562012,0.6038932291666667,0.0051172474249397,0.9900311659479998,0.7501900587160119,46379,467,90793,30421,5.117247424939733,0.004664629878649,0.0056017445673401,0.9754835510116848,0.9778632879558862,0.9358406780119952,0.0519285557747096,0.0977646285338593,RECOMPUTED_MISSING_PROBE_CONDITION,False,RECOMPUTED_MISSING_PROBE_CONDITION
7,382,9303,2000,RUT,LINEAR,FINAL,DOMAIN_OOD_EXACT,0.005,2.948748588562012,0.6129951438776738,0.0098625078948646,0.9912174439733494,0.7575199001479594,45822,406,40760,28929,9.862507894864692,0.0089304606001708,0.0108646294486018,0.9817361508773804,0.9678189890977325,0.9512088222819172,0.0838313171063499,0.1495894670359034,RECOMPUTED_MISSING_PROBE_CONDITION,False,RECOMPUTED_MISSING_PROBE_CONDITION
7,382,9303,2000,RUT,LINEAR,FINAL,TEMPLATE_OOD_EXACT,0.005,2.948748588562012,0.5985222369497166,0.0051270693760035,0.9892097229019552,0.7457984485227583,42446,463,89842,28472,5.127069376003544,0.0046716754989179,0.005614681460079,0.9737742705733003,0.9776928365970924,0.9313051725395785,0.0521344333093405,0.0965616521787276,RECOMPUTED_MISSING_PROBE_CONDITION,False,RECOMPUTED_MISSING_PROBE_CONDITION
7,382,9303,2000,RUT,LINEAR,FINAL,DOMAIN_TEMPLATE_OOD_EXACT,0.005,2.948748588562012,0.6077050957715938,0.0098484848484848,0.9905044650220306,0.7532611811926605,42038,403,40517,27137,9.848484848484848,0.0089143839878993,0.010853087513958,0.9804231355327182,0.9677323955952026,0.9478283374183628,0.0837487781036168,0.1469941348973607,RECOMPUTED_MISSING_PROBE_CONDITION,False,RECOMPUTED_MISSING_PROBE_CONDITION
7,382,9303,2000,RUT,LINEAR,FINAL,LATE_TEST_Q4,0.005,2.948748588562012,0.5807600632046921,0.0062466913710958,0.9972866077998528,0.7340520962036456,21685,59,9386,15654,6.246691371095817,0.0047585720755803,0.0080504735155597,0.9928570226477934,0.9738792904141786,0.9823458919124308,0.0639491794600317,0.1052408681842244,RECOMPUTED_MISSING_PROBE_CONDITION,False,RECOMPUTED_MISSING_PROBE_CONDITION
7,382,9303,5000,RUT,LINEAR,FINAL,OFFICIAL_TEST,0.005,2.567782163619996,0.6566796875,0.0051391628314705,0.990786216651605,0.7898545050194985,50433,469,90791,26367,5.139162831470523,0.0046855593176188,0.0056246434972494,0.9822144611970952,0.9844208868805474,0.955778644320916,0.035042735042735,0.0691540653079114,RECOMPUTED_MISSING_PROBE_CONDITION,False,RECOMPUTED_MISSING_PROBE_CONDITION
7,382,9303,5000,RUT,LINEAR,FINAL,DOMAIN_OOD_EXACT,0.005,2.567782163619996,0.664098139155329,0.0098139241121313,0.991927426767374,0.7955639959293893,49642,404,40762,25109,9.813924112131373,0.0088842114116512,0.0108137208235522,0.9865287646272732,0.9766069896941164,0.9648768034879384,0.0594908419569547,0.1108924840888111,RECOMPUTED_MISSING_PROBE_CONDITION,False,RECOMPUTED_MISSING_PROBE_CONDITION
7,382,9303,5000,RUT,LINEAR,FINAL,TEMPLATE_OOD_EXACT,0.005,2.567782163619996,0.6525846752587495,0.0051713637118653,0.99001005412112,0.7866400373942972,46280,467,89838,24638,5.171363711865346,0.0047139706757846,0.0056609699645296,0.980924908126954,0.9842498461712924,0.952101793012918,0.0355572781130612,0.0681579093073473,RECOMPUTED_MISSING_PROBE_CONDITION,False,RECOMPUTED_MISSING_PROBE_CONDITION
7,382,9303,5000,RUT,LINEAR,FINAL,DOMAIN_TEMPLATE_OOD_EXACT,0.005,2.567782163619996,0.6604409107336465,0.0098240469208211,0.9912775559798646,0.7927262000815526,45686,402,40518,23489,9.824046920821116,0.0088911240252174,0.0108274765608553,0.9855248232840824,0.976455080845646,0.9621250753326224,0.0598973607038123,0.1099706744868035,RECOMPUTED_MISSING_PROBE_CONDITION,False,RECOMPUTED_MISSING_PROBE_CONDITION
7,382,9303,5000,RUT,LINEAR,FINAL,LATE_TEST_Q4,0.005,2.567782163619996,0.6290205950882455,0.0063525674960296,0.9974519047012358,0.7715074072857471,23487,60,9385,13852,6.352567496029645,0.0048510763873844,0.0081695474584392,0.9947328413894791,0.9808623835659296,0.9865257595772788,0.0485971413446267,0.0866066701958708,RECOMPUTED_MISSING_PROBE_CONDITION,False,RECOMPUTED_MISSING_PROBE_CONDITION
7,382,9303,10000,RUT,LINEAR,FINAL,OFFICIAL_TEST,0.005,2.33498764038086,0.7370442708333333,0.0049638395792241,0.9920607101545796,0.8457469856116182,56605,453,90807,20195,4.963839579224195,0.0045181846671805,0.0054413913890392,0.9871388773619244,0.988237751413658,0.9714145176024171,0.0222879684418145,0.0482248520710059,RECOMPUTED_MISSING_PROBE_CONDITION,False,RECOMPUTED_MISSING_PROBE_CONDITION
7,382,9303,10000,RUT,LINEAR,FINAL,DOMAIN_OOD_EXACT,0.005,2.33498764038086,0.7440970689355326,0.0091580430452315,0.9932677369238736,0.8508145315487572,55622,377,40789,19129,9.1580430452315,0.0082604487619072,0.0101258552016477,0.99081393433213,0.9836081151777948,0.9775233556598428,0.0375795559442258,0.0759364524121848,RECOMPUTED_MISSING_PROBE_CONDITION,False,RECOMPUTED_MISSING_PROBE_CONDITION
7,382,9303,10000,RUT,LINEAR,FINAL,TEMPLATE_OOD_EXACT,0.005,2.33498764038086,0.7347076905722102,0.0049720392004872,0.9914562441725496,0.8439876570206769,52104,449,89856,18814,4.972039200487238,0.0045237123304597,0.0054526019666304,0.9862723953495328,0.9881169100802076,0.9693394077448748,0.0223575660262443,0.0474613808759204,RECOMPUTED_MISSING_PROBE_CONDITION,False,RECOMPUTED_MISSING_PROBE_CONDITION
7,382,9303,10000,RUT,LINEAR,FINAL,DOMAIN_TEMPLATE_OOD_EXACT,0.005,2.33498764038086,0.7422768341163716,0.0091153470185728,0.9927880897138438,0.8494478679846148,51347,373,40547,17828,9.115347018572823,0.0082172650915419,0.0100840814564457,0.99020421421473,0.9836031089777898,0.9760911827417534,0.0372678396871945,0.0748289345063538,RECOMPUTED_MISSING_PROBE_CONDITION,False,RECOMPUTED_MISSING_PROBE_CONDITION
7,382,9303,10000,RUT,LINEAR,FINAL,LATE_TEST_Q4,0.005,2.33498764038086,0.7032057634109108,0.0058231868713605,0.9979096989966556,0.8250302430440998,26257,55,9390,11082,5.823186871360508,0.0043897452916448,0.0075730158926316,0.996175731636971,0.9860786236914724,0.9911820219417248,0.0316569613552144,0.0598200105876124,RECOMPUTED_MISSING_PROBE_CONDITION,False,RECOMPUTED_MISSING_PROBE_CONDITION
7,382,9303,20000,RUT,LINEAR,FINAL,OFFICIAL_TEST,0.005,2.1318805217742924,0.7774088541666667,0.0057966250273942,0.9912175847527974,0.8713895821474963,59705,529,90731,17095,5.796625027394258,0.0053143773436929,0.0063106793456267,0.9886667164663746,0.9894838074252136,0.975087461911748,0.0193513039666885,0.0424830155599386,RECOMPUTED_MISSING_PROBE_CONDITION,False,RECOMPUTED_MISSING_PROBE_CONDITION
7,382,9303,20000,RUT,LINEAR,FINAL,DOMAIN_OOD_EXACT,0.005,2.1318805217742924,0.7833741354630708,0.0105426808531312,0.9926430702468132,0.8756794748136352,58558,434,40732,16193,10.542680853131223,0.0095785509731345,0.0115767505771094,0.9919638588098426,0.9854923390271808,0.9801902320364732,0.03303697225866,0.0675071661079531,RECOMPUTED_MISSING_PROBE_CONDITION,False,RECOMPUTED_MISSING_PROBE_CONDITION
7,382,9303,20000,RUT,LINEAR,FINAL,TEMPLATE_OOD_EXACT,0.005,2.1318805217742924,0.7743450181900223,0.0057804108299651,0.9905839060555224,0.8692176803450595,54915,522,89783,16003,5.780410829965118,0.0052963644324834,0.0062966043559304,0.9879396034972806,0.9894276310097634,0.9733619992985988,0.0193455511876418,0.0422457228281933,RECOMPUTED_MISSING_PROBE_CONDITION,False,RECOMPUTED_MISSING_PROBE_CONDITION
7,382,9303,20000,RUT,LINEAR,FINAL,DOMAIN_TEMPLATE_OOD_EXACT,0.005,2.1318805217742924,0.7808601373328514,0.0104594330400782,0.9921387113364192,0.8739109683786472,54016,428,40492,15159,10.4594330400782,0.0094963576944833,0.0114928883820058,0.991440065433204,0.9855397118532516,0.9788106952544132,0.0329423264907135,0.0667644183773216,RECOMPUTED_MISSING_PROBE_CONDITION,False,RECOMPUTED_MISSING_PROBE_CONDITION
7,382,9303,20000,RUT,LINEAR,FINAL,LATE_TEST_Q4,0.005,2.1318805217742924,0.7363882267870056,0.0077289571201694,0.9973520983713592,0.8472299254329204,27496,73,9372,9843,7.728957120169402,0.0060630205869548,0.009708326763937,0.996425918086258,0.9869845012795432,0.9914454277286135,0.0307040762308099,0.0581259925886712,RECOMPUTED_MISSING_PROBE_CONDITION,False,RECOMPUTED_MISSING_PROBE_CONDITION
7,382,9303,50000,RUT,LINEAR,FINAL,OFFICIAL_TEST,0.005,2.1599996089935307,0.8258723958333334,0.0056541748849441,0.9919303129349576,0.901316584128518,63427,516,90744,13373,5.654174884944116,0.0051779872987632,0.0061621839597811,0.9910969169040842,0.991581313078133,0.9833271687483996,0.0128424282270436,0.0303309226386149,RECOMPUTED_MISSING_PROBE_CONDITION,False,RECOMPUTED_MISSING_PROBE_CONDITION
7,382,9303,50000,RUT,LINEAR,FINAL,DOMAIN_OOD_EXACT,0.005,2.1599996089935307,0.8322564246632153,0.0102754700480979,0.993246587371278,0.9056526865910648,62212,423,40743,12539,10.275470048097944,0.0093238130854724,0.0112971192080891,0.9937871825790277,0.9886653937716888,0.986727091399742,0.0219841616868289,0.0497983773016567,RECOMPUTED_MISSING_PROBE_CONDITION,False,RECOMPUTED_MISSING_PROBE_CONDITION
7,382,9303,50000,RUT,LINEAR,FINAL,TEMPLATE_OOD_EXACT,0.005,2.1599996089935307,0.8237118926083646,0.0056032334865179,0.9914123756831064,0.899815157116451,58416,506,89799,12502,5.603233486517912,0.0051267871185894,0.0061118457565307,0.9905860166914726,0.9915769926089348,0.9822733777524736,0.0127567687281988,0.0297325729472343,RECOMPUTED_MISSING_PROBE_CONDITION,False,RECOMPUTED_MISSING_PROBE_CONDITION
7,382,9303,50000,RUT,LINEAR,FINAL,DOMAIN_TEMPLATE_OOD_EXACT,0.005,2.1599996089935307,0.8306469100108421,0.0101661779081133,0.9928122192273136,0.9045186578618036,57460,416,40504,11715,10.166177908113392,0.0092168983088875,0.0111858955798268,0.993445495507678,0.9888159173134284,0.985969246361664,0.0216520039100684,0.0486559139784946,RECOMPUTED_MISSING_PROBE_CONDITION,False,RECOMPUTED_MISSING_PROBE_CONDITION
7,382,9303,50000,RUT,LINEAR,FINAL,LATE_TEST_Q4,0.005,2.1599996089935307,0.7957363614451378,0.0076230809952355,0.9975825946817084,0.8853001206739866,29712,72,9373,7627,7.623080995235575,0.0059692332824942,0.0095905084028879,0.9972288602010162,0.9899321613311238,0.994292811307922,0.0204340921122286,0.0412916887241926,RECOMPUTED_MISSING_PROBE_CONDITION,False,RECOMPUTED_MISSING_PROBE_CONDITION
7,382,9303,100000,RUT,LINEAR,FINAL,OFFICIAL_TEST,0.005,2.032439231872559,0.8564973958333333,0.0058075827306596,0.9920071181890844,0.9192853000160718,65779,530,90730,11021,5.807582730659654,0.0053248720388273,0.0063220989231936,0.9920669118218352,0.9923780949091195,0.9870765979322556,0.0099167214551829,0.0260793337716414,RECOMPUTED_MISSING_PROBE_CONDITION,False,RECOMPUTED_MISSING_PROBE_CONDITION
7,382,9303,100000,RUT,LINEAR,FINAL,DOMAIN_OOD_EXACT,0.005,2.032439231872559,0.8630519993043572,0.0106398484185978,0.9932565586894938,0.9235878971818788,64514,438,40728,10237,10.639848418597872,0.009671223407607,0.0116783943723456,0.9945295159453204,0.9898971619087652,0.9899510056350876,0.01659136180343,0.0404459991254919,RECOMPUTED_MISSING_PROBE_CONDITION,False,RECOMPUTED_MISSING_PROBE_CONDITION
7,382,9303,100000,RUT,LINEAR,FINAL,TEMPLATE_OOD_EXACT,0.005,2.032439231872559,0.8581037254293691,0.0057361164941033,0.9915598064295374,0.9200172347325216,60855,518,89787,10063,5.7361164941033165,0.0052539588703548,0.0062504259078169,0.9917694890662088,0.9924907325486836,0.9865376590055488,0.0096450916339073,0.0244061790598527,RECOMPUTED_MISSING_PROBE_CONDITION,False,RECOMPUTED_MISSING_PROBE_CONDITION
7,382,9303,100000,RUT,LINEAR,FINAL,DOMAIN_TEMPLATE_OOD_EXACT,0.005,2.032439231872559,0.8652403324900615,0.0104838709677419,0.9928834477953618,0.9246776922066786,59853,429,40491,9322,10.483870967741936,0.0095196550270775,0.0115184620960765,0.9943502484271024,0.9902207282732074,0.9896676151266116,0.0158846529814271,0.038049853372434,RECOMPUTED_MISSING_PROBE_CONDITION,False,RECOMPUTED_MISSING_PROBE_CONDITION
7,382,9303,100000,RUT,LINEAR,FINAL,LATE_TEST_Q4,0.005,2.032439231872559,0.8485229920458501,0.0081524616199047,0.9975755667506296,0.9170320844006424,31683,77,9368,5656,8.152461619904711,0.0064389971412495,0.0101787885776516,0.9975991774378624,0.9911760945042596,0.9958233359992892,0.0149285336156696,0.0347273689782954,RECOMPUTED_MISSING_PROBE_CONDITION,False,RECOMPUTED_MISSING_PROBE_CONDITION
7,382,9303,200000,RUT,LINEAR,FINAL,OFFICIAL_TEST,0.005,2.013785362243653,0.8571744791666667,0.0054788516326977,0.9924620464036424,0.9198706080443788,65831,500,90760,10969,5.478851632697786,0.0050102301956925,0.005979313146278,0.992333765044148,0.9925603380651208,0.9882778436950524,0.0089853166776243,0.0242493973263204,RECOMPUTED_MISSING_PROBE_CONDITION,False,RECOMPUTED_MISSING_PROBE_CONDITION
7,382,9303,200000,RUT,LINEAR,FINAL,DOMAIN_OOD_EXACT,0.005,2.013785362243653,0.8635335982127329,0.0099596754603313,0.9936884236453202,0.9240503611025616,64550,410,40756,10201,9.959675460331342,0.0090229766658509,0.0109664290733086,0.9947914155343568,0.9903516821387828,0.9909567573936608,0.0149152212991303,0.0377010154010591,RECOMPUTED_MISSING_PROBE_CONDITION,False,RECOMPUTED_MISSING_PROBE_CONDITION
7,382,9303,200000,RUT,LINEAR,FINAL,TEMPLATE_OOD_EXACT,0.005,2.013785362243653,0.8594433007135001,0.0054260561430707,0.9920247395833334,0.920987020051678,60950,490,89815,9968,5.426056143070705,0.0049573329710398,0.0059269643472769,0.9921402306486556,0.9927493137256498,0.9880034673849108,0.008582027573224,0.022889098056586,RECOMPUTED_MISSING_PROBE_CONDITION,False,RECOMPUTED_MISSING_PROBE_CONDITION
7,382,9303,200000,RUT,LINEAR,FINAL,DOMAIN_TEMPLATE_OOD_EXACT,0.005,2.013785362243653,0.8662378026743766,0.0098240469208211,0.9933359856773424,0.9254434397176812,59922,402,40518,9253,9.824046920821116,0.0088911240252174,0.0108274765608553,0.9946964704085894,0.9907929216385972,0.9908192652229948,0.0141006842619745,0.0349462365591397,RECOMPUTED_MISSING_PROBE_CONDITION,False,RECOMPUTED_MISSING_PROBE_CONDITION
7,382,9303,200000,RUT,LINEAR,FINAL,LATE_TEST_Q4,0.005,2.013785362243653,0.846059080318166,0.0074113287453679,0.997789078045545,0.9156811594202898,31591,70,9375,5748,7.411328745367919,0.0057819189546625,0.0093546164952586,0.997737119820731,0.9916000016502826,0.996062875580948,0.014081524616199,0.0345156167284277,RECOMPUTED_MISSING_PROBE_CONDITION,False,RECOMPUTED_MISSING_PROBE_CONDITION
8,402,9304,200000,R0,LINEAR,FINAL,OFFICIAL_TEST,0.005,2.534840822219849,0.7792447916666667,0.0061582292351523,0.9906965964772878,0.8723398052591685,59846,562,90698,16954,6.158229235152312,0.0056609301974939,0.0066872981089901,0.9878596969244832,0.9890162480053556,0.972809412559462,0.0211702827087442,0.0478194170501862,RECOMPUTED_MISSING_PROBE_CONDITION,False,RECOMPUTED_MISSING_PROBE_CONDITION
8,402,9304,200000,R0,LINEAR,FINAL,DOMAIN_OOD_EXACT,0.005,2.534840822219849,0.7895412770397721,0.0115872321818976,0.9919826542960872,0.8792598717289772,59019,477,40689,15732,11.587232181897685,0.0105758451665335,0.0126683593028246,0.99132724622603,0.984357211515439,0.979015687301726,0.0350289073507263,0.0726084632949521,RECOMPUTED_MISSING_PROBE_CONDITION,False,RECOMPUTED_MISSING_PROBE_CONDITION
8,402,9304,200000,R0,LINEAR,FINAL,TEMPLATE_OOD_EXACT,0.005,2.534840822219849,0.7801686454778759,0.0061347655168595,0.9900862531763358,0.8726813880126184,55328,554,89751,15590,6.134765516859531,0.0056358666048958,0.0066657749759674,0.9874002467391,0.9892580084932008,0.9716695337118848,0.0206079397597032,0.0456453131055866,RECOMPUTED_MISSING_PROBE_CONDITION,False,RECOMPUTED_MISSING_PROBE_CONDITION
8,402,9304,200000,R0,LINEAR,FINAL,DOMAIN_TEMPLATE_OOD_EXACT,0.005,2.534840822219849,0.7908782074448861,0.0114613880742913,0.9915002356011454,0.8798983538796813,54709,469,40451,14466,11.4613880742913,0.0104526238152077,0.0125403387166989,0.9910251050972912,0.984849360975129,0.978408787340698,0.0335777126099706,0.0685972629521016,RECOMPUTED_MISSING_PROBE_CONDITION,False,RECOMPUTED_MISSING_PROBE_CONDITION
8,402,9304,200000,R0,LINEAR,FINAL,LATE_TEST_Q4,0.005,2.534840822219849,0.7543587134095717,0.0089994706193753,0.996991363443296,0.8588678324770166,28167,85,9360,9172,8.999470619375332,0.0071946038990732,0.0111161243070289,0.9962921234468048,0.9861795773237608,0.9918574463063488,0.0292218104817363,0.0631021704605611,RECOMPUTED_MISSING_PROBE_CONDITION,False,RECOMPUTED_MISSING_PROBE_CONDITION
8,402,9304,2000,RUT,LINEAR,FINAL,OFFICIAL_TEST,0.005,2.564987659454346,0.6473697916666666,0.0052268244575936,0.9904970614603048,0.7829914563565494,49718,477,90783,27082,5.226824457593688,0.0047692982593481,0.005716218096868,0.9743218931329762,0.976756857624621,0.9186358682650648,0.0670830593907517,0.1315033968880122,RECOMPUTED_MISSING_PROBE_CONDITION,False,RECOMPUTED_MISSING_PROBE_CONDITION
8,402,9304,2000,RUT,LINEAR,FINAL,DOMAIN_OOD_EXACT,0.005,2.564987659454346,0.6556434027638426,0.0103969295049312,0.9913426918564668,0.7892808541819323,49010,428,40738,25741,10.396929504931254,0.009439582563485,0.0114242447772478,0.9808205086035952,0.9654491077798004,0.9371900596199922,0.1095321381722781,0.2058009036583588,RECOMPUTED_MISSING_PROBE_CONDITION,False,RECOMPUTED_MISSING_PROBE_CONDITION
8,402,9304,2000,RUT,LINEAR,FINAL,TEMPLATE_OOD_EXACT,0.005,2.564987659454346,0.6487915620857893,0.0051602901278998,0.9899735352970286,0.7838664338344904,46011,466,89839,24907,5.160290127899895,0.0047033960640186,0.0056493986533954,0.972582641657119,0.976487947966566,0.9114757375831832,0.0686451470018271,0.1335363490393666,RECOMPUTED_MISSING_PROBE_CONDITION,False,RECOMPUTED_MISSING_PROBE_CONDITION
8,402,9304,2000,RUT,LINEAR,FINAL,DOMAIN_TEMPLATE_OOD_EXACT,0.005,2.564987659454346,0.6580267437658114,0.0102150537634408,0.990900581230816,0.7908645493084997,45519,418,40502,23656,10.21505376344086,0.009263460769028,0.011237075102226,0.9792416221665386,0.96477996450274,0.9306267657214607,0.11341642228739,0.2110703812316715,RECOMPUTED_MISSING_PROBE_CONDITION,False,RECOMPUTED_MISSING_PROBE_CONDITION
8,402,9304,2000,RUT,LINEAR,FINAL,LATE_TEST_Q4,0.005,2.564987659454346,0.5848308738852138,0.0071995764955002,0.9968956859164574,0.7371885760583349,21837,68,9377,15502,7.199576495500265,0.0055949641049867,0.0091183723104806,0.9910256744761982,0.9674570537682086,0.9711669026088464,0.1056643726839597,0.1714134462678666,RECOMPUTED_MISSING_PROBE_CONDITION,False,RECOMPUTED_MISSING_PROBE_CONDITION
8,402,9304,5000,RUT,LINEAR,FINAL,OFFICIAL_TEST,0.005,2.432554960250855,0.734921875,0.0057308788078018,0.9908189239006407,0.84389788061152,56442,523,90737,20358,5.730878807801885,0.0052514185696661,0.0062421525095395,0.984750527997912,0.9859460642726368,0.960897970530998,0.0308240192855577,0.0650777996931843,RECOMPUTED_MISSING_PROBE_CONDITION,False,RECOMPUTED_MISSING_PROBE_CONDITION
8,402,9304,5000,RUT,LINEAR,FINAL,DOMAIN_OOD_EXACT,0.005,2.432554960250855,0.7425987612205857,0.0110528105718311,0.991869918699187,0.8493221946815998,55510,455,40711,19241,11.052810571831122,0.0100653135339061,0.0121101489861409,0.988650720153218,0.9794081909275756,0.9692001843955284,0.0519360637419229,0.104722343681679,RECOMPUTED_MISSING_PROBE_CONDITION,False,RECOMPUTED_MISSING_PROBE_CONDITION
8,402,9304,5000,RUT,LINEAR,FINAL,TEMPLATE_OOD_EXACT,0.005,2.432554960250855,0.7347499929496037,0.0057028957422069,0.9902132188058228,0.8435648372996601,52107,515,89790,18811,5.702895742206966,0.0052221595707802,0.0062157872134721,0.9836457239567054,0.985718725823818,0.9581632040350666,0.0308620785117103,0.0655666906594319,RECOMPUTED_MISSING_PROBE_CONDITION,False,RECOMPUTED_MISSING_PROBE_CONDITION
8,402,9304,5000,RUT,LINEAR,FINAL,DOMAIN_TEMPLATE_OOD_EXACT,0.005,2.432554960250855,0.7435056017347308,0.0109481915933528,0.9913646877409408,0.8497294618148775,51432,448,40472,17743,10.948191593352885,0.009962559354227,0.0120041085082177,0.9878076126274404,0.9791891953094723,0.9669493368123504,0.0520039100684261,0.1065982404692082,RECOMPUTED_MISSING_PROBE_CONDITION,False,RECOMPUTED_MISSING_PROBE_CONDITION
8,402,9304,5000,RUT,LINEAR,FINAL,LATE_TEST_Q4,0.005,2.432554960250855,0.6954123034896489,0.0071995764955002,0.9973880310363372,0.8194657030596626,25966,68,9377,11373,7.199576495500265,0.0055949641049867,0.0091183723104806,0.9955263434468936,0.9835213008605528,0.988329707801752,0.0420328215987294,0.0732662784542085,RECOMPUTED_MISSING_PROBE_CONDITION,False,RECOMPUTED_MISSING_PROBE_CONDITION
8,402,9304,10000,RUT,LINEAR,FINAL,OFFICIAL_TEST,0.005,2.4423265457153325,0.7409375,0.0052596975673898,0.9916352990380594,0.8481488105884456,56904,480,90780,19896,5.259697567389876,0.0048007089830515,0.0057505499777144,0.9871818880480094,0.9882266145776262,0.97009458587106,0.0233508656585579,0.0511834319526627,RECOMPUTED_MISSING_PROBE_CONDITION,False,RECOMPUTED_MISSING_PROBE_CONDITION
8,402,9304,10000,RUT,LINEAR,FINAL,DOMAIN_OOD_EXACT,0.005,2.4423265457153325,0.7480167489398135,0.0100082592430646,0.9926855681999752,0.8531561360411357,55915,412,40754,18836,10.008259243064666,0.0090692434575497,0.0110173201579183,0.9906613451815526,0.9832542614737174,0.9769268746006854,0.0385998153816256,0.0819608414711169,RECOMPUTED_MISSING_PROBE_CONDITION,False,RECOMPUTED_MISSING_PROBE_CONDITION
8,402,9304,10000,RUT,LINEAR,FINAL,TEMPLATE_OOD_EXACT,0.005,2.4423265457153325,0.7432386700132547,0.0052267316316925,0.9911246497809368,0.8494669578320534,52709,472,89833,18209,5.226731631692598,0.004766851832125,0.0057188184479922,0.9863888904009877,0.988134234903594,0.9683991747072032,0.0230662754000332,0.0511710315043463,RECOMPUTED_MISSING_PROBE_CONDITION,False,RECOMPUTED_MISSING_PROBE_CONDITION
8,402,9304,10000,RUT,LINEAR,FINAL,DOMAIN_TEMPLATE_OOD_EXACT,0.005,2.4423265457153325,0.7513552584026021,0.0098973607038123,0.9922680412371134,0.8551684422689317,51975,405,40515,17200,9.897360703812316,0.0089609084170834,0.0109043049325786,0.990075295221749,0.9832545857987643,0.9757091364989814,0.0378787878787878,0.0824535679374389,RECOMPUTED_MISSING_PROBE_CONDITION,False,RECOMPUTED_MISSING_PROBE_CONDITION
8,402,9304,10000,RUT,LINEAR,FINAL,LATE_TEST_Q4,0.005,2.4423265457153325,0.7029111652695573,0.0069878242456326,0.9974916387959866,0.8246846082543873,26246,66,9379,11093,6.98782424563261,0.0054083846265516,0.0088817604881413,0.9963076422862058,0.9865410062422793,0.9913574420388178,0.0310217046056114,0.0572789835892006,RECOMPUTED_MISSING_PROBE_CONDITION,False,RECOMPUTED_MISSING_PROBE_CONDITION
8,402,9304,20000,RUT,LINEAR,FINAL,OFFICIAL_TEST,0.005,2.3367710113525395,0.772578125,0.0052158667543282,0.9920414646380205,0.8686626162067198,59334,476,90784,17466,5.215866754328293,0.0047588290553796,0.0057047731024981,0.989215890091417,0.9899739763821545,0.9766160367361356,0.0181349989042296,0.0407955292570677,RECOMPUTED_MISSING_PROBE_CONDITION,False,RECOMPUTED_MISSING_PROBE_CONDITION
8,402,9304,20000,RUT,LINEAR,FINAL,DOMAIN_OOD_EXACT,0.005,2.3367710113525395,0.7795213441960642,0.0096681727639314,0.9932160632712892,0.8734887834566292,58270,398,40768,16481,9.6681727639314,0.0087454997473152,0.010660959176826,0.9922615142502804,0.9859622302129808,0.981945559366562,0.0300490696205606,0.0657581499295535,RECOMPUTED_MISSING_PROBE_CONDITION,False,RECOMPUTED_MISSING_PROBE_CONDITION
8,402,9304,20000,RUT,LINEAR,FINAL,TEMPLATE_OOD_EXACT,0.005,2.3367710113525395,0.7749090498886038,0.0051602901278998,0.9915916349398244,0.8699609780036253,54955,466,89839,15963,5.160290127899895,0.0047033960640186,0.0056493986533954,0.9886239965663924,0.9899521001521678,0.9756213126280072,0.0176623664248934,0.0393998117490725,RECOMPUTED_MISSING_PROBE_CONDITION,False,RECOMPUTED_MISSING_PROBE_CONDITION
8,402,9304,20000,RUT,LINEAR,FINAL,DOMAIN_TEMPLATE_OOD_EXACT,0.005,2.3367710113525395,0.7827394289844597,0.0095307917888563,0.9928487604518116,0.8753627405808698,54146,390,40530,15029,9.530791788856304,0.0086121237745716,0.0105200262575969,0.9918269912446156,0.9860517170845756,0.981184701933532,0.0291788856304985,0.0640762463343108,RECOMPUTED_MISSING_PROBE_CONDITION,False,RECOMPUTED_MISSING_PROBE_CONDITION
8,402,9304,20000,RUT,LINEAR,FINAL,LATE_TEST_Q4,0.005,2.3367710113525395,0.733495808671898,0.0076230809952355,0.9973780043699928,0.845321687063072,27388,72,9373,9951,7.623080995235575,0.0059692332824942,0.0095905084028879,0.9967372192328012,0.9881561764572404,0.992706980040156,0.0261514028586553,0.0494441503440974,RECOMPUTED_MISSING_PROBE_CONDITION,False,RECOMPUTED_MISSING_PROBE_CONDITION
8,402,9304,50000,RUT,LINEAR,FINAL,OFFICIAL_TEST,0.005,2.2488660812377934,0.7980598958333334,0.0051501205347359,0.9923900195916516,0.8846789500653143,61291,470,90790,15509,5.150120534735919,0.004696024837456,0.0056360921643508,0.9906122093645584,0.9911860277726414,0.9813892082960692,0.0143655489809335,0.0320951128643436,RECOMPUTED_MISSING_PROBE_CONDITION,False,RECOMPUTED_MISSING_PROBE_CONDITION
8,402,9304,50000,RUT,LINEAR,FINAL,DOMAIN_OOD_EXACT,0.005,2.2488660812377934,0.8046179984214258,0.0094252538502647,0.993590378960584,0.8891747052518757,60146,388,40778,14605,9.425253850264784,0.0085144360220767,0.0104062344989651,0.9933086041684294,0.9878643103947352,0.98508642264405,0.0247534373026283,0.0522032745469562,RECOMPUTED_MISSING_PROBE_CONDITION,False,RECOMPUTED_MISSING_PROBE_CONDITION
8,402,9304,50000,RUT,LINEAR,FINAL,TEMPLATE_OOD_EXACT,0.005,2.2488660812377934,0.798415070926986,0.0051049222080726,0.9919240404323528,0.8847118381887641,56622,461,89844,14296,5.104922208072643,0.0046505311982684,0.005591533930446,0.990103713140251,0.9911727461313546,0.9804319110373853,0.0141077459719838,0.0312607275344665,RECOMPUTED_MISSING_PROBE_CONDITION,False,RECOMPUTED_MISSING_PROBE_CONDITION
8,402,9304,50000,RUT,LINEAR,FINAL,DOMAIN_TEMPLATE_OOD_EXACT,0.005,2.2488660812377934,0.8056523310444524,0.0092619745845552,0.993245410800214,0.8896675579678334,55731,379,40541,13444,9.26197458455523,0.0083565729825597,0.0102379981182947,0.9929785973959242,0.9880393875450824,0.9843947634707816,0.0241202346041055,0.050635386119257,RECOMPUTED_MISSING_PROBE_CONDITION,False,RECOMPUTED_MISSING_PROBE_CONDITION
8,402,9304,50000,RUT,LINEAR,FINAL,LATE_TEST_Q4,0.005,2.2488660812377934,0.7657141326762902,0.0077289571201694,0.9974532514652524,0.8663545596412284,28591,73,9372,8748,7.728957120169402,0.0060630205869548,0.009708326763937,0.9971291072023214,0.9896435008047466,0.9935569676370622,0.0230809952355743,0.0428798305982001,RECOMPUTED_MISSING_PROBE_CONDITION,False,RECOMPUTED_MISSING_PROBE_CONDITION
8,402,9304,100000,RUT,LINEAR,FINAL,OFFICIAL_TEST,0.005,2.0602231025695805,0.8344010416666666,0.0055007670392285,0.9922271770097856,0.906495784530074,64082,502,90758,12718,5.500767039228578,0.0050311931704494,0.0060021786418116,0.9916550437129998,0.9919990601771952,0.9853463144840564,0.0112645189568266,0.0273833004602235,RECOMPUTED_MISSING_PROBE_CONDITION,False,RECOMPUTED_MISSING_PROBE_CONDITION
8,402,9304,100000,RUT,LINEAR,FINAL,DOMAIN_OOD_EXACT,0.005,2.0602231025695805,0.8408315607817956,0.0099596754603313,0.9935191186001296,0.9108206413842074,62853,410,40756,11898,9.959675460331342,0.0090229766658509,0.0109664290733086,0.994252866786818,0.9894747892514556,0.9885253368202988,0.0189719671573628,0.0437011125686245,RECOMPUTED_MISSING_PROBE_CONDITION,False,RECOMPUTED_MISSING_PROBE_CONDITION
8,402,9304,100000,RUT,LINEAR,FINAL,TEMPLATE_OOD_EXACT,0.005,2.0602231025695805,0.8367410248455963,0.0054260561430707,0.9918101286979776,0.907700308991342,59340,490,89815,11578,5.426056143070705,0.0049573329710398,0.0059269643472769,0.9913883883060924,0.9921461705775791,0.984803135028388,0.0109074802059686,0.0259343336470848,RECOMPUTED_MISSING_PROBE_CONDITION,False,RECOMPUTED_MISSING_PROBE_CONDITION
8,402,9304,100000,RUT,LINEAR,FINAL,DOMAIN_TEMPLATE_OOD_EXACT,0.005,2.0602231025695805,0.8436429345861944,0.0097751710654936,0.993192532207832,0.9123297950505732,58359,400,40520,10816,9.775171065493646,0.0088446086314668,0.0107762501394403,0.9941051998237213,0.989877109460366,0.9882080337729532,0.0181573802541544,0.0410557184750733,RECOMPUTED_MISSING_PROBE_CONDITION,False,RECOMPUTED_MISSING_PROBE_CONDITION
8,402,9304,100000,RUT,LINEAR,FINAL,LATE_TEST_Q4,0.005,2.0602231025695805,0.8146442057901926,0.0076230809952355,0.9976385700229584,0.8969025048283183,30418,72,9373,6921,7.623080995235575,0.0059692332824942,0.0095905084028879,0.9974786746128964,0.990729162795863,0.9948812024735924,0.0183165696135521,0.0382212811011117,RECOMPUTED_MISSING_PROBE_CONDITION,False,RECOMPUTED_MISSING_PROBE_CONDITION
8,402,9304,200000,RUT,LINEAR,FINAL,OFFICIAL_TEST,0.005,2.013785362243653,0.8571744791666667,0.0054788516326977,0.9924620464036424,0.9198706080443788,65831,500,90760,10969,5.478851632697786,0.0050102301956925,0.005979313146278,0.992333765044148,0.9925603380651208,0.9882778436950524,0.0089853166776243,0.0242493973263204,RECOMPUTED_MISSING_PROBE_CONDITION,False,RECOMPUTED_MISSING_PROBE_CONDITION
8,402,9304,200000,RUT,LINEAR,FINAL,DOMAIN_OOD_EXACT,0.005,2.013785362243653,0.8635335982127329,0.0099596754603313,0.9936884236453202,0.9240503611025616,64550,410,40756,10201,9.959675460331342,0.0090229766658509,0.0109664290733086,0.9947914155343568,0.9903516821387828,0.9909567573936608,0.0149152212991303,0.0377010154010591,RECOMPUTED_MISSING_PROBE_CONDITION,False,RECOMPUTED_MISSING_PROBE_CONDITION
8,402,9304,200000,RUT,LINEAR,FINAL,TEMPLATE_OOD_EXACT,0.005,2.013785362243653,0.8594433007135001,0.0054260561430707,0.9920247395833334,0.920987020051678,60950,490,89815,9968,5.426056143070705,0.0049573329710398,0.0059269643472769,0.9921402306486556,0.9927493137256498,0.9880034673849108,0.008582027573224,0.022889098056586,RECOMPUTED_MISSING_PROBE_CONDITION,False,RECOMPUTED_MISSING_PROBE_CONDITION
8,402,9304,200000,RUT,LINEAR,FINAL,DOMAIN_TEMPLATE_OOD_EXACT,0.005,2.013785362243653,0.8662378026743766,0.0098240469208211,0.9933359856773424,0.9254434397176812,59922,402,40518,9253,9.824046920821116,0.0088911240252174,0.0108274765608553,0.9946964704085894,0.9907929216385972,0.9908192652229948,0.0141006842619745,0.0349462365591397,RECOMPUTED_MISSING_PROBE_CONDITION,False,RECOMPUTED_MISSING_PROBE_CONDITION
8,402,9304,200000,RUT,LINEAR,FINAL,LATE_TEST_Q4,0.005,2.013785362243653,0.846059080318166,0.0074113287453679,0.997789078045545,0.9156811594202898,31591,70,9375,5748,7.411328745367919,0.0057819189546625,0.0093546164952586,0.997737119820731,0.9916000016502826,0.996062875580948,0.014081524616199,0.0345156167284277,RECOMPUTED_MISSING_PROBE_CONDITION,False,RECOMPUTED_MISSING_PROBE_CONDITION
9,422,9305,200000,R0,LINEAR,FINAL,OFFICIAL_TEST,0.005,2.534840822219849,0.7792447916666667,0.0061582292351523,0.9906965964772878,0.8723398052591685,59846,562,90698,16954,6.158229235152312,0.0056609301974939,0.0066872981089901,0.9878596969244832,0.9890162480053556,0.972809412559462,0.0211702827087442,0.0478194170501862,RECOMPUTED_MISSING_PROBE_CONDITION,False,RECOMPUTED_MISSING_PROBE_CONDITION
9,422,9305,200000,R0,LINEAR,FINAL,DOMAIN_OOD_EXACT,0.005,2.534840822219849,0.7895412770397721,0.0115872321818976,0.9919826542960872,0.8792598717289772,59019,477,40689,15732,11.587232181897685,0.0105758451665335,0.0126683593028246,0.99132724622603,0.984357211515439,0.979015687301726,0.0350289073507263,0.0726084632949521,RECOMPUTED_MISSING_PROBE_CONDITION,False,RECOMPUTED_MISSING_PROBE_CONDITION
9,422,9305,200000,R0,LINEAR,FINAL,TEMPLATE_OOD_EXACT,0.005,2.534840822219849,0.7801686454778759,0.0061347655168595,0.9900862531763358,0.8726813880126184,55328,554,89751,15590,6.134765516859531,0.0056358666048958,0.0066657749759674,0.9874002467391,0.9892580084932008,0.9716695337118848,0.0206079397597032,0.0456453131055866,RECOMPUTED_MISSING_PROBE_CONDITION,False,RECOMPUTED_MISSING_PROBE_CONDITION
9,422,9305,200000,R0,LINEAR,FINAL,DOMAIN_TEMPLATE_OOD_EXACT,0.005,2.534840822219849,0.7908782074448861,0.0114613880742913,0.9915002356011454,0.8798983538796813,54709,469,40451,14466,11.4613880742913,0.0104526238152077,0.0125403387166989,0.9910251050972912,0.984849360975129,0.978408787340698,0.0335777126099706,0.0685972629521016,RECOMPUTED_MISSING_PROBE_CONDITION,False,RECOMPUTED_MISSING_PROBE_CONDITION
9,422,9305,200000,R0,LINEAR,FINAL,LATE_TEST_Q4,0.005,2.534840822219849,0.7543587134095717,0.0089994706193753,0.996991363443296,0.8588678324770166,28167,85,9360,9172,8.999470619375332,0.0071946038990732,0.0111161243070289,0.9962921234468048,0.9861795773237608,0.9918574463063488,0.0292218104817363,0.0631021704605611,RECOMPUTED_MISSING_PROBE_CONDITION,False,RECOMPUTED_MISSING_PROBE_CONDITION
9,422,9305,2000,RUT,LINEAR,FINAL,OFFICIAL_TEST,0.005,2.7814538478851323,0.5679036458333333,0.0053035283804514,0.9890246944375156,0.7215113441798526,43615,484,90776,33185,5.303528380451458,0.0048425971488442,0.0057963186399307,0.9699896851809522,0.9737480788349678,0.9105399744437565,0.0744137628753013,0.1315472277010738,RECOMPUTED_MISSING_PROBE_CONDITION,False,RECOMPUTED_MISSING_PROBE_CONDITION
9,422,9305,2000,RUT,LINEAR,FINAL,DOMAIN_OOD_EXACT,0.005,2.7814538478851323,0.57381172158232,0.0097410484380313,0.9907377465699636,0.7267228599262993,42893,401,40765,31858,9.741048438031386,0.0088148488064991,0.0107373467486138,0.977898022271561,0.961579751776822,0.9340126893334628,0.1154593596657435,0.1951124714570276,RECOMPUTED_MISSING_PROBE_CONDITION,False,RECOMPUTED_MISSING_PROBE_CONDITION
9,422,9305,2000,RUT,LINEAR,FINAL,TEMPLATE_OOD_EXACT,0.005,2.7814538478851323,0.56312924786373,0.0052599523835889,0.988245774665314,0.7174410980068088,39936,475,89830,30982,5.259952383588949,0.0047985869425416,0.0057535211413806,0.967695472896276,0.9733465007195948,0.9039883296037164,0.0750678257017883,0.1323625491390288,RECOMPUTED_MISSING_PROBE_CONDITION,False,RECOMPUTED_MISSING_PROBE_CONDITION
9,422,9305,2000,RUT,LINEAR,FINAL,DOMAIN_TEMPLATE_OOD_EXACT,0.005,2.7814538478851323,0.5698590531261294,0.0096041055718475,0.9901288523848994,0.7233823907219143,39420,393,40527,29755,9.604105571847509,0.0086818529299725,0.01059690966371,0.9760255073317372,0.960852890034448,0.927950754922272,0.1181329423264907,0.1973118279569892,RECOMPUTED_MISSING_PROBE_CONDITION,False,RECOMPUTED_MISSING_PROBE_CONDITION
9,422,9305,2000,RUT,LINEAR,FINAL,LATE_TEST_Q4,0.005,2.7814538478851323,0.5277591794102681,0.005505558496559,0.9973681546715256,0.6902639368092894,19706,52,9393,17633,5.5055584965590265,0.00411446707807,0.0072136145703047,0.990881666883235,0.9673055850400232,0.972856440084498,0.0993118051879301,0.160084700899947,RECOMPUTED_MISSING_PROBE_CONDITION,False,RECOMPUTED_MISSING_PROBE_CONDITION
9,422,9305,5000,RUT,LINEAR,FINAL,OFFICIAL_TEST,0.005,2.691792964935303,0.6681901041666667,0.0053692746000438,0.9905418186731524,0.7980436523672895,51317,490,90770,25483,5.369274600043831,0.0049054446227363,0.005864956454035,0.9825596061173038,0.9847213450352472,0.9557979730944184,0.0350317773394696,0.0652312075388998,RECOMPUTED_MISSING_PROBE_CONDITION,False,RECOMPUTED_MISSING_PROBE_CONDITION
9,422,9305,5000,RUT,LINEAR,FINAL,DOMAIN_OOD_EXACT,0.005,2.691792964935303,0.6756297574614386,0.0102268862653646,0.99173294059892,0.8037174957828066,50504,421,40745,24247,10.22688626536462,0.0092775149924196,0.0112462593155351,0.9871341061683818,0.9775719018942596,0.965957385711004,0.0575960744303551,0.1016615653694796,RECOMPUTED_MISSING_PROBE_CONDITION,False,RECOMPUTED_MISSING_PROBE_CONDITION
9,422,9305,5000,RUT,LINEAR,FINAL,TEMPLATE_OOD_EXACT,0.005,2.691792964935303,0.659902986547844,0.0053153203034162,0.9898475010046744,0.7918813506264964,46799,480,89825,24119,5.3153203034162,0.0048514893424932,0.005811348446895,0.9812385052221836,0.9845141743131736,0.9529696318194034,0.0348817894911688,0.0647140246940922,RECOMPUTED_MISSING_PROBE_CONDITION,False,RECOMPUTED_MISSING_PROBE_CONDITION
9,422,9305,5000,RUT,LINEAR,FINAL,DOMAIN_TEMPLATE_OOD_EXACT,0.005,2.691792964935303,0.6682327430430068,0.0101173020527859,0.9911233088187996,0.7982627316213928,46225,414,40506,22950,10.117302052785924,0.0091703415842686,0.0111347103419533,0.9859868903628292,0.9771206740805352,0.9630019179607746,0.058455522971652,0.102297165200391,RECOMPUTED_MISSING_PROBE_CONDITION,False,RECOMPUTED_MISSING_PROBE_CONDITION
9,422,9305,5000,RUT,LINEAR,FINAL,LATE_TEST_Q4,0.005,2.691792964935303,0.6323950828892043,0.0066701958708311,0.9973390775468828,0.7740063918708515,23613,63,9382,13726,6.670195870831128,0.0051292570168881,0.0085261169546909,0.9949587344733116,0.9818121949679678,0.9873700287845856,0.0455267337215457,0.0749602964531498,RECOMPUTED_MISSING_PROBE_CONDITION,False,RECOMPUTED_MISSING_PROBE_CONDITION
9,422,9305,10000,RUT,LINEAR,FINAL,OFFICIAL_TEST,0.005,2.5552797317504887,0.7252734375,0.0052049090510628,0.991544431785816,0.8377601973288412,55701,475,90785,21099,5.204909051062898,0.0047483603727546,0.0056933275883877,0.9863512609652918,0.9876367462155974,0.96861030534886,0.024545255314486,0.0495616918693841,RECOMPUTED_MISSING_PROBE_CONDITION,False,RECOMPUTED_MISSING_PROBE_CONDITION
9,422,9305,10000,RUT,LINEAR,FINAL,DOMAIN_OOD_EXACT,0.005,2.5552797317504887,0.7329935385479793,0.0096681727639314,0.9927885486501178,0.8433365912221701,54792,398,40768,19959,9.6681727639314,0.0087454997473152,0.010660959176826,0.9901578082068752,0.982581773749614,0.9758110126600636,0.0405188747995918,0.0776854685905844,RECOMPUTED_MISSING_PROBE_CONDITION,False,RECOMPUTED_MISSING_PROBE_CONDITION
9,422,9305,10000,RUT,LINEAR,FINAL,TEMPLATE_OOD_EXACT,0.005,2.5552797317504887,0.7191545164838264,0.0051270693760035,0.9910034198663144,0.833472242650063,51001,463,89842,19917,5.127069376003544,0.0046716754989179,0.005614681460079,0.9853942738051962,0.987499691201155,0.9667540099662238,0.0243065168041636,0.0480261336581584,RECOMPUTED_MISSING_PROBE_CONDITION,False,RECOMPUTED_MISSING_PROBE_CONDITION
9,422,9305,10000,RUT,LINEAR,FINAL,DOMAIN_TEMPLATE_OOD_EXACT,0.005,2.5552797317504887,0.7277340079508493,0.0094819159335288,0.9923515149125748,0.8396884174005872,50341,388,40532,18834,9.481915933528835,0.0085656455518711,0.0104687628019753,0.9893888026008923,0.982394184568089,0.9740164254986312,0.0405913978494623,0.0771016617790811,RECOMPUTED_MISSING_PROBE_CONDITION,False,RECOMPUTED_MISSING_PROBE_CONDITION
9,422,9305,10000,RUT,LINEAR,FINAL,LATE_TEST_Q4,0.005,2.5552797317504887,0.7029379469187712,0.0071995764955002,0.9974159224776744,0.8246771609011215,26247,68,9377,11092,7.199576495500265,0.0055949641049867,0.0091183723104806,0.9960317034816334,0.985484056901236,0.990715906746441,0.0333509793541556,0.0608787718369507,RECOMPUTED_MISSING_PROBE_CONDITION,False,RECOMPUTED_MISSING_PROBE_CONDITION
9,422,9305,20000,RUT,LINEAR,FINAL,OFFICIAL_TEST,0.005,2.344046831130982,0.7720572916666667,0.0053692746000438,0.9918038271109328,0.8682422538511099,59294,490,90770,17506,5.369274600043831,0.0049054446227363,0.005864956454035,0.9889463171643832,0.9897133615351514,0.9773209286542432,0.0175761560376945,0.0386259040105193,RECOMPUTED_MISSING_PROBE_CONDITION,False,RECOMPUTED_MISSING_PROBE_CONDITION
9,422,9305,20000,RUT,LINEAR,FINAL,DOMAIN_OOD_EXACT,0.005,2.344046831130982,0.7795079664486094,0.0096681727639314,0.9932159476366612,0.87348033998411,58269,398,40768,16482,9.6681727639314,0.0087454997473152,0.010660959176826,0.992261953919928,0.98608229392028,0.982551178343019,0.0290288101831608,0.0615070689403876,RECOMPUTED_MISSING_PROBE_CONDITION,False,RECOMPUTED_MISSING_PROBE_CONDITION
9,422,9305,20000,RUT,LINEAR,FINAL,TEMPLATE_OOD_EXACT,0.005,2.344046831130982,0.7690713218082856,0.0053042467194507,0.9912940748818612,0.8661563626546397,54541,479,89826,16377,5.304246719450751,0.0048409078152674,0.0057997840298213,0.9882242092832578,0.9896184395356498,0.9759218492019812,0.0174408947455844,0.0376723326504623,RECOMPUTED_MISSING_PROBE_CONDITION,False,RECOMPUTED_MISSING_PROBE_CONDITION
9,422,9305,20000,RUT,LINEAR,FINAL,DOMAIN_TEMPLATE_OOD_EXACT,0.005,2.344046831130982,0.7771449222985183,0.0095063538611925,0.9928159858166506,0.8718406136730374,53759,389,40531,15416,9.50635386119257,0.0085888838711219,0.0104943953189251,0.991744951841712,0.9860753672048136,0.9813723327134616,0.0288856304985337,0.0602394916911045,RECOMPUTED_MISSING_PROBE_CONDITION,False,RECOMPUTED_MISSING_PROBE_CONDITION
9,422,9305,20000,RUT,LINEAR,FINAL,LATE_TEST_Q4,0.005,2.344046831130982,0.7364685717346474,0.0074113287453679,0.9974609162465088,0.8473223639612991,27499,70,9375,9840,7.411328745367919,0.0057819189546625,0.0093546164952586,0.9966467240415604,0.9877872418716525,0.9928274152129638,0.02572789835892,0.0512440444679724,RECOMPUTED_MISSING_PROBE_CONDITION,False,RECOMPUTED_MISSING_PROBE_CONDITION
9,422,9305,50000,RUT,LINEAR,FINAL,OFFICIAL_TEST,0.005,2.1072971820831303,0.8024348958333334,0.0052487398641244,0.9922873796412583,0.8873194822397881,61627,479,90781,15173,5.248739864124479,0.0047902382248018,0.0057391065328666,0.9905558815503672,0.9911047467971548,0.9812501774207284,0.0144751260135875,0.0318759587990357,RECOMPUTED_MISSING_PROBE_CONDITION,False,RECOMPUTED_MISSING_PROBE_CONDITION
9,422,9305,50000,RUT,LINEAR,FINAL,DOMAIN_OOD_EXACT,0.005,2.1072971820831303,0.8086848336477104,0.0094738376329981,0.9935897435897436,0.8916521008031507,60450,390,40776,14301,9.473837632998103,0.0085606363126888,0.0104571918427752,0.9933523044976046,0.9879552438830924,0.9851834499721824,0.0245833940630617,0.0511344313268231,RECOMPUTED_MISSING_PROBE_CONDITION,False,RECOMPUTED_MISSING_PROBE_CONDITION
9,422,9305,50000,RUT,LINEAR,FINAL,TEMPLATE_OOD_EXACT,0.005,2.1072971820831303,0.8007840040610282,0.0052045844637616,0.991791826755152,0.8861115011936526,56790,470,89835,14128,5.204584463761696,0.0047456977569538,0.0056956806622175,0.9899844953792416,0.991050419941524,0.979981578139392,0.0144399534909473,0.031028182271192,RECOMPUTED_MISSING_PROBE_CONDITION,False,RECOMPUTED_MISSING_PROBE_CONDITION
9,422,9305,50000,RUT,LINEAR,FINAL,DOMAIN_TEMPLATE_OOD_EXACT,0.005,2.1072971820831303,0.8075027105168052,0.0093352883675464,0.9932078021372308,0.8907794858710212,55859,382,40538,13316,9.33528836754643,0.0084262492473431,0.0103149342157856,0.992955170008313,0.9880247606460868,0.9843013880545104,0.0242668621700879,0.0499266862170088,RECOMPUTED_MISSING_PROBE_CONDITION,False,RECOMPUTED_MISSING_PROBE_CONDITION
9,422,9305,50000,RUT,LINEAR,FINAL,LATE_TEST_Q4,0.005,2.1072971820831303,0.7646696483569458,0.0075172048703017,0.9975194773433952,0.8657105606258149,28552,71,9374,8787,7.517204870301747,0.0058755321330082,0.0094726055657797,0.9970437372715651,0.9892886219772482,0.9932079260549864,0.0243515087347803,0.0438327157226045,RECOMPUTED_MISSING_PROBE_CONDITION,False,RECOMPUTED_MISSING_PROBE_CONDITION
9,422,9305,100000,RUT,LINEAR,FINAL,OFFICIAL_TEST,0.005,2.017485141754151,0.8397135416666667,0.0054131054131054,0.9923981287701588,0.9096936184618856,64490,494,90766,12310,5.413105413105413,0.0049473529446651,0.0059107050207037,0.991923440782064,0.9922674896643748,0.9856126392037758,0.0110563225947841,0.0268682884067499,RECOMPUTED_MISSING_PROBE_CONDITION,False,RECOMPUTED_MISSING_PROBE_CONDITION
9,422,9305,100000,RUT,LINEAR,FINAL,DOMAIN_OOD_EXACT,0.005,2.017485141754151,0.8462495485010234,0.0097896322207647,0.9936695936287524,0.9140536947663498,63258,403,40763,11493,9.789632220764709,0.0088610890474257,0.0107882642890126,0.9944467824952428,0.9897909868029996,0.9886697625205736,0.0187290482436962,0.0418792207161249,RECOMPUTED_MISSING_PROBE_CONDITION,False,RECOMPUTED_MISSING_PROBE_CONDITION
9,422,9305,100000,RUT,LINEAR,FINAL,TEMPLATE_OOD_EXACT,0.005,2.017485141754151,0.8429735751149214,0.0053485410553125,0.9919853978262672,0.9114290723645594,59782,483,89822,11136,5.348541055312553,0.0048832370398875,0.0058460385918867,0.991648982197524,0.9923744913024548,0.9854121642482248,0.0104645368473506,0.0251481091855379,RECOMPUTED_MISSING_PROBE_CONDITION,False,RECOMPUTED_MISSING_PROBE_CONDITION
9,422,9305,100000,RUT,LINEAR,FINAL,DOMAIN_TEMPLATE_OOD_EXACT,0.005,2.017485141754151,0.8499168774846404,0.0096285434995112,0.9933431327825368,0.9160499213162774,58793,394,40526,10382,9.628543499511242,0.0087050991102678,0.0106225343488462,0.9942826079587932,0.9901097793750602,0.9886461079175533,0.0174731182795698,0.0389540566959921,RECOMPUTED_MISSING_PROBE_CONDITION,False,RECOMPUTED_MISSING_PROBE_CONDITION
9,422,9305,100000,RUT,LINEAR,FINAL,LATE_TEST_Q4,0.005,2.017485141754151,0.8194649026487051,0.0074113287453679,0.9977174905438894,0.8998485450027204,30598,70,9375,6741,7.411328745367919,0.0057819189546625,0.0093546164952586,0.9976417285571696,0.9912740850001344,0.9953550295857988,0.0166225516146109,0.0381154049761778,RECOMPUTED_MISSING_PROBE_CONDITION,False,RECOMPUTED_MISSING_PROBE_CONDITION
9,422,9305,200000,RUT,LINEAR,FINAL,OFFICIAL_TEST,0.005,2.013785362243653,0.8571744791666667,0.0054788516326977,0.9924620464036424,0.9198706080443788,65831,500,90760,10969,5.478851632697786,0.0050102301956925,0.005979313146278,0.992333765044148,0.9925603380651208,0.9882778436950524,0.0089853166776243,0.0242493973263204,RECOMPUTED_MISSING_PROBE_CONDITION,False,RECOMPUTED_MISSING_PROBE_CONDITION
9,422,9305,200000,RUT,LINEAR,FINAL,DOMAIN_OOD_EXACT,0.005,2.013785362243653,0.8635335982127329,0.0099596754603313,0.9936884236453202,0.9240503611025616,64550,410,40756,10201,9.959675460331342,0.0090229766658509,0.0109664290733086,0.9947914155343568,0.9903516821387828,0.9909567573936608,0.0149152212991303,0.0377010154010591,RECOMPUTED_MISSING_PROBE_CONDITION,False,RECOMPUTED_MISSING_PROBE_CONDITION
9,422,9305,200000,RUT,LINEAR,FINAL,TEMPLATE_OOD_EXACT,0.005,2.013785362243653,0.8594433007135001,0.0054260561430707,0.9920247395833334,0.920987020051678,60950,490,89815,9968,5.426056143070705,0.0049573329710398,0.0059269643472769,0.9921402306486556,0.9927493137256498,0.9880034673849108,0.008582027573224,0.022889098056586,RECOMPUTED_MISSING_PROBE_CONDITION,False,RECOMPUTED_MISSING_PROBE_CONDITION
9,422,9305,200000,RUT,LINEAR,FINAL,DOMAIN_TEMPLATE_OOD_EXACT,0.005,2.013785362243653,0.8662378026743766,0.0098240469208211,0.9933359856773424,0.9254434397176812,59922,402,40518,9253,9.824046920821116,0.0088911240252174,0.0108274765608553,0.9946964704085894,0.9907929216385972,0.9908192652229948,0.0141006842619745,0.0349462365591397,RECOMPUTED_MISSING_PROBE_CONDITION,False,RECOMPUTED_MISSING_PROBE_CONDITION
9,422,9305,200000,RUT,LINEAR,FINAL,LATE_TEST_Q4,0.005,2.013785362243653,0.846059080318166,0.0074113287453679,0.997789078045545,0.9156811594202898,31591,70,9375,5748,7.411328745367919,0.0057819189546625,0.0093546164952586,0.997737119820731,0.9916000016502826,0.996062875580948,0.014081524616199,0.0345156167284277,RECOMPUTED_MISSING_PROBE_CONDITION,False,RECOMPUTED_MISSING_PROBE_CONDITION
