run,model_seed,label_rank_seed,budget,rep,probe,dataset,scenario,target_fpr,threshold,tpr,fpr,precision,f1,tp,fp,tn,fn,fp_per_1000,fpr_ci_lo,fpr_ci_hi,AP,AUC,P_at_R90,FPR_at_TPR90,FPR_at_TPR95,source,prospective_under_current_plan,n10_source_group
0,42,20260813,20000,R0,LINEAR,FINAL,OFFICIAL_TEST,0.005,2.728629112243653,0.7142708333333333,0.0061143984220907,0.9899303425127224,0.8298062232441344,54856,558,90702,21944,6.11439842209073,0.005618899387158,0.0066416716885567,0.9834605022493208,0.985468467282695,0.9571948872055503,0.0338702607933377,0.0687157571772956,HISTORICAL_CANONICAL_N5,False,HISTORICAL_N5
0,42,20260813,20000,R0,LINEAR,FINAL,DOMAIN_OOD_EXACT,0.005,2.728629112243653,0.7253013337614213,0.0117572754214643,0.9911518985027696,0.837638661434354,54217,484,40682,20534,11.757275421464316,0.0107384070173727,0.0128458520783479,0.9877449440148184,0.978403153446852,0.9664301310043668,0.0567701501238886,0.1073458679492785,HISTORICAL_CANONICAL_N5,False,HISTORICAL_N5
0,42,20260813,20000,R0,LINEAR,FINAL,TEMPLATE_OOD_EXACT,0.005,2.728629112243653,0.710891452099608,0.0060683240130668,0.9892471008378628,0.8272823491766559,50415,548,89757,20503,6.068324013066829,0.0055721760149609,0.0065965893254874,0.9822287338428686,0.9852966198778884,0.9536965096820464,0.0343170367089308,0.0691656054482033,HISTORICAL_CANONICAL_N5,False,HISTORICAL_N5
0,42,20260813,20000,R0,LINEAR,FINAL,DOMAIN_TEMPLATE_OOD_EXACT,0.005,2.728629112243653,0.7221105890856523,0.0116080156402737,0.990580443016638,0.8353037574622498,49952,475,40445,19223,11.608015640273704,0.0105927410265287,0.0126934488635176,0.9868125606100872,0.9782397928596386,0.9640606370294668,0.0567204301075268,0.1075757575757575,HISTORICAL_CANONICAL_N5,False,HISTORICAL_N5
0,42,20260813,20000,R0,LINEAR,FINAL,LATE_TEST_Q4,0.005,2.728629112243653,0.6729692814483516,0.00857596611964,0.9967868618350588,0.8034789281831554,25128,81,9364,12211,8.575966119640022,0.0068162218493498,0.0106480250476238,0.9949714985096022,0.9817076203546262,0.9862390704770848,0.049655902593965,0.0894653255690841,HISTORICAL_CANONICAL_N5,False,HISTORICAL_N5
0,42,20260813,200000,R0,LINEAR,FINAL,OFFICIAL_TEST,0.005,2.5348377227783208,0.7792447916666667,0.0061582292351523,0.9906965964772878,0.8723398052591685,59846,562,90698,16954,6.158229235152312,0.0056609301974939,0.0066872981089901,0.9878596953278096,0.9890162470779456,0.972809412559462,0.0211702827087442,0.0478194170501862,HISTORICAL_CANONICAL_N5,False,HISTORICAL_N5
0,42,20260813,200000,R0,LINEAR,FINAL,DOMAIN_OOD_EXACT,0.005,2.5348377227783208,0.7895412770397721,0.0115872321818976,0.9919826542960872,0.8792598717289772,59019,477,40689,15732,11.587232181897685,0.0105758451665335,0.0126683593028246,0.9913272446746486,0.9843572092406434,0.979015687301726,0.0350289073507263,0.0726084632949521,HISTORICAL_CANONICAL_N5,False,HISTORICAL_N5
0,42,20260813,200000,R0,LINEAR,FINAL,TEMPLATE_OOD_EXACT,0.005,2.5348377227783208,0.7801686454778759,0.0061347655168595,0.9900862531763358,0.8726813880126184,55328,554,89751,15590,6.134765516859531,0.0056358666048958,0.0066657749759674,0.9874002446048692,0.9892580070098108,0.9716695337118848,0.0206079397597032,0.0456453131055866,HISTORICAL_CANONICAL_N5,False,HISTORICAL_N5
0,42,20260813,200000,R0,LINEAR,FINAL,DOMAIN_TEMPLATE_OOD_EXACT,0.005,2.5348377227783208,0.7908782074448861,0.0114613880742913,0.9915002356011454,0.8798983538796813,54709,469,40451,14466,11.4613880742913,0.0104526238152077,0.0125403387166989,0.9910251031718984,0.9848493577956372,0.978408787340698,0.0335777126099706,0.0685972629521016,HISTORICAL_CANONICAL_N5,False,HISTORICAL_N5
0,42,20260813,200000,R0,LINEAR,FINAL,LATE_TEST_Q4,0.005,2.5348377227783208,0.7543587134095717,0.0089994706193753,0.996991363443296,0.8588678324770166,28167,85,9360,9172,8.999470619375332,0.0071946038990732,0.0111161243070289,0.996292123170298,0.986179575905992,0.9918574463063488,0.0292218104817363,0.0631021704605611,HISTORICAL_CANONICAL_N5,False,HISTORICAL_N5
0,42,20260813,10000,RUT,LINEAR,FINAL,OFFICIAL_TEST,0.005,2.407734155654908,0.7345442708333333,0.0052158667543282,0.9916328288421312,0.8439437799669381,56413,476,90784,20387,5.215866754328293,0.0047588290553796,0.0057047731024981,0.9876639250620476,0.9888788377643546,0.9708728319640476,0.0227262765724304,0.0481700635546789,HISTORICAL_CANONICAL_N5,False,HISTORICAL_N5
0,42,20260813,10000,RUT,LINEAR,FINAL,DOMAIN_OOD_EXACT,0.005,2.407734155654908,0.7420101403325708,0.0098867997862313,0.9927156229305748,0.8492466927976482,55466,407,40759,19285,9.886799786231355,0.0089535874135842,0.0108900815499274,0.9909527880432362,0.9838853943902643,0.9767414849443944,0.0389156099693922,0.0767623767186513,HISTORICAL_CANONICAL_N5,False,HISTORICAL_N5
0,42,20260813,10000,RUT,LINEAR,FINAL,TEMPLATE_OOD_EXACT,0.005,2.407734155654908,0.7302659409458812,0.0051824372958307,0.9910442620127448,0.8409011568906029,51789,468,89837,19129,5.182437295830796,0.0047245458296797,0.0056725407352334,0.9868047234845514,0.988768107176903,0.968955414206124,0.0226454792093461,0.0474281601240241,HISTORICAL_CANONICAL_N5,False,HISTORICAL_N5
0,42,20260813,10000,RUT,LINEAR,FINAL,DOMAIN_TEMPLATE_OOD_EXACT,0.005,2.407734155654908,0.7381713046620889,0.0097507331378299,0.9922467063075668,0.8465561975181743,51063,399,40521,18112,9.750733137829911,0.0088213532116194,0.0107506346599747,0.9903098576581923,0.983827539062707,0.9752651283738272,0.0385874877810361,0.0755865102639296,HISTORICAL_CANONICAL_N5,False,HISTORICAL_N5
0,42,20260813,10000,RUT,LINEAR,FINAL,LATE_TEST_Q4,0.005,2.407734155654908,0.6841372291705723,0.0069878242456326,0.9974229823122877,0.8115965051628277,25545,66,9379,11794,6.98782424563261,0.0054083846265516,0.0088817604881413,0.9961362314713984,0.985945639830542,0.990481242448354,0.0341979883536262,0.0634197988353626,HISTORICAL_CANONICAL_N5,False,HISTORICAL_N5
0,42,20260813,100000,RUT,LINEAR,FINAL,OFFICIAL_TEST,0.005,2.0693950653076176,0.8317838541666667,0.0054459785229016,0.9922799714188076,0.904971029480514,63881,497,90763,12919,5.4459785229016,0.0049787893705065,0.0059450112766839,0.991544425979598,0.9920338874107404,0.9850654810254657,0.0114836730221345,0.0277777777777777,HISTORICAL_CANONICAL_N5,False,HISTORICAL_N5
0,42,20260813,100000,RUT,LINEAR,FINAL,DOMAIN_OOD_EXACT,0.005,2.0693950653076176,0.8379954783213602,0.0101297186998979,0.9933870405023946,0.9090988251855828,62641,417,40749,12110,10.129718699897976,0.0091849356474426,0.0111445227475618,0.9940422083511272,0.9890977903154368,0.988205052878966,0.0195063887674294,0.0440169071563912,HISTORICAL_CANONICAL_N5,False,HISTORICAL_N5
0,42,20260813,100000,RUT,LINEAR,FINAL,TEMPLATE_OOD_EXACT,0.005,2.0693950653076176,0.8338503623903664,0.0054260561430707,0.9917819706498952,0.9059850011107452,59135,490,89815,11783,5.426056143070705,0.0049573329710398,0.0059269643472769,0.9912466649554464,0.9921719749262942,0.9843619876006292,0.0112286141409667,0.0264215713415646,HISTORICAL_CANONICAL_N5,False,HISTORICAL_N5
0,42,20260813,100000,RUT,LINEAR,FINAL,DOMAIN_TEMPLATE_OOD_EXACT,0.005,2.0693950653076176,0.840534875316227,0.0100195503421309,0.9929979164531884,0.9104275458196652,58144,410,40510,11031,10.019550342130987,0.0090772455068981,0.0110323225554507,0.9938597243540676,0.9894545016482132,0.9876756653871775,0.0189882697947214,0.0416911045943304,HISTORICAL_CANONICAL_N5,False,HISTORICAL_N5
0,42,20260813,100000,RUT,LINEAR,FINAL,LATE_TEST_Q4,0.005,2.0693950653076176,0.810519831811243,0.0081524616199047,0.9974621798885996,0.8943262411347519,30264,77,9368,7075,8.152461619904711,0.0064389971412495,0.0101787885776516,0.9973678874868748,0.990333911589168,0.9949387320191796,0.0181048173636844,0.0398094229751191,HISTORICAL_CANONICAL_N5,False,HISTORICAL_N5
0,42,20260813,20000,RUT,LINEAR,FINAL,OFFICIAL_TEST,0.005,2.328731298446656,0.7680338541666667,0.0051172474249397,0.9921449236358744,0.8658221530693128,58985,467,90793,17815,5.117247424939733,0.004664629878649,0.0056017445673401,0.9895559754755952,0.990470974856066,0.9768233914161756,0.0179706333552487,0.0391957045803199,HISTORICAL_CANONICAL_N5,False,HISTORICAL_N5
0,42,20260813,20000,RUT,LINEAR,FINAL,DOMAIN_OOD_EXACT,0.005,2.328731298446656,0.7747053551123062,0.0096681727639314,0.9931741785003771,0.8704409322180386,57910,398,40768,16841,9.6681727639314,0.0087454997473152,0.010660959176826,0.9924083864629498,0.986393320699132,0.9814879649890592,0.0308264101442938,0.0643735121216537,HISTORICAL_CANONICAL_N5,False,HISTORICAL_N5
0,42,20260813,20000,RUT,LINEAR,FINAL,TEMPLATE_OOD_EXACT,0.005,2.328731298446656,0.7697763614315124,0.0051049222080726,0.9916260989609824,0.8667301738509168,54591,461,89844,16327,5.104922208072643,0.0046505311982684,0.005591533930446,0.9888537421146452,0.9903688784640964,0.9752230233410728,0.0179613531919605,0.0390565306461436,HISTORICAL_CANONICAL_N5,False,HISTORICAL_N5
0,42,20260813,20000,RUT,LINEAR,FINAL,DOMAIN_TEMPLATE_OOD_EXACT,0.005,2.328731298446656,0.7773183953740513,0.0095796676441837,0.9927625870058896,0.8719291702476122,53771,392,40528,15404,9.579667644183774,0.0086586083099726,0.0105712834240508,0.9919134552753236,0.9863924699387876,0.9803949357520786,0.0304252199413489,0.0638074291300097,HISTORICAL_CANONICAL_N5,False,HISTORICAL_N5
0,42,20260813,20000,RUT,LINEAR,FINAL,LATE_TEST_Q4,0.005,2.328731298446656,0.7203192372586303,0.0068819481206987,0.9975891101962092,0.8365785381026439,26896,65,9380,10443,6.881948120698782,0.0053152409466182,0.0087633115996446,0.9967451903535948,0.9881008494546504,0.9917089578661632,0.0297511911064055,0.0547379565907887,HISTORICAL_CANONICAL_N5,False,HISTORICAL_N5
0,42,20260813,50000,RUT,LINEAR,FINAL,OFFICIAL_TEST,0.005,2.130564451217652,0.8198177083333333,0.0055665132588209,0.9919962186859934,0.897725814500606,62962,508,90752,13838,5.566513258820951,0.0050940936068277,0.0060707636497902,0.9910417515512924,0.9916126721557912,0.9840693602118392,0.0122616699539776,0.0301994301994302,HISTORICAL_CANONICAL_N5,False,HISTORICAL_N5
0,42,20260813,50000,RUT,LINEAR,FINAL,DOMAIN_OOD_EXACT,0.005,2.130564451217652,0.8262631938034274,0.0104455132876645,0.9930861497893688,0.9020263609478256,61764,430,40736,12987,10.445513287664578,0.009485899951836,0.0114750854404498,0.9936501193332228,0.9883635444928583,0.9872624550590652,0.0210853617062624,0.048340863819657,HISTORICAL_CANONICAL_N5,False,HISTORICAL_N5
0,42,20260813,50000,RUT,LINEAR,FINAL,TEMPLATE_OOD_EXACT,0.005,2.130564451217652,0.8249104599678502,0.0055257183987597,0.991542372881356,0.9005834449421943,58501,499,89806,12417,5.525718398759759,0.005052635428163,0.0060309755953173,0.990761489178456,0.9917893954667438,0.9836068099530082,0.0117822933392392,0.0286362881346547,HISTORICAL_CANONICAL_N5,False,HISTORICAL_N5
0,42,20260813,50000,RUT,LINEAR,FINAL,DOMAIN_TEMPLATE_OOD_EXACT,0.005,2.130564451217652,0.8319913263462233,0.010288367546432,0.9927381239866148,0.9052843514302116,57553,421,40499,11622,10.288367546432063,0.0093333151244231,0.011313833757711,0.993480523498876,0.9887739176391496,0.9870335732175126,0.0199902248289345,0.0457722385141739,HISTORICAL_CANONICAL_N5,False,HISTORICAL_N5
0,42,20260813,50000,RUT,LINEAR,FINAL,LATE_TEST_Q4,0.005,2.130564451217652,0.7932992313666676,0.007940709370037,0.9974744073275862,0.8837472961885583,29621,75,9370,7718,7.940709370037057,0.0062508467032469,0.0099437167937724,0.997198504805825,0.9895994294672236,0.994559754006268,0.0194812069878242,0.0426680783483324,HISTORICAL_CANONICAL_N5,False,HISTORICAL_N5
1,62,20260823,20000,R0,LINEAR,FINAL,OFFICIAL_TEST,0.005,2.6767647266387944,0.7169401041666666,0.0056103440718825,0.9907868929156244,0.8319068087903123,55061,512,90748,21739,5.610344071882533,0.0051360367119493,0.0061164775349342,0.983845707887567,0.9854480375152952,0.9588032125171654,0.0325443786982248,0.0678829717291255,HISTORICAL_CANONICAL_N5,False,HISTORICAL_N5
1,62,20260823,20000,R0,LINEAR,FINAL,DOMAIN_OOD_EXACT,0.005,2.6767647266387944,0.728538748645503,0.0107370159840645,0.9919491448243202,0.8400795976922839,54459,442,40724,20292,10.73701598406452,0.0097639169655869,0.0117800171142084,0.9882151153988208,0.979027127419427,0.9683209073375744,0.0534664528980226,0.1054996842054122,HISTORICAL_CANONICAL_N5,False,HISTORICAL_N5
1,62,20260823,20000,R0,LINEAR,FINAL,TEMPLATE_OOD_EXACT,0.005,2.6767647266387944,0.7124284384782424,0.005581086318587,0.9901230696872304,0.8286290653239958,50524,504,89801,20394,5.581086318587011,0.0051055984950085,0.0060887424154386,0.9826420934137154,0.9852383364722463,0.9555532268447132,0.0328774707934222,0.0679475112120037,HISTORICAL_CANONICAL_N5,False,HISTORICAL_N5
1,62,20260823,20000,R0,LINEAR,FINAL,DOMAIN_TEMPLATE_OOD_EXACT,0.005,2.6767647266387944,0.7240332490061439,0.0106060606060606,0.9914091727864764,0.8368840543385634,50085,434,40486,19090,10.606060606060607,0.0096361621433416,0.0116463102822492,0.9873261682276364,0.9788455743769696,0.9657825345121762,0.0539100684261974,0.104863147605083,HISTORICAL_CANONICAL_N5,False,HISTORICAL_N5
1,62,20260823,20000,R0,LINEAR,FINAL,LATE_TEST_Q4,0.005,2.6767647266387944,0.6871367738825357,0.0064584436209634,0.9976281203826114,0.8137716669045466,25657,61,9384,11682,6.458443620963473,0.0049436938020252,0.0082885109275938,0.9952221129322844,0.9824041289618785,0.9873956986719944,0.0454208575966119,0.0874536791953414,HISTORICAL_CANONICAL_N5,False,HISTORICAL_N5
1,62,20260823,200000,R0,LINEAR,FINAL,OFFICIAL_TEST,0.005,2.5348377227783208,0.7792447916666667,0.0061582292351523,0.9906965964772878,0.8723398052591685,59846,562,90698,16954,6.158229235152312,0.0056609301974939,0.0066872981089901,0.9878596953278096,0.9890162470779456,0.972809412559462,0.0211702827087442,0.0478194170501862,HISTORICAL_CANONICAL_N5,False,HISTORICAL_N5
1,62,20260823,200000,R0,LINEAR,FINAL,DOMAIN_OOD_EXACT,0.005,2.5348377227783208,0.7895412770397721,0.0115872321818976,0.9919826542960872,0.8792598717289772,59019,477,40689,15732,11.587232181897685,0.0105758451665335,0.0126683593028246,0.9913272446746486,0.9843572092406434,0.979015687301726,0.0350289073507263,0.0726084632949521,HISTORICAL_CANONICAL_N5,False,HISTORICAL_N5
1,62,20260823,200000,R0,LINEAR,FINAL,TEMPLATE_OOD_EXACT,0.005,2.5348377227783208,0.7801686454778759,0.0061347655168595,0.9900862531763358,0.8726813880126184,55328,554,89751,15590,6.134765516859531,0.0056358666048958,0.0066657749759674,0.9874002446048692,0.9892580070098108,0.9716695337118848,0.0206079397597032,0.0456453131055866,HISTORICAL_CANONICAL_N5,False,HISTORICAL_N5
1,62,20260823,200000,R0,LINEAR,FINAL,DOMAIN_TEMPLATE_OOD_EXACT,0.005,2.5348377227783208,0.7908782074448861,0.0114613880742913,0.9915002356011454,0.8798983538796813,54709,469,40451,14466,11.4613880742913,0.0104526238152077,0.0125403387166989,0.9910251031718984,0.9848493577956372,0.978408787340698,0.0335777126099706,0.0685972629521016,HISTORICAL_CANONICAL_N5,False,HISTORICAL_N5
1,62,20260823,200000,R0,LINEAR,FINAL,LATE_TEST_Q4,0.005,2.5348377227783208,0.7543587134095717,0.0089994706193753,0.996991363443296,0.8588678324770166,28167,85,9360,9172,8.999470619375332,0.0071946038990732,0.0111161243070289,0.996292123170298,0.986179575905992,0.9918574463063488,0.0292218104817363,0.0631021704605611,HISTORICAL_CANONICAL_N5,False,HISTORICAL_N5
1,62,20260823,10000,RUT,LINEAR,FINAL,OFFICIAL_TEST,0.005,2.407866477966309,0.7530729166666666,0.0050405435020819,0.9921092356250858,0.8562207615325398,57836,460,90800,18964,5.040543502081963,0.0045913938301902,0.0055215813781482,0.9874430597542376,0.9883207181347706,0.974717279111086,0.0196471619548542,0.0485316677624369,HISTORICAL_CANONICAL_N5,False,HISTORICAL_N5
1,62,20260823,10000,RUT,LINEAR,FINAL,DOMAIN_OOD_EXACT,0.005,2.407866477966309,0.7611001859506896,0.009692464655298,0.9930356768833344,0.8617344349946608,56893,399,40767,17858,9.692464655298062,0.0087686145859449,0.0106864232096727,0.990861684815582,0.9834791805804128,0.9802161941668366,0.0329883884759267,0.0759850361949181,HISTORICAL_CANONICAL_N5,False,HISTORICAL_N5
1,62,20260823,10000,RUT,LINEAR,FINAL,TEMPLATE_OOD_EXACT,0.005,2.407866477966309,0.7484559632251333,0.005016333536349,0.9915377718000448,0.8530172760144636,53079,453,89852,17839,5.016333536349039,0.0045659762483531,0.005498921630171,0.9865223556934948,0.988155246887856,0.9724850313085608,0.0199988926416034,0.0484358562648801,HISTORICAL_CANONICAL_N5,False,HISTORICAL_N5
1,62,20260823,10000,RUT,LINEAR,FINAL,DOMAIN_TEMPLATE_OOD_EXACT,0.005,2.407866477966309,0.7573111673292374,0.0095796676441837,0.9925728035771804,0.8591272118995688,52387,392,40528,16788,9.579667644183774,0.0086586083099726,0.0105712834240508,0.9902039767743948,0.9834043861443398,0.9782700919160972,0.0337976539589442,0.0754887585532746,HISTORICAL_CANONICAL_N5,False,HISTORICAL_N5
1,62,20260823,10000,RUT,LINEAR,FINAL,LATE_TEST_Q4,0.005,2.407866477966309,0.7348081094833819,0.0061408152461619,0.9978905255501,0.8463769010087301,27437,58,9387,9902,6.14081524616199,0.0046661837425527,0.0079312863338884,0.996619551975611,0.9873621381289148,0.9932905742913724,0.0240338803599788,0.0531498147167813,HISTORICAL_CANONICAL_N5,False,HISTORICAL_N5
1,62,20260823,100000,RUT,LINEAR,FINAL,OFFICIAL_TEST,0.005,2.122040748596192,0.8421875,0.0052487398641244,0.9926487515155236,0.9112490226051184,64680,479,90781,12120,5.248739864124479,0.0047902382248018,0.0057391065328666,0.9918212181890208,0.9920959396858334,0.9871187021592596,0.0098838483453868,0.0261450799912338,HISTORICAL_CANONICAL_N5,False,HISTORICAL_N5
1,62,20260823,100000,RUT,LINEAR,FINAL,DOMAIN_OOD_EXACT,0.005,2.122040748596192,0.8486441652954475,0.0095710051984647,0.9938274506117716,0.91551572354274,63437,394,40772,11314,9.571005198464752,0.0086530556697062,0.0105590878244817,0.9944078658722334,0.9897184939444876,0.98983434842734,0.0167856969343633,0.0410290045182917,HISTORICAL_CANONICAL_N5,False,HISTORICAL_N5
1,62,20260823,100000,RUT,LINEAR,FINAL,TEMPLATE_OOD_EXACT,0.005,2.122040748596192,0.8430017766998505,0.0052156580477271,0.9921832213094348,0.9115290494232808,59784,471,89834,11134,5.215658047727147,0.0047562745269038,0.0057072498219089,0.9915422539396446,0.9922417866139543,0.9864468071954008,0.0097115331377,0.0250262997619179,HISTORICAL_CANONICAL_N5,False,HISTORICAL_N5
1,62,20260823,100000,RUT,LINEAR,FINAL,DOMAIN_TEMPLATE_OOD_EXACT,0.005,2.122040748596192,0.8499457896638959,0.0094574780058651,0.9934608495826434,0.9161167680765364,58795,387,40533,10380,9.457478005865102,0.0085424088228912,0.0104431287007133,0.9942484928374362,0.9900996721237346,0.9893402386134368,0.0163978494623655,0.0387341153470185,HISTORICAL_CANONICAL_N5,False,HISTORICAL_N5
1,62,20260823,100000,RUT,LINEAR,FINAL,LATE_TEST_Q4,0.005,2.122040748596192,0.8304989421248561,0.0071995764955002,0.9978119570113908,0.9064998465293712,31010,68,9377,6329,7.199576495500265,0.0055949641049867,0.0091183723104806,0.9976360519821142,0.9912037367390252,0.9959406204628284,0.0145050291159343,0.0369507676019057,HISTORICAL_CANONICAL_N5,False,HISTORICAL_N5
1,62,20260823,20000,RUT,LINEAR,FINAL,OFFICIAL_TEST,0.005,2.1606817245483403,0.7782421875,0.0052158667543282,0.992098929371732,0.8722536393155532,59769,476,90784,17031,5.215866754328293,0.0047588290553796,0.0057047731024981,0.9887153794159852,0.9893751823430308,0.9773758855219808,0.0175323252246329,0.0408941485864562,HISTORICAL_CANONICAL_N5,False,HISTORICAL_N5
1,62,20260823,20000,RUT,LINEAR,FINAL,DOMAIN_OOD_EXACT,0.005,2.1606817245483403,0.78575537451004,0.0097410484380313,0.993219135228368,0.8773900573613767,58736,401,40765,16015,9.741048438031386,0.0088148488064991,0.0107373467486138,0.9919529284413124,0.9853834762505138,0.9819882938506224,0.0299761939464606,0.0651751445367536,HISTORICAL_CANONICAL_N5,False,HISTORICAL_N5
1,62,20260823,20000,RUT,LINEAR,FINAL,TEMPLATE_OOD_EXACT,0.005,2.1606817245483403,0.773470769057221,0.0052045844637616,0.9915044375756918,0.8690203658082556,54853,470,89835,16065,5.204584463761696,0.0047456977569538,0.0056956806622175,0.9879680509894452,0.989318325860668,0.975206611570248,0.017972426775926,0.0409279663363047,HISTORICAL_CANONICAL_N5,False,HISTORICAL_N5
1,62,20260823,20000,RUT,LINEAR,FINAL,DOMAIN_TEMPLATE_OOD_EXACT,0.005,2.1606817245483403,0.7816263100831226,0.0096529814271749,0.9927475029377204,0.8746269381020552,54069,395,40525,15106,9.652981427174977,0.0087283468449769,0.0106481574853043,0.9914364469451205,0.9854707260652268,0.9805190714668178,0.0302297165200391,0.0649315738025415,HISTORICAL_CANONICAL_N5,False,HISTORICAL_N5
1,62,20260823,20000,RUT,LINEAR,FINAL,LATE_TEST_Q4,0.005,2.1606817245483403,0.741262486943946,0.0065643197458973,0.9977649603460708,0.8505969667634721,27678,62,9383,9661,6.564319745897301,0.005036421561052,0.008407366576794,0.9967145438778948,0.9877945334556602,0.9929970747274178,0.0250926416093171,0.049655902593965,HISTORICAL_CANONICAL_N5,False,HISTORICAL_N5
1,62,20260823,50000,RUT,LINEAR,FINAL,OFFICIAL_TEST,0.005,2.103220939636231,0.8250390625,0.0055445978522901,0.992077533701796,0.9008807910769252,63363,506,90754,13437,5.544597852290161,0.0050731248873558,0.0060479038822839,0.9909949961395834,0.9914226366887876,0.984211500405746,0.0121520929213236,0.0295967565198334,HISTORICAL_CANONICAL_N5,False,HISTORICAL_N5
1,62,20260823,50000,RUT,LINEAR,FINAL,DOMAIN_OOD_EXACT,0.005,2.103220939636231,0.8319487364717529,0.0102268862653646,0.993275834531225,0.9054826333529896,62189,421,40745,12562,10.22688626536462,0.0092775149924196,0.0112462593155351,0.993700745665816,0.988516348194612,0.987349388749468,0.0209396103580624,0.0477335665354904,HISTORICAL_CANONICAL_N5,False,HISTORICAL_N5
1,62,20260823,50000,RUT,LINEAR,FINAL,TEMPLATE_OOD_EXACT,0.005,2.103220939636231,0.8264474463464847,0.0055146448147943,0.9915747445354268,0.9015120052912496,58610,498,89807,12308,5.514644814794308,0.0050420442821714,0.0060194207682089,0.9906029224199828,0.9915092846805,0.9833911100839688,0.0119373235147555,0.0289906428215491,HISTORICAL_CANONICAL_N5,False,HISTORICAL_N5
1,62,20260823,50000,RUT,LINEAR,FINAL,DOMAIN_TEMPLATE_OOD_EXACT,0.005,2.103220939636231,0.8340730032526201,0.0101173020527859,0.9928757033952263,0.90657260028597,57697,414,40506,11478,10.117302052785924,0.0091703415842686,0.0111347103419533,0.9934612603841716,0.9888284764828884,0.9867845598022438,0.0203812316715542,0.046041055718475,HISTORICAL_CANONICAL_N5,False,HISTORICAL_N5
1,62,20260823,50000,RUT,LINEAR,FINAL,LATE_TEST_Q4,0.005,2.103220939636231,0.8101448887222475,0.0075172048703017,0.9976583885755748,0.8941767661838604,30250,71,9374,7089,7.517204870301747,0.0058755321330082,0.0094726055657797,0.9973629226214342,0.9902005165753384,0.9949669893714658,0.0179989412387506,0.0390682901005823,HISTORICAL_CANONICAL_N5,False,HISTORICAL_N5
2,82,20260833,20000,R0,LINEAR,FINAL,OFFICIAL_TEST,0.005,2.6264185905456547,0.7138151041666667,0.0060267367959675,0.9900670025825792,0.829546572243533,54821,550,90710,21979,6.026736795967565,0.0055348575792639,0.0065503990870443,0.9823081565051164,0.9842706883720508,0.9520005509262448,0.0381875958799035,0.0813938198553583,HISTORICAL_CANONICAL_N5,False,HISTORICAL_N5
2,82,20260833,20000,R0,LINEAR,FINAL,DOMAIN_OOD_EXACT,0.005,2.6264185905456547,0.7243247581972148,0.0117815673128309,0.9911219315748044,0.8369763487401453,54144,485,40681,20607,11.781567312830978,0.0107616347206421,0.012871203621239,0.987108460852512,0.977109532319831,0.9628744400395014,0.0630131662051207,0.1227955108584754,HISTORICAL_CANONICAL_N5,False,HISTORICAL_N5
2,82,20260833,20000,R0,LINEAR,FINAL,TEMPLATE_OOD_EXACT,0.005,2.6264185905456547,0.7105389322879946,0.0059797353413432,0.9893972118594148,0.8270960541001904,50390,540,89765,20528,5.979735341343226,0.0054872791868714,0.0065043178971318,0.9812605800792992,0.98434597827122,0.9487091835976398,0.0382149382647693,0.0799734233984829,HISTORICAL_CANONICAL_N5,False,HISTORICAL_N5
2,82,20260833,20000,R0,LINEAR,FINAL,DOMAIN_TEMPLATE_OOD_EXACT,0.005,2.6264185905456547,0.7209541019154319,0.0116080156402737,0.9905654755993406,0.8345241880155955,49872,475,40445,19303,11.608015640273704,0.0105927410265287,0.0126934488635176,0.9862653261462396,0.9772091572191598,0.9600474927527292,0.0633186705767351,0.1214565004887585,HISTORICAL_CANONICAL_N5,False,HISTORICAL_N5
2,82,20260833,20000,R0,LINEAR,FINAL,LATE_TEST_Q4,0.005,2.6264185905456547,0.6791022791183481,0.0076230809952355,0.9971685870462856,0.8079594697935253,25357,72,9373,11982,7.623080995235575,0.0059692332824942,0.0095905084028879,0.9943372398098954,0.979141104711981,0.9835830504506614,0.0593965060878771,0.1086289041821069,HISTORICAL_CANONICAL_N5,False,HISTORICAL_N5
2,82,20260833,200000,R0,LINEAR,FINAL,OFFICIAL_TEST,0.005,2.5348377227783208,0.7792447916666667,0.0061582292351523,0.9906965964772878,0.8723398052591685,59846,562,90698,16954,6.158229235152312,0.0056609301974939,0.0066872981089901,0.9878596953278096,0.9890162470779456,0.972809412559462,0.0211702827087442,0.0478194170501862,HISTORICAL_CANONICAL_N5,False,HISTORICAL_N5
2,82,20260833,200000,R0,LINEAR,FINAL,DOMAIN_OOD_EXACT,0.005,2.5348377227783208,0.7895412770397721,0.0115872321818976,0.9919826542960872,0.8792598717289772,59019,477,40689,15732,11.587232181897685,0.0105758451665335,0.0126683593028246,0.9913272446746486,0.9843572092406434,0.979015687301726,0.0350289073507263,0.0726084632949521,HISTORICAL_CANONICAL_N5,False,HISTORICAL_N5
2,82,20260833,200000,R0,LINEAR,FINAL,TEMPLATE_OOD_EXACT,0.005,2.5348377227783208,0.7801686454778759,0.0061347655168595,0.9900862531763358,0.8726813880126184,55328,554,89751,15590,6.134765516859531,0.0056358666048958,0.0066657749759674,0.9874002446048692,0.9892580070098108,0.9716695337118848,0.0206079397597032,0.0456453131055866,HISTORICAL_CANONICAL_N5,False,HISTORICAL_N5
2,82,20260833,200000,R0,LINEAR,FINAL,DOMAIN_TEMPLATE_OOD_EXACT,0.005,2.5348377227783208,0.7908782074448861,0.0114613880742913,0.9915002356011454,0.8798983538796813,54709,469,40451,14466,11.4613880742913,0.0104526238152077,0.0125403387166989,0.9910251031718984,0.9848493577956372,0.978408787340698,0.0335777126099706,0.0685972629521016,HISTORICAL_CANONICAL_N5,False,HISTORICAL_N5
2,82,20260833,200000,R0,LINEAR,FINAL,LATE_TEST_Q4,0.005,2.5348377227783208,0.7543587134095717,0.0089994706193753,0.996991363443296,0.8588678324770166,28167,85,9360,9172,8.999470619375332,0.0071946038990732,0.0111161243070289,0.996292123170298,0.986179575905992,0.9918574463063488,0.0292218104817363,0.0631021704605611,HISTORICAL_CANONICAL_N5,False,HISTORICAL_N5
2,82,20260833,10000,RUT,LINEAR,FINAL,OFFICIAL_TEST,0.005,2.4379420280456547,0.722734375,0.0053035283804514,0.9913555992141454,0.8359966864974774,55506,484,90776,21294,5.303528380451458,0.0048425971488442,0.0057963186399307,0.9867988071504308,0.988195430851756,0.9687881038808146,0.0244028051720359,0.0500657462195923,HISTORICAL_CANONICAL_N5,False,HISTORICAL_N5
2,82,20260833,10000,RUT,LINEAR,FINAL,DOMAIN_OOD_EXACT,0.005,2.4379420280456547,0.7299567898757208,0.0100811349171646,0.9924518006547836,0.841202179895322,54565,415,40751,20186,10.08113491716465,0.0091386544754889,0.0110936459926359,0.9901415498285764,0.9824297116311984,0.975297187590606,0.0413933828887917,0.0817665063401836,HISTORICAL_CANONICAL_N5,False,HISTORICAL_N5
2,82,20260833,10000,RUT,LINEAR,FINAL,TEMPLATE_OOD_EXACT,0.005,2.4379420280456547,0.7189571053893229,0.0052710259675543,0.9907506363795348,0.8332502594356966,50987,476,89829,19931,5.271025967554399,0.0048091663720179,0.0057650876497744,0.98593757992394,0.9881718797488728,0.9664905134689056,0.0245058413155417,0.049343890150047,HISTORICAL_CANONICAL_N5,False,HISTORICAL_N5
2,82,20260833,10000,RUT,LINEAR,FINAL,DOMAIN_TEMPLATE_OOD_EXACT,0.005,2.4379420280456547,0.7267799060354174,0.0099706744868035,0.991949963498609,0.8389093760950458,50275,408,40512,18900,9.97067448680352,0.0090307062380559,0.0109811199234075,0.9894649534056152,0.9824578765021774,0.9733181192947356,0.0417155425219941,0.081060606060606,HISTORICAL_CANONICAL_N5,False,HISTORICAL_N5
2,82,20260833,10000,RUT,LINEAR,FINAL,LATE_TEST_Q4,0.005,2.4379420280456547,0.671415945793942,0.0066701958708311,0.9974933354553774,0.802599564604943,25070,63,9382,12269,6.670195870831128,0.0051292570168881,0.0085261169546909,0.9959709865080008,0.98534621292948,0.9903084219518662,0.0348332451032292,0.0626786659608258,HISTORICAL_CANONICAL_N5,False,HISTORICAL_N5
2,82,20260833,100000,RUT,LINEAR,FINAL,OFFICIAL_TEST,0.005,2.0458283424377446,0.8331901041666666,0.0054788516326977,0.9922467397540666,0.9057888441421484,63989,500,90760,12811,5.478851632697786,0.0050102301956925,0.005979313146278,0.9916856225626826,0.9921019333925736,0.9851488676367888,0.0114179268025421,0.0286105632259478,HISTORICAL_CANONICAL_N5,False,HISTORICAL_N5
2,82,20260833,100000,RUT,LINEAR,FINAL,DOMAIN_OOD_EXACT,0.005,2.0458283424377446,0.8395071637837621,0.009838216003498,0.9935876122167862,0.910071785947357,62754,405,40761,11997,9.838216003498031,0.0089073352643853,0.0108391758749404,0.994236682791428,0.9894602507083464,0.9885403658267832,0.0189476752659962,0.0444784530923577,HISTORICAL_CANONICAL_N5,False,HISTORICAL_N5
2,82,20260833,100000,RUT,LINEAR,FINAL,TEMPLATE_OOD_EXACT,0.005,2.0458283424377446,0.8352745424292846,0.0054371297270361,0.991779262310178,0.9068238355849824,59236,491,89814,11682,5.437129727036155,0.0049679201348334,0.0059385231447949,0.9913113803414044,0.9921526109101808,0.9845142980534904,0.0111178783013122,0.0275178561541442,HISTORICAL_CANONICAL_N5,False,HISTORICAL_N5
2,82,20260833,100000,RUT,LINEAR,FINAL,DOMAIN_TEMPLATE_OOD_EXACT,0.005,2.0458283424377446,0.8421395012649079,0.0097018572825024,0.9932312623610448,0.9114662786422274,58255,397,40523,10920,9.701857282502443,0.0087748469542971,0.0106993991353827,0.9940060179950184,0.9897039636958554,0.9881131865864692,0.0183040078201368,0.0418621700879765,HISTORICAL_CANONICAL_N5,False,HISTORICAL_N5
2,82,20260833,100000,RUT,LINEAR,FINAL,LATE_TEST_Q4,0.005,2.0458283424377446,0.812421328905434,0.0069878242456326,0.9978290187822768,0.8956303513433717,30335,66,9379,7004,6.98782424563261,0.0054083846265516,0.0088817604881413,0.9974888933962,0.9907406736592812,0.9948786264061577,0.0183165696135521,0.041079936474325,HISTORICAL_CANONICAL_N5,False,HISTORICAL_N5
2,82,20260833,20000,RUT,LINEAR,FINAL,OFFICIAL_TEST,0.005,2.2821660041809086,0.7625911458333333,0.0049638395792241,0.992324635716706,0.8624208511264909,58567,453,90807,18233,4.963839579224195,0.0045181846671805,0.0054413913890392,0.9891173842764592,0.990063054805067,0.9759548182139076,0.0186609686609686,0.0404558404558404,HISTORICAL_CANONICAL_N5,False,HISTORICAL_N5
2,82,20260833,20000,RUT,LINEAR,FINAL,DOMAIN_OOD_EXACT,0.005,2.2821660041809086,0.7692472341507137,0.0094738376329981,0.9932633179023008,0.8670189908249963,57502,390,40776,17249,9.473837632998103,0.0085606363126888,0.0104571918427752,0.9920549773825096,0.9856802163386172,0.9807005524539744,0.0321624641694602,0.0655638147986202,HISTORICAL_CANONICAL_N5,False,HISTORICAL_N5
2,82,20260833,20000,RUT,LINEAR,FINAL,TEMPLATE_OOD_EXACT,0.005,2.2821660041809086,0.7617107081417975,0.0049055976966945,0.9918658881421908,0.8616844791832828,54019,443,89862,16899,4.905597696694535,0.0044603337393723,0.0053831052419755,0.9884498222576784,0.990022505898462,0.9744137762579383,0.0185593267260949,0.0394884004207961,HISTORICAL_CANONICAL_N5,False,HISTORICAL_N5
2,82,20260833,20000,RUT,LINEAR,FINAL,DOMAIN_TEMPLATE_OOD_EXACT,0.005,2.2821660041809086,0.7690205999277195,0.0093352883675464,0.9928703409918064,0.8667253205598189,53197,382,40538,15978,9.33528836754643,0.0084262492473431,0.0103149342157856,0.9915485188677488,0.9857138316021,0.9794075542341152,0.0319892473118279,0.0640762463343108,HISTORICAL_CANONICAL_N5,False,HISTORICAL_N5
2,82,20260833,20000,RUT,LINEAR,FINAL,LATE_TEST_Q4,0.005,2.2821660041809086,0.716703714614746,0.0061408152461619,0.9978373541146204,0.8342217650176128,26761,58,9387,10578,6.14081524616199,0.0046661837425527,0.0079312863338884,0.9967204462882606,0.9880037564063116,0.992505606042724,0.0268925357331921,0.0548438327157226,HISTORICAL_CANONICAL_N5,False,HISTORICAL_N5
2,82,20260833,50000,RUT,LINEAR,FINAL,OFFICIAL_TEST,0.005,2.123510837554932,0.8023046875,0.0053802323033092,0.99209441617827,0.8871627264088461,61617,491,90769,15183,5.380232303309226,0.0049159209580977,0.0058763943386045,0.990716362490742,0.9914555457535476,0.9803293103203756,0.0151983344291036,0.0345825115055884,HISTORICAL_CANONICAL_N5,False,HISTORICAL_N5
2,82,20260833,50000,RUT,LINEAR,FINAL,DOMAIN_OOD_EXACT,0.005,2.123510837554932,0.808724966890075,0.009619588981198,0.9934920869693832,0.8916371681415929,60453,396,40770,14298,9.619588981198076,0.0086992746416742,0.0106100265562298,0.9933775153220566,0.988005453332192,0.9845620299101524,0.0256279453918282,0.0567458582325219,HISTORICAL_CANONICAL_N5,False,HISTORICAL_N5
2,82,20260833,50000,RUT,LINEAR,FINAL,TEMPLATE_OOD_EXACT,0.005,2.123510837554932,0.8045912180264531,0.0053485410553125,0.9916062770449924,0.8883630051143927,57060,483,89822,13858,5.348541055312553,0.0048832370398875,0.0058460385918867,0.9902081360831966,0.9914451823264944,0.9796632541863,0.0146724987542218,0.0339516084380709,HISTORICAL_CANONICAL_N5,False,HISTORICAL_N5
2,82,20260833,50000,RUT,LINEAR,FINAL,DOMAIN_TEMPLATE_OOD_EXACT,0.005,2.123510837554932,0.8115215034333213,0.0095307917888563,0.993100642170998,0.8931759240107556,56137,390,40530,13038,9.530791788856304,0.0086121237745716,0.0105200262575969,0.9930372170470928,0.9881442014370596,0.9840519694000126,0.0246578690127077,0.054960899315738,HISTORICAL_CANONICAL_N5,False,HISTORICAL_N5
2,82,20260833,50000,RUT,LINEAR,FINAL,LATE_TEST_Q4,0.005,2.123510837554932,0.7676156297704813,0.0066701958708311,0.9978067885117492,0.867704044562848,28662,63,9382,8677,6.670195870831128,0.0051292570168881,0.0085261169546909,0.9972028127459204,0.9897475919589892,0.9932358588096292,0.0242456326098464,0.0476442562202223,HISTORICAL_CANONICAL_N5,False,HISTORICAL_N5
3,102,20260843,20000,R0,LINEAR,FINAL,OFFICIAL_TEST,0.005,2.7018508911132817,0.7314453125,0.0054131054131054,0.991282711888334,0.8417685005506896,56175,494,90766,20625,5.413105413105413,0.0049473529446651,0.0059107050207037,0.984391587147663,0.9858586421322548,0.9614694468014076,0.0303528380451457,0.0654613193074731,HISTORICAL_CANONICAL_N5,False,HISTORICAL_N5
3,102,20260843,20000,R0,LINEAR,FINAL,DOMAIN_OOD_EXACT,0.005,2.7018508911132817,0.7430000936442321,0.0102511781567312,0.9924591687216324,0.8498007084222686,55540,422,40744,19211,10.251178156731283,0.0093006633413542,0.011271689957,0.9889128342950372,0.9800669166262674,0.9712289414040508,0.0484137394937569,0.0984550357090803,HISTORICAL_CANONICAL_N5,False,HISTORICAL_N5
3,102,20260843,20000,R0,LINEAR,FINAL,TEMPLATE_OOD_EXACT,0.005,2.7018508911132817,0.7268394483769988,0.0053706882232434,0.990678633891334,0.8384940097113437,51546,485,89820,19372,5.3706882232434525,0.0049044047518805,0.0058691627826424,0.9832408258617704,0.9856811263390424,0.9587689257390052,0.0303969879851613,0.0653341453961574,HISTORICAL_CANONICAL_N5,False,HISTORICAL_N5
3,102,20260843,20000,R0,LINEAR,FINAL,DOMAIN_TEMPLATE_OOD_EXACT,0.005,2.7018508911132817,0.7384459703650162,0.0101173020527859,0.9919605406245146,0.8466325794930015,51082,414,40506,18093,10.117302052785924,0.0091703415842686,0.0111347103419533,0.9880291221503203,0.9798289901474612,0.9690588473331154,0.0485826001955034,0.0983626588465298,HISTORICAL_CANONICAL_N5,False,HISTORICAL_N5
3,102,20260843,20000,R0,LINEAR,FINAL,LATE_TEST_Q4,0.005,2.7018508911132817,0.7141594579394199,0.0068819481206987,0.997568366316262,0.8324020602466052,26666,65,9380,10673,6.881948120698782,0.0053152409466182,0.0087633115996446,0.995477298950152,0.9831491706244978,0.9884172154280338,0.041715193223928,0.0830068819481207,HISTORICAL_CANONICAL_N5,False,HISTORICAL_N5
3,102,20260843,200000,R0,LINEAR,FINAL,OFFICIAL_TEST,0.005,2.5348377227783208,0.7792447916666667,0.0061582292351523,0.9906965964772878,0.8723398052591685,59846,562,90698,16954,6.158229235152312,0.0056609301974939,0.0066872981089901,0.9878596953278096,0.9890162470779456,0.972809412559462,0.0211702827087442,0.0478194170501862,HISTORICAL_CANONICAL_N5,False,HISTORICAL_N5
3,102,20260843,200000,R0,LINEAR,FINAL,DOMAIN_OOD_EXACT,0.005,2.5348377227783208,0.7895412770397721,0.0115872321818976,0.9919826542960872,0.8792598717289772,59019,477,40689,15732,11.587232181897685,0.0105758451665335,0.0126683593028246,0.9913272446746486,0.9843572092406434,0.979015687301726,0.0350289073507263,0.0726084632949521,HISTORICAL_CANONICAL_N5,False,HISTORICAL_N5
3,102,20260843,200000,R0,LINEAR,FINAL,TEMPLATE_OOD_EXACT,0.005,2.5348377227783208,0.7801686454778759,0.0061347655168595,0.9900862531763358,0.8726813880126184,55328,554,89751,15590,6.134765516859531,0.0056358666048958,0.0066657749759674,0.9874002446048692,0.9892580070098108,0.9716695337118848,0.0206079397597032,0.0456453131055866,HISTORICAL_CANONICAL_N5,False,HISTORICAL_N5
3,102,20260843,200000,R0,LINEAR,FINAL,DOMAIN_TEMPLATE_OOD_EXACT,0.005,2.5348377227783208,0.7908782074448861,0.0114613880742913,0.9915002356011454,0.8798983538796813,54709,469,40451,14466,11.4613880742913,0.0104526238152077,0.0125403387166989,0.9910251031718984,0.9848493577956372,0.978408787340698,0.0335777126099706,0.0685972629521016,HISTORICAL_CANONICAL_N5,False,HISTORICAL_N5
3,102,20260843,200000,R0,LINEAR,FINAL,LATE_TEST_Q4,0.005,2.5348377227783208,0.7543587134095717,0.0089994706193753,0.996991363443296,0.8588678324770166,28167,85,9360,9172,8.999470619375332,0.0071946038990732,0.0111161243070289,0.996292123170298,0.986179575905992,0.9918574463063488,0.0292218104817363,0.0631021704605611,HISTORICAL_CANONICAL_N5,False,HISTORICAL_N5
3,102,20260843,10000,RUT,LINEAR,FINAL,OFFICIAL_TEST,0.005,2.4928357601165776,0.7424869791666666,0.0048980933596318,0.9922220288846356,0.8493781187160199,57023,447,90813,19777,4.898093359631821,0.0044554558259981,0.0053726353132834,0.9870472993311722,0.9879655567141044,0.9729600382866714,0.0210497479728248,0.0493534955073416,HISTORICAL_CANONICAL_N5,False,HISTORICAL_N5
3,102,20260843,10000,RUT,LINEAR,FINAL,DOMAIN_OOD_EXACT,0.005,2.4928357601165776,0.749916389078407,0.0091094592624981,0.99335483413666,0.8546381772028389,56057,375,40791,18694,9.109459262498175,0.0082142904567865,0.0100748560319685,0.9907932854590012,0.9833691500212194,0.9800282605212172,0.0333041830636933,0.0761064956517514,HISTORICAL_CANONICAL_N5,False,HISTORICAL_N5
3,102,20260843,10000,RUT,LINEAR,FINAL,TEMPLATE_OOD_EXACT,0.005,2.4928357601165776,0.7370202205363942,0.0048280826089363,0.9917273831208258,0.8456100046917215,52268,436,89869,18650,4.828082608936382,0.004386418769916,0.0053019990980408,0.9862356268585412,0.9878934946135668,0.9718918918918918,0.0204418360002214,0.0477160733071258,HISTORICAL_CANONICAL_N5,False,HISTORICAL_N5
3,102,20260843,10000,RUT,LINEAR,FINAL,DOMAIN_TEMPLATE_OOD_EXACT,0.005,2.4928357601165776,0.7452547885796892,0.0089687194525904,0.9929314329738058,0.8514472108675009,51553,367,40553,17622,8.96871945259042,0.0080780179107169,0.0099301043210291,0.9901383176772508,0.98329619722176,0.9786702294875824,0.0331622678396872,0.0745845552297165,HISTORICAL_CANONICAL_N5,False,HISTORICAL_N5
3,102,20260843,10000,RUT,LINEAR,FINAL,LATE_TEST_Q4,0.005,2.4928357601165776,0.7223010793004633,0.0066701958708311,0.9976695150371768,0.8379419623438763,26970,63,9382,10369,6.670195870831128,0.0051292570168881,0.0085261169546909,0.996359597055792,0.986478237372208,0.9917694259248332,0.0295394388565378,0.061302276336686,HISTORICAL_CANONICAL_N5,False,HISTORICAL_N5
3,102,20260843,100000,RUT,LINEAR,FINAL,OFFICIAL_TEST,0.005,2.1281340122222905,0.8479557291666666,0.0052487398641244,0.9926983933416664,0.9146360303928316,65123,479,90781,11677,5.248739864124479,0.0047902382248018,0.0057391065328666,0.9921898937110314,0.9925170781797884,0.9871185182011624,0.0098838483453868,0.0251588866973482,HISTORICAL_CANONICAL_N5,False,HISTORICAL_N5
3,102,20260843,100000,RUT,LINEAR,FINAL,DOMAIN_OOD_EXACT,0.005,2.1281340122222905,0.854329707963773,0.0095710051984647,0.9938682768924304,0.9188314257555374,63862,394,40772,10889,9.571005198464752,0.0086530556697062,0.0105590878244817,0.9946217670415392,0.9901311850720836,0.9897896130645872,0.0168585726084632,0.0394743234708254,HISTORICAL_CANONICAL_N5,False,HISTORICAL_N5
3,102,20260843,100000,RUT,LINEAR,FINAL,TEMPLATE_OOD_EXACT,0.005,2.1281340122222905,0.8486984968555232,0.0052045844637616,0.992251640344225,0.9148780932692891,60188,470,89835,10730,5.204584463761696,0.0047456977569538,0.0056956806622175,0.9918303245687424,0.9925536172737692,0.986583198083314,0.0096118708820109,0.0239300149493383,HISTORICAL_CANONICAL_N5,False,HISTORICAL_N5
3,102,20260843,100000,RUT,LINEAR,FINAL,DOMAIN_TEMPLATE_OOD_EXACT,0.005,2.1281340122222905,0.8556125767979762,0.0094086021505376,0.9935372322567648,0.9194311323759,59187,385,40535,9988,9.408602150537634,0.0084959401602289,0.0103918557209214,0.9943991595491826,0.9903459311866112,0.9894802078532948,0.0161779081133919,0.0374877810361681,HISTORICAL_CANONICAL_N5,False,HISTORICAL_N5
3,102,20260843,100000,RUT,LINEAR,FINAL,LATE_TEST_Q4,0.005,2.1281340122222905,0.8366051581456386,0.0080465854949708,0.9975729705563008,0.9100257818303644,31238,76,9369,6101,8.046585494970884,0.0063448821812544,0.0100612916918886,0.997739514352696,0.9916759373375194,0.9958547995499496,0.0148226574907358,0.034939121228163,HISTORICAL_CANONICAL_N5,False,HISTORICAL_N5
3,102,20260843,20000,RUT,LINEAR,FINAL,OFFICIAL_TEST,0.005,2.2432904243469243,0.7995703125,0.0050405435020819,0.9925646952333232,0.885675755587126,61407,460,90800,15393,5.040543502081963,0.0045913938301902,0.0055215813781482,0.9898549713894786,0.9904081276481116,0.980230876138072,0.0152750383519614,0.037563006793776,HISTORICAL_CANONICAL_N5,False,HISTORICAL_N5
3,102,20260843,20000,RUT,LINEAR,FINAL,DOMAIN_OOD_EXACT,0.005,2.2432904243469243,0.8066915492769328,0.0091337511538648,0.9938032532920216,0.8905248545352512,60301,376,40790,14450,9.13375115386484,0.008237368781245,0.0101003564417081,0.9929508268655824,0.9871519443678506,0.9849786978610016,0.024923480542195,0.0589564203468882,HISTORICAL_CANONICAL_N5,False,HISTORICAL_N5
3,102,20260843,20000,RUT,LINEAR,FINAL,TEMPLATE_OOD_EXACT,0.005,2.2432904243469243,0.7954821060943625,0.0049720392004872,0.9921038285000792,0.8829794726915582,56414,449,89856,14504,4.972039200487238,0.0045237123304597,0.0054526019666304,0.9890747211525854,0.9902191185388126,0.9786571809693198,0.0154144288799069,0.0374619345551187,HISTORICAL_CANONICAL_N5,False,HISTORICAL_N5
3,102,20260843,20000,RUT,LINEAR,FINAL,DOMAIN_TEMPLATE_OOD_EXACT,0.005,2.2432904243469243,0.803252620166245,0.0089442815249266,0.9934562228460068,0.8882867328505426,55565,366,40554,13610,8.944281524926685,0.0080548160527939,0.0099044354832585,0.9923908091797564,0.9869890655508772,0.9837272497472194,0.0251710654936461,0.0592375366568914,HISTORICAL_CANONICAL_N5,False,HISTORICAL_N5
3,102,20260843,20000,RUT,LINEAR,FINAL,LATE_TEST_Q4,0.005,2.2432904243469243,0.7750073649535338,0.0062466913710958,0.9979653067558713,0.8724674384949349,28938,59,9386,8401,6.246691371095817,0.0047585720755803,0.0080504735155597,0.9970869533940424,0.9892082515097712,0.9930867407232332,0.0247750132345156,0.0499735309687665,HISTORICAL_CANONICAL_N5,False,HISTORICAL_N5
3,102,20260843,50000,RUT,LINEAR,FINAL,OFFICIAL_TEST,0.005,2.2282180786132817,0.8217447916666667,0.0053035283804514,0.9923892191087208,0.8990412695699247,63110,484,90776,13690,5.303528380451458,0.0048425971488442,0.0057963186399307,0.9911731275640836,0.991617827626767,0.984630067519444,0.0118233618233618,0.0299693184308568,HISTORICAL_CANONICAL_N5,False,HISTORICAL_N5
3,102,20260843,50000,RUT,LINEAR,FINAL,DOMAIN_OOD_EXACT,0.005,2.2282180786132817,0.8284838998809381,0.0096438808725647,0.9936303688610072,0.9035731481346388,61930,397,40769,12821,9.643880872564738,0.0087223864306582,0.0106354936275669,0.9938718853009694,0.9888718652616676,0.988103281144435,0.019676432006996,0.0476849827527571,HISTORICAL_CANONICAL_N5,False,HISTORICAL_N5
3,102,20260843,50000,RUT,LINEAR,FINAL,TEMPLATE_OOD_EXACT,0.005,2.2282180786132817,0.8220903014749429,0.0052488787996234,0.9919353466609954,0.8990616301573717,58301,474,89831,12617,5.248878799623498,0.0047880080416224,0.0057419541060583,0.9906611679416,0.9915698496179408,0.9838458574181116,0.011605115995792,0.0290460107413764,HISTORICAL_CANONICAL_N5,False,HISTORICAL_N5
3,102,20260843,50000,RUT,LINEAR,FINAL,DOMAIN_TEMPLATE_OOD_EXACT,0.005,2.2282180786132817,0.8294325984821106,0.0094574780058651,0.9933002094766546,0.9040003781373585,57376,387,40533,11799,9.457478005865102,0.0085424088228912,0.0104431287007133,0.9935359459838314,0.988972613446919,0.9875501562177852,0.0191837732160312,0.0463587487781036,HISTORICAL_CANONICAL_N5,False,HISTORICAL_N5
3,102,20260843,50000,RUT,LINEAR,FINAL,LATE_TEST_Q4,0.005,2.2282180786132817,0.8094217841934707,0.0070937003705664,0.9977880488610102,0.8937881677978382,30223,67,9378,7116,7.093700370566437,0.005501626405098,0.0090001133578429,0.9974862348688968,0.990829693933103,0.9952065333175524,0.01715193223928,0.0393859184753838,HISTORICAL_CANONICAL_N5,False,HISTORICAL_N5
4,122,20260853,20000,R0,LINEAR,FINAL,OFFICIAL_TEST,0.005,2.848408460617066,0.7048828125,0.0051501205347359,0.9913927296035162,0.8239412503329401,54135,470,90790,22665,5.150120534735919,0.004696024837456,0.0056360921643508,0.9837543329481214,0.98544846819013,0.9596007274645638,0.0318869165023011,0.0680254218715757,HISTORICAL_CANONICAL_N5,False,HISTORICAL_N5
4,122,20260853,20000,R0,LINEAR,FINAL,DOMAIN_OOD_EXACT,0.005,2.848408460617066,0.7167395753902958,0.009838216003498,0.9924974991663889,0.8323739833609097,53577,405,40761,21174,9.838216003498031,0.0089073352643853,0.0108391758749404,0.9881444493024438,0.9787935351673732,0.9684742395669886,0.0531992420929893,0.1052081815090122,HISTORICAL_CANONICAL_N5,False,HISTORICAL_N5
4,122,20260853,20000,R0,LINEAR,FINAL,TEMPLATE_OOD_EXACT,0.005,2.848408460617066,0.6999210355621986,0.0050938486241071,0.9908178134419228,0.8203445853819774,49637,460,89845,21281,5.093848624107192,0.0046399598760949,0.0055799593401049,0.9826695420906576,0.9853956698058252,0.9567113842464212,0.0319805104922208,0.0679696583799346,HISTORICAL_CANONICAL_N5,False,HISTORICAL_N5
4,122,20260853,20000,R0,LINEAR,FINAL,DOMAIN_TEMPLATE_OOD_EXACT,0.005,2.848408460617066,0.7115142753885074,0.0096774193548387,0.9920185427794014,0.8286724471756881,49219,396,40524,19956,9.67741935483871,0.0087515961282558,0.0106737790788926,0.9873255243120443,0.9787942400678856,0.9661272053004796,0.0533479960899315,0.10386119257087,HISTORICAL_CANONICAL_N5,False,HISTORICAL_N5
4,122,20260853,20000,R0,LINEAR,FINAL,LATE_TEST_Q4,0.005,2.848408460617066,0.6742012373121937,0.007305452620434,0.997266568949808,0.8045124796267298,25174,69,9376,12165,7.3054526204340915,0.0056883956287453,0.0092365393717802,0.995077039108576,0.9818351117799262,0.987861866274798,0.0437268395976707,0.0888300688194812,HISTORICAL_CANONICAL_N5,False,HISTORICAL_N5
4,122,20260853,200000,R0,LINEAR,FINAL,OFFICIAL_TEST,0.005,2.5348377227783208,0.7792447916666667,0.0061582292351523,0.9906965964772878,0.8723398052591685,59846,562,90698,16954,6.158229235152312,0.0056609301974939,0.0066872981089901,0.9878596953278096,0.9890162470779456,0.972809412559462,0.0211702827087442,0.0478194170501862,HISTORICAL_CANONICAL_N5,False,HISTORICAL_N5
4,122,20260853,200000,R0,LINEAR,FINAL,DOMAIN_OOD_EXACT,0.005,2.5348377227783208,0.7895412770397721,0.0115872321818976,0.9919826542960872,0.8792598717289772,59019,477,40689,15732,11.587232181897685,0.0105758451665335,0.0126683593028246,0.9913272446746486,0.9843572092406434,0.979015687301726,0.0350289073507263,0.0726084632949521,HISTORICAL_CANONICAL_N5,False,HISTORICAL_N5
4,122,20260853,200000,R0,LINEAR,FINAL,TEMPLATE_OOD_EXACT,0.005,2.5348377227783208,0.7801686454778759,0.0061347655168595,0.9900862531763358,0.8726813880126184,55328,554,89751,15590,6.134765516859531,0.0056358666048958,0.0066657749759674,0.9874002446048692,0.9892580070098108,0.9716695337118848,0.0206079397597032,0.0456453131055866,HISTORICAL_CANONICAL_N5,False,HISTORICAL_N5
4,122,20260853,200000,R0,LINEAR,FINAL,DOMAIN_TEMPLATE_OOD_EXACT,0.005,2.5348377227783208,0.7908782074448861,0.0114613880742913,0.9915002356011454,0.8798983538796813,54709,469,40451,14466,11.4613880742913,0.0104526238152077,0.0125403387166989,0.9910251031718984,0.9848493577956372,0.978408787340698,0.0335777126099706,0.0685972629521016,HISTORICAL_CANONICAL_N5,False,HISTORICAL_N5
4,122,20260853,200000,R0,LINEAR,FINAL,LATE_TEST_Q4,0.005,2.5348377227783208,0.7543587134095717,0.0089994706193753,0.996991363443296,0.8588678324770166,28167,85,9360,9172,8.999470619375332,0.0071946038990732,0.0111161243070289,0.996292123170298,0.986179575905992,0.9918574463063488,0.0292218104817363,0.0631021704605611,HISTORICAL_CANONICAL_N5,False,HISTORICAL_N5
4,122,20260853,10000,RUT,LINEAR,FINAL,OFFICIAL_TEST,0.005,2.5816724300384526,0.7228385416666666,0.00471181240412,0.9923137423137424,0.8364069185801242,55514,430,90830,21286,4.711812404120096,0.0042778374707244,0.0051777134447562,0.9867172886469252,0.9879584235061,0.9688406711240064,0.0243589743589743,0.051413543721236,HISTORICAL_CANONICAL_N5,False,HISTORICAL_N5
4,122,20260853,10000,RUT,LINEAR,FINAL,DOMAIN_OOD_EXACT,0.005,2.5816724300384526,0.7300905673502696,0.0087207890006315,0.9934648851348892,0.8416547788873039,54575,359,40807,20176,8.72078900063159,0.0078452680089539,0.0096666196394516,0.990159971958798,0.9824343951101936,0.9750177513078004,0.0418792207161249,0.0837584414322499,HISTORICAL_CANONICAL_N5,False,HISTORICAL_N5
4,122,20260853,10000,RUT,LINEAR,FINAL,TEMPLATE_OOD_EXACT,0.005,2.5816724300384526,0.7197326489748724,0.00467305243342,0.9918000932690813,0.8341422758248762,51042,422,89883,19876,4.673052433420076,0.0042386778574076,0.0051396980841083,0.985913859479218,0.9879301592503889,0.966859531671261,0.0242290017164055,0.0498311278445268,HISTORICAL_CANONICAL_N5,False,HISTORICAL_N5
4,122,20260853,10000,RUT,LINEAR,FINAL,DOMAIN_TEMPLATE_OOD_EXACT,0.005,2.5816724300384526,0.7276183592338272,0.0086021505376344,0.9930551445200748,0.839863173702653,50333,352,40568,18842,8.602150537634408,0.0077301754435178,0.0095448870980984,0.9895378976522322,0.982490999565116,0.9734661329664144,0.0414711632453567,0.0815493646138807,HISTORICAL_CANONICAL_N5,False,HISTORICAL_N5
4,122,20260853,10000,RUT,LINEAR,FINAL,LATE_TEST_Q4,0.005,2.5816724300384526,0.6915557460028389,0.0057173107464266,0.9979131241304684,0.8169580004745709,25822,54,9391,11517,5.717310746426681,0.0042978522447994,0.0074533456351008,0.996053863514516,0.9855802425776587,0.9897823974559052,0.0367390153520381,0.0672313393329804,HISTORICAL_CANONICAL_N5,False,HISTORICAL_N5
4,122,20260853,100000,RUT,LINEAR,FINAL,OFFICIAL_TEST,0.005,2.070036888122559,0.8470963541666666,0.0052596975673898,0.9926758930070037,0.9141263339820284,65057,480,90780,11743,5.259697567389876,0.0048007089830515,0.0057505499777144,0.991884048909455,0.992196636841168,0.9870641651674804,0.0099276791584483,0.0270764847687924,HISTORICAL_CANONICAL_N5,False,HISTORICAL_N5
4,122,20260853,100000,RUT,LINEAR,FINAL,DOMAIN_OOD_EXACT,0.005,2.070036888122559,0.8531658439351982,0.0094495457416314,0.993937410385886,0.9181873807724148,63775,389,40777,10976,9.449545741631445,0.0085375353800844,0.010431713955226,0.994471841705697,0.9897625848435926,0.9899061240104764,0.01666423747753,0.0415634261283583,HISTORICAL_CANONICAL_N5,False,HISTORICAL_N5
4,122,20260853,100000,RUT,LINEAR,FINAL,TEMPLATE_OOD_EXACT,0.005,2.070036888122559,0.8492907301390338,0.0052156580477271,0.9922406550139208,0.9152174078210592,60230,471,89834,10688,5.215658047727147,0.0047562745269038,0.0057072498219089,0.9916126469360124,0.9923497595227384,0.986599483763273,0.0096007972980455,0.0260450694867393,HISTORICAL_CANONICAL_N5,False,HISTORICAL_N5
4,122,20260853,100000,RUT,LINEAR,FINAL,DOMAIN_TEMPLATE_OOD_EXACT,0.005,2.070036888122559,0.8559016985905312,0.0093108504398826,0.9936060951869504,0.9196275327539744,59207,381,40539,9968,9.3108504398827,0.0084030221897233,0.0102892904797328,0.9943196103051176,0.9901417421001109,0.9896061790788596,0.0159824046920821,0.039516129032258,HISTORICAL_CANONICAL_N5,False,HISTORICAL_N5
4,122,20260853,100000,RUT,LINEAR,FINAL,LATE_TEST_Q4,0.005,2.070036888122559,0.8352660756849407,0.0071995764955002,0.9978244177117992,0.9093374152635032,31188,68,9377,6151,7.199576495500265,0.0055949641049867,0.0091183723104806,0.9976399616201111,0.991152556709646,0.995970131563352,0.0143991529910005,0.0366331392271042,HISTORICAL_CANONICAL_N5,False,HISTORICAL_N5
4,122,20260853,20000,RUT,LINEAR,FINAL,OFFICIAL_TEST,0.005,2.3108987808227544,0.7780729166666667,0.0052268244575936,0.9920807530755564,0.8721402873760336,59756,477,90783,17044,5.226824457593688,0.0047692982593481,0.005716218096868,0.9895172634288096,0.9901558381587175,0.9796476607565514,0.015735261889108,0.0381437650668419,HISTORICAL_CANONICAL_N5,False,HISTORICAL_N5
4,122,20260853,20000,RUT,LINEAR,FINAL,DOMAIN_OOD_EXACT,0.005,2.3108987808227544,0.7860363072065926,0.009765340329398,0.993204753291976,0.8775595549249495,58757,402,40764,15994,9.765340329398049,0.0088379681771999,0.0107628062658638,0.9925386895526666,0.9865036780164528,0.9836712617129826,0.0271340426565612,0.0607054365252878,HISTORICAL_CANONICAL_N5,False,HISTORICAL_N5
4,122,20260853,20000,RUT,LINEAR,FINAL,TEMPLATE_OOD_EXACT,0.005,2.3108987808227544,0.7796892185340816,0.0052045844637616,0.9915716232694928,0.8729574840940307,55294,470,89835,15624,5.204584463761696,0.0047456977569538,0.0056956806622175,0.9889580778628572,0.9901625824884454,0.9785694576447864,0.0154808703836996,0.0374951553070151,HISTORICAL_CANONICAL_N5,False,HISTORICAL_N5
4,122,20260853,20000,RUT,LINEAR,FINAL,DOMAIN_TEMPLATE_OOD_EXACT,0.005,2.3108987808227544,0.7883339356704011,0.0096529814271749,0.992808767841538,0.8788345164903346,54533,395,40525,14642,9.652981427174977,0.0087283468449769,0.0106481574853043,0.9921660406128028,0.986706815700048,0.9829023396798332,0.026466275659824,0.0593597262952101,HISTORICAL_CANONICAL_N5,False,HISTORICAL_N5
4,122,20260853,20000,RUT,LINEAR,FINAL,LATE_TEST_Q4,0.005,2.3108987808227544,0.7605452743779962,0.0065643197458973,0.9978215038650736,0.8631742123740482,28398,62,9383,8941,6.564319745897301,0.005036421561052,0.008407366576794,0.9970430357892536,0.9890762714290232,0.9933500812767844,0.0238221281101111,0.0488088935944944,HISTORICAL_CANONICAL_N5,False,HISTORICAL_N5
4,122,20260853,50000,RUT,LINEAR,FINAL,OFFICIAL_TEST,0.005,2.1184408664703374,0.8318229166666666,0.0052816129739206,0.9925115744337072,0.9050904608758482,63884,482,90778,12916,5.281612973920666,0.0048216520425703,0.0057734353290924,0.9910820171573466,0.9913849936964672,0.9847420682974086,0.0117357001972386,0.0308349769888231,HISTORICAL_CANONICAL_N5,False,HISTORICAL_N5
4,122,20260853,50000,RUT,LINEAR,FINAL,DOMAIN_OOD_EXACT,0.005,2.1184408664703374,0.838249655523003,0.0096438808725647,0.9937041089807634,0.9093811680018576,62660,397,40769,12091,9.643880872564738,0.0087223864306582,0.0106354936275669,0.993974144389712,0.98891723784556,0.988117793934053,0.0196521401156294,0.0471019773599572,HISTORICAL_CANONICAL_N5,False,HISTORICAL_N5
4,122,20260853,50000,RUT,LINEAR,FINAL,TEMPLATE_OOD_EXACT,0.005,2.1184408664703374,0.8353450463916072,0.0052267316316925,0.9920955235878284,0.9069975733172064,59241,472,89833,11677,5.226731631692598,0.004766851832125,0.0057188184479922,0.9906803509529952,0.9914420023288316,0.9843475310736206,0.0112396877249321,0.0301201483860251,HISTORICAL_CANONICAL_N5,False,HISTORICAL_N5
4,122,20260853,50000,RUT,LINEAR,FINAL,DOMAIN_TEMPLATE_OOD_EXACT,0.005,2.1184408664703374,0.8424141669678352,0.0094819159335288,0.993385837509802,0.9116922330780602,58274,388,40532,10901,9.481915933528835,0.0085656455518711,0.0104687628019753,0.9937418101993832,0.9891983253969684,0.9878480209407472,0.0187194525904203,0.0453567937438905,HISTORICAL_CANONICAL_N5,False,HISTORICAL_N5
4,122,20260853,50000,RUT,LINEAR,FINAL,LATE_TEST_Q4,0.005,2.1184408664703374,0.8222234125177429,0.0070937003705664,0.997822412896516,0.9015519696947452,30701,67,9378,6638,7.093700370566437,0.005501626405098,0.0090001133578429,0.9975394339690002,0.9908045200335032,0.9952484948648328,0.0170460561143462,0.0385389094759131,HISTORICAL_CANONICAL_N5,False,HISTORICAL_N5
5,342,9301,20000,R0,LINEAR,FINAL,OFFICIAL_TEST,0.005,2.762762069702149,0.7070182291666667,0.0054459785229016,0.990929994890138,0.825237849174747,54299,497,90763,22501,5.4459785229016,0.0049787893705065,0.0059450112766839,0.9833222943678436,0.9852560202449276,0.9575287435932954,0.0335963182117028,0.0708196362042516,NEW_N5_CURRENT_PLAN,True,NEW_N5
5,342,9301,20000,R0,LINEAR,FINAL,DOMAIN_OOD_EXACT,0.005,2.762762069702149,0.718438549317066,0.0104940970703979,0.9920200975321412,0.833350143924523,53704,432,40734,21047,10.494097070397904,0.0095322227674736,0.0115259206947193,0.9877515315765176,0.978380402729447,0.9676240884836108,0.0546810474663557,0.1080503327989117,NEW_N5_CURRENT_PLAN,True,NEW_N5
5,342,9301,20000,R0,LINEAR,FINAL,TEMPLATE_OOD_EXACT,0.005,2.762762069702149,0.7061394850390592,0.0053817618072089,0.990388418637766,0.8244513590490773,50078,486,89819,20840,5.381761807208903,0.0049149893772293,0.0058807241109913,0.9823142455681078,0.9852439024635888,0.9554966768456978,0.032921765129284,0.0698521676540612,NEW_N5_CURRENT_PLAN,True,NEW_N5
5,342,9301,20000,R0,LINEAR,FINAL,DOMAIN_TEMPLATE_OOD_EXACT,0.005,2.762762069702149,0.7176147452114203,0.010288367546432,0.9915904278694418,0.8326442295596166,49641,421,40499,19534,10.288367546432063,0.0093333151244231,0.011313833757711,0.9869457335350114,0.9783736409880308,0.9656311552956868,0.0541544477028348,0.1073069403714565,NEW_N5_CURRENT_PLAN,True,NEW_N5
5,342,9301,20000,R0,LINEAR,FINAL,LATE_TEST_Q4,0.005,2.762762069702149,0.6877259701652427,0.0069878242456326,0.9974363954165858,0.8141208547333714,25679,66,9379,11660,6.98782424563261,0.0054083846265516,0.0088817604881413,0.9952553882485772,0.9823768113961264,0.986816219866694,0.0475383800952885,0.0850185283218634,NEW_N5_CURRENT_PLAN,True,NEW_N5
5,342,9301,200000,R0,LINEAR,FINAL,OFFICIAL_TEST,0.005,2.534840822219849,0.7792447916666667,0.0061582292351523,0.9906965964772878,0.8723398052591685,59846,562,90698,16954,6.158229235152312,0.0056609301974939,0.0066872981089901,0.9878596969244832,0.9890162480053556,0.972809412559462,0.0211702827087442,0.0478194170501862,NEW_N5_CURRENT_PLAN,True,NEW_N5
5,342,9301,200000,R0,LINEAR,FINAL,DOMAIN_OOD_EXACT,0.005,2.534840822219849,0.7895412770397721,0.0115872321818976,0.9919826542960872,0.8792598717289772,59019,477,40689,15732,11.587232181897685,0.0105758451665335,0.0126683593028246,0.99132724622603,0.984357211515439,0.979015687301726,0.0350289073507263,0.0726084632949521,NEW_N5_CURRENT_PLAN,True,NEW_N5
5,342,9301,200000,R0,LINEAR,FINAL,TEMPLATE_OOD_EXACT,0.005,2.534840822219849,0.7801686454778759,0.0061347655168595,0.9900862531763358,0.8726813880126184,55328,554,89751,15590,6.134765516859531,0.0056358666048958,0.0066657749759674,0.9874002467391,0.9892580084932008,0.9716695337118848,0.0206079397597032,0.0456453131055866,NEW_N5_CURRENT_PLAN,True,NEW_N5
5,342,9301,200000,R0,LINEAR,FINAL,DOMAIN_TEMPLATE_OOD_EXACT,0.005,2.534840822219849,0.7908782074448861,0.0114613880742913,0.9915002356011454,0.8798983538796813,54709,469,40451,14466,11.4613880742913,0.0104526238152077,0.0125403387166989,0.9910251050972912,0.984849360975129,0.978408787340698,0.0335777126099706,0.0685972629521016,NEW_N5_CURRENT_PLAN,True,NEW_N5
5,342,9301,200000,R0,LINEAR,FINAL,LATE_TEST_Q4,0.005,2.534840822219849,0.7543587134095717,0.0089994706193753,0.996991363443296,0.8588678324770166,28167,85,9360,9172,8.999470619375332,0.0071946038990732,0.0111161243070289,0.9962921234468048,0.9861795773237608,0.9918574463063488,0.0292218104817363,0.0631021704605611,NEW_N5_CURRENT_PLAN,True,NEW_N5
5,342,9301,10000,RUT,LINEAR,FINAL,OFFICIAL_TEST,0.005,2.4612519741058354,0.7348567708333333,0.0047008547008547,0.99245594907326,0.844448101985546,56437,429,90831,20363,4.700854700854701,0.0042673946944013,0.0051662421082893,0.9875427777564704,0.9885487562864116,0.9721702690160452,0.0216852947622178,0.0496493534955073,NEW_N5_CURRENT_PLAN,True,NEW_N5
5,342,9301,10000,RUT,LINEAR,FINAL,DOMAIN_OOD_EXACT,0.005,2.4612519741058354,0.7413813862021913,0.0082106592819316,0.9939379808813243,0.8492812701137095,55419,338,40828,19332,8.210659281931692,0.0073616206796583,0.0091301175694626,0.9911595551766056,0.9839869128271248,0.9789871944121072,0.0350774911334596,0.0755477821503182,NEW_N5_CURRENT_PLAN,True,NEW_N5
5,342,9301,10000,RUT,LINEAR,FINAL,TEMPLATE_OOD_EXACT,0.005,2.4612519741058354,0.731394004343044,0.0046398316815237,0.9919866891064872,0.8419882148596659,51869,419,89886,19049,4.6398316815237255,0.0042070349684673,0.0051049034719453,0.986765462420114,0.9884914421493406,0.9705318857768452,0.0214606057250429,0.0484026355129837,NEW_N5_CURRENT_PLAN,True,NEW_N5
5,342,9301,10000,RUT,LINEAR,FINAL,DOMAIN_TEMPLATE_OOD_EXACT,0.005,2.4612519741058354,0.7386049873509216,0.0081378299120234,0.9935246762338116,0.847306407077885,51093,333,40587,18082,8.137829912023461,0.0072901724686703,0.0090563502774239,0.9905640670689084,0.9839638701975983,0.9776542453793126,0.0347751710654936,0.0743890518084066,NEW_N5_CURRENT_PLAN,True,NEW_N5
5,342,9301,10000,RUT,LINEAR,FINAL,LATE_TEST_Q4,0.005,2.4612519741058354,0.69731380058384,0.0052938062466913,0.9980833365277724,0.8210197710718001,26037,50,9395,11302,5.293806246691371,0.0039316424178792,0.0069733379560803,0.9963887303080996,0.986546485917992,0.9916794523781424,0.0298570672313393,0.0627845420857596,NEW_N5_CURRENT_PLAN,True,NEW_N5
5,342,9301,20000,RUT,LINEAR,FINAL,OFFICIAL_TEST,0.005,2.2464835643768315,0.766015625,0.0050186280955511,0.992274996626636,0.8645876197754393,58830,458,90802,17970,5.018628095551173,0.0045704741562752,0.0054986727140166,0.9888195069721616,0.98966015717741,0.9759410386016436,0.018671926364234,0.041442033749726,NEW_N5_CURRENT_PLAN,True,NEW_N5
5,342,9301,20000,RUT,LINEAR,FINAL,DOMAIN_OOD_EXACT,0.005,2.2464835643768315,0.7723910048026114,0.0085021619783316,0.993974555408267,0.8692843915144763,57737,350,40816,17014,8.502161978331632,0.0076378906365936,0.0094367897100402,0.9921248595626564,0.9857195369915264,0.9816197922744778,0.0306077831219938,0.0649079337317203,NEW_N5_CURRENT_PLAN,True,NEW_N5
5,342,9301,20000,RUT,LINEAR,FINAL,TEMPLATE_OOD_EXACT,0.005,2.2464835643768315,0.7633040976902902,0.0049388184485908,0.9918282091685294,0.8626888506406579,54132,446,89859,16786,4.938818448590887,0.0044920204218391,0.0054178562088085,0.988261032172678,0.989726792270331,0.9747705371187708,0.018293560710924,0.0396987985161397,NEW_N5_CURRENT_PLAN,True,NEW_N5
5,342,9301,20000,RUT,LINEAR,FINAL,DOMAIN_TEMPLATE_OOD_EXACT,0.005,2.2464835643768315,0.770350560173473,0.0083822091886608,0.9936045644391408,0.867849552549936,53289,343,40577,15886,8.382209188660802,0.0075216668757505,0.0093135606606133,0.991708063401788,0.985906578050696,0.9806577620967742,0.0300097751710654,0.0627565982404692,NEW_N5_CURRENT_PLAN,True,NEW_N5
5,342,9301,20000,RUT,LINEAR,FINAL,LATE_TEST_Q4,0.005,2.2464835643768315,0.7366560432791451,0.0065643197458973,0.9977510156703424,0.8475511115904294,27506,62,9383,9833,6.564319745897301,0.005036421561052,0.008407366576794,0.9967346197143344,0.9879189298920648,0.9925917180720758,0.0265749073583906,0.0535733192165166,NEW_N5_CURRENT_PLAN,True,NEW_N5
5,342,9301,50000,RUT,LINEAR,FINAL,OFFICIAL_TEST,0.005,2.1603374481201176,0.8052994791666667,0.0050624589086127,0.9925853408014892,0.889187615467008,61847,462,90798,14953,5.062458908612755,0.0046123156986906,0.0055444878546755,0.990641275633917,0.9912504789001434,0.982265673847553,0.0136752136752136,0.0323690554459785,NEW_N5_CURRENT_PLAN,True,NEW_N5
5,342,9301,50000,RUT,LINEAR,FINAL,DOMAIN_OOD_EXACT,0.005,2.1603374481201176,0.8111730946743188,0.0090851673711315,0.993869857400426,0.8932756830017456,60636,374,40792,14115,9.085167371131517,0.0081912137951024,0.0100493539659006,0.9934946206718404,0.988183426833896,0.9866117253717336,0.0221784968177622,0.0508915124131564,NEW_N5_CURRENT_PLAN,True,NEW_N5
5,342,9301,50000,RUT,LINEAR,FINAL,TEMPLATE_OOD_EXACT,0.005,2.1603374481201176,0.80377337206351,0.0050606278722108,0.9920465027236812,0.8880406926474368,57002,457,89848,13916,5.060627872210841,0.0046082492437445,0.0055452322455323,0.9902174103537728,0.9913410880139611,0.981380975077259,0.0134101101821604,0.0311721388627429,NEW_N5_CURRENT_PLAN,True,NEW_N5
5,342,9301,50000,RUT,LINEAR,FINAL,DOMAIN_TEMPLATE_OOD_EXACT,0.005,2.1603374481201176,0.8103794723527286,0.0090420332355816,0.9934429715743957,0.8926219915129416,56058,370,40550,13117,9.042033235581624,0.0081476338211435,0.0100071005385502,0.9932104836246582,0.988448482693496,0.9859547448260574,0.0216764418377321,0.0485826001955034,NEW_N5_CURRENT_PLAN,True,NEW_N5
5,342,9301,50000,RUT,LINEAR,FINAL,LATE_TEST_Q4,0.005,2.1603374481201176,0.7717400037494309,0.0065643197458973,0.9978530369139136,0.8703505142184031,28816,62,9383,8523,6.564319745897301,0.005036421561052,0.008407366576794,0.9971120351247054,0.989396648857177,0.9940580010051142,0.0212811011116993,0.0453149814716781,NEW_N5_CURRENT_PLAN,True,NEW_N5
5,342,9301,100000,RUT,LINEAR,FINAL,OFFICIAL_TEST,0.005,2.0911848545074467,0.8487239583333334,0.0052158667543282,0.9927503122239484,0.9151048028190766,65182,476,90784,11618,5.215866754328293,0.0047588290553796,0.0057047731024981,0.9919697556567436,0.992293238840264,0.987174909667376,0.0098400175323252,0.0266600920447074,NEW_N5_CURRENT_PLAN,True,NEW_N5
5,342,9301,100000,RUT,LINEAR,FINAL,DOMAIN_OOD_EXACT,0.005,2.0911848545074467,0.8551858838008856,0.0094009619588981,0.993982554071494,0.9193752516826784,63926,387,40779,10825,9.40096195889812,0.0084913382447017,0.0103807534679945,0.9945091097064211,0.9898729860319696,0.990183525394793,0.0162026915415634,0.0404945829082252,NEW_N5_CURRENT_PLAN,True,NEW_N5
5,342,9301,100000,RUT,LINEAR,FINAL,TEMPLATE_OOD_EXACT,0.005,2.0911848545074467,0.8498265602526862,0.005115995792038,0.992392557220484,0.9155930967428292,60268,462,89843,10650,5.115995792038093,0.0046611030731377,0.0056031079698455,0.9916629414676816,0.9923930955106266,0.986827661909989,0.0094346935385637,0.0250705940977797,NEW_N5_CURRENT_PLAN,True,NEW_N5
5,342,9301,100000,RUT,LINEAR,FINAL,DOMAIN_TEMPLATE_OOD_EXACT,0.005,2.0911848545074467,0.8568558005059631,0.009188660801564,0.993696457610354,0.9202167298019002,59273,376,40544,9902,9.188660801564028,0.0082869115385773,0.0101610472568523,0.9943297232595196,0.9901838074838878,0.9900769671140512,0.01524926686217,0.0380254154447702,NEW_N5_CURRENT_PLAN,True,NEW_N5
5,342,9301,100000,RUT,LINEAR,FINAL,LATE_TEST_Q4,0.005,2.0911848545074467,0.8402474624387369,0.0077289571201694,0.9976786338919452,0.9122205099874976,31374,73,9372,5965,7.728957120169402,0.0060630205869548,0.009708326763937,0.9976539248714624,0.99127617337331,0.996235810189988,0.013446267866596,0.0352567496029645,NEW_N5_CURRENT_PLAN,True,NEW_N5
6,362,9302,20000,R0,LINEAR,FINAL,OFFICIAL_TEST,0.005,2.826020956039429,0.7179817708333334,0.0055336401490247,0.9909247744671674,0.8326563278619211,55141,505,90755,21659,5.533640149024764,0.0050626412407617,0.0060364732874509,0.9838684317063792,0.9858026442022336,0.9584298173851552,0.0328511943896559,0.0717291255752794,NEW_N5_CURRENT_PLAN,True,NEW_N5
6,362,9302,20000,R0,LINEAR,FINAL,DOMAIN_OOD_EXACT,0.005,2.826020956039429,0.7295955906944389,0.0107613078754311,0.9919426711045634,0.8407794530262387,54538,443,40723,20213,10.761307875431182,0.0097870936223091,0.0118054195432207,0.988103408880812,0.9790324140442046,0.9679582176308936,0.0540980420735558,0.1101880192391779,NEW_N5_CURRENT_PLAN,True,NEW_N5
6,362,9302,20000,R0,LINEAR,FINAL,TEMPLATE_OOD_EXACT,0.005,2.826020956039429,0.717279111086043,0.0054814240628979,0.9903627124583844,0.8319853452294306,50868,495,89810,20050,5.481424062897958,0.0050102738053845,0.0059847533344114,0.9828777271295628,0.9858028956330606,0.955212043216712,0.0331432368085931,0.0703947732683683,NEW_N5_CURRENT_PLAN,True,NEW_N5
6,362,9302,20000,R0,LINEAR,FINAL,DOMAIN_TEMPLATE_OOD_EXACT,0.005,2.826020956039429,0.7286013733285146,0.0106060606060606,0.9914625749975412,0.8399466711107407,50401,434,40486,18774,10.606060606060607,0.0096361621433416,0.0116463102822492,0.9873233216534604,0.9790696273388252,0.9657675544043058,0.0539345063538611,0.1089442815249266,NEW_N5_CURRENT_PLAN,True,NEW_N5
6,362,9302,20000,R0,LINEAR,FINAL,LATE_TEST_Q4,0.005,2.826020956039429,0.6960282814215699,0.0074113287453679,0.9973137879427452,0.8198681346414713,25989,70,9375,11350,7.411328745367919,0.0057819189546625,0.0093546164952586,0.9952068016752276,0.9825042163375406,0.9875157888552712,0.0449973530968766,0.0938062466913711,NEW_N5_CURRENT_PLAN,True,NEW_N5
6,362,9302,200000,R0,LINEAR,FINAL,OFFICIAL_TEST,0.005,2.534840822219849,0.7792447916666667,0.0061582292351523,0.9906965964772878,0.8723398052591685,59846,562,90698,16954,6.158229235152312,0.0056609301974939,0.0066872981089901,0.9878596969244832,0.9890162480053556,0.972809412559462,0.0211702827087442,0.0478194170501862,NEW_N5_CURRENT_PLAN,True,NEW_N5
6,362,9302,200000,R0,LINEAR,FINAL,DOMAIN_OOD_EXACT,0.005,2.534840822219849,0.7895412770397721,0.0115872321818976,0.9919826542960872,0.8792598717289772,59019,477,40689,15732,11.587232181897685,0.0105758451665335,0.0126683593028246,0.99132724622603,0.984357211515439,0.979015687301726,0.0350289073507263,0.0726084632949521,NEW_N5_CURRENT_PLAN,True,NEW_N5
6,362,9302,200000,R0,LINEAR,FINAL,TEMPLATE_OOD_EXACT,0.005,2.534840822219849,0.7801686454778759,0.0061347655168595,0.9900862531763358,0.8726813880126184,55328,554,89751,15590,6.134765516859531,0.0056358666048958,0.0066657749759674,0.9874002467391,0.9892580084932008,0.9716695337118848,0.0206079397597032,0.0456453131055866,NEW_N5_CURRENT_PLAN,True,NEW_N5
6,362,9302,200000,R0,LINEAR,FINAL,DOMAIN_TEMPLATE_OOD_EXACT,0.005,2.534840822219849,0.7908782074448861,0.0114613880742913,0.9915002356011454,0.8798983538796813,54709,469,40451,14466,11.4613880742913,0.0104526238152077,0.0125403387166989,0.9910251050972912,0.984849360975129,0.978408787340698,0.0335777126099706,0.0685972629521016,NEW_N5_CURRENT_PLAN,True,NEW_N5
6,362,9302,200000,R0,LINEAR,FINAL,LATE_TEST_Q4,0.005,2.534840822219849,0.7543587134095717,0.0089994706193753,0.996991363443296,0.8588678324770166,28167,85,9360,9172,8.999470619375332,0.0071946038990732,0.0111161243070289,0.9962921234468048,0.9861795773237608,0.9918574463063488,0.0292218104817363,0.0631021704605611,NEW_N5_CURRENT_PLAN,True,NEW_N5
6,362,9302,10000,RUT,LINEAR,FINAL,OFFICIAL_TEST,0.005,2.5550327301025395,0.7404166666666666,0.0051610782380013,0.991785122525508,0.8478622283520334,56864,471,90789,19936,5.161078238001315,0.0047064908886026,0.0056475403017973,0.9870154322081724,0.9881515933328082,0.9717707923297532,0.0220030681569143,0.0520381328073635,NEW_N5_CURRENT_PLAN,True,NEW_N5
6,362,9302,10000,RUT,LINEAR,FINAL,DOMAIN_OOD_EXACT,0.005,2.5550327301025395,0.7466120854570507,0.0085264538696982,0.9937501112871922,0.8526338303593253,55810,351,40815,18941,8.526453869698294,0.0076609252997818,0.0094623336060423,0.9909319153781688,0.9836632919678732,0.9792021423685398,0.0347131127629597,0.0807462469027838,NEW_N5_CURRENT_PLAN,True,NEW_N5
6,362,9302,10000,RUT,LINEAR,FINAL,TEMPLATE_OOD_EXACT,0.005,2.5550327301025395,0.7391917425759328,0.0050827750401417,0.9913201338855164,0.846888908634157,52422,459,89846,18496,5.082775040141742,0.0046293891084118,0.0055683841970371,0.9862533026012156,0.9881464911397064,0.9700598802395208,0.0218149604119373,0.0508720447372792,NEW_N5_CURRENT_PLAN,True,NEW_N5
6,362,9302,10000,RUT,LINEAR,FINAL,DOMAIN_TEMPLATE_OOD_EXACT,0.005,2.5550327301025395,0.7457896638959162,0.0084066471163245,0.9933762082643356,0.851959804803937,51590,344,40576,17585,8.406647116324537,0.0075448269621103,0.0093392710987843,0.9903461157299204,0.9836983250436916,0.9778098842596228,0.0345307917888563,0.0789345063538611,NEW_N5_CURRENT_PLAN,True,NEW_N5
6,362,9302,10000,RUT,LINEAR,FINAL,LATE_TEST_Q4,0.005,2.5550327301025395,0.707678298829642,0.0058231868713605,0.9979228822840742,0.8281049233758501,26424,55,9390,10915,5.823186871360508,0.0043897452916448,0.0075730158926316,0.99612939264449,0.9858676072635176,0.9913615189574856,0.0310217046056114,0.0673372154579142,NEW_N5_CURRENT_PLAN,True,NEW_N5
6,362,9302,20000,RUT,LINEAR,FINAL,OFFICIAL_TEST,0.005,2.345424890518189,0.7765755208333334,0.0050295857988165,0.9923627287853576,0.8713075237399561,59641,459,90801,17159,5.029585798816568,0.004580933718018,0.0055101273204197,0.988986192670085,0.9897552634072064,0.977501555517846,0.0174337058952443,0.040083278544817,NEW_N5_CURRENT_PLAN,True,NEW_N5
6,362,9302,20000,RUT,LINEAR,FINAL,DOMAIN_OOD_EXACT,0.005,2.345424890518189,0.7834945351901647,0.0088908322401982,0.9937895576332444,0.8762005924418778,58567,366,40800,16184,8.890832240198222,0.0080066611647009,0.0098452770115775,0.9923375293379744,0.9861295038890074,0.9830354924967488,0.0282028858766943,0.0625516202691541,NEW_N5_CURRENT_PLAN,True,NEW_N5
6,362,9302,20000,RUT,LINEAR,FINAL,TEMPLATE_OOD_EXACT,0.005,2.345424890518189,0.7763473307199865,0.0049941863684181,0.991875045038553,0.8709759068546026,55057,451,89854,15861,4.994186368418139,0.0045448431472191,0.0054757629368828,0.9885160163445944,0.989885948768218,0.9764713081524315,0.0170311721388627,0.0381927910968384,NEW_N5_CURRENT_PLAN,True,NEW_N5
6,362,9302,20000,RUT,LINEAR,FINAL,DOMAIN_TEMPLATE_OOD_EXACT,0.005,2.345424890518189,0.7837079869895194,0.0087732160312805,0.9934215348530382,0.8761909379621325,54213,359,40561,14962,8.773216031280548,0.0078924520111433,0.0097247048505888,0.9919965943748452,0.986427165967002,0.9822518813005822,0.0274926686217008,0.0601661779081133,NEW_N5_CURRENT_PLAN,True,NEW_N5
6,362,9302,20000,RUT,LINEAR,FINAL,LATE_TEST_Q4,0.005,2.345424890518189,0.7493505450065615,0.0063525674960296,0.9978601997146932,0.8559323330121293,27980,60,9385,9359,6.352567496029645,0.0048510763873844,0.0081695474584392,0.996847907623072,0.9884626881082998,0.9935262644476632,0.0231868713605082,0.0484912652196929,NEW_N5_CURRENT_PLAN,True,NEW_N5
6,362,9302,50000,RUT,LINEAR,FINAL,OFFICIAL_TEST,0.005,2.1456153392791752,0.8225520833333333,0.0054898093359631,0.9921316727655364,0.8994183935702945,63172,501,90759,13628,5.489809335963182,0.0050207114415715,0.0059907461348385,0.9908839942534756,0.9913020722757552,0.9840969275890544,0.0122397545474468,0.0305500767039228,NEW_N5_CURRENT_PLAN,True,NEW_N5
6,362,9302,50000,RUT,LINEAR,FINAL,DOMAIN_OOD_EXACT,0.005,2.1456153392791752,0.8287648325774906,0.0100568430257979,0.9933616611881664,0.9036290440211208,61951,414,40752,12800,10.056843025797988,0.0091155160323757,0.0110682054798117,0.9937049578896447,0.9884409013516382,0.987437259678887,0.0207938590098625,0.0469076422290239,NEW_N5_CURRENT_PLAN,True,NEW_N5
6,362,9302,50000,RUT,LINEAR,FINAL,TEMPLATE_OOD_EXACT,0.005,2.1456153392791752,0.8230209537776023,0.0054371297270361,0.9916578884773524,0.899503760325484,58367,491,89814,12551,5.437129727036155,0.0049679201348334,0.0059385231447949,0.9905429540792964,0.991452335935437,0.983256315465188,0.0120369857704446,0.0293117767565472,NEW_N5_CURRENT_PLAN,True,NEW_N5
6,362,9302,50000,RUT,LINEAR,FINAL,DOMAIN_TEMPLATE_OOD_EXACT,0.005,2.1456153392791752,0.8296638959161546,0.0098973607038123,0.9929927158849076,0.9040103329868004,57392,405,40515,11783,9.897360703812316,0.0089609084170834,0.0109043049325786,0.9934890879671944,0.9888084124761846,0.9868925729863378,0.0202101661779081,0.0450146627565982,NEW_N5_CURRENT_PLAN,True,NEW_N5
6,362,9302,50000,RUT,LINEAR,FINAL,LATE_TEST_Q4,0.005,2.1456153392791752,0.8030745333297624,0.0070937003705664,0.9977706052640336,0.8898979107312441,29986,67,9378,7353,7.093700370566437,0.005501626405098,0.0090001133578429,0.9973296517411696,0.9901450931644824,0.9949091339608122,0.0182106934886183,0.0382212811011117,NEW_N5_CURRENT_PLAN,True,NEW_N5
6,362,9302,100000,RUT,LINEAR,FINAL,OFFICIAL_TEST,0.005,2.04409408569336,0.8466796875,0.0055226824457593,0.992308748798242,0.913728052610501,65025,504,90756,11775,5.522682445759369,0.0050521580714688,0.0060250422167003,0.9917081396436828,0.991982547503356,0.9868379728765168,0.0101030024106947,0.0262765724304185,NEW_N5_CURRENT_PLAN,True,NEW_N5
6,362,9302,100000,RUT,LINEAR,FINAL,DOMAIN_OOD_EXACT,0.005,2.04409408569336,0.8531257106928335,0.0101297186998979,0.9935035597999656,0.9179789837339858,63772,417,40749,10979,10.129718699897976,0.0091849356474426,0.0111445227475618,0.99437188188872,0.9895923986168794,0.9897039139835556,0.0170043239566632,0.0400573288636253,NEW_N5_CURRENT_PLAN,True,NEW_N5
6,362,9302,100000,RUT,LINEAR,FINAL,TEMPLATE_OOD_EXACT,0.005,2.04409408569336,0.8490087142897431,0.0054814240628979,0.9918458117123796,0.9148856962688892,60210,495,89810,10708,5.481424062897958,0.0050102738053845,0.0059847533344114,0.991505943565977,0.9922064651476856,0.986371432544772,0.0097669010575272,0.0248048280826089,NEW_N5_CURRENT_PLAN,True,NEW_N5
6,362,9302,100000,RUT,LINEAR,FINAL,DOMAIN_TEMPLATE_OOD_EXACT,0.005,2.04409408569336,0.8558872425009035,0.0099951124144672,0.9931393105761972,0.91941920956596,59206,409,40511,9969,9.995112414467252,0.0090539751372399,0.0110067219720524,0.9942655413898216,0.9900703070435284,0.9893706604807828,0.0163489736070381,0.0377077223851417,NEW_N5_CURRENT_PLAN,True,NEW_N5
6,362,9302,100000,RUT,LINEAR,FINAL,LATE_TEST_Q4,0.005,2.04409408569336,0.8337127400305311,0.0074113287453679,0.9977564102564104,0.9083879251229228,31130,70,9375,6209,7.411328745367919,0.0057819189546625,0.0093546164952586,0.997628627176392,0.9912234267096068,0.9959407407407408,0.0145050291159343,0.0339862361037586,NEW_N5_CURRENT_PLAN,True,NEW_N5
7,382,9303,20000,R0,LINEAR,FINAL,OFFICIAL_TEST,0.005,2.763318538665772,0.7015625,0.0058623712469866,0.9901681521639254,0.8212475707807796,53880,535,90725,22920,5.862371246986632,0.0053773521512188,0.0063791901925999,0.9817807253653346,0.98385154252502,0.9496984102993912,0.0401161516546131,0.0802103879026955,NEW_N5_CURRENT_PLAN,True,NEW_N5
7,382,9303,20000,R0,LINEAR,FINAL,DOMAIN_OOD_EXACT,0.005,2.763318538665772,0.7128867841232893,0.0112957294854977,0.991349480968858,0.8293685070619821,53289,465,40701,21462,11.29572948549774,0.0102973010253625,0.0123639530638652,0.986563738264218,0.9763355131600356,0.9614571126418384,0.0655152310158869,0.1238643540786085,NEW_N5_CURRENT_PLAN,True,NEW_N5
7,382,9303,20000,R0,LINEAR,FINAL,TEMPLATE_OOD_EXACT,0.005,2.763318538665772,0.69622662793649,0.0058247051658269,0.9894591290755697,0.8173383325470333,49375,526,89779,21543,5.82470516582692,0.0053387773410151,0.0063427754782472,0.9804172493270054,0.9836556128097054,0.9454451192415938,0.0407840097447538,0.0799734233984829,NEW_N5_CURRENT_PLAN,True,NEW_N5
7,382,9303,20000,R0,LINEAR,FINAL,DOMAIN_TEMPLATE_OOD_EXACT,0.005,2.763318538665772,0.7074232020238526,0.0111436950146627,0.9907677356656948,0.825457336358346,48936,456,40464,20239,11.143695014662756,0.0101491858559807,0.0122084511986759,0.9855075532748552,0.9761003288654406,0.9580666010094792,0.0665933528836754,0.1237292277614858,NEW_N5_CURRENT_PLAN,True,NEW_N5
7,382,9303,20000,R0,LINEAR,FINAL,LATE_TEST_Q4,0.005,2.763318538665772,0.666247087495648,0.0071995764955002,0.9972740028061736,0.7988247382955493,24877,68,9377,12462,7.199576495500265,0.0055949641049867,0.0091183723104806,0.9942640378408956,0.979014446934629,0.982461268634902,0.0635256749602964,0.1075701429327686,NEW_N5_CURRENT_PLAN,True,NEW_N5
7,382,9303,200000,R0,LINEAR,FINAL,OFFICIAL_TEST,0.005,2.534840822219849,0.7792447916666667,0.0061582292351523,0.9906965964772878,0.8723398052591685,59846,562,90698,16954,6.158229235152312,0.0056609301974939,0.0066872981089901,0.9878596969244832,0.9890162480053556,0.972809412559462,0.0211702827087442,0.0478194170501862,NEW_N5_CURRENT_PLAN,True,NEW_N5
7,382,9303,200000,R0,LINEAR,FINAL,DOMAIN_OOD_EXACT,0.005,2.534840822219849,0.7895412770397721,0.0115872321818976,0.9919826542960872,0.8792598717289772,59019,477,40689,15732,11.587232181897685,0.0105758451665335,0.0126683593028246,0.99132724622603,0.984357211515439,0.979015687301726,0.0350289073507263,0.0726084632949521,NEW_N5_CURRENT_PLAN,True,NEW_N5
7,382,9303,200000,R0,LINEAR,FINAL,TEMPLATE_OOD_EXACT,0.005,2.534840822219849,0.7801686454778759,0.0061347655168595,0.9900862531763358,0.8726813880126184,55328,554,89751,15590,6.134765516859531,0.0056358666048958,0.0066657749759674,0.9874002467391,0.9892580084932008,0.9716695337118848,0.0206079397597032,0.0456453131055866,NEW_N5_CURRENT_PLAN,True,NEW_N5
7,382,9303,200000,R0,LINEAR,FINAL,DOMAIN_TEMPLATE_OOD_EXACT,0.005,2.534840822219849,0.7908782074448861,0.0114613880742913,0.9915002356011454,0.8798983538796813,54709,469,40451,14466,11.4613880742913,0.0104526238152077,0.0125403387166989,0.9910251050972912,0.984849360975129,0.978408787340698,0.0335777126099706,0.0685972629521016,NEW_N5_CURRENT_PLAN,True,NEW_N5
7,382,9303,200000,R0,LINEAR,FINAL,LATE_TEST_Q4,0.005,2.534840822219849,0.7543587134095717,0.0089994706193753,0.996991363443296,0.8588678324770166,28167,85,9360,9172,8.999470619375332,0.0071946038990732,0.0111161243070289,0.9962921234468048,0.9861795773237608,0.9918574463063488,0.0292218104817363,0.0631021704605611,NEW_N5_CURRENT_PLAN,True,NEW_N5
7,382,9303,10000,RUT,LINEAR,FINAL,OFFICIAL_TEST,0.005,2.33498764038086,0.7370442708333333,0.0049638395792241,0.9920607101545796,0.8457469856116182,56605,453,90807,20195,4.963839579224195,0.0045181846671805,0.0054413913890392,0.9871388773619244,0.988237751413658,0.9714145176024171,0.0222879684418145,0.0482248520710059,NEW_N5_CURRENT_PLAN,True,NEW_N5
7,382,9303,10000,RUT,LINEAR,FINAL,DOMAIN_OOD_EXACT,0.005,2.33498764038086,0.7440970689355326,0.0091580430452315,0.9932677369238736,0.8508145315487572,55622,377,40789,19129,9.1580430452315,0.0082604487619072,0.0101258552016477,0.99081393433213,0.9836081151777948,0.9775233556598428,0.0375795559442258,0.0759364524121848,NEW_N5_CURRENT_PLAN,True,NEW_N5
7,382,9303,10000,RUT,LINEAR,FINAL,TEMPLATE_OOD_EXACT,0.005,2.33498764038086,0.7347076905722102,0.0049720392004872,0.9914562441725496,0.8439876570206769,52104,449,89856,18814,4.972039200487238,0.0045237123304597,0.0054526019666304,0.9862723953495328,0.9881169100802076,0.9693394077448748,0.0223575660262443,0.0474613808759204,NEW_N5_CURRENT_PLAN,True,NEW_N5
7,382,9303,10000,RUT,LINEAR,FINAL,DOMAIN_TEMPLATE_OOD_EXACT,0.005,2.33498764038086,0.7422768341163716,0.0091153470185728,0.9927880897138438,0.8494478679846148,51347,373,40547,17828,9.115347018572823,0.0082172650915419,0.0100840814564457,0.99020421421473,0.9836031089777898,0.9760911827417534,0.0372678396871945,0.0748289345063538,NEW_N5_CURRENT_PLAN,True,NEW_N5
7,382,9303,10000,RUT,LINEAR,FINAL,LATE_TEST_Q4,0.005,2.33498764038086,0.7032057634109108,0.0058231868713605,0.9979096989966556,0.8250302430440998,26257,55,9390,11082,5.823186871360508,0.0043897452916448,0.0075730158926316,0.996175731636971,0.9860786236914724,0.9911820219417248,0.0316569613552144,0.0598200105876124,NEW_N5_CURRENT_PLAN,True,NEW_N5
7,382,9303,20000,RUT,LINEAR,FINAL,OFFICIAL_TEST,0.005,2.1318805217742924,0.7774088541666667,0.0057966250273942,0.9912175847527974,0.8713895821474963,59705,529,90731,17095,5.796625027394258,0.0053143773436929,0.0063106793456267,0.9886667164663746,0.9894838074252136,0.975087461911748,0.0193513039666885,0.0424830155599386,NEW_N5_CURRENT_PLAN,True,NEW_N5
7,382,9303,20000,RUT,LINEAR,FINAL,DOMAIN_OOD_EXACT,0.005,2.1318805217742924,0.7833741354630708,0.0105426808531312,0.9926430702468132,0.8756794748136352,58558,434,40732,16193,10.542680853131223,0.0095785509731345,0.0115767505771094,0.9919638588098426,0.9854923390271808,0.9801902320364732,0.03303697225866,0.0675071661079531,NEW_N5_CURRENT_PLAN,True,NEW_N5
7,382,9303,20000,RUT,LINEAR,FINAL,TEMPLATE_OOD_EXACT,0.005,2.1318805217742924,0.7743450181900223,0.0057804108299651,0.9905839060555224,0.8692176803450595,54915,522,89783,16003,5.780410829965118,0.0052963644324834,0.0062966043559304,0.9879396034972806,0.9894276310097634,0.9733619992985988,0.0193455511876418,0.0422457228281933,NEW_N5_CURRENT_PLAN,True,NEW_N5
7,382,9303,20000,RUT,LINEAR,FINAL,DOMAIN_TEMPLATE_OOD_EXACT,0.005,2.1318805217742924,0.7808601373328514,0.0104594330400782,0.9921387113364192,0.8739109683786472,54016,428,40492,15159,10.4594330400782,0.0094963576944833,0.0114928883820058,0.991440065433204,0.9855397118532516,0.9788106952544132,0.0329423264907135,0.0667644183773216,NEW_N5_CURRENT_PLAN,True,NEW_N5
7,382,9303,20000,RUT,LINEAR,FINAL,LATE_TEST_Q4,0.005,2.1318805217742924,0.7363882267870056,0.0077289571201694,0.9973520983713592,0.8472299254329204,27496,73,9372,9843,7.728957120169402,0.0060630205869548,0.009708326763937,0.996425918086258,0.9869845012795432,0.9914454277286135,0.0307040762308099,0.0581259925886712,NEW_N5_CURRENT_PLAN,True,NEW_N5
7,382,9303,50000,RUT,LINEAR,FINAL,OFFICIAL_TEST,0.005,2.1599996089935307,0.8258723958333334,0.0056541748849441,0.9919303129349576,0.901316584128518,63427,516,90744,13373,5.654174884944116,0.0051779872987632,0.0061621839597811,0.9910969169040842,0.991581313078133,0.9833271687483996,0.0128424282270436,0.0303309226386149,NEW_N5_CURRENT_PLAN,True,NEW_N5
7,382,9303,50000,RUT,LINEAR,FINAL,DOMAIN_OOD_EXACT,0.005,2.1599996089935307,0.8322564246632153,0.0102754700480979,0.993246587371278,0.9056526865910648,62212,423,40743,12539,10.275470048097944,0.0093238130854724,0.0112971192080891,0.9937871825790277,0.9886653937716888,0.986727091399742,0.0219841616868289,0.0497983773016567,NEW_N5_CURRENT_PLAN,True,NEW_N5
7,382,9303,50000,RUT,LINEAR,FINAL,TEMPLATE_OOD_EXACT,0.005,2.1599996089935307,0.8237118926083646,0.0056032334865179,0.9914123756831064,0.899815157116451,58416,506,89799,12502,5.603233486517912,0.0051267871185894,0.0061118457565307,0.9905860166914726,0.9915769926089348,0.9822733777524736,0.0127567687281988,0.0297325729472343,NEW_N5_CURRENT_PLAN,True,NEW_N5
7,382,9303,50000,RUT,LINEAR,FINAL,DOMAIN_TEMPLATE_OOD_EXACT,0.005,2.1599996089935307,0.8306469100108421,0.0101661779081133,0.9928122192273136,0.9045186578618036,57460,416,40504,11715,10.166177908113392,0.0092168983088875,0.0111858955798268,0.993445495507678,0.9888159173134284,0.985969246361664,0.0216520039100684,0.0486559139784946,NEW_N5_CURRENT_PLAN,True,NEW_N5
7,382,9303,50000,RUT,LINEAR,FINAL,LATE_TEST_Q4,0.005,2.1599996089935307,0.7957363614451378,0.0076230809952355,0.9975825946817084,0.8853001206739866,29712,72,9373,7627,7.623080995235575,0.0059692332824942,0.0095905084028879,0.9972288602010162,0.9899321613311238,0.994292811307922,0.0204340921122286,0.0412916887241926,NEW_N5_CURRENT_PLAN,True,NEW_N5
7,382,9303,100000,RUT,LINEAR,FINAL,OFFICIAL_TEST,0.005,2.032439231872559,0.8564973958333333,0.0058075827306596,0.9920071181890844,0.9192853000160718,65779,530,90730,11021,5.807582730659654,0.0053248720388273,0.0063220989231936,0.9920669118218352,0.9923780949091195,0.9870765979322556,0.0099167214551829,0.0260793337716414,NEW_N5_CURRENT_PLAN,True,NEW_N5
7,382,9303,100000,RUT,LINEAR,FINAL,DOMAIN_OOD_EXACT,0.005,2.032439231872559,0.8630519993043572,0.0106398484185978,0.9932565586894938,0.9235878971818788,64514,438,40728,10237,10.639848418597872,0.009671223407607,0.0116783943723456,0.9945295159453204,0.9898971619087652,0.9899510056350876,0.01659136180343,0.0404459991254919,NEW_N5_CURRENT_PLAN,True,NEW_N5
7,382,9303,100000,RUT,LINEAR,FINAL,TEMPLATE_OOD_EXACT,0.005,2.032439231872559,0.8581037254293691,0.0057361164941033,0.9915598064295374,0.9200172347325216,60855,518,89787,10063,5.7361164941033165,0.0052539588703548,0.0062504259078169,0.9917694890662088,0.9924907325486836,0.9865376590055488,0.0096450916339073,0.0244061790598527,NEW_N5_CURRENT_PLAN,True,NEW_N5
7,382,9303,100000,RUT,LINEAR,FINAL,DOMAIN_TEMPLATE_OOD_EXACT,0.005,2.032439231872559,0.8652403324900615,0.0104838709677419,0.9928834477953618,0.9246776922066786,59853,429,40491,9322,10.483870967741936,0.0095196550270775,0.0115184620960765,0.9943502484271024,0.9902207282732074,0.9896676151266116,0.0158846529814271,0.038049853372434,NEW_N5_CURRENT_PLAN,True,NEW_N5
7,382,9303,100000,RUT,LINEAR,FINAL,LATE_TEST_Q4,0.005,2.032439231872559,0.8485229920458501,0.0081524616199047,0.9975755667506296,0.9170320844006424,31683,77,9368,5656,8.152461619904711,0.0064389971412495,0.0101787885776516,0.9975991774378624,0.9911760945042596,0.9958233359992892,0.0149285336156696,0.0347273689782954,NEW_N5_CURRENT_PLAN,True,NEW_N5
8,402,9304,20000,R0,LINEAR,FINAL,OFFICIAL_TEST,0.005,2.760780811309815,0.7267057291666666,0.0059390751698444,0.9903820559686264,0.8382987991258177,55811,542,90718,20989,5.939075169844401,0.0054508426681055,0.0064590996604243,0.9838266088000248,0.9856662251482716,0.9583125381245494,0.0329498137190444,0.0673789173789173,NEW_N5_CURRENT_PLAN,True,NEW_N5
8,402,9304,20000,R0,LINEAR,FINAL,DOMAIN_OOD_EXACT,0.005,2.760780811309815,0.7381707268130192,0.011417188942331,0.991554205825801,0.846303680981595,55179,470,40696,19572,11.41718894233105,0.010413340318708,0.0124908096980792,0.9881238122570852,0.9790130152379914,0.9676946090558656,0.0545595880095224,0.1046737598989457,NEW_N5_CURRENT_PLAN,True,NEW_N5
8,402,9304,20000,R0,LINEAR,FINAL,TEMPLATE_OOD_EXACT,0.005,2.760780811309815,0.7281790236611297,0.0058136315818614,0.989935973622666,0.8391180007149589,51641,525,89780,19277,5.813631581861469,0.0053281734297329,0.0063312333799067,0.9831812561254922,0.9859308885286034,0.9569839270720882,0.0317701123968772,0.0651569680527102,NEW_N5_CURRENT_PLAN,True,NEW_N5
8,402,9304,20000,R0,LINEAR,FINAL,DOMAIN_TEMPLATE_OOD_EXACT,0.005,2.760780811309815,0.7396602818937478,0.0110703812316715,0.9912241616459057,0.8471612828451744,51166,453,40467,18009,11.070381231671554,0.0100791914205649,0.0121318321564807,0.9876494854102192,0.9795386115724318,0.9667737978791126,0.052297165200391,0.1016129032258064,NEW_N5_CURRENT_PLAN,True,NEW_N5
8,402,9304,20000,R0,LINEAR,FINAL,LATE_TEST_Q4,0.005,2.760780811309815,0.7046787541176786,0.0091053467443091,0.9967421774376848,0.8256428761943612,26312,86,9359,11027,9.105346744309156,0.0072893706354501,0.0112329807708532,0.995270705958044,0.9827434024101868,0.988151589098286,0.0426680783483324,0.0815246161990471,NEW_N5_CURRENT_PLAN,True,NEW_N5
8,402,9304,200000,R0,LINEAR,FINAL,OFFICIAL_TEST,0.005,2.534840822219849,0.7792447916666667,0.0061582292351523,0.9906965964772878,0.8723398052591685,59846,562,90698,16954,6.158229235152312,0.0056609301974939,0.0066872981089901,0.9878596969244832,0.9890162480053556,0.972809412559462,0.0211702827087442,0.0478194170501862,NEW_N5_CURRENT_PLAN,True,NEW_N5
8,402,9304,200000,R0,LINEAR,FINAL,DOMAIN_OOD_EXACT,0.005,2.534840822219849,0.7895412770397721,0.0115872321818976,0.9919826542960872,0.8792598717289772,59019,477,40689,15732,11.587232181897685,0.0105758451665335,0.0126683593028246,0.99132724622603,0.984357211515439,0.979015687301726,0.0350289073507263,0.0726084632949521,NEW_N5_CURRENT_PLAN,True,NEW_N5
8,402,9304,200000,R0,LINEAR,FINAL,TEMPLATE_OOD_EXACT,0.005,2.534840822219849,0.7801686454778759,0.0061347655168595,0.9900862531763358,0.8726813880126184,55328,554,89751,15590,6.134765516859531,0.0056358666048958,0.0066657749759674,0.9874002467391,0.9892580084932008,0.9716695337118848,0.0206079397597032,0.0456453131055866,NEW_N5_CURRENT_PLAN,True,NEW_N5
8,402,9304,200000,R0,LINEAR,FINAL,DOMAIN_TEMPLATE_OOD_EXACT,0.005,2.534840822219849,0.7908782074448861,0.0114613880742913,0.9915002356011454,0.8798983538796813,54709,469,40451,14466,11.4613880742913,0.0104526238152077,0.0125403387166989,0.9910251050972912,0.984849360975129,0.978408787340698,0.0335777126099706,0.0685972629521016,NEW_N5_CURRENT_PLAN,True,NEW_N5
8,402,9304,200000,R0,LINEAR,FINAL,LATE_TEST_Q4,0.005,2.534840822219849,0.7543587134095717,0.0089994706193753,0.996991363443296,0.8588678324770166,28167,85,9360,9172,8.999470619375332,0.0071946038990732,0.0111161243070289,0.9962921234468048,0.9861795773237608,0.9918574463063488,0.0292218104817363,0.0631021704605611,NEW_N5_CURRENT_PLAN,True,NEW_N5
8,402,9304,10000,RUT,LINEAR,FINAL,OFFICIAL_TEST,0.005,2.4423265457153325,0.7409375,0.0052596975673898,0.9916352990380594,0.8481488105884456,56904,480,90780,19896,5.259697567389876,0.0048007089830515,0.0057505499777144,0.9871818880480094,0.9882266145776262,0.97009458587106,0.0233508656585579,0.0511834319526627,NEW_N5_CURRENT_PLAN,True,NEW_N5
8,402,9304,10000,RUT,LINEAR,FINAL,DOMAIN_OOD_EXACT,0.005,2.4423265457153325,0.7480167489398135,0.0100082592430646,0.9926855681999752,0.8531561360411357,55915,412,40754,18836,10.008259243064666,0.0090692434575497,0.0110173201579183,0.9906613451815526,0.9832542614737174,0.9769268746006854,0.0385998153816256,0.0819608414711169,NEW_N5_CURRENT_PLAN,True,NEW_N5
8,402,9304,10000,RUT,LINEAR,FINAL,TEMPLATE_OOD_EXACT,0.005,2.4423265457153325,0.7432386700132547,0.0052267316316925,0.9911246497809368,0.8494669578320534,52709,472,89833,18209,5.226731631692598,0.004766851832125,0.0057188184479922,0.9863888904009877,0.988134234903594,0.9683991747072032,0.0230662754000332,0.0511710315043463,NEW_N5_CURRENT_PLAN,True,NEW_N5
8,402,9304,10000,RUT,LINEAR,FINAL,DOMAIN_TEMPLATE_OOD_EXACT,0.005,2.4423265457153325,0.7513552584026021,0.0098973607038123,0.9922680412371134,0.8551684422689317,51975,405,40515,17200,9.897360703812316,0.0089609084170834,0.0109043049325786,0.990075295221749,0.9832545857987643,0.9757091364989814,0.0378787878787878,0.0824535679374389,NEW_N5_CURRENT_PLAN,True,NEW_N5
8,402,9304,10000,RUT,LINEAR,FINAL,LATE_TEST_Q4,0.005,2.4423265457153325,0.7029111652695573,0.0069878242456326,0.9974916387959866,0.8246846082543873,26246,66,9379,11093,6.98782424563261,0.0054083846265516,0.0088817604881413,0.9963076422862058,0.9865410062422793,0.9913574420388178,0.0310217046056114,0.0572789835892006,NEW_N5_CURRENT_PLAN,True,NEW_N5
8,402,9304,20000,RUT,LINEAR,FINAL,OFFICIAL_TEST,0.005,2.3367710113525395,0.772578125,0.0052158667543282,0.9920414646380205,0.8686626162067198,59334,476,90784,17466,5.215866754328293,0.0047588290553796,0.0057047731024981,0.989215890091417,0.9899739763821545,0.9766160367361356,0.0181349989042296,0.0407955292570677,NEW_N5_CURRENT_PLAN,True,NEW_N5
8,402,9304,20000,RUT,LINEAR,FINAL,DOMAIN_OOD_EXACT,0.005,2.3367710113525395,0.7795213441960642,0.0096681727639314,0.9932160632712892,0.8734887834566292,58270,398,40768,16481,9.6681727639314,0.0087454997473152,0.010660959176826,0.9922615142502804,0.9859622302129808,0.981945559366562,0.0300490696205606,0.0657581499295535,NEW_N5_CURRENT_PLAN,True,NEW_N5
8,402,9304,20000,RUT,LINEAR,FINAL,TEMPLATE_OOD_EXACT,0.005,2.3367710113525395,0.7749090498886038,0.0051602901278998,0.9915916349398244,0.8699609780036253,54955,466,89839,15963,5.160290127899895,0.0047033960640186,0.0056493986533954,0.9886239965663924,0.9899521001521678,0.9756213126280072,0.0176623664248934,0.0393998117490725,NEW_N5_CURRENT_PLAN,True,NEW_N5
8,402,9304,20000,RUT,LINEAR,FINAL,DOMAIN_TEMPLATE_OOD_EXACT,0.005,2.3367710113525395,0.7827394289844597,0.0095307917888563,0.9928487604518116,0.8753627405808698,54146,390,40530,15029,9.530791788856304,0.0086121237745716,0.0105200262575969,0.9918269912446156,0.9860517170845756,0.981184701933532,0.0291788856304985,0.0640762463343108,NEW_N5_CURRENT_PLAN,True,NEW_N5
8,402,9304,20000,RUT,LINEAR,FINAL,LATE_TEST_Q4,0.005,2.3367710113525395,0.733495808671898,0.0076230809952355,0.9973780043699928,0.845321687063072,27388,72,9373,9951,7.623080995235575,0.0059692332824942,0.0095905084028879,0.9967372192328012,0.9881561764572404,0.992706980040156,0.0261514028586553,0.0494441503440974,NEW_N5_CURRENT_PLAN,True,NEW_N5
8,402,9304,50000,RUT,LINEAR,FINAL,OFFICIAL_TEST,0.005,2.2488660812377934,0.7980598958333334,0.0051501205347359,0.9923900195916516,0.8846789500653143,61291,470,90790,15509,5.150120534735919,0.004696024837456,0.0056360921643508,0.9906122093645584,0.9911860277726414,0.9813892082960692,0.0143655489809335,0.0320951128643436,NEW_N5_CURRENT_PLAN,True,NEW_N5
8,402,9304,50000,RUT,LINEAR,FINAL,DOMAIN_OOD_EXACT,0.005,2.2488660812377934,0.8046179984214258,0.0094252538502647,0.993590378960584,0.8891747052518757,60146,388,40778,14605,9.425253850264784,0.0085144360220767,0.0104062344989651,0.9933086041684294,0.9878643103947352,0.98508642264405,0.0247534373026283,0.0522032745469562,NEW_N5_CURRENT_PLAN,True,NEW_N5
8,402,9304,50000,RUT,LINEAR,FINAL,TEMPLATE_OOD_EXACT,0.005,2.2488660812377934,0.798415070926986,0.0051049222080726,0.9919240404323528,0.8847118381887641,56622,461,89844,14296,5.104922208072643,0.0046505311982684,0.005591533930446,0.990103713140251,0.9911727461313546,0.9804319110373853,0.0141077459719838,0.0312607275344665,NEW_N5_CURRENT_PLAN,True,NEW_N5
8,402,9304,50000,RUT,LINEAR,FINAL,DOMAIN_TEMPLATE_OOD_EXACT,0.005,2.2488660812377934,0.8056523310444524,0.0092619745845552,0.993245410800214,0.8896675579678334,55731,379,40541,13444,9.26197458455523,0.0083565729825597,0.0102379981182947,0.9929785973959242,0.9880393875450824,0.9843947634707816,0.0241202346041055,0.050635386119257,NEW_N5_CURRENT_PLAN,True,NEW_N5
8,402,9304,50000,RUT,LINEAR,FINAL,LATE_TEST_Q4,0.005,2.2488660812377934,0.7657141326762902,0.0077289571201694,0.9974532514652524,0.8663545596412284,28591,73,9372,8748,7.728957120169402,0.0060630205869548,0.009708326763937,0.9971291072023214,0.9896435008047466,0.9935569676370622,0.0230809952355743,0.0428798305982001,NEW_N5_CURRENT_PLAN,True,NEW_N5
8,402,9304,100000,RUT,LINEAR,FINAL,OFFICIAL_TEST,0.005,2.0602231025695805,0.8344010416666666,0.0055007670392285,0.9922271770097856,0.906495784530074,64082,502,90758,12718,5.500767039228578,0.0050311931704494,0.0060021786418116,0.9916550437129998,0.9919990601771952,0.9853463144840564,0.0112645189568266,0.0273833004602235,NEW_N5_CURRENT_PLAN,True,NEW_N5
8,402,9304,100000,RUT,LINEAR,FINAL,DOMAIN_OOD_EXACT,0.005,2.0602231025695805,0.8408315607817956,0.0099596754603313,0.9935191186001296,0.9108206413842074,62853,410,40756,11898,9.959675460331342,0.0090229766658509,0.0109664290733086,0.994252866786818,0.9894747892514556,0.9885253368202988,0.0189719671573628,0.0437011125686245,NEW_N5_CURRENT_PLAN,True,NEW_N5
8,402,9304,100000,RUT,LINEAR,FINAL,TEMPLATE_OOD_EXACT,0.005,2.0602231025695805,0.8367410248455963,0.0054260561430707,0.9918101286979776,0.907700308991342,59340,490,89815,11578,5.426056143070705,0.0049573329710398,0.0059269643472769,0.9913883883060924,0.9921461705775791,0.984803135028388,0.0109074802059686,0.0259343336470848,NEW_N5_CURRENT_PLAN,True,NEW_N5
8,402,9304,100000,RUT,LINEAR,FINAL,DOMAIN_TEMPLATE_OOD_EXACT,0.005,2.0602231025695805,0.8436429345861944,0.0097751710654936,0.993192532207832,0.9123297950505732,58359,400,40520,10816,9.775171065493646,0.0088446086314668,0.0107762501394403,0.9941051998237213,0.989877109460366,0.9882080337729532,0.0181573802541544,0.0410557184750733,NEW_N5_CURRENT_PLAN,True,NEW_N5
8,402,9304,100000,RUT,LINEAR,FINAL,LATE_TEST_Q4,0.005,2.0602231025695805,0.8146442057901926,0.0076230809952355,0.9976385700229584,0.8969025048283183,30418,72,9373,6921,7.623080995235575,0.0059692332824942,0.0095905084028879,0.9974786746128964,0.990729162795863,0.9948812024735924,0.0183165696135521,0.0382212811011117,NEW_N5_CURRENT_PLAN,True,NEW_N5
9,422,9305,20000,R0,LINEAR,FINAL,OFFICIAL_TEST,0.005,2.8237018585205083,0.7081510416666666,0.0056322594784133,0.9906375227686705,0.8259073652239939,54386,514,90746,22414,5.632259478413324,0.0051570110755821,0.0061393316744833,0.98260307019304,0.9844747508406614,0.9552773055820446,0.03545912776682,0.075071225071225,NEW_N5_CURRENT_PLAN,True,NEW_N5
9,422,9305,20000,R0,LINEAR,FINAL,DOMAIN_OOD_EXACT,0.005,2.8237018585205083,0.7193214806490883,0.0107855997667978,0.9918102335190172,0.833869654557438,53770,444,40722,20981,10.785599766797842,0.0098102715771619,0.0118308206783637,0.9874647322942288,0.9776226390959188,0.9664014019765572,0.0568187339066219,0.1128601272895107,NEW_N5_CURRENT_PLAN,True,NEW_N5
9,422,9305,20000,R0,LINEAR,FINAL,TEMPLATE_OOD_EXACT,0.005,2.8237018585205083,0.7040666685467724,0.0055700127346215,0.9900265693778006,0.8229118597138901,49931,503,89802,20987,5.570012734621561,0.005095004908234,0.0060771900219811,0.9815434421073526,0.9845128188070622,0.9520733890214798,0.0355794252809921,0.0737722163778306,NEW_N5_CURRENT_PLAN,True,NEW_N5
9,422,9305,20000,R0,LINEAR,FINAL,DOMAIN_TEMPLATE_OOD_EXACT,0.005,2.8237018585205083,0.7153017708709793,0.0105816226783968,0.991325079136114,0.8309919471991535,49481,433,40487,19694,10.581622678396872,0.0096128580086034,0.0116207433473733,0.986636493239517,0.9776817298626,0.9638820943121652,0.0570136852394916,0.1118279569892473,NEW_N5_CURRENT_PLAN,True,NEW_N5
9,422,9305,20000,R0,LINEAR,FINAL,LATE_TEST_Q4,0.005,2.8237018585205083,0.6734245694849889,0.0063525674960296,0.9976195199365204,0.8040739319519058,25145,60,9385,12194,6.352567496029645,0.0048510763873844,0.0081695474584392,0.9947778642158408,0.9806703822506936,0.9866126475251012,0.0482795129698253,0.0958178930651138,NEW_N5_CURRENT_PLAN,True,NEW_N5
9,422,9305,200000,R0,LINEAR,FINAL,OFFICIAL_TEST,0.005,2.534840822219849,0.7792447916666667,0.0061582292351523,0.9906965964772878,0.8723398052591685,59846,562,90698,16954,6.158229235152312,0.0056609301974939,0.0066872981089901,0.9878596969244832,0.9890162480053556,0.972809412559462,0.0211702827087442,0.0478194170501862,NEW_N5_CURRENT_PLAN,True,NEW_N5
9,422,9305,200000,R0,LINEAR,FINAL,DOMAIN_OOD_EXACT,0.005,2.534840822219849,0.7895412770397721,0.0115872321818976,0.9919826542960872,0.8792598717289772,59019,477,40689,15732,11.587232181897685,0.0105758451665335,0.0126683593028246,0.99132724622603,0.984357211515439,0.979015687301726,0.0350289073507263,0.0726084632949521,NEW_N5_CURRENT_PLAN,True,NEW_N5
9,422,9305,200000,R0,LINEAR,FINAL,TEMPLATE_OOD_EXACT,0.005,2.534840822219849,0.7801686454778759,0.0061347655168595,0.9900862531763358,0.8726813880126184,55328,554,89751,15590,6.134765516859531,0.0056358666048958,0.0066657749759674,0.9874002467391,0.9892580084932008,0.9716695337118848,0.0206079397597032,0.0456453131055866,NEW_N5_CURRENT_PLAN,True,NEW_N5
9,422,9305,200000,R0,LINEAR,FINAL,DOMAIN_TEMPLATE_OOD_EXACT,0.005,2.534840822219849,0.7908782074448861,0.0114613880742913,0.9915002356011454,0.8798983538796813,54709,469,40451,14466,11.4613880742913,0.0104526238152077,0.0125403387166989,0.9910251050972912,0.984849360975129,0.978408787340698,0.0335777126099706,0.0685972629521016,NEW_N5_CURRENT_PLAN,True,NEW_N5
9,422,9305,200000,R0,LINEAR,FINAL,LATE_TEST_Q4,0.005,2.534840822219849,0.7543587134095717,0.0089994706193753,0.996991363443296,0.8588678324770166,28167,85,9360,9172,8.999470619375332,0.0071946038990732,0.0111161243070289,0.9962921234468048,0.9861795773237608,0.9918574463063488,0.0292218104817363,0.0631021704605611,NEW_N5_CURRENT_PLAN,True,NEW_N5
9,422,9305,10000,RUT,LINEAR,FINAL,OFFICIAL_TEST,0.005,2.5552797317504887,0.7252734375,0.0052049090510628,0.991544431785816,0.8377601973288412,55701,475,90785,21099,5.204909051062898,0.0047483603727546,0.0056933275883877,0.9863512609652918,0.9876367462155974,0.96861030534886,0.024545255314486,0.0495616918693841,NEW_N5_CURRENT_PLAN,True,NEW_N5
9,422,9305,10000,RUT,LINEAR,FINAL,DOMAIN_OOD_EXACT,0.005,2.5552797317504887,0.7329935385479793,0.0096681727639314,0.9927885486501178,0.8433365912221701,54792,398,40768,19959,9.6681727639314,0.0087454997473152,0.010660959176826,0.9901578082068752,0.982581773749614,0.9758110126600636,0.0405188747995918,0.0776854685905844,NEW_N5_CURRENT_PLAN,True,NEW_N5
9,422,9305,10000,RUT,LINEAR,FINAL,TEMPLATE_OOD_EXACT,0.005,2.5552797317504887,0.7191545164838264,0.0051270693760035,0.9910034198663144,0.833472242650063,51001,463,89842,19917,5.127069376003544,0.0046716754989179,0.005614681460079,0.9853942738051962,0.987499691201155,0.9667540099662238,0.0243065168041636,0.0480261336581584,NEW_N5_CURRENT_PLAN,True,NEW_N5
9,422,9305,10000,RUT,LINEAR,FINAL,DOMAIN_TEMPLATE_OOD_EXACT,0.005,2.5552797317504887,0.7277340079508493,0.0094819159335288,0.9923515149125748,0.8396884174005872,50341,388,40532,18834,9.481915933528835,0.0085656455518711,0.0104687628019753,0.9893888026008923,0.982394184568089,0.9740164254986312,0.0405913978494623,0.0771016617790811,NEW_N5_CURRENT_PLAN,True,NEW_N5
9,422,9305,10000,RUT,LINEAR,FINAL,LATE_TEST_Q4,0.005,2.5552797317504887,0.7029379469187712,0.0071995764955002,0.9974159224776744,0.8246771609011215,26247,68,9377,11092,7.199576495500265,0.0055949641049867,0.0091183723104806,0.9960317034816334,0.985484056901236,0.990715906746441,0.0333509793541556,0.0608787718369507,NEW_N5_CURRENT_PLAN,True,NEW_N5
9,422,9305,20000,RUT,LINEAR,FINAL,OFFICIAL_TEST,0.005,2.344046831130982,0.7720572916666667,0.0053692746000438,0.9918038271109328,0.8682422538511099,59294,490,90770,17506,5.369274600043831,0.0049054446227363,0.005864956454035,0.9889463171643832,0.9897133615351514,0.9773209286542432,0.0175761560376945,0.0386259040105193,NEW_N5_CURRENT_PLAN,True,NEW_N5
9,422,9305,20000,RUT,LINEAR,FINAL,DOMAIN_OOD_EXACT,0.005,2.344046831130982,0.7795079664486094,0.0096681727639314,0.9932159476366612,0.87348033998411,58269,398,40768,16482,9.6681727639314,0.0087454997473152,0.010660959176826,0.992261953919928,0.98608229392028,0.982551178343019,0.0290288101831608,0.0615070689403876,NEW_N5_CURRENT_PLAN,True,NEW_N5
9,422,9305,20000,RUT,LINEAR,FINAL,TEMPLATE_OOD_EXACT,0.005,2.344046831130982,0.7690713218082856,0.0053042467194507,0.9912940748818612,0.8661563626546397,54541,479,89826,16377,5.304246719450751,0.0048409078152674,0.0057997840298213,0.9882242092832578,0.9896184395356498,0.9759218492019812,0.0174408947455844,0.0376723326504623,NEW_N5_CURRENT_PLAN,True,NEW_N5
9,422,9305,20000,RUT,LINEAR,FINAL,DOMAIN_TEMPLATE_OOD_EXACT,0.005,2.344046831130982,0.7771449222985183,0.0095063538611925,0.9928159858166506,0.8718406136730374,53759,389,40531,15416,9.50635386119257,0.0085888838711219,0.0104943953189251,0.991744951841712,0.9860753672048136,0.9813723327134616,0.0288856304985337,0.0602394916911045,NEW_N5_CURRENT_PLAN,True,NEW_N5
9,422,9305,20000,RUT,LINEAR,FINAL,LATE_TEST_Q4,0.005,2.344046831130982,0.7364685717346474,0.0074113287453679,0.9974609162465088,0.8473223639612991,27499,70,9375,9840,7.411328745367919,0.0057819189546625,0.0093546164952586,0.9966467240415604,0.9877872418716525,0.9928274152129638,0.02572789835892,0.0512440444679724,NEW_N5_CURRENT_PLAN,True,NEW_N5
9,422,9305,50000,RUT,LINEAR,FINAL,OFFICIAL_TEST,0.005,2.1072971820831303,0.8024348958333334,0.0052487398641244,0.9922873796412583,0.8873194822397881,61627,479,90781,15173,5.248739864124479,0.0047902382248018,0.0057391065328666,0.9905558815503672,0.9911047467971548,0.9812501774207284,0.0144751260135875,0.0318759587990357,NEW_N5_CURRENT_PLAN,True,NEW_N5
9,422,9305,50000,RUT,LINEAR,FINAL,DOMAIN_OOD_EXACT,0.005,2.1072971820831303,0.8086848336477104,0.0094738376329981,0.9935897435897436,0.8916521008031507,60450,390,40776,14301,9.473837632998103,0.0085606363126888,0.0104571918427752,0.9933523044976046,0.9879552438830924,0.9851834499721824,0.0245833940630617,0.0511344313268231,NEW_N5_CURRENT_PLAN,True,NEW_N5
9,422,9305,50000,RUT,LINEAR,FINAL,TEMPLATE_OOD_EXACT,0.005,2.1072971820831303,0.8007840040610282,0.0052045844637616,0.991791826755152,0.8861115011936526,56790,470,89835,14128,5.204584463761696,0.0047456977569538,0.0056956806622175,0.9899844953792416,0.991050419941524,0.979981578139392,0.0144399534909473,0.031028182271192,NEW_N5_CURRENT_PLAN,True,NEW_N5
9,422,9305,50000,RUT,LINEAR,FINAL,DOMAIN_TEMPLATE_OOD_EXACT,0.005,2.1072971820831303,0.8075027105168052,0.0093352883675464,0.9932078021372308,0.8907794858710212,55859,382,40538,13316,9.33528836754643,0.0084262492473431,0.0103149342157856,0.992955170008313,0.9880247606460868,0.9843013880545104,0.0242668621700879,0.0499266862170088,NEW_N5_CURRENT_PLAN,True,NEW_N5
9,422,9305,50000,RUT,LINEAR,FINAL,LATE_TEST_Q4,0.005,2.1072971820831303,0.7646696483569458,0.0075172048703017,0.9975194773433952,0.8657105606258149,28552,71,9374,8787,7.517204870301747,0.0058755321330082,0.0094726055657797,0.9970437372715651,0.9892886219772482,0.9932079260549864,0.0243515087347803,0.0438327157226045,NEW_N5_CURRENT_PLAN,True,NEW_N5
9,422,9305,100000,RUT,LINEAR,FINAL,OFFICIAL_TEST,0.005,2.017485141754151,0.8397135416666667,0.0054131054131054,0.9923981287701588,0.9096936184618856,64490,494,90766,12310,5.413105413105413,0.0049473529446651,0.0059107050207037,0.991923440782064,0.9922674896643748,0.9856126392037758,0.0110563225947841,0.0268682884067499,NEW_N5_CURRENT_PLAN,True,NEW_N5
9,422,9305,100000,RUT,LINEAR,FINAL,DOMAIN_OOD_EXACT,0.005,2.017485141754151,0.8462495485010234,0.0097896322207647,0.9936695936287524,0.9140536947663498,63258,403,40763,11493,9.789632220764709,0.0088610890474257,0.0107882642890126,0.9944467824952428,0.9897909868029996,0.9886697625205736,0.0187290482436962,0.0418792207161249,NEW_N5_CURRENT_PLAN,True,NEW_N5
9,422,9305,100000,RUT,LINEAR,FINAL,TEMPLATE_OOD_EXACT,0.005,2.017485141754151,0.8429735751149214,0.0053485410553125,0.9919853978262672,0.9114290723645594,59782,483,89822,11136,5.348541055312553,0.0048832370398875,0.0058460385918867,0.991648982197524,0.9923744913024548,0.9854121642482248,0.0104645368473506,0.0251481091855379,NEW_N5_CURRENT_PLAN,True,NEW_N5
9,422,9305,100000,RUT,LINEAR,FINAL,DOMAIN_TEMPLATE_OOD_EXACT,0.005,2.017485141754151,0.8499168774846404,0.0096285434995112,0.9933431327825368,0.9160499213162774,58793,394,40526,10382,9.628543499511242,0.0087050991102678,0.0106225343488462,0.9942826079587932,0.9901097793750602,0.9886461079175533,0.0174731182795698,0.0389540566959921,NEW_N5_CURRENT_PLAN,True,NEW_N5
9,422,9305,100000,RUT,LINEAR,FINAL,LATE_TEST_Q4,0.005,2.017485141754151,0.8194649026487051,0.0074113287453679,0.9977174905438894,0.8998485450027204,30598,70,9375,6741,7.411328745367919,0.0057819189546625,0.0093546164952586,0.9976417285571696,0.9912740850001344,0.9953550295857988,0.0166225516146109,0.0381154049761778,NEW_N5_CURRENT_PLAN,True,NEW_N5
