relative_path,size_bytes,mtime_ns,sha256
datasets/cristinakaufalt/bigresults/__huggingface_repos__.json,230,1786894780971691956,490178b595d3358fd0b23885971e9167169bb1c60731fa305c7a76208961ba00
datasets/cristinakaufalt/bigresults/phreshphish_FINAL_DEEP_TRIMODAL_SSL_v4_3_LABELSET_ALIGNMENT_FIX/audit/ARCHITECTURE_FREEZE.json,195,1786894780982827208,b20d776b58afc2fb317dc275bb2b522bf8795539783f9658163007f2403fd1b3
datasets/cristinakaufalt/bigresults/phreshphish_FINAL_DEEP_TRIMODAL_SSL_v4_3_LABELSET_ALIGNMENT_FIX/audit/AUTOGRAD_PREFLIGHT.json,22,1786894780986074837,98fc0a30989189de77288f40c865f109138cf91a23ddab064bb293fd6c1448f6
datasets/cristinakaufalt/bigresults/phreshphish_FINAL_DEEP_TRIMODAL_SSL_v4_3_LABELSET_ALIGNMENT_FIX/audit/DATA_FREEZE_LINK.json,1399,1786894780976537026,56713ed04f773c3faf8debe8ae01785100ba660b2fd44a857f14d837c4acd7f1
datasets/cristinakaufalt/bigresults/phreshphish_FINAL_DEEP_TRIMODAL_SSL_v4_3_LABELSET_ALIGNMENT_FIX/audit/DEV_PARTITIONS.npz,161024,1786894781384921494,96dbd49143ad125e545398e555fc01bb7498deb73d33a41266b9645471db100d
datasets/cristinakaufalt/bigresults/phreshphish_FINAL_DEEP_TRIMODAL_SSL_v4_3_LABELSET_ALIGNMENT_FIX/audit/DOM_VOCAB.json,24464,1786894780977935472,454ec696aa2060a7e53d246a921243470195199b28fef6f3b7b40f2217258506
datasets/cristinakaufalt/bigresults/phreshphish_FINAL_DEEP_TRIMODAL_SSL_v4_3_LABELSET_ALIGNMENT_FIX/audit/EXPERIMENT_CONFIG.json,814,1786894781253833245,625948b8a4b7a7880d71835a21794fb329c24d7d29781b78bc91ef09739b3f7c
datasets/cristinakaufalt/bigresults/phreshphish_FINAL_DEEP_TRIMODAL_SSL_v4_3_LABELSET_ALIGNMENT_FIX/audit/LABELSET_RUNTIME_VALIDATION.json,6005,1786894781069173194,da5a2fc95650d7473c9d78b11e65d4c7fa27b0a20c18ef7c9412749136d210d7
datasets/cristinakaufalt/bigresults/phreshphish_FINAL_DEEP_TRIMODAL_SSL_v4_3_LABELSET_ALIGNMENT_FIX/audit/MODEL_PROVENANCE.json,304,1786894780954279148,524725933063317cf03cb1082aa5822f076a7a813c982631ba49b4426fe6139a
datasets/cristinakaufalt/bigresults/phreshphish_FINAL_DEEP_TRIMODAL_SSL_v4_3_LABELSET_ALIGNMENT_FIX/audit/SUPERVISED_INDEX_ALIGNMENT.json,356,1786894780973437539,429e3dd9112aafb726e34631a45250532d7345aa6ac611f8e2e0668afc2b6db2
datasets/cristinakaufalt/bigresults/phreshphish_FINAL_DEEP_TRIMODAL_SSL_v4_3_LABELSET_ALIGNMENT_FIX/audit/SYSTEM_FREEZE.json,1272,1786894781004220762,a041e11b7013cb92da30d66373ed9d32715b4e20506d67bd3ebb30dc095ab963
datasets/cristinakaufalt/bigresults/phreshphish_FINAL_DEEP_TRIMODAL_SSL_v4_3_LABELSET_ALIGNMENT_FIX/checkpoints/DOM_MASKED_SSL/COMPLETE.json,111,1786894781179598422,64f84797d801c77d9e2c396d39984b71abaa2f7b544e66b9d741eb083ab5121e
datasets/cristinakaufalt/bigresults/phreshphish_FINAL_DEEP_TRIMODAL_SSL_v4_3_LABELSET_ALIGNMENT_FIX/checkpoints/DOM_MASKED_SSL/encoder.pt,872373,1786894781462143766,a377ab40b59fc212a7e551fdf1b892a9245f68d02a2b2de352641d22f6017adb
datasets/cristinakaufalt/bigresults/phreshphish_FINAL_DEEP_TRIMODAL_SSL_v4_3_LABELSET_ALIGNMENT_FIX/checkpoints/ENG_SEEDS/DUAL_seed42/COMPLETE.json,3612,1786894781198932015,768d72a36025e914f9a32db3c53730a0ae3690bd8b950d285732d231ec522cac
datasets/cristinakaufalt/bigresults/phreshphish_FINAL_DEEP_TRIMODAL_SSL_v4_3_LABELSET_ALIGNMENT_FIX/checkpoints/ENG_SEEDS/DUAL_seed42/HARDNEG.pt,940126641,1786894888596861120,eb88f4510166b2022d5340a55dea33274bc85f28efeab0b361fffd36685d1e90
datasets/cristinakaufalt/bigresults/phreshphish_FINAL_DEEP_TRIMODAL_SSL_v4_3_LABELSET_ALIGNMENT_FIX/checkpoints/ENG_SEEDS/DUAL_seed42/REGULAR.pt,940126641,1786894892088349035,7f1b7f7f600728a8159f2fe7761ff53c47b9eb5ad408e041e1c14b741da39567
datasets/cristinakaufalt/bigresults/phreshphish_FINAL_DEEP_TRIMODAL_SSL_v4_3_LABELSET_ALIGNMENT_FIX/checkpoints/ENG_SEEDS/DUAL_seed62/COMPLETE.json,3589,1786894781126921973,b77b3272c556301e6e3d7d03474817eeb3ceec9c0af33cf5bce7542748e4c7c9
datasets/cristinakaufalt/bigresults/phreshphish_FINAL_DEEP_TRIMODAL_SSL_v4_3_LABELSET_ALIGNMENT_FIX/checkpoints/ENG_SEEDS/DUAL_seed62/HARDNEG.pt,940126641,1786894871308907683,77d94bbe5df6e3b5a451e8c3f8058eeb53bf46d462b2d448eaee773b83c6db67
datasets/cristinakaufalt/bigresults/phreshphish_FINAL_DEEP_TRIMODAL_SSL_v4_3_LABELSET_ALIGNMENT_FIX/checkpoints/ENG_SEEDS/DUAL_seed62/REGULAR.pt,940126641,1786894874548937733,e83004e9aba915ef66a9557d89bd9de922f375bb8c38ca8ce2ee92a8f84b730c
datasets/cristinakaufalt/bigresults/phreshphish_FINAL_DEEP_TRIMODAL_SSL_v4_3_LABELSET_ALIGNMENT_FIX/checkpoints/ENG_SEEDS/DUAL_seed82/COMPLETE.json,3636,1786894780978229161,38ac00ca79d834f54ff6082a716154dd0db19ae787456b627a04beae8be32caa
datasets/cristinakaufalt/bigresults/phreshphish_FINAL_DEEP_TRIMODAL_SSL_v4_3_LABELSET_ALIGNMENT_FIX/checkpoints/ENG_SEEDS/DUAL_seed82/HARDNEG.pt,940126641,1786894894376462949,9089edcb34a94f3edfc60154f2df37508cd9732987480ee551f5f91f9895d361
datasets/cristinakaufalt/bigresults/phreshphish_FINAL_DEEP_TRIMODAL_SSL_v4_3_LABELSET_ALIGNMENT_FIX/checkpoints/ENG_SEEDS/DUAL_seed82/REGULAR.pt,940126641,1786894889566157929,a40dbb34a684992b6f1753c2034f0d20831fdefb1ade6fe8cd3423c23896978e
datasets/cristinakaufalt/bigresults/phreshphish_FINAL_DEEP_TRIMODAL_SSL_v4_3_LABELSET_ALIGNMENT_FIX/checkpoints/ENG_SEEDS/TRI_seed42/COMPLETE.json,3601,1786894781159302319,90d84bbe1135fe8ca1873d9c25434f36ed894c9326840000a96914999c3840dc
datasets/cristinakaufalt/bigresults/phreshphish_FINAL_DEEP_TRIMODAL_SSL_v4_3_LABELSET_ALIGNMENT_FIX/checkpoints/ENG_SEEDS/TRI_seed42/HARDNEG.pt,941656143,1786894870235193257,9fd806d933acc985e02b51670b5324bcaf028a0b79a993f51add556d1f57625f
datasets/cristinakaufalt/bigresults/phreshphish_FINAL_DEEP_TRIMODAL_SSL_v4_3_LABELSET_ALIGNMENT_FIX/checkpoints/ENG_SEEDS/TRI_seed42/REGULAR.pt,941656143,1786894867403227601,18179c0773bd8027450a2bf671914bfdeca34dec10a2c3f9e5dcddb42a47787b
datasets/cristinakaufalt/bigresults/phreshphish_FINAL_DEEP_TRIMODAL_SSL_v4_3_LABELSET_ALIGNMENT_FIX/checkpoints/ENG_SEEDS/TRI_seed62/COMPLETE.json,3642,1786894781249079092,5ffc24048aa39a02013f9f5a078dfd85b95998f5e75317b2e54d9759f3c20bae
datasets/cristinakaufalt/bigresults/phreshphish_FINAL_DEEP_TRIMODAL_SSL_v4_3_LABELSET_ALIGNMENT_FIX/checkpoints/ENG_SEEDS/TRI_seed62/HARDNEG.pt,941656143,1786894878823371212,3f7e04d1acd6995cc58899e49307d18a8ed458443f87457e3f0b0e93a779662c
datasets/cristinakaufalt/bigresults/phreshphish_FINAL_DEEP_TRIMODAL_SSL_v4_3_LABELSET_ALIGNMENT_FIX/checkpoints/ENG_SEEDS/TRI_seed62/REGULAR.pt,941656143,1786894873076386490,e1f58a62e1c0b6a8bff4f4ea3c01f07c93ee7a85439e2034a116441dc94fd13a
datasets/cristinakaufalt/bigresults/phreshphish_FINAL_DEEP_TRIMODAL_SSL_v4_3_LABELSET_ALIGNMENT_FIX/checkpoints/ENG_SEEDS/TRI_seed82/COMPLETE.json,3615,1786894781123786973,22f28d8e93ccfab3774c11f52863d9e032ced0bdad937edef6445300abf197b4
datasets/cristinakaufalt/bigresults/phreshphish_FINAL_DEEP_TRIMODAL_SSL_v4_3_LABELSET_ALIGNMENT_FIX/checkpoints/ENG_SEEDS/TRI_seed82/HARDNEG.pt,941656143,1786894868889001929,57bd8734f4aad70fc72102d36ff01555d13b863e3c1c93bfa27250610ab7a525
datasets/cristinakaufalt/bigresults/phreshphish_FINAL_DEEP_TRIMODAL_SSL_v4_3_LABELSET_ALIGNMENT_FIX/checkpoints/ENG_SEEDS/TRI_seed82/REGULAR.pt,941656143,1786894885520798910,d15d35a6e258ca75719caa0a744b152be23451d4b8bbd036804b9466929fd6e0
datasets/cristinakaufalt/bigresults/phreshphish_FINAL_DEEP_TRIMODAL_SSL_v4_3_LABELSET_ALIGNMENT_FIX/checkpoints/ENG_SELECTED/meta.json,70,1786894781080594658,8830e4c65c19dd8665a5ae15d5d1e75f8f8e5a08ac0a3c929d75713ff8023658
datasets/cristinakaufalt/bigresults/phreshphish_FINAL_DEEP_TRIMODAL_SSL_v4_3_LABELSET_ALIGNMENT_FIX/checkpoints/ENG_SELECTED/model_state.pt,940126641,1786894884235808751,a40dbb34a684992b6f1753c2034f0d20831fdefb1ade6fe8cd3423c23896978e
datasets/cristinakaufalt/bigresults/phreshphish_FINAL_DEEP_TRIMODAL_SSL_v4_3_LABELSET_ALIGNMENT_FIX/checkpoints/R1_DAPT_TEXT/COMPLETE.json,124,1786894781134998103,d0c56a55a30897b7ec199a1f1f4991c5aa4d12e73bf73738847f6a4b39970d8d
datasets/cristinakaufalt/bigresults/phreshphish_FINAL_DEEP_TRIMODAL_SSL_v4_3_LABELSET_ALIGNMENT_FIX/checkpoints/R1_DAPT_TEXT/config.json,669,1786894781125604239,cc27102b35c8289aa9776b479358da8907472353b8c5036a9bebb080316a5796
datasets/cristinakaufalt/bigresults/phreshphish_FINAL_DEEP_TRIMODAL_SSL_v4_3_LABELSET_ALIGNMENT_FIX/checkpoints/R1_DAPT_TEXT/model.safetensors,496242360,1786894856727868463,4c61d45fc2aef3961922a08d8550ff6f917e2c5487effeaae18ffd8b23173ac2
datasets/cristinakaufalt/bigresults/phreshphish_FINAL_DEEP_TRIMODAL_SSL_v4_3_LABELSET_ALIGNMENT_FIX/checkpoints/R1_DAPT_TEXT/tokenizer.json,3558895,1786894782667168104,8489c8643e13c2b20c07d15dd8650f8d010e4f1e49b89b31710833cf729cf043
datasets/cristinakaufalt/bigresults/phreshphish_FINAL_DEEP_TRIMODAL_SSL_v4_3_LABELSET_ALIGNMENT_FIX/checkpoints/R1_DAPT_TEXT/tokenizer_config.json,358,1786894781076074511,bb5706f71e3d5cb4bf9878ad9b14a2079e6fbd618fc0a0ba2ac1b257d7824cc9
datasets/cristinakaufalt/bigresults/phreshphish_FINAL_DEEP_TRIMODAL_SSL_v4_3_LABELSET_ALIGNMENT_FIX/checkpoints/R2_CONTRASTIVE/COMPLETE.json,108,1786894781122046930,e69451be1c95776519c6fc7c23fe96f0dd081c5f5e01621811b08f0d7751ad02
datasets/cristinakaufalt/bigresults/phreshphish_FINAL_DEEP_TRIMODAL_SSL_v4_3_LABELSET_ALIGNMENT_FIX/checkpoints/R2_CONTRASTIVE/text/config.json,669,1786894780984452136,cc27102b35c8289aa9776b479358da8907472353b8c5036a9bebb080316a5796
datasets/cristinakaufalt/bigresults/phreshphish_FINAL_DEEP_TRIMODAL_SSL_v4_3_LABELSET_ALIGNMENT_FIX/checkpoints/R2_CONTRASTIVE/text/model.safetensors,498604880,1786894859220999583,1e9233cb2de6340d8eb0f55b1434ff804c090263e92c5c30cb89fceeb423e250
datasets/cristinakaufalt/bigresults/phreshphish_FINAL_DEEP_TRIMODAL_SSL_v4_3_LABELSET_ALIGNMENT_FIX/checkpoints/R2_CONTRASTIVE/text/tokenizer.json,3558895,1786894782674601708,8489c8643e13c2b20c07d15dd8650f8d010e4f1e49b89b31710833cf729cf043
datasets/cristinakaufalt/bigresults/phreshphish_FINAL_DEEP_TRIMODAL_SSL_v4_3_LABELSET_ALIGNMENT_FIX/checkpoints/R2_CONTRASTIVE/text/tokenizer_config.json,358,1786894781040775949,bb5706f71e3d5cb4bf9878ad9b14a2079e6fbd618fc0a0ba2ac1b257d7824cc9
datasets/cristinakaufalt/bigresults/phreshphish_FINAL_DEEP_TRIMODAL_SSL_v4_3_LABELSET_ALIGNMENT_FIX/checkpoints/R2_CONTRASTIVE/url/config.json,745,1786894781251217461,252e46a9e2bd7a7fafa84eafb94f99e73f3bc0cb46e4cae147e7c7311e1940a8
datasets/cristinakaufalt/bigresults/phreshphish_FINAL_DEEP_TRIMODAL_SSL_v4_3_LABELSET_ALIGNMENT_FIX/checkpoints/R2_CONTRASTIVE/url/model.safetensors,437951304,1786894835016935164,718e1f48544fcb83b328032af3f61e69fa4e5c7cbafa8959606e3a3a69daf288
datasets/cristinakaufalt/bigresults/phreshphish_FINAL_DEEP_TRIMODAL_SSL_v4_3_LABELSET_ALIGNMENT_FIX/checkpoints/R2_CONTRASTIVE/url/tokenizer.json,711649,1786894781636567249,2fc687b11de0bc1b3d8348f92e3b49ef1089a621506c7661fbf3248fcd54947e
datasets/cristinakaufalt/bigresults/phreshphish_FINAL_DEEP_TRIMODAL_SSL_v4_3_LABELSET_ALIGNMENT_FIX/checkpoints/R2_CONTRASTIVE/url/tokenizer_config.json,322,1786894781266976050,797ed9ba72b500001971b827b0040b8743def8ec38f9cd4cda4c4945734d3596
datasets/cristinakaufalt/bigresults/phreshphish_FINAL_DEEP_TRIMODAL_SSL_v4_3_LABELSET_ALIGNMENT_FIX/checkpoints/R3_DAPT_CONTRASTIVE/COMPLETE.json,108,1786894781061887274,4aaf5a3992dd340d4d9d9a107a1a36a6c05470cee1511e630dae7b35729874a1
datasets/cristinakaufalt/bigresults/phreshphish_FINAL_DEEP_TRIMODAL_SSL_v4_3_LABELSET_ALIGNMENT_FIX/checkpoints/R3_DAPT_CONTRASTIVE/text/config.json,669,1786894781123040208,cc27102b35c8289aa9776b479358da8907472353b8c5036a9bebb080316a5796
datasets/cristinakaufalt/bigresults/phreshphish_FINAL_DEEP_TRIMODAL_SSL_v4_3_LABELSET_ALIGNMENT_FIX/checkpoints/R3_DAPT_CONTRASTIVE/text/model.safetensors,498604880,1786894855348665793,446d44f66919eb067b894c4eb465d4f27db379a647b07d1c26ab7a0b16824b8d
datasets/cristinakaufalt/bigresults/phreshphish_FINAL_DEEP_TRIMODAL_SSL_v4_3_LABELSET_ALIGNMENT_FIX/checkpoints/R3_DAPT_CONTRASTIVE/text/tokenizer.json,3558895,1786894782882800653,8489c8643e13c2b20c07d15dd8650f8d010e4f1e49b89b31710833cf729cf043
datasets/cristinakaufalt/bigresults/phreshphish_FINAL_DEEP_TRIMODAL_SSL_v4_3_LABELSET_ALIGNMENT_FIX/checkpoints/R3_DAPT_CONTRASTIVE/text/tokenizer_config.json,358,1786894781254808158,bb5706f71e3d5cb4bf9878ad9b14a2079e6fbd618fc0a0ba2ac1b257d7824cc9
datasets/cristinakaufalt/bigresults/phreshphish_FINAL_DEEP_TRIMODAL_SSL_v4_3_LABELSET_ALIGNMENT_FIX/checkpoints/R3_DAPT_CONTRASTIVE/url/config.json,745,1786894781123090217,252e46a9e2bd7a7fafa84eafb94f99e73f3bc0cb46e4cae147e7c7311e1940a8
datasets/cristinakaufalt/bigresults/phreshphish_FINAL_DEEP_TRIMODAL_SSL_v4_3_LABELSET_ALIGNMENT_FIX/checkpoints/R3_DAPT_CONTRASTIVE/url/model.safetensors,437951304,1786894849806613031,d1785524d9a0069dd3ad37dc02ae0eb9e6df82c92238bfa44be960cc3948eac7
datasets/cristinakaufalt/bigresults/phreshphish_FINAL_DEEP_TRIMODAL_SSL_v4_3_LABELSET_ALIGNMENT_FIX/checkpoints/R3_DAPT_CONTRASTIVE/url/tokenizer.json,711649,1786894781696526592,2fc687b11de0bc1b3d8348f92e3b49ef1089a621506c7661fbf3248fcd54947e
datasets/cristinakaufalt/bigresults/phreshphish_FINAL_DEEP_TRIMODAL_SSL_v4_3_LABELSET_ALIGNMENT_FIX/checkpoints/R3_DAPT_CONTRASTIVE/url/tokenizer_config.json,322,1786894781132470854,797ed9ba72b500001971b827b0040b8743def8ec38f9cd4cda4c4945734d3596
datasets/cristinakaufalt/bigresults/phreshphish_FINAL_DEEP_TRIMODAL_SSL_v4_3_LABELSET_ALIGNMENT_FIX/embeddings/R0_DEV.npy,61440128,1786894800747155067,f4677632c721541827a5c319f711e6b96b3f565310db64ed58bf3fe26a696361
datasets/cristinakaufalt/bigresults/phreshphish_FINAL_DEEP_TRIMODAL_SSL_v4_3_LABELSET_ALIGNMENT_FIX/embeddings/R0_DEV.npy.complete.json,119,1786894781253274037,e3c20e4825f10c1b8f8164114d57bc26d67e4c858d002611076e1811dce666ce
datasets/cristinakaufalt/bigresults/phreshphish_FINAL_DEEP_TRIMODAL_SSL_v4_3_LABELSET_ALIGNMENT_FIX/embeddings/R0_SUP.npy,12288128,1786894783640734488,0b69962a083373c14b316eeac9e34275693fd3a9030a78cfa1ba9be98ccd0755
datasets/cristinakaufalt/bigresults/phreshphish_FINAL_DEEP_TRIMODAL_SSL_v4_3_LABELSET_ALIGNMENT_FIX/embeddings/R0_SUP.npy.complete.json,118,1786894781194397467,a6f2099843c4df5758898edf53eaa25f902300411e95f237416c5092d1de139d
datasets/cristinakaufalt/bigresults/phreshphish_FINAL_DEEP_TRIMODAL_SSL_v4_3_LABELSET_ALIGNMENT_FIX/embeddings/R1_DEV.npy,61440128,1786894800583599545,608303be5b9846d1a33d49321f7d6e835d6cc6f501528f4d7087eab4f7f59929
datasets/cristinakaufalt/bigresults/phreshphish_FINAL_DEEP_TRIMODAL_SSL_v4_3_LABELSET_ALIGNMENT_FIX/embeddings/R1_DEV.npy.complete.json,119,1786894781087305559,8babc02027b5a7383881fc688f45a3a74c1000df5fcd8e9ba7f21a303e5f2dbd
datasets/cristinakaufalt/bigresults/phreshphish_FINAL_DEEP_TRIMODAL_SSL_v4_3_LABELSET_ALIGNMENT_FIX/embeddings/R1_SUP.npy,12288128,1786894785811782407,5c01cba644cd53144665f73cfccb4562533ec28d08069adde7c35bce7f1511ff
datasets/cristinakaufalt/bigresults/phreshphish_FINAL_DEEP_TRIMODAL_SSL_v4_3_LABELSET_ALIGNMENT_FIX/embeddings/R1_SUP.npy.complete.json,118,1786894781099445899,f6fbdd639f6a1ba884b91e0aecbda626e28d6d0d07e3b4b86c374278a1dea3f1
datasets/cristinakaufalt/bigresults/phreshphish_FINAL_DEEP_TRIMODAL_SSL_v4_3_LABELSET_ALIGNMENT_FIX/embeddings/R2_DEV.npy,61440128,1786894789609129894,3decd8d3d32ca78665a53368a3db1b2f3989927c26fa24ba9e391832d2ed1036
datasets/cristinakaufalt/bigresults/phreshphish_FINAL_DEEP_TRIMODAL_SSL_v4_3_LABELSET_ALIGNMENT_FIX/embeddings/R2_DEV.npy.complete.json,119,1786894781092174808,e1bfa1c2c4a5a7f5d65e607771a4f1256b41530be5ea2a521709248a6291092e
datasets/cristinakaufalt/bigresults/phreshphish_FINAL_DEEP_TRIMODAL_SSL_v4_3_LABELSET_ALIGNMENT_FIX/embeddings/R2_SUP.npy,12288128,1786894783927017487,9428bd483aeba23f622d27cc527ed6df6f8e6d4f5b552e859e969477011262d7
datasets/cristinakaufalt/bigresults/phreshphish_FINAL_DEEP_TRIMODAL_SSL_v4_3_LABELSET_ALIGNMENT_FIX/embeddings/R2_SUP.npy.complete.json,118,1786894780977922289,72354a0b0a04bfc37798b83f5ce4823e239f4d5b38bfa014278ae2f57d4aad24
datasets/cristinakaufalt/bigresults/phreshphish_FINAL_DEEP_TRIMODAL_SSL_v4_3_LABELSET_ALIGNMENT_FIX/embeddings/R3_DEV.npy,61440128,1786894790570780547,a3e0ca6882ae6d6017d6d99f19390e38ff6d4996d04e87f029b8743620f7a4fa
datasets/cristinakaufalt/bigresults/phreshphish_FINAL_DEEP_TRIMODAL_SSL_v4_3_LABELSET_ALIGNMENT_FIX/embeddings/R3_DEV.npy.complete.json,119,1786894781191156428,216f180d9c669d28726835d106c8d9fef15c1810725e00ecdd17c1834b285548
datasets/cristinakaufalt/bigresults/phreshphish_FINAL_DEEP_TRIMODAL_SSL_v4_3_LABELSET_ALIGNMENT_FIX/embeddings/R3_SUP.npy,12288128,1786894783695162915,2d1462a72d68052dc1ed1b751a15bdaff5ec9983a93fcdb15feaeecdd027c0ca
datasets/cristinakaufalt/bigresults/phreshphish_FINAL_DEEP_TRIMODAL_SSL_v4_3_LABELSET_ALIGNMENT_FIX/embeddings/R3_SUP.npy.complete.json,118,1786894781202359720,e1d9adca805dd0e7a848518ce591a43f1a79ba33db5cc684c633cb8bf591dcbe
datasets/cristinakaufalt/bigresults/phreshphish_FINAL_DEEP_TRIMODAL_SSL_v4_3_LABELSET_ALIGNMENT_FIX/results/CASCADE_GATE.json,807,1786894781245776591,3f47345a26b8df9a36c6b243a80a41f4c278a06a0caf891de06977141797d14c
datasets/cristinakaufalt/bigresults/phreshphish_FINAL_DEEP_TRIMODAL_SSL_v4_3_LABELSET_ALIGNMENT_FIX/results/DEEP_ENGINEERING_META_AGGREGATE.csv,639,1786894781061914855,89435255f0581436cf7fe7c1f9815f3e8a74833d0cfe19de24873969db50d522
datasets/cristinakaufalt/bigresults/phreshphish_FINAL_DEEP_TRIMODAL_SSL_v4_3_LABELSET_ALIGNMENT_FIX/results/DEEP_ENGINEERING_SEED_RESULTS.csv,7976,1786894781248030820,65cee8de14ce4c4f11024d70002986651a2e99efff3b6cec81aea7a64a29ce02
datasets/cristinakaufalt/bigresults/phreshphish_FINAL_DEEP_TRIMODAL_SSL_v4_3_LABELSET_ALIGNMENT_FIX/results/REPRESENTATION_SCREEN.csv,2515,1786894780984343185,03d1e25bbb0196d8a70179f465d4173e49fb6f009e52853126d44e62fdbb15da
datasets/cristinakaufalt/carmengeiss/roberta-base/.cache/huggingface/.gitignore,1,1786894780902076597,684888c0ebb17f374298b65ee2807526c066094c701bcc7ebbe1c1095f494fc1
datasets/cristinakaufalt/carmengeiss/roberta-base/.cache/huggingface/CACHEDIR.TAG,191,1786894780899608230,f6572428f6d5e1575e73a1502895a8731f10757dfbb634909c6e154b849af91d
datasets/cristinakaufalt/carmengeiss/roberta-base/.cache/huggingface/download/.gitattributes.metadata,101,1786894780900074063,07ed309c8bf00e82da56965b1539f9f81f696a1c4ae9516328364b3b783f3c3f
datasets/cristinakaufalt/carmengeiss/roberta-base/.cache/huggingface/download/README.md.metadata,100,1786894780906392131,4fecb35d7ced3d97d59ba82ac98f1d78167e71df1d5afd1ab5435d8916e92b55
datasets/cristinakaufalt/carmengeiss/roberta-base/.cache/huggingface/download/config.json.metadata,101,1786894780924604523,f5cfe37b1cb62ec29a06f14eaf8ffcc30d8ebc39c876d53c61e09f95ab1fe08b
datasets/cristinakaufalt/carmengeiss/roberta-base/.cache/huggingface/download/dict.txt.metadata,100,1786894780903704643,ace8076ffddf635ddc5f8471247eb6da21c6a485c895e673372ed4ab9586286a
datasets/cristinakaufalt/carmengeiss/roberta-base/.cache/huggingface/download/flax_model.msgpack.metadata,125,1786894780920347764,92ce2db210492e41c83640fad71681793827a7f5ec785e9ac41a39dc22f01a9f
datasets/cristinakaufalt/carmengeiss/roberta-base/.cache/huggingface/download/merges.txt.metadata,101,1786894780891792284,106931e15be2720544440e9629d197f9a7e473725568768cedb5463c22aa8af7
datasets/cristinakaufalt/carmengeiss/roberta-base/.cache/huggingface/download/model.safetensors.metadata,125,1786894780925193169,60edcef83397b543bac4d9002200db8e2a36644b15b5a66ac98f114475c3afd3
datasets/cristinakaufalt/carmengeiss/roberta-base/.cache/huggingface/download/pytorch_model.bin.metadata,124,1786894780957585437,b70e09d1036a95662bdf665f1f436744d913dc5d063a425a523653bd3e990901
datasets/cristinakaufalt/carmengeiss/roberta-base/.cache/huggingface/download/rust_model.ot.metadata,125,1786894780954993781,85c5a656979f7918a5d85aa51c2f5813bc638e6e7d6426a5fbbd8dd6cce9e58a
datasets/cristinakaufalt/carmengeiss/roberta-base/.cache/huggingface/download/tf_model.h5.metadata,125,1786894780951420057,ace04892e571499e9608fa3af631e856d784f785052864e3674cee950889bc00
datasets/cristinakaufalt/carmengeiss/roberta-base/.cache/huggingface/download/tokenizer.json.metadata,101,1786894780960030772,c56bb6dbd093633b1b17af01c9f1dd3af8f3fc70919da6e3ad5cfadb68dafd16
datasets/cristinakaufalt/carmengeiss/roberta-base/.cache/huggingface/download/tokenizer_config.json.metadata,101,1786894780973432082,843437fda16e1eaa1df9a9ef4e2fb942fc05f99d6d9d49cb47e425f08e0533a6
datasets/cristinakaufalt/carmengeiss/roberta-base/.cache/huggingface/download/vocab.json.metadata,101,1786894780968932231,0a36b1623b659ddb58c69c8304e600d66176f896c3a5cc506194949addba4297
datasets/cristinakaufalt/carmengeiss/roberta-base/.gitattributes,445,1786894780985863993,98c91dabef4df27b2fc7c8454d220aba47476f73593cbd034d961fe4927304c1
datasets/cristinakaufalt/carmengeiss/roberta-base/OFFLINE_MODEL_MANIFEST.json,5054,1786894781000243162,bff8d98268e881b31c850bd5ad51cde57cc2868d34bd63acdb9307a8968f979c
datasets/cristinakaufalt/carmengeiss/roberta-base/README.md,9079,1786894780985066079,139c5c5c8d734a8841928308cf7f083018aa5cc49f903c5199e3f1563b3ded51
datasets/cristinakaufalt/carmengeiss/roberta-base/config.json,481,1786894780984344408,ef0185e2aae6e06c5f105a285006952c340e20c7dbf43c86ec82601b13fc45e9
datasets/cristinakaufalt/carmengeiss/roberta-base/dict.txt,603290,1786894781095136720,2c31c5b236661067fe8626775eb995ef5fe808ac87d2ad4a6ddbef68550f5cc6
datasets/cristinakaufalt/carmengeiss/roberta-base/flax_model.msgpack,498796983,1786894793366450279,7647e7df15dfddb7d5c07fcbed7a21e3881ccfea085791cf09917aa05947bba3
datasets/cristinakaufalt/carmengeiss/roberta-base/merges.txt,456318,1786894781150478838,1ce1664773c50f3e0cc8842619a93edc4624525b728b188a9e0be33b7726adc5
datasets/cristinakaufalt/carmengeiss/roberta-base/model.safetensors,498818054,1786894791850659192,5bde1d28afb363d0103324efeb5afc8b2b397fe5e04beabb9b1ef355255ade81
datasets/cristinakaufalt/carmengeiss/roberta-base/pytorch_model.bin,501200538,1786894791224755789,278b7a95739c4392fae9b818bb5343dde20be1b89318f37a6d939e1e1b9e461b
datasets/cristinakaufalt/carmengeiss/roberta-base/rust_model.ot,655617312,1786894795806435349,9eab94d556cd9151ba760802bc2151c7ac51675bb81e017b25de41c1ebd6c3a0
datasets/cristinakaufalt/carmengeiss/roberta-base/tf_model.h5,657434796,1786894795858970829,8ad49e51cdfa998f1d26f24d6966e1a00c3df44c6e334995fdb4d622ce1e4e10
datasets/cristinakaufalt/carmengeiss/roberta-base/tokenizer.json,1355863,1786894781225591601,847bbeab6174d66a88898f729d52fa8d355fafe1bea101cf960dd404581df70e
datasets/cristinakaufalt/carmengeiss/roberta-base/tokenizer_config.json,25,1786894781079126322,994f46754c5bf4014f1aa92d34b1374319c3a6b3f702105cd5b742beaecd18ce
datasets/cristinakaufalt/carmengeiss/roberta-base/vocab.json,898823,1786894781137943234,9e7f63c2d15d666b52e21d250d2e513b87c9b713cfa6987a82ed89e5e6e50655
datasets/cristinakaufalt/daptseeds/dapt_original5/seed_42/config.json,669,1786894781234604286,cc27102b35c8289aa9776b479358da8907472353b8c5036a9bebb080316a5796
datasets/cristinakaufalt/daptseeds/dapt_original5/seed_42/model.safetensors,496242360,1786894841268873724,6c1527fe7d91724574b1d02950f32f3cebde6107433eb3906d9d49cf67b0841d
datasets/cristinakaufalt/daptseeds/dapt_original5/seed_52/config.json,669,1786894781178356586,cc27102b35c8289aa9776b479358da8907472353b8c5036a9bebb080316a5796
datasets/cristinakaufalt/daptseeds/dapt_original5/seed_52/model.safetensors,496242360,1786894856102124971,6ad029f415bb38af67ea95e9422c6266dd4ab27a8f18b8b3c51868d6b076c69f
datasets/cristinakaufalt/daptseeds/dapt_original5/seed_62/config.json,669,1786894781197168108,cc27102b35c8289aa9776b479358da8907472353b8c5036a9bebb080316a5796
datasets/cristinakaufalt/daptseeds/dapt_original5/seed_62/model.safetensors,496242360,1786894842709840203,0203ac2f5d8535dabed5c671c2a59c5c30fceeec5cc374cb412c699f844da25d
datasets/cristinakaufalt/daptseeds/dapt_original5/seed_72/config.json,669,1786894781075114042,cc27102b35c8289aa9776b479358da8907472353b8c5036a9bebb080316a5796
datasets/cristinakaufalt/daptseeds/dapt_original5/seed_72/model.safetensors,496242360,1786894842084943288,63ebfcb6a26645b8cb438a658f48d165446c9477ccabd3b6fc5522e801b68f65
datasets/cristinakaufalt/daptseeds/dapt_original5/seed_82/config.json,669,1786894781176597234,cc27102b35c8289aa9776b479358da8907472353b8c5036a9bebb080316a5796
datasets/cristinakaufalt/daptseeds/dapt_original5/seed_82/model.safetensors,496242360,1786894844178035901,82f09ebc517cdfcef37a4f9624e4913df9285569038c1f42b504c34e3a32d7ad
datasets/cristinakaufalt/daptseeds242-282/phreshphish_DAPT40K_REBUILT_seed242/seed_242/REBUILD_COMPLETE.json,869,1786894780978834694,d7dd00734ea97738d5a24c652b3149fb7e4ef516dc9d6646d552277c54751ed7
datasets/cristinakaufalt/daptseeds242-282/phreshphish_DAPT40K_REBUILT_seed242/seed_242/config.json,669,1786894780975136268,cc27102b35c8289aa9776b479358da8907472353b8c5036a9bebb080316a5796
datasets/cristinakaufalt/daptseeds242-282/phreshphish_DAPT40K_REBUILT_seed242/seed_242/model.safetensors,496242360,1786894857536331731,e46ed3f6a9cf8a29d82ba1ed40f9e9654864354e0f558e30a97e78b3e8f5d9aa
datasets/cristinakaufalt/daptseeds242-282/phreshphish_DAPT40K_REBUILT_seed252/seed_252/REBUILD_COMPLETE.json,869,1786894780858919977,dc4eeabc0386536e3ac3fc449088c1e0f9ac3bf6c41e8362a2577739e0813ac5
datasets/cristinakaufalt/daptseeds242-282/phreshphish_DAPT40K_REBUILT_seed252/seed_252/config.json,669,1786894780874062852,cc27102b35c8289aa9776b479358da8907472353b8c5036a9bebb080316a5796
datasets/cristinakaufalt/daptseeds242-282/phreshphish_DAPT40K_REBUILT_seed252/seed_252/model.safetensors,496242360,1786894856324392710,452effa27ba9801f661032d950745dcd74adb8210bfe8da1417707ff489e809c
datasets/cristinakaufalt/daptseeds242-282/phreshphish_DAPT40K_REBUILT_seed262/seed_262/REBUILD_COMPLETE.json,870,1786894780919409719,0c717416edf68d2dd913e7d4360b605c201a3da8a489b62427a54c45a56713f4
datasets/cristinakaufalt/daptseeds242-282/phreshphish_DAPT40K_REBUILT_seed262/seed_262/config.json,669,1786894780922924685,cc27102b35c8289aa9776b479358da8907472353b8c5036a9bebb080316a5796
datasets/cristinakaufalt/daptseeds242-282/phreshphish_DAPT40K_REBUILT_seed262/seed_262/model.safetensors,496242360,1786894858329842279,95e3cb9697553cca096b0fc9b4fa3c40dac7cba9aa55dfd53d0d9beac8872034
datasets/cristinakaufalt/daptseeds242-282/phreshphish_DAPT40K_REBUILT_seed272/seed_272/REBUILD_COMPLETE.json,868,1786894780921597850,9cebc80e2100038bee2a2b5efca40584050d7dab572c0ca9cbc080d8d9d32be6
datasets/cristinakaufalt/daptseeds242-282/phreshphish_DAPT40K_REBUILT_seed272/seed_272/config.json,669,1786894780875537590,cc27102b35c8289aa9776b479358da8907472353b8c5036a9bebb080316a5796
datasets/cristinakaufalt/daptseeds242-282/phreshphish_DAPT40K_REBUILT_seed272/seed_272/model.safetensors,496242360,1786894854907118095,6c9039fd319fbb3934ae184345bdd13e2c5a0ccc9b563c97a48befc29ca1dae3
datasets/cristinakaufalt/daptseeds242-282/phreshphish_DAPT40K_REBUILT_seed282/seed_282/REBUILD_COMPLETE.json,869,1786894780915715061,636a18c554d017887b33cd63febf8c05ebdd44b2a60e99bf3463234fceb0246d
datasets/cristinakaufalt/daptseeds242-282/phreshphish_DAPT40K_REBUILT_seed282/seed_282/config.json,669,1786894780905963408,cc27102b35c8289aa9776b479358da8907472353b8c5036a9bebb080316a5796
datasets/cristinakaufalt/daptseeds242-282/phreshphish_DAPT40K_REBUILT_seed282/seed_282/model.safetensors,496242360,1786894855340774973,17723b8a659ad4217f2f074721afb165e946f58198ff23b42615cb48054f9827
datasets/cristinakaufalt/dataset/dapt40k_bundle.pkl,53844925,1786894786646239213,6cddfd312bfeb2984419d7ff4d9143b002d81efa562711a745ee6a407466a34d
datasets/cristinakaufalt/dataset/split_roles_and_holdout_cache_v2_ram_safe.pkl,28066573,1786894786246805370,280f25a9670075e45202dbedc6e5b01f87a1d505e8b8a364ce034e7f7550cbfe
datasets/cristinakaufalt/finaldatafreeze/hf_transient/xet/logs/xet_20260812T083810003+0000_16.log,2621634,1786894787475173946,dbef941fd14aea3bece2e7197aeca28fba9a3218c6daf022754549d0bf7c5efd
datasets/cristinakaufalt/finaldatafreeze/phreshphish_FINAL_DATA_FREEZE_v3/_markers/TRAIN_ROLES_COMPLETE.json,158,1786894787512295000,54d31e27d02bea170be903a1c1aa060ea6ecd7a6ade43ffb302d4f80f8fff28e
datasets/cristinakaufalt/finaldatafreeze/phreshphish_FINAL_DATA_FREEZE_v3/_markers/test_test-000.json,72,1786894787615950848,362e4a135d2f918e0ef5c0afce5a490dff2311d943f7033602317c3077e64b35
datasets/cristinakaufalt/finaldatafreeze/phreshphish_FINAL_DATA_FREEZE_v3/_markers/test_test-001.json,72,1786894787572200447,317d5cc68c569a1850b4a082060951ad85e0dd92ad5663a059ee489d0b323cc9
datasets/cristinakaufalt/finaldatafreeze/phreshphish_FINAL_DATA_FREEZE_v3/_markers/test_test-002.json,72,1786894788191421652,1c08458fe929f45aaf916051623fee895f39ad5281553e45a63178d1d5a27887
datasets/cristinakaufalt/finaldatafreeze/phreshphish_FINAL_DATA_FREEZE_v3/_markers/test_test-003.json,72,1786894787787473907,3fa8fec61a5da946bc54e6507b34a912b05eccc49954b01c9e602fbe5947ace3
datasets/cristinakaufalt/finaldatafreeze/phreshphish_FINAL_DATA_FREEZE_v3/_markers/test_test-004.json,72,1786894787551098954,537bbf46cd00e5643aed05f9759bf6e685b4639226d5345e0f418adb1af468fb
datasets/cristinakaufalt/finaldatafreeze/phreshphish_FINAL_DATA_FREEZE_v3/_markers/test_test-005.json,72,1786894787577287331,8e4b03abe642ac8a0e2b0eb2ba71251658a1d24bdc36d54c44d806f23e7d6315
datasets/cristinakaufalt/finaldatafreeze/phreshphish_FINAL_DATA_FREEZE_v3/_markers/test_test-006.json,72,1786894787314389254,f2d6c29ba835f8e2a9a1f26dc221982474ef430e5101ecffd333e8b0156fde20
datasets/cristinakaufalt/finaldatafreeze/phreshphish_FINAL_DATA_FREEZE_v3/_markers/test_test-007.json,72,1786894788196727579,78d5184c4be062961f03821e8fbeee67922d3c7eed15b64a6f099f9142b90bf1
datasets/cristinakaufalt/finaldatafreeze/phreshphish_FINAL_DATA_FREEZE_v3/_markers/test_test-008.json,72,1786894787908882844,dd7594d4dfb83f865814e38db7ad7fbab7fb0b032d716d02b82d6607715c93b4
datasets/cristinakaufalt/finaldatafreeze/phreshphish_FINAL_DATA_FREEZE_v3/_markers/test_test-009.json,72,1786894787569655398,f07e4f180d205d4a7e3cd7e5be82b5cf09453f1f7154e96070190e31491dbf70
datasets/cristinakaufalt/finaldatafreeze/phreshphish_FINAL_DATA_FREEZE_v3/_markers/test_test-010.json,72,1786894787820455476,e3284896aa14c4cf2fa2488ff5bd60f4d1a430c9521a688e1e4550cff48822ae
datasets/cristinakaufalt/finaldatafreeze/phreshphish_FINAL_DATA_FREEZE_v3/_markers/test_test-011.json,72,1786894787508416645,fcc5e7562f2f1f1841e4360edcc0e992defa9a7353f14ce235ad39bd905af2ec
datasets/cristinakaufalt/finaldatafreeze/phreshphish_FINAL_DATA_FREEZE_v3/_markers/test_test-012.json,72,1786894788025586510,c37962224ec9e48405a481eb6ec2310c8821cafaf8952e3c84d040cc5251cc10
datasets/cristinakaufalt/finaldatafreeze/phreshphish_FINAL_DATA_FREEZE_v3/_markers/test_test-013.json,72,1786894787331280696,7a797cfb9282991cb3a20f325bdbe769d309433f0757c94ece44f5d785cea089
datasets/cristinakaufalt/finaldatafreeze/phreshphish_FINAL_DATA_FREEZE_v3/_markers/test_test-014.json,72,1786894787988697436,74965df995ad47fdd8bb38160c99763fae6f64791c54b02ba5f6b44fb809f44d
datasets/cristinakaufalt/finaldatafreeze/phreshphish_FINAL_DATA_FREEZE_v3/_markers/test_test-015.json,72,1786894787732817902,c93277aca59d6fca7ec1007d030971a3e579b7d139c6202bf30011d99a06671b
datasets/cristinakaufalt/finaldatafreeze/phreshphish_FINAL_DATA_FREEZE_v3/_markers/test_test-016.json,72,1786894787641446005,fd0bdafd3004db5b5b90c98318dcb092abaf4a9dd224720e2091da590cff36ef
datasets/cristinakaufalt/finaldatafreeze/phreshphish_FINAL_DATA_FREEZE_v3/_markers/test_test-017.json,72,1786894787638213766,4c235d00d5d28fdf4c45a8dc975b7f6f1e8915297921d2baf83ba6d72a8fdd5f
datasets/cristinakaufalt/finaldatafreeze/phreshphish_FINAL_DATA_FREEZE_v3/_markers/test_test-018.json,72,1786894787177116144,79b848ca5a6806b16381b3ef465c867c51bd615816c3851bb8c6c3704b3108c1
datasets/cristinakaufalt/finaldatafreeze/phreshphish_FINAL_DATA_FREEZE_v3/_markers/test_test-019.json,72,1786894787730328180,72f89ff8303e5d17b502add97f286b269c75e8ecced5879348f15c2c109e0e4e
datasets/cristinakaufalt/finaldatafreeze/phreshphish_FINAL_DATA_FREEZE_v3/_markers/test_test-020.json,72,1786894787515522902,469c21c5ce4249d64fbbb4f217d6ffd1c3d487b67a9b15bb860dd314c7308960
datasets/cristinakaufalt/finaldatafreeze/phreshphish_FINAL_DATA_FREEZE_v3/_markers/train_train-000.json,73,1786894787683181879,c16a7121c0b7c91bb4fbf260fce1c4a49a8a0a5e8f85fda7953ad18a677716fc
datasets/cristinakaufalt/finaldatafreeze/phreshphish_FINAL_DATA_FREEZE_v3/_markers/train_train-001.json,73,1786894787534009933,ef22f79372b88004c665bd13405d3d9f49140eca5be1de9313b2e61b5ae88787
datasets/cristinakaufalt/finaldatafreeze/phreshphish_FINAL_DATA_FREEZE_v3/_markers/train_train-002.json,73,1786894787472846862,ac343cd971e0c6bfa29279c34ed0bae9b5924e8fc3e6747afc81b3b28d0113f4
datasets/cristinakaufalt/finaldatafreeze/phreshphish_FINAL_DATA_FREEZE_v3/_markers/train_train-003.json,73,1786894787483233643,fc10c0f7ee3dafd86654aabaeacc39d307844c7b4120adcc34a8aefcd4f38a91
datasets/cristinakaufalt/finaldatafreeze/phreshphish_FINAL_DATA_FREEZE_v3/_markers/train_train-004.json,73,1786894787470904520,24fe085bdf29b4800f1cc4bfd61558af55c39f8c5123653114c7f5de66147a83
datasets/cristinakaufalt/finaldatafreeze/phreshphish_FINAL_DATA_FREEZE_v3/_markers/train_train-005.json,73,1786894787878508581,baef7789eda38b733cb0879ab3610b47a447dacf7e01b79ac4a6119e27db5b6c
datasets/cristinakaufalt/finaldatafreeze/phreshphish_FINAL_DATA_FREEZE_v3/_markers/train_train-006.json,73,1786894788009013388,6dee1b13909ecb27b94e03453d4a705b89b6ea4ffaa82414c2808e1653b6b90e
datasets/cristinakaufalt/finaldatafreeze/phreshphish_FINAL_DATA_FREEZE_v3/_markers/train_train-007.json,73,1786894787661444118,4cfed58a8a06358ff905facf98e7c3a4a4ed0365f6008749f26d08f3cddc98fb
datasets/cristinakaufalt/finaldatafreeze/phreshphish_FINAL_DATA_FREEZE_v3/_markers/train_train-008.json,73,1786894787411088074,e228cbda1d22e114dace23bbc7178d9fa73b530be13aa9aede67251c0bdded2a
datasets/cristinakaufalt/finaldatafreeze/phreshphish_FINAL_DATA_FREEZE_v3/_markers/train_train-009.json,73,1786894787896913790,1c5d11d3e83d37cb256aba048dd7c2fd60f7e8eeaaf0c2d405f456fa7d99480a
datasets/cristinakaufalt/finaldatafreeze/phreshphish_FINAL_DATA_FREEZE_v3/_markers/train_train-010.json,73,1786894788027451752,12bdba20380a78fee322195b890871e71e7152e9509391b405ac1aadd89923cc
datasets/cristinakaufalt/finaldatafreeze/phreshphish_FINAL_DATA_FREEZE_v3/_markers/train_train-011.json,73,1786894788196008928,e85284c75e68318caf2d04cc5318eb71cf72c182caf133cc617cf3cb39c86181
datasets/cristinakaufalt/finaldatafreeze/phreshphish_FINAL_DATA_FREEZE_v3/_markers/train_train-012.json,73,1786894788193569087,01b06dcf02f970af6d255eb42b80c810e7a59681730dbad5db3932998ee5ad8c
datasets/cristinakaufalt/finaldatafreeze/phreshphish_FINAL_DATA_FREEZE_v3/_markers/train_train-013.json,73,1786894787896306006,f60ff13fe192d877336f68c7eeb87a13789ff969b1fcafe70eba845a05eb6830
datasets/cristinakaufalt/finaldatafreeze/phreshphish_FINAL_DATA_FREEZE_v3/_markers/train_train-014.json,73,1786894787175727179,a9b96e9f49612da2b9b81b302e4aa8cf99114864b390c663169493b25dc9a8ab
datasets/cristinakaufalt/finaldatafreeze/phreshphish_FINAL_DATA_FREEZE_v3/_markers/train_train-015.json,73,1786894787282388821,649ddb5eb12904bedb26f26e75337935dd88edca4893bd563870b82c1c678fe7
datasets/cristinakaufalt/finaldatafreeze/phreshphish_FINAL_DATA_FREEZE_v3/_markers/train_train-016.json,73,1786894787455631090,cd876d0824b91c48e08e846cf74f254e5df9e7c4e7a29b8fcc46dbd9f23293b0
datasets/cristinakaufalt/finaldatafreeze/phreshphish_FINAL_DATA_FREEZE_v3/_markers/train_train-017.json,73,1786894787460280356,79359dd3e681e0834b45736da91a8146e6a1027881d4a536a7048f5c13fd307a
datasets/cristinakaufalt/finaldatafreeze/phreshphish_FINAL_DATA_FREEZE_v3/_markers/train_train-018.json,73,1786894787511579050,3e347b098610df49bae2e2eb44f21fd1e20fa0cb4c0889bd1e2911f89b45337e
datasets/cristinakaufalt/finaldatafreeze/phreshphish_FINAL_DATA_FREEZE_v3/_markers/train_train-019.json,73,1786894787539747211,a8c2e0dbd6f6bfeb0f1487e2eca8f2afa6a1a61076265b188932ee9bb78d7b9c
datasets/cristinakaufalt/finaldatafreeze/phreshphish_FINAL_DATA_FREEZE_v3/_markers/train_train-020.json,73,1786894787483959815,3f1ca6eef055ff825516402cfe1d1effd4e26edc41ba3bd9bd4084d57eeb7c0a
datasets/cristinakaufalt/finaldatafreeze/phreshphish_FINAL_DATA_FREEZE_v3/_markers/train_train-021.json,73,1786894787499620298,a3dbbf60c8bedff62a7d9c7f418c20a1d11cbd9f04c3cc6a8cfb4f92dee4574f
datasets/cristinakaufalt/finaldatafreeze/phreshphish_FINAL_DATA_FREEZE_v3/_markers/train_train-022.json,73,1786894787551270401,775ea717a7ee2c80a18e25aed41548149b6523d923de03dbbbbea23cd04a6c9f
datasets/cristinakaufalt/finaldatafreeze/phreshphish_FINAL_DATA_FREEZE_v3/_markers/train_train-023.json,73,1786894787577019765,32b4e7c79b46c67f0aebb69ff7ec5418c8422f958226a7fd8b1fe0d42c86294b
datasets/cristinakaufalt/finaldatafreeze/phreshphish_FINAL_DATA_FREEZE_v3/_markers/train_train-024.json,73,1786894787645514604,f3032056cf39303434ad20054e0356391108f8bc7b9bec8e6424d0e28922fee3
datasets/cristinakaufalt/finaldatafreeze/phreshphish_FINAL_DATA_FREEZE_v3/_markers/train_train-025.json,73,1786894787732154389,8961e753f3da959e0835816499c6f53eae7352af887f057cbef3c7cdf18be9b9
datasets/cristinakaufalt/finaldatafreeze/phreshphish_FINAL_DATA_FREEZE_v3/_markers/train_train-026.json,73,1786894787666029809,c16d17ac6f25a049a9bac8b0d544e40c44e6965f562dd49ea7c2e2e1fbcbddcf
datasets/cristinakaufalt/finaldatafreeze/phreshphish_FINAL_DATA_FREEZE_v3/_markers/train_train-027.json,73,1786894787619370482,dedd8586bd3fa170c72791c5eb819581073b1a03c0c64990c8be9f7c22e712b5
datasets/cristinakaufalt/finaldatafreeze/phreshphish_FINAL_DATA_FREEZE_v3/_markers/train_train-028.json,73,1786894787754997278,07ae70f1d31f8db9a8f0795f7c17b1dc44af3874902e3e15834974b9b6266604
datasets/cristinakaufalt/finaldatafreeze/phreshphish_FINAL_DATA_FREEZE_v3/_markers/train_train-029.json,73,1786894787686574478,3ac3a762d792e8c11822cd445f9b9bafa50cafdb81e5b41fce9956510273a552
datasets/cristinakaufalt/finaldatafreeze/phreshphish_FINAL_DATA_FREEZE_v3/_markers/train_train-030.json,73,1786894787662851543,a3b9cd5ed8e42873b98abd050ceb752cafab3787305b312f9074cdaf3f243161
datasets/cristinakaufalt/finaldatafreeze/phreshphish_FINAL_DATA_FREEZE_v3/_markers/train_train-031.json,73,1786894787807526099,4609ccf0a87d4120fd9bef2761e6002a3cce5b52abaef830dbdfe69148d1a498
datasets/cristinakaufalt/finaldatafreeze/phreshphish_FINAL_DATA_FREEZE_v3/_markers/train_train-032.json,73,1786894787649482369,ffc2f8ec70bf1911bc3b557b534f902bf8fbc3b71fe450c8a1bbaf1b8a5d9200
datasets/cristinakaufalt/finaldatafreeze/phreshphish_FINAL_DATA_FREEZE_v3/_markers/train_train-033.json,73,1786894787807046270,ade092c6dc8013ed7c0eace128d423bf87ebfb827baa3c850a3ddcb7fe3e4151
datasets/cristinakaufalt/finaldatafreeze/phreshphish_FINAL_DATA_FREEZE_v3/_markers/train_train-034.json,73,1786894787880895646,8a3fca34843d0dc62f943a751ed2a71a82b35cfa0e59330c685a75e76444416e
datasets/cristinakaufalt/finaldatafreeze/phreshphish_FINAL_DATA_FREEZE_v3/_markers/train_train-035.json,73,1786894787899687013,6d219422d659e31a76f0f957d11e0a876ccefb72cb551502e4378a68c8052214
datasets/cristinakaufalt/finaldatafreeze/phreshphish_FINAL_DATA_FREEZE_v3/_markers/train_train-036.json,73,1786894788003894589,2bea5135eb49a5a56ad5ca2348bf1efddf6dd3251e0f7ffe848db9af0f3975c7
datasets/cristinakaufalt/finaldatafreeze/phreshphish_FINAL_DATA_FREEZE_v3/_markers/train_train-037.json,73,1786894787766021617,ee36a197688d0a83619b00515f571d649be68e893d2c067380462d7265f14dba
datasets/cristinakaufalt/finaldatafreeze/phreshphish_FINAL_DATA_FREEZE_v3/_markers/train_train-038.json,73,1786894787781819064,125fe278ba781cf0583bc658e036d65fddb43bd0758c30358fb35182bdf73e79
datasets/cristinakaufalt/finaldatafreeze/phreshphish_FINAL_DATA_FREEZE_v3/_markers/train_train-039.json,73,1786894787969361106,ff4a6014c80b2ae17a9c10c5beb9176f2a5cb9d9f890151f43587512b97c9b80
datasets/cristinakaufalt/finaldatafreeze/phreshphish_FINAL_DATA_FREEZE_v3/_markers/train_train-040.json,73,1786894787872926314,d110a2986163385d2c3175038f1cb962243570e5bac7f309447e09c6bd708e83
datasets/cristinakaufalt/finaldatafreeze/phreshphish_FINAL_DATA_FREEZE_v3/_markers/train_train-041.json,73,1786894787932247652,8cfa0aa325fcfe79f6e7582ee24c294420db0124579d6e456c0ac44cf98b856f
datasets/cristinakaufalt/finaldatafreeze/phreshphish_FINAL_DATA_FREEZE_v3/_markers/train_train-042.json,73,1786894787923674140,1a539de2f2c2a1a0a0162815335d7e7282ff84fb42dc735508998904447c402b
datasets/cristinakaufalt/finaldatafreeze/phreshphish_FINAL_DATA_FREEZE_v3/_markers/train_train-043.json,73,1786894787807418041,c771cff0f436b853d45ea47d77da4ffabe9fe26b78e58a62236121702eb50358
datasets/cristinakaufalt/finaldatafreeze/phreshphish_FINAL_DATA_FREEZE_v3/_markers/train_train-044.json,73,1786894787960537311,c3ccd7fe6168ef0a0abaf73bcef267ed4e62abd46432cb4f3310b14a7b953f5d
datasets/cristinakaufalt/finaldatafreeze/phreshphish_FINAL_DATA_FREEZE_v3/_markers/train_train-045.json,73,1786894787909860635,5e071d0685e180b403529a0c79a7ab5da4f7460d054f786111c8679321a92f6d
datasets/cristinakaufalt/finaldatafreeze/phreshphish_FINAL_DATA_FREEZE_v3/_markers/train_train-046.json,73,1786894788131121153,8ec7c3efe52ea00c6f99423958783db980307a6a71bbdf24f26d23fc3824f7c2
datasets/cristinakaufalt/finaldatafreeze/phreshphish_FINAL_DATA_FREEZE_v3/_markers/train_train-047.json,73,1786894787807668928,d8f0a0995d2f9abd37d1719e55865b669f307ac6f894969d86814012945bb8b7
datasets/cristinakaufalt/finaldatafreeze/phreshphish_FINAL_DATA_FREEZE_v3/_markers/train_train-048.json,73,1786894787921287449,31ae60dc40266c389f01fceda7184d31f478431299a57c1af5cb7c66ed50089c
datasets/cristinakaufalt/finaldatafreeze/phreshphish_FINAL_DATA_FREEZE_v3/_markers/train_train-049.json,73,1786894787983988325,4b4ebb7b0fcc0e2dedcc266b8854a3a3a7c1ceb04159639f9665076034777a9b
datasets/cristinakaufalt/finaldatafreeze/phreshphish_FINAL_DATA_FREEZE_v3/_markers/train_train-050.json,73,1786894787906973614,3c929c148a22503bf045b05e2dbbad2df03b74b089df6c08ae1c63c5826e3a63
datasets/cristinakaufalt/finaldatafreeze/phreshphish_FINAL_DATA_FREEZE_v3/_markers/train_train-051.json,73,1786894787837096187,b82da3cb9c019975a6f5be998cfa57527a0d72d2264094bd7893ef4936e30961
datasets/cristinakaufalt/finaldatafreeze/phreshphish_FINAL_DATA_FREEZE_v3/_markers/train_train-052.json,73,1786894787941552662,f2470dd6bb82d6e7af50622c35e425302789be43f4075be94db0d0f0fc7c654a
datasets/cristinakaufalt/finaldatafreeze/phreshphish_FINAL_DATA_FREEZE_v3/_markers/train_train-053.json,73,1786894787969203951,caf78b4961c47ece0ca6398952319c313b6ec46b78f1a259577409cfa354a840
datasets/cristinakaufalt/finaldatafreeze/phreshphish_FINAL_DATA_FREEZE_v3/_markers/train_train-054.json,73,1786894787825516401,6f9b6972c3684607c00ed0e4057309ce48ffb248ab17127d600d5c21c6e25742
datasets/cristinakaufalt/finaldatafreeze/phreshphish_FINAL_DATA_FREEZE_v3/_markers/train_train-055.json,72,1786894788036321237,eb9abd6b16211c43e4a6ad51c4281a54606feb394683cceb1d99d3666376f790
datasets/cristinakaufalt/finaldatafreeze/phreshphish_FINAL_DATA_FREEZE_v3/_metadata_shards/test-000.parquet,126228,1786894788200631742,464f9ce1ab28492cc8064d2a265b1b35f31ccd5d81d1a5067798d799ca89eaff
datasets/cristinakaufalt/finaldatafreeze/phreshphish_FINAL_DATA_FREEZE_v3/_metadata_shards/test-001.parquet,607141,1786894788397185155,29afde69fed4088db311003be9f22c3b66d6bd34662ebdebce0172c523c3b8f7
datasets/cristinakaufalt/finaldatafreeze/phreshphish_FINAL_DATA_FREEZE_v3/_metadata_shards/test-002.parquet,653238,1786894788575935512,db79eb8e3992bebfd3c06cd9f288180d501c91ef94c1b43435ba61a50ed27aa8
datasets/cristinakaufalt/finaldatafreeze/phreshphish_FINAL_DATA_FREEZE_v3/_metadata_shards/test-003.parquet,747750,1786894788048865381,65d049ccedcc15402a6be8359db0ef8335e97a36b6da7e693c3861db466a5deb
datasets/cristinakaufalt/finaldatafreeze/phreshphish_FINAL_DATA_FREEZE_v3/_metadata_shards/test-004.parquet,800384,1786894788788404995,941cc463b9f63c7aa1709c25cc7ec2379059296110852b5ed279628d398c5d35
datasets/cristinakaufalt/finaldatafreeze/phreshphish_FINAL_DATA_FREEZE_v3/_metadata_shards/test-005.parquet,865402,1786894788142595318,b60fb353d1985fee4915bae99d86677a81bcad93a76f6f01b4ef6f044eb876f8
datasets/cristinakaufalt/finaldatafreeze/phreshphish_FINAL_DATA_FREEZE_v3/_metadata_shards/test-006.parquet,913313,1786894789584836766,a71f209589cbaa9fd3c16680ee9f5407febfe12ea65753073a2700476281cc58
datasets/cristinakaufalt/finaldatafreeze/phreshphish_FINAL_DATA_FREEZE_v3/_metadata_shards/test-007.parquet,959042,1786894789691117939,855255fca177a832a8aa012a9bcf2359790612b6d0c800b4051ae45438637ed1
datasets/cristinakaufalt/finaldatafreeze/phreshphish_FINAL_DATA_FREEZE_v3/_metadata_shards/test-008.parquet,992289,1786894789134531031,516aa9343f384705ad7ba3717d2fff23d466e83aa03e754915a547780bb144a0
datasets/cristinakaufalt/finaldatafreeze/phreshphish_FINAL_DATA_FREEZE_v3/_metadata_shards/test-009.parquet,1017791,1786894789679616810,9add24bb72a2863dfb33595b632f15c3a987e0bacdbaf297d6c1bad4507922fa
datasets/cristinakaufalt/finaldatafreeze/phreshphish_FINAL_DATA_FREEZE_v3/_metadata_shards/test-010.parquet,1030999,1786894789676471472,4152efcf3a1ea5dc3e3b9c2f5864e74941271cd8550a17ba584b785c0c3e1a65
datasets/cristinakaufalt/finaldatafreeze/phreshphish_FINAL_DATA_FREEZE_v3/_metadata_shards/test-011.parquet,1037089,1786894789730041644,c18f3ef288c7a6202488f63b41e6b90a09301a3ac0feab41c88e3b2b1c8b053c
datasets/cristinakaufalt/finaldatafreeze/phreshphish_FINAL_DATA_FREEZE_v3/_metadata_shards/test-012.parquet,1035919,1786894790256963881,51633f856e6964d8de6d8ca5298f27c586cae7f207612f4f8f7168baf3d1f10f
datasets/cristinakaufalt/finaldatafreeze/phreshphish_FINAL_DATA_FREEZE_v3/_metadata_shards/test-013.parquet,1039359,1786894789726794211,0620392c57eb4abfe030b90cfe1428ff8ebee626ea2ff0222b19e52b2f489238
datasets/cristinakaufalt/finaldatafreeze/phreshphish_FINAL_DATA_FREEZE_v3/_metadata_shards/test-014.parquet,1054494,1786894790337279675,167d00f58ff1730d8166f42011ce056aa480ac88be45621e4bc07b7a6c4d235e
datasets/cristinakaufalt/finaldatafreeze/phreshphish_FINAL_DATA_FREEZE_v3/_metadata_shards/test-015.parquet,1063457,1786894790347322548,17294c7261d2e0939112419d5ac5f407b4c7ff0256b88cc3a17a50d903881605
datasets/cristinakaufalt/finaldatafreeze/phreshphish_FINAL_DATA_FREEZE_v3/_metadata_shards/test-016.parquet,1081519,1786894788159141826,a0799241883695d579d203ae3c3d59676e6680648219382ce106fb898cce4ce6
datasets/cristinakaufalt/finaldatafreeze/phreshphish_FINAL_DATA_FREEZE_v3/_metadata_shards/test-017.parquet,1076147,1786894789755609876,36324c200872255beaee93327d01046cd34c33a2f0b4a246c0168a6f4beb7c53
datasets/cristinakaufalt/finaldatafreeze/phreshphish_FINAL_DATA_FREEZE_v3/_metadata_shards/test-018.parquet,1080270,1786894788206291728,82ad8c85bb3f455627cc04079e09654cd24045719cd5917c7d20ec32f76e429c
datasets/cristinakaufalt/finaldatafreeze/phreshphish_FINAL_DATA_FREEZE_v3/_metadata_shards/test-019.parquet,1073911,1786894789292344764,cc73680b24b8f84af6435f5b2b43bc665d4926e3c32ed6916dcb99f2718a5718
datasets/cristinakaufalt/finaldatafreeze/phreshphish_FINAL_DATA_FREEZE_v3/_metadata_shards/test-020.parquet,729606,1786894790147680744,c7fc38ff4647ff5399c8cd799f132247ef0493bebb3f7bf612eb638174e7a95d
datasets/cristinakaufalt/finaldatafreeze/phreshphish_FINAL_DATA_FREEZE_v3/_metadata_shards/train-000.parquet,79207,1786894788239214997,e80385a1a116583d8c19fea7216d852ecfeca7c0c2ada99a01a216cc8eca6e16
datasets/cristinakaufalt/finaldatafreeze/phreshphish_FINAL_DATA_FREEZE_v3/_metadata_shards/train-001.parquet,430008,1786894788603734899,aea3fe7b327aeccb6a069a8742f2f7acecd69596f9f529dd1857aabae022f5f1
datasets/cristinakaufalt/finaldatafreeze/phreshphish_FINAL_DATA_FREEZE_v3/_metadata_shards/train-002.parquet,482762,1786894789618445061,0c65507c91a70696de4e28fab4d95ae71ac3024789136ed2e3a4be63a72b3055
datasets/cristinakaufalt/finaldatafreeze/phreshphish_FINAL_DATA_FREEZE_v3/_metadata_shards/train-003.parquet,536407,1786894788868625545,4eb18247fe2e0b3ccf326a9d858f23c3f24f8d32e6944d8edc84d7fb4dbf80e0
datasets/cristinakaufalt/finaldatafreeze/phreshphish_FINAL_DATA_FREEZE_v3/_metadata_shards/train-004.parquet,549780,1786894788878853912,eb03fc3e089434fefecac0429fb02d9a33745305aca852ec0b47eaf2dd48ca54
datasets/cristinakaufalt/finaldatafreeze/phreshphish_FINAL_DATA_FREEZE_v3/_metadata_shards/train-005.parquet,581277,1786894788908663444,645747e1c8aed04c6469a9c952b7f3c87d2591b894e2ad44a65f3f8e3908d7a0
datasets/cristinakaufalt/finaldatafreeze/phreshphish_FINAL_DATA_FREEZE_v3/_metadata_shards/train-006.parquet,599493,1786894788870675989,4c07b58ce7e66e01543818497b0c2d73eaced22e9e46eab37a90bd653100802d
datasets/cristinakaufalt/finaldatafreeze/phreshphish_FINAL_DATA_FREEZE_v3/_metadata_shards/train-007.parquet,626936,1786894789684956470,ba2b94bb900da7074f05902444f246f34921c1d133d7dc804a00c984c0a20fee
datasets/cristinakaufalt/finaldatafreeze/phreshphish_FINAL_DATA_FREEZE_v3/_metadata_shards/train-008.parquet,635068,1786894789531371868,9420095dca59461df23e9d70871bd2f8356a0e9dfdea40bfe60ed5bc4117d3f5
datasets/cristinakaufalt/finaldatafreeze/phreshphish_FINAL_DATA_FREEZE_v3/_metadata_shards/train-009.parquet,653064,1786894788943771452,b3422d7bf65dbf1882617578945e5fe9d41863971880ff87c485d68ca065202e
datasets/cristinakaufalt/finaldatafreeze/phreshphish_FINAL_DATA_FREEZE_v3/_metadata_shards/train-010.parquet,669399,1786894789678113819,66d1c6ad9293ab799b1df7593771c766c2edb7c3fd064bc9b5863229c5df863e
datasets/cristinakaufalt/finaldatafreeze/phreshphish_FINAL_DATA_FREEZE_v3/_metadata_shards/train-011.parquet,681846,1786894789700811268,89d0e28339bfe5b3afc02a0237f1d27372229fe8bb24f3098d6ae2f3d2766f0e
datasets/cristinakaufalt/finaldatafreeze/phreshphish_FINAL_DATA_FREEZE_v3/_metadata_shards/train-012.parquet,687813,1786894788421416309,95204a3fc95f9de11d18091cbc3bcf379f25863864ea3d04bd47928efb3fa5a8
datasets/cristinakaufalt/finaldatafreeze/phreshphish_FINAL_DATA_FREEZE_v3/_metadata_shards/train-013.parquet,678858,1786894788429398336,27b3db3295dfc0889ad94b5be2f09197d8bb7ab198eed843a38e6ca66a959189
datasets/cristinakaufalt/finaldatafreeze/phreshphish_FINAL_DATA_FREEZE_v3/_metadata_shards/train-014.parquet,685127,1786894788952822086,dab18513e07878c1edf42a3771fff6c1bdaff17fa1ac894e7d27f88ef1b4731f
datasets/cristinakaufalt/finaldatafreeze/phreshphish_FINAL_DATA_FREEZE_v3/_metadata_shards/train-015.parquet,688581,1786894788946000459,2aa5dc7695cd9e6132a7f960893c734c9fa9203e25e859e6aa3a2dc489ef2c9f
datasets/cristinakaufalt/finaldatafreeze/phreshphish_FINAL_DATA_FREEZE_v3/_metadata_shards/train-016.parquet,691027,1786894788426418012,3749455922548156b222c603aebcfd1422208267dfb51963d15d5c97bbc6e888
datasets/cristinakaufalt/finaldatafreeze/phreshphish_FINAL_DATA_FREEZE_v3/_metadata_shards/train-017.parquet,706031,1786894788510986705,c59b3ead3752518bb97fe57a4da3a62b92e37bc3be179c1f60cf1967402f9dd9
datasets/cristinakaufalt/finaldatafreeze/phreshphish_FINAL_DATA_FREEZE_v3/_metadata_shards/train-018.parquet,694929,1786894788726736149,8771ca6730d5224156fd6f98488c434093faebc5e777a92a8083626f349dc6ac
datasets/cristinakaufalt/finaldatafreeze/phreshphish_FINAL_DATA_FREEZE_v3/_metadata_shards/train-019.parquet,705745,1786894790702880964,d565941c76d07373aeb009c3c331b6a37e428c6230a0caa280b67d5abfdb66ca
datasets/cristinakaufalt/finaldatafreeze/phreshphish_FINAL_DATA_FREEZE_v3/_metadata_shards/train-020.parquet,699985,1786894788556183928,d23a7d5ee254db60b0d695022954fe326e342d3609025d58c291d602458853e6
datasets/cristinakaufalt/finaldatafreeze/phreshphish_FINAL_DATA_FREEZE_v3/_metadata_shards/train-021.parquet,698107,1786894788711316232,2bb831ea5d0ed42d9feb9fd6b5cc339a59bd9468a6e8e91e6ea467aacc7ade28
datasets/cristinakaufalt/finaldatafreeze/phreshphish_FINAL_DATA_FREEZE_v3/_metadata_shards/train-022.parquet,705442,1786894788433974444,b6276e434fb0a21273521664e2de3f58b81ea6d7c4ac8a9786ed6a518e6b0bf5
datasets/cristinakaufalt/finaldatafreeze/phreshphish_FINAL_DATA_FREEZE_v3/_metadata_shards/train-023.parquet,699593,1786894789395032116,6f609b6ac37b1813f6752ea6f20bf4f1f523011bdcf11e48b378f9a3706cee5f
datasets/cristinakaufalt/finaldatafreeze/phreshphish_FINAL_DATA_FREEZE_v3/_metadata_shards/train-024.parquet,698249,1786894789165126021,e2f29d5b90b1dcd58aaa0a1a49fa168cd1c301878b0a7ae858f00b7bdb68664d
datasets/cristinakaufalt/finaldatafreeze/phreshphish_FINAL_DATA_FREEZE_v3/_metadata_shards/train-025.parquet,724972,1786894790138854356,6864ae559d8d2e29f982045cc82db225786db89b17fa858b3495a2c333cf8ef6
datasets/cristinakaufalt/finaldatafreeze/phreshphish_FINAL_DATA_FREEZE_v3/_metadata_shards/train-026.parquet,709848,1786894790026416177,6179538dc8faf2c9c6eb56416f5efaf64c150ee23d8717caa27d03b743bd240e
datasets/cristinakaufalt/finaldatafreeze/phreshphish_FINAL_DATA_FREEZE_v3/_metadata_shards/train-027.parquet,710822,1786894790565685647,666f5197477b09c32bf306c546a4c0b6d39077450bccc18bcb7823de6594a711
datasets/cristinakaufalt/finaldatafreeze/phreshphish_FINAL_DATA_FREEZE_v3/_metadata_shards/train-028.parquet,715818,1786894790144556913,e7679fd2d27f7052cb30e7e1f6c54949c53a4622e6e54b06df1a76dc969ab0ed
datasets/cristinakaufalt/finaldatafreeze/phreshphish_FINAL_DATA_FREEZE_v3/_metadata_shards/train-029.parquet,720015,1786894789284157125,a25eeb11618c470f1574f9f4dfdb4d3169ccfcff52ad42570e0f1bc55b969d6e
datasets/cristinakaufalt/finaldatafreeze/phreshphish_FINAL_DATA_FREEZE_v3/_metadata_shards/train-030.parquet,722735,1786894789310648630,802101722cad8a1073eb8401ea0e740231159351a6416fcc9854f27fc65c7535
datasets/cristinakaufalt/finaldatafreeze/phreshphish_FINAL_DATA_FREEZE_v3/_metadata_shards/train-031.parquet,717005,1786894789761674118,b3eb08839d2dc0fc63a914441cec376c6db0cb09ed1f2ba69af0ab5a1a6f1bc1
datasets/cristinakaufalt/finaldatafreeze/phreshphish_FINAL_DATA_FREEZE_v3/_metadata_shards/train-032.parquet,718618,1786894789956121142,e999e465a99ba55ebcc996f17b7cba71cae9ac8ba149e3e9d93e87848bac623c
datasets/cristinakaufalt/finaldatafreeze/phreshphish_FINAL_DATA_FREEZE_v3/_metadata_shards/train-033.parquet,716765,1786894788831635874,c5c45d1229008a3cda41aeb95935a2518844f1e32948ada9c54c207826d0ec30
datasets/cristinakaufalt/finaldatafreeze/phreshphish_FINAL_DATA_FREEZE_v3/_metadata_shards/train-034.parquet,717205,1786894788768999188,f91f931b66d404f69cd34cee88642aedf8764a1b490f92054f970cf14d8aa9c3
datasets/cristinakaufalt/finaldatafreeze/phreshphish_FINAL_DATA_FREEZE_v3/_metadata_shards/train-035.parquet,716182,1786894788772768257,52d2255de7251a4f9984c46e507a535e8fe0bbf67b90d7114a6e684d87a8f03d
datasets/cristinakaufalt/finaldatafreeze/phreshphish_FINAL_DATA_FREEZE_v3/_metadata_shards/train-036.parquet,713078,1786894788824496149,e71d5acfd7b861c8991179316fb4bebada8fc56188cb8f1da9266a6fb55a3315
datasets/cristinakaufalt/finaldatafreeze/phreshphish_FINAL_DATA_FREEZE_v3/_metadata_shards/train-037.parquet,711980,1786894788851082693,ffc3e68269084661b5e601118d88a581a4af81fc989e7015b97e56d662e5233f
datasets/cristinakaufalt/finaldatafreeze/phreshphish_FINAL_DATA_FREEZE_v3/_metadata_shards/train-038.parquet,713013,1786894789582478811,e464b79245bac6c1b89dbce75669b0e7adf6006009920308179b62b5f0c3b995
datasets/cristinakaufalt/finaldatafreeze/phreshphish_FINAL_DATA_FREEZE_v3/_metadata_shards/train-039.parquet,710200,1786894789661740360,21ba257f4e626c202e974b5ad2c36b4592836607265f8af52921660eb712429f
datasets/cristinakaufalt/finaldatafreeze/phreshphish_FINAL_DATA_FREEZE_v3/_metadata_shards/train-040.parquet,715186,1786894789649421026,3539b2a0d177e0072da6b13db41351e98cc3f958b6b3e0daa0b59702014b5b90
datasets/cristinakaufalt/finaldatafreeze/phreshphish_FINAL_DATA_FREEZE_v3/_metadata_shards/train-041.parquet,713287,1786894788872362640,ca1e346a0a1242b938d8025e378c4e107a8bdcfe50a2d8a4fd8659e4f0ce5cad
datasets/cristinakaufalt/finaldatafreeze/phreshphish_FINAL_DATA_FREEZE_v3/_metadata_shards/train-042.parquet,710733,1786894788838070850,39cd76ab7c5913c112500da4a84278cc8684bb2184fcb823955c426edc744df4
datasets/cristinakaufalt/finaldatafreeze/phreshphish_FINAL_DATA_FREEZE_v3/_metadata_shards/train-043.parquet,702294,1786894788541763835,2cae381edaf7e5c6fa23c6500fc5f3fa0f92babf9410b3666f613ac5ade8e696
datasets/cristinakaufalt/finaldatafreeze/phreshphish_FINAL_DATA_FREEZE_v3/_metadata_shards/train-044.parquet,704276,1786894789667093766,70cfd475b0feb9a6fb109d9cfe0261f3fb69b992f09944b848f6a66206a01915
datasets/cristinakaufalt/finaldatafreeze/phreshphish_FINAL_DATA_FREEZE_v3/_metadata_shards/train-045.parquet,707297,1786894788564676826,e89f20a136ff4fdf4fdc237ba4266ce7cfd5b9b3dd51dd12846b5d49482b3dec
datasets/cristinakaufalt/finaldatafreeze/phreshphish_FINAL_DATA_FREEZE_v3/_metadata_shards/train-046.parquet,710012,1786894788584832948,0d04ad4bef1f49191d07829cf8c8932fcb7ce56db64a9fc8e53ddcf38c2cf18b
datasets/cristinakaufalt/finaldatafreeze/phreshphish_FINAL_DATA_FREEZE_v3/_metadata_shards/train-047.parquet,726139,1786894789722813255,794904086fa4721bc8b8ace6465e528c341bbb6fd5049b61b10590227a7af7a9
datasets/cristinakaufalt/finaldatafreeze/phreshphish_FINAL_DATA_FREEZE_v3/_metadata_shards/train-048.parquet,702232,1786894789414224328,4af79b412fabdb3a3322a1a21c01c1c57a0f7ff535eb7ff48f57eea0a51d7766
datasets/cristinakaufalt/finaldatafreeze/phreshphish_FINAL_DATA_FREEZE_v3/_metadata_shards/train-049.parquet,704638,1786894789418143552,2c0dc4f127a77f8dea0b43c4a136d8d55d91410cc952012758f668a6c1a26f40
datasets/cristinakaufalt/finaldatafreeze/phreshphish_FINAL_DATA_FREEZE_v3/_metadata_shards/train-050.parquet,708978,1786894789414372581,9d24d3b237ef84ed328bf08b03e5642b6c4819e7edaed0696538750845d40500
datasets/cristinakaufalt/finaldatafreeze/phreshphish_FINAL_DATA_FREEZE_v3/_metadata_shards/train-051.parquet,715721,1786894789770945320,fbab71b529aefbd5ac1d37e5b906f9ae25146988a2c86b67b8220bb31f321717
datasets/cristinakaufalt/finaldatafreeze/phreshphish_FINAL_DATA_FREEZE_v3/_metadata_shards/train-052.parquet,714541,1786894790826667052,50c7e899a710c245348bb1a6018fd71b2b8a213dcb82ce36e458afdfaeaea691
datasets/cristinakaufalt/finaldatafreeze/phreshphish_FINAL_DATA_FREEZE_v3/_metadata_shards/train-053.parquet,722392,1786894790829549240,1d3dd4766514c8aec3237f58947c09e0dbaaf65f794f5954c60604c16d4defb7
datasets/cristinakaufalt/finaldatafreeze/phreshphish_FINAL_DATA_FREEZE_v3/_metadata_shards/train-054.parquet,707686,1786894789785767422,62f376eb474243486338a7bd7376231a70d877c8af76e842f66152bb2b085435
datasets/cristinakaufalt/finaldatafreeze/phreshphish_FINAL_DATA_FREEZE_v3/_metadata_shards/train-055.parquet,31956,1786894789442657576,25247eddba13f339a7068777d983ba102bffb03904426d1b8611441022b26f72
datasets/cristinakaufalt/finaldatafreeze/phreshphish_FINAL_DATA_FREEZE_v3/_tmp_raw/.cache/huggingface/.gitignore,1,1786894788802495426,684888c0ebb17f374298b65ee2807526c066094c701bcc7ebbe1c1095f494fc1
datasets/cristinakaufalt/finaldatafreeze/phreshphish_FINAL_DATA_FREEZE_v3/_tmp_raw/.cache/huggingface/CACHEDIR.TAG,191,1786894788942954150,f6572428f6d5e1575e73a1502895a8731f10757dfbb634909c6e154b849af91d
datasets/cristinakaufalt/finaldatafreeze/phreshphish_FINAL_DATA_FREEZE_v3/_tmp_raw/.cache/huggingface/download/data/test-000.parquet.metadata,125,1786894789140947960,fcff4fe0c6e9afc473444b597918684faf110fee9455bf3add3e37d3b41ffa7d
datasets/cristinakaufalt/finaldatafreeze/phreshphish_FINAL_DATA_FREEZE_v3/_tmp_raw/.cache/huggingface/download/data/test-001.parquet.metadata,125,1786894788998327610,2d19271dead1262fb65cffc495f8c4c517fb8d8eec24cd1fa6e258e9f5fbceb0
datasets/cristinakaufalt/finaldatafreeze/phreshphish_FINAL_DATA_FREEZE_v3/_tmp_raw/.cache/huggingface/download/data/test-002.parquet.metadata,125,1786894789261174457,6eb8e28950c8514f9fcce41def73257c1bde2f65b321d69378985c1a69732e58
datasets/cristinakaufalt/finaldatafreeze/phreshphish_FINAL_DATA_FREEZE_v3/_tmp_raw/.cache/huggingface/download/data/test-003.parquet.metadata,124,1786894788828600636,342dde79feedb1279abc83e4e836cfa254faf628a6f726ef8bfabd9ae5f0c45e
datasets/cristinakaufalt/finaldatafreeze/phreshphish_FINAL_DATA_FREEZE_v3/_tmp_raw/.cache/huggingface/download/data/test-004.parquet.metadata,125,1786894789043691894,6cec32b9c01b5978fd2c78f641b95aa6590105a132edb0538c592c709eed0d7b
datasets/cristinakaufalt/finaldatafreeze/phreshphish_FINAL_DATA_FREEZE_v3/_tmp_raw/.cache/huggingface/download/data/test-005.parquet.metadata,123,1786894788741678814,39703c0298881a0d2dcc54f50e621efa7d1cd638b6581dfc6a28754684fa8d23
datasets/cristinakaufalt/finaldatafreeze/phreshphish_FINAL_DATA_FREEZE_v3/_tmp_raw/.cache/huggingface/download/data/test-006.parquet.metadata,125,1786894788739067212,20cdf8920c2f8c0920d168b0af17a0fd533bb5eec7a33b517205b55afc808166
datasets/cristinakaufalt/finaldatafreeze/phreshphish_FINAL_DATA_FREEZE_v3/_tmp_raw/.cache/huggingface/download/data/test-007.parquet.metadata,125,1786894788870015614,965a11e997bbcd2afde4f2761243e5229229ada3aa0b238f26a845fe82ec4b88
datasets/cristinakaufalt/finaldatafreeze/phreshphish_FINAL_DATA_FREEZE_v3/_tmp_raw/.cache/huggingface/download/data/test-008.parquet.metadata,125,1786894789256814746,656db454c7fd85d9795411a7ba516963035aff06612bea1c379eccf8a619c8e0
datasets/cristinakaufalt/finaldatafreeze/phreshphish_FINAL_DATA_FREEZE_v3/_tmp_raw/.cache/huggingface/download/data/test-009.parquet.metadata,125,1786894788858423926,608130def8e91bdd31afed48b10dc9e6a280dcebd5940d8c0e05e2047e1a1f87
datasets/cristinakaufalt/finaldatafreeze/phreshphish_FINAL_DATA_FREEZE_v3/_tmp_raw/.cache/huggingface/download/data/test-010.parquet.metadata,125,1786894788942996634,1c7fc87c35ae3d34935ea7f477520b898b040848e29d062df7cbcd81f2dc9d11
datasets/cristinakaufalt/finaldatafreeze/phreshphish_FINAL_DATA_FREEZE_v3/_tmp_raw/.cache/huggingface/download/data/test-011.parquet.metadata,124,1786894788893402458,e76b2ca3cbbbaa12d4159892bf326f5b18a54f08b543a7160bdc5e737561a07b
datasets/cristinakaufalt/finaldatafreeze/phreshphish_FINAL_DATA_FREEZE_v3/_tmp_raw/.cache/huggingface/download/data/test-012.parquet.metadata,125,1786894789265375556,133bb4fc7256363f75c8a1ae4bf23cb7337cace0b1f22f0f4a801e9d6e366e90
datasets/cristinakaufalt/finaldatafreeze/phreshphish_FINAL_DATA_FREEZE_v3/_tmp_raw/.cache/huggingface/download/data/test-013.parquet.metadata,125,1786894788983308281,a9d31a99dfd9535c88eab1a7b23eb7a6e85f3b1ffbdad2d5d7c1c8b36b0fa019
datasets/cristinakaufalt/finaldatafreeze/phreshphish_FINAL_DATA_FREEZE_v3/_tmp_raw/.cache/huggingface/download/data/test-014.parquet.metadata,125,1786894788969721032,f53faf4fcd5b2ae423524af51eb9a1626ca2a8b7d18755c6f1353b09343d026b
datasets/cristinakaufalt/finaldatafreeze/phreshphish_FINAL_DATA_FREEZE_v3/_tmp_raw/.cache/huggingface/download/data/test-015.parquet.metadata,123,1786894789285089774,70fe58c0f5b2ba91d9bcc4dc0b9acb13fdc465f545bd0d5f1376c29eb0ed3adc
datasets/cristinakaufalt/finaldatafreeze/phreshphish_FINAL_DATA_FREEZE_v3/_tmp_raw/.cache/huggingface/download/data/test-016.parquet.metadata,125,1786894789335978372,cb29bb2dc6fd8943dfd7898f27df761aca29489da7052fae8327c1515a39d522
datasets/cristinakaufalt/finaldatafreeze/phreshphish_FINAL_DATA_FREEZE_v3/_tmp_raw/.cache/huggingface/download/data/test-017.parquet.metadata,125,1786894789004469437,96307567d161a0d833ea25829ec9b3fca085533a3efc527770705d656c8477cf
datasets/cristinakaufalt/finaldatafreeze/phreshphish_FINAL_DATA_FREEZE_v3/_tmp_raw/.cache/huggingface/download/data/test-018.parquet.metadata,125,1786894789320259900,99bf9c70e98097feb71e87cf02b5debbf72ed55054923b342c24cd846ad46315
datasets/cristinakaufalt/finaldatafreeze/phreshphish_FINAL_DATA_FREEZE_v3/_tmp_raw/.cache/huggingface/download/data/test-019.parquet.metadata,124,1786894789142156062,99b584714f734b3a97c8a3515e15f963848fe96207ed6d664b9318f08c1ff51e
datasets/cristinakaufalt/finaldatafreeze/phreshphish_FINAL_DATA_FREEZE_v3/_tmp_raw/.cache/huggingface/download/data/test-020.parquet.metadata,125,1786894789149141514,d5bfb100f1af58d7055d25cd5aaaa1723329df1905b416644c35e84019b59e30
datasets/cristinakaufalt/finaldatafreeze/phreshphish_FINAL_DATA_FREEZE_v3/_tmp_raw/.cache/huggingface/download/data/train-000.parquet.metadata,124,1786894789126840894,1af6b3b6244cd707d65ab26011de5b26e0d16790fe001e1058a3a2a24080c9ec
datasets/cristinakaufalt/finaldatafreeze/phreshphish_FINAL_DATA_FREEZE_v3/_tmp_raw/.cache/huggingface/download/data/train-001.parquet.metadata,125,1786894789338605694,80e842a9832f67e99c37131eb466b1d9b57f543d9a698efc005190b3513a1b7c
datasets/cristinakaufalt/finaldatafreeze/phreshphish_FINAL_DATA_FREEZE_v3/_tmp_raw/.cache/huggingface/download/data/train-002.parquet.metadata,125,1786894789128302774,5762ecd3d941cfdc0c9dd015e3b42c46c8b786cd1465e54bd37a093eeb18f6ea
datasets/cristinakaufalt/finaldatafreeze/phreshphish_FINAL_DATA_FREEZE_v3/_tmp_raw/.cache/huggingface/download/data/train-003.parquet.metadata,125,1786894789336062108,a0d27cee68696b8f2211b1358f1614d3f9ebd72cf8d55feed8890dcfd702eb57
datasets/cristinakaufalt/finaldatafreeze/phreshphish_FINAL_DATA_FREEZE_v3/_tmp_raw/.cache/huggingface/download/data/train-004.parquet.metadata,123,1786894789126515602,a3ef5f848b9cc61aa5fb32384ad27c52af86b6b82adf4c83d643696906650a19
datasets/cristinakaufalt/finaldatafreeze/phreshphish_FINAL_DATA_FREEZE_v3/_tmp_raw/.cache/huggingface/download/data/train-005.parquet.metadata,124,1786894789110878082,6c059d9dd1d74e116e7c5b4a1dbe163fba0c1d22a924786ea79b8aac05685186
datasets/cristinakaufalt/finaldatafreeze/phreshphish_FINAL_DATA_FREEZE_v3/_tmp_raw/.cache/huggingface/download/data/train-006.parquet.metadata,125,1786894789125736965,fd21344a5b40f6c8c2c80c99ef86a001c796d7c84542a71ea1702512b793f15f
datasets/cristinakaufalt/finaldatafreeze/phreshphish_FINAL_DATA_FREEZE_v3/_tmp_raw/.cache/huggingface/download/data/train-007.parquet.metadata,125,1786894789287660367,3fa54595a87b668e0061c8aed4d1386cb5ead387ad3d20caff0c0fd124258083
datasets/cristinakaufalt/finaldatafreeze/phreshphish_FINAL_DATA_FREEZE_v3/_tmp_raw/.cache/huggingface/download/data/train-008.parquet.metadata,125,1786894789126238568,1a9ad599a57614563e1b46f3a0de4dc1143d26d827b534434ec287b719567db1
datasets/cristinakaufalt/finaldatafreeze/phreshphish_FINAL_DATA_FREEZE_v3/_tmp_raw/.cache/huggingface/download/data/train-009.parquet.metadata,124,1786894789322740134,e1bac0876884988caac0ff74ff24f94f720c301f97b081d02b2a49ef86c755d0
datasets/cristinakaufalt/finaldatafreeze/phreshphish_FINAL_DATA_FREEZE_v3/_tmp_raw/.cache/huggingface/download/data/train-010.parquet.metadata,125,1786894789130662512,4056241d016c842f7532dc2fca947bf35926e5a1469eb038da026ecd44a26183
datasets/cristinakaufalt/finaldatafreeze/phreshphish_FINAL_DATA_FREEZE_v3/_tmp_raw/.cache/huggingface/download/data/train-011.parquet.metadata,125,1786894789261955998,5db9016c52a8597a1c41b5584d1ffdc3bbece23a1d8befec711fd0df118ac55e
datasets/cristinakaufalt/finaldatafreeze/phreshphish_FINAL_DATA_FREEZE_v3/_tmp_raw/.cache/huggingface/download/data/train-012.parquet.metadata,125,1786894789287062676,708e16db1138ea7b8a15350c1d58edaf24233f6054fbbbd72d7d3f34bac2ce0d
datasets/cristinakaufalt/finaldatafreeze/phreshphish_FINAL_DATA_FREEZE_v3/_tmp_raw/.cache/huggingface/download/data/train-013.parquet.metadata,125,1786894789232431781,9194ad4f771cbc35c7521d7b553c3ac944c744f4343ed1a0a61c6446a7d52c7b
datasets/cristinakaufalt/finaldatafreeze/phreshphish_FINAL_DATA_FREEZE_v3/_tmp_raw/.cache/huggingface/download/data/train-014.parquet.metadata,125,1786894789394321918,5a910f7cffea83bd1d941ed04f14bad711dd898a0973e83fd92f3a9d9e8a8949
datasets/cristinakaufalt/finaldatafreeze/phreshphish_FINAL_DATA_FREEZE_v3/_tmp_raw/.cache/huggingface/download/data/train-015.parquet.metadata,125,1786894789391759773,5bbbd25d7e0e054a7f7063dcadc074869ee58c6b86281de29a4fc1c6f0571847
datasets/cristinakaufalt/finaldatafreeze/phreshphish_FINAL_DATA_FREEZE_v3/_tmp_raw/.cache/huggingface/download/data/train-016.parquet.metadata,122,1786894789303230168,6780857541c5a4382beb7bd533f30cb1f8e42c6c49152656221486af9ebced2a
datasets/cristinakaufalt/finaldatafreeze/phreshphish_FINAL_DATA_FREEZE_v3/_tmp_raw/.cache/huggingface/download/data/train-017.parquet.metadata,125,1786894789147965681,75e1be092157271792d9d02f70c054c2d8f10373b3777fff6a18121730e6790d
datasets/cristinakaufalt/finaldatafreeze/phreshphish_FINAL_DATA_FREEZE_v3/_tmp_raw/.cache/huggingface/download/data/train-018.parquet.metadata,125,1786894789163276355,737fbe707c1798435d65d4010a56ead290eb93fa7204a2eab82e16711613a724
datasets/cristinakaufalt/finaldatafreeze/phreshphish_FINAL_DATA_FREEZE_v3/_tmp_raw/.cache/huggingface/download/data/train-019.parquet.metadata,125,1786894789423794462,28a54abbbea225a075181727934ab27f463f30033875b6e1786e004d593d1fe4
datasets/cristinakaufalt/finaldatafreeze/phreshphish_FINAL_DATA_FREEZE_v3/_tmp_raw/.cache/huggingface/download/data/train-020.parquet.metadata,125,1786894789161822706,3a0256e6819f3463e1f91ccc75844506478b84600cac5e3dcb1c7aab6c1b4bd7
datasets/cristinakaufalt/finaldatafreeze/phreshphish_FINAL_DATA_FREEZE_v3/_tmp_raw/.cache/huggingface/download/data/train-021.parquet.metadata,125,1786894789279348419,0f8923cbbace8e7b2c10e49bec2210f3932de2877702705a5373d948252a1a9a
datasets/cristinakaufalt/finaldatafreeze/phreshphish_FINAL_DATA_FREEZE_v3/_tmp_raw/.cache/huggingface/download/data/train-022.parquet.metadata,125,1786894789312798808,a735620c9633344522a2386c5bb4d7d7ca19e79708eeda8ed4a8a47e5ea9d1d9
datasets/cristinakaufalt/finaldatafreeze/phreshphish_FINAL_DATA_FREEZE_v3/_tmp_raw/.cache/huggingface/download/data/train-023.parquet.metadata,125,1786894789471123797,17ac342e81e8e68e3ec94e94045ea9c3236f8bccd2c836bf7bcc794b8dfd5ef6
datasets/cristinakaufalt/finaldatafreeze/phreshphish_FINAL_DATA_FREEZE_v3/_tmp_raw/.cache/huggingface/download/data/train-024.parquet.metadata,125,1786894789463408179,b7589e7a40e32f13a0df1920d44686ecd86e1dfc01dcfd243f1b4d760aafde84
datasets/cristinakaufalt/finaldatafreeze/phreshphish_FINAL_DATA_FREEZE_v3/_tmp_raw/.cache/huggingface/download/data/train-025.parquet.metadata,125,1786894789419764349,046dfd42ae05c0bb11c626ec4862ffff335619744f38a1bd59779ee30f21a8b9
datasets/cristinakaufalt/finaldatafreeze/phreshphish_FINAL_DATA_FREEZE_v3/_tmp_raw/.cache/huggingface/download/data/train-026.parquet.metadata,123,1786894789228504490,10aad2799ff5e9612a5d04ce34c885722cb8024c34fb80b05b3a1e81082259b9
datasets/cristinakaufalt/finaldatafreeze/phreshphish_FINAL_DATA_FREEZE_v3/_tmp_raw/.cache/huggingface/download/data/train-027.parquet.metadata,124,1786894789189233232,7a888f61b5989cd18be4f0eb34aa2c9aa1e41b5e43c2b889f684c841ff0573be
datasets/cristinakaufalt/finaldatafreeze/phreshphish_FINAL_DATA_FREEZE_v3/_tmp_raw/.cache/huggingface/download/data/train-028.parquet.metadata,124,1786894789355147045,809c9d0f21842db18e5ad147006c2ce5fbc7b5694663d49be7fc11fad7eed209
datasets/cristinakaufalt/finaldatafreeze/phreshphish_FINAL_DATA_FREEZE_v3/_tmp_raw/.cache/huggingface/download/data/train-029.parquet.metadata,125,1786894789369256579,cb8fb0fb06b8c0eb66d9d4eb8489258f4b5caad4c057d6f02ac59e310e5aff9c
datasets/cristinakaufalt/finaldatafreeze/phreshphish_FINAL_DATA_FREEZE_v3/_tmp_raw/.cache/huggingface/download/data/train-030.parquet.metadata,124,1786894789366657623,28aff564951d3b6f124bc07e3f1705780ceb5efab40367f295d3ed19749633b5
datasets/cristinakaufalt/finaldatafreeze/phreshphish_FINAL_DATA_FREEZE_v3/_tmp_raw/.cache/huggingface/download/data/train-031.parquet.metadata,125,1786894789542168672,298283826817a5955c47594d138431a0e3ca3eb9378c8e0033be7e49ef7eabfc
datasets/cristinakaufalt/finaldatafreeze/phreshphish_FINAL_DATA_FREEZE_v3/_tmp_raw/.cache/huggingface/download/data/train-032.parquet.metadata,125,1786894789344149742,adb9bcfcf2ef4d8f3766c508ff79f0bc1e337bd57d8aba703e11661690f44b91
datasets/cristinakaufalt/finaldatafreeze/phreshphish_FINAL_DATA_FREEZE_v3/_tmp_raw/.cache/huggingface/download/data/train-033.parquet.metadata,124,1786894789550032396,24e54938cfc228735948f2a07dfb7ff364e5c7f42e800b314ed3c6521779fd28
datasets/cristinakaufalt/finaldatafreeze/phreshphish_FINAL_DATA_FREEZE_v3/_tmp_raw/.cache/huggingface/download/data/train-034.parquet.metadata,125,1786894789253119518,d0d7e1c466da93c52c1050582b6e7cb9568a38ed74b19a0af73993b3444a6bbf
datasets/cristinakaufalt/finaldatafreeze/phreshphish_FINAL_DATA_FREEZE_v3/_tmp_raw/.cache/huggingface/download/data/train-035.parquet.metadata,125,1786894789479619232,f0fd807786462d0578ddbbaf1437fd8f96223409a9cec200e07b4351c661c58b
datasets/cristinakaufalt/finaldatafreeze/phreshphish_FINAL_DATA_FREEZE_v3/_tmp_raw/.cache/huggingface/download/data/train-036.parquet.metadata,124,1786894789592036091,be76a7cd77eb3e82c6454fc2362c6a6e750071154f585d895b5cc745d49d9a3e
datasets/cristinakaufalt/finaldatafreeze/phreshphish_FINAL_DATA_FREEZE_v3/_tmp_raw/.cache/huggingface/download/data/train-037.parquet.metadata,124,1786894789638518919,4001c7932bbf2a8e4ba0fcc0deee56356aa13e656960f489e97d7f1480a0a51b
datasets/cristinakaufalt/finaldatafreeze/phreshphish_FINAL_DATA_FREEZE_v3/_tmp_raw/.cache/huggingface/download/data/train-038.parquet.metadata,124,1786894789577396297,843f2c8bbe1d59b2cea15cffd59e9b0dee31da5bb938564f202ab8a41e983fc1
datasets/cristinakaufalt/finaldatafreeze/phreshphish_FINAL_DATA_FREEZE_v3/_tmp_raw/.cache/huggingface/download/data/train-039.parquet.metadata,124,1786894789589697057,835dca03d1c7df6b1ddeb36c22c75d4ef6e76d76d571356bbf2586561a261a50
datasets/cristinakaufalt/finaldatafreeze/phreshphish_FINAL_DATA_FREEZE_v3/_tmp_raw/.cache/huggingface/download/data/train-040.parquet.metadata,125,1786894789384932375,3fb943574699920ac160a16ede20ae8d1862134d9714af5932138d3feef3db66
datasets/cristinakaufalt/finaldatafreeze/phreshphish_FINAL_DATA_FREEZE_v3/_tmp_raw/.cache/huggingface/download/data/train-041.parquet.metadata,125,1786894789393003681,9993f15c403c828168857f3714679c3ef41146bac776e77564f4ad2c7e3b7b09
datasets/cristinakaufalt/finaldatafreeze/phreshphish_FINAL_DATA_FREEZE_v3/_tmp_raw/.cache/huggingface/download/data/train-042.parquet.metadata,124,1786894789387705018,bacf6a38662e9e1892a031bd5c7b13055176974afce21643528317683d088a8a
datasets/cristinakaufalt/finaldatafreeze/phreshphish_FINAL_DATA_FREEZE_v3/_tmp_raw/.cache/huggingface/download/data/train-043.parquet.metadata,125,1786894789451719048,7260b05d17799adb21d59ccf53d27f429b1751f4f630495e9ad67ddf810f2199
datasets/cristinakaufalt/finaldatafreeze/phreshphish_FINAL_DATA_FREEZE_v3/_tmp_raw/.cache/huggingface/download/data/train-044.parquet.metadata,125,1786894789583828356,2026b07609b018afb82690becdb6e9b2ff2a1339ce4fe53b5513bc77ae963d3d
datasets/cristinakaufalt/finaldatafreeze/phreshphish_FINAL_DATA_FREEZE_v3/_tmp_raw/.cache/huggingface/download/data/train-045.parquet.metadata,125,1786894789350827842,6e9c82d789caabb75f185e959fcf0be881193862566cb0850cb393c9adf27398
datasets/cristinakaufalt/finaldatafreeze/phreshphish_FINAL_DATA_FREEZE_v3/_tmp_raw/.cache/huggingface/download/data/train-046.parquet.metadata,124,1786894789583644312,042d4d66a2589d9a93be9b8d060d03334db1120917ab573e4b8465a2c7c379d6
datasets/cristinakaufalt/finaldatafreeze/phreshphish_FINAL_DATA_FREEZE_v3/_tmp_raw/.cache/huggingface/download/data/train-047.parquet.metadata,125,1786894789573624451,4cdc8ecbec3d1341ecb5912c119290e36caed0dffdfdadce2298c1c49b10ce42
datasets/cristinakaufalt/finaldatafreeze/phreshphish_FINAL_DATA_FREEZE_v3/_tmp_raw/.cache/huggingface/download/data/train-048.parquet.metadata,124,1786894789351140300,89e5ac451093d5e1789767dfdc084a586f756cce3ca561961971e3dd9c72b336
datasets/cristinakaufalt/finaldatafreeze/phreshphish_FINAL_DATA_FREEZE_v3/_tmp_raw/.cache/huggingface/download/data/train-049.parquet.metadata,124,1786894789481494913,adb4f801c9e430701982ab8fe1d8976c6ce1aa8d0baa74aa0e82121046d7f44f
datasets/cristinakaufalt/finaldatafreeze/phreshphish_FINAL_DATA_FREEZE_v3/_tmp_raw/.cache/huggingface/download/data/train-050.parquet.metadata,125,1786894789484231379,a5679ac3ee8ec78057c10fce572b6ff13995febbf3fc96ca92e205ab182502ac
datasets/cristinakaufalt/finaldatafreeze/phreshphish_FINAL_DATA_FREEZE_v3/_tmp_raw/.cache/huggingface/download/data/train-051.parquet.metadata,125,1786894789483478082,a5eaa89a89a8521ef174a0d00385d1c5dd6e690815e911a8fa18f6a74995ce67
datasets/cristinakaufalt/finaldatafreeze/phreshphish_FINAL_DATA_FREEZE_v3/_tmp_raw/.cache/huggingface/download/data/train-052.parquet.metadata,125,1786894789819528175,d9cbec2b4a957b20fd29d3faf9e34b565cefbac3820549d2853a82797fc6d9c6
datasets/cristinakaufalt/finaldatafreeze/phreshphish_FINAL_DATA_FREEZE_v3/_tmp_raw/.cache/huggingface/download/data/train-053.parquet.metadata,125,1786894789823090776,70354c7a5efd4e2827c8d0afeaef608202888891ae2f300da82f0b71c6966a15
datasets/cristinakaufalt/finaldatafreeze/phreshphish_FINAL_DATA_FREEZE_v3/_tmp_raw/.cache/huggingface/download/data/train-054.parquet.metadata,125,1786894789487162490,202f5f77c465028c2c84c82e698bfd3b5b2f194ea69cb7220b5e8ab0f57fdbe6
datasets/cristinakaufalt/finaldatafreeze/phreshphish_FINAL_DATA_FREEZE_v3/_tmp_raw/.cache/huggingface/download/data/train-055.parquet.metadata,124,1786894789769480481,97079d55a4b7242d67ad96806eef0a0ab47f87e271c6f5b7ba182a3e9e32c242
datasets/cristinakaufalt/finaldatafreeze/phreshphish_FINAL_DATA_FREEZE_v3/audit/ACTIVE_LEARNING_NOTE.txt,186,1786894789671550669,24e8c955d9c1d084d795549c7a26c578f9b162a5b14d3adc9b78ef44a559fe01
datasets/cristinakaufalt/finaldatafreeze/phreshphish_FINAL_DATA_FREEZE_v3/audit/DATA_FREEZE_SPEC.json,874,1786894789690429622,7344833444b108582ad199672828c514ea66829383ed9d73d0df490595b632f6
datasets/cristinakaufalt/finaldatafreeze/phreshphish_FINAL_DATA_FREEZE_v3/audit/LABELSET_AUDIT.csv,2633,1786894789674484566,efc8fc6cc20ff610aac72b9d3bd98a2318dbb317dc3ae542c7a2a6459f3ef7b1
datasets/cristinakaufalt/finaldatafreeze/phreshphish_FINAL_DATA_FREEZE_v3/audit/LEGACY_ANCHOR_AUDIT.json,185,1786894789913783426,85799a7ccabe74870bd308a873e4e4944da18e46ebbc6116cecb0e298963c0ba
datasets/cristinakaufalt/finaldatafreeze/phreshphish_FINAL_DATA_FREEZE_v3/audit/ROLE_CLASS_COUNTS.csv,240,1786894789695044820,c5687e71697d731686be47cae2a48554c09b99da73b340d8cb7551ce2d765fcf
datasets/cristinakaufalt/finaldatafreeze/phreshphish_FINAL_DATA_FREEZE_v3/audit/SOURCE_PROVENANCE.json,2511,1786894789604255837,1f1620076e5f49e89d423337e0ef7fb7d7aaf35a8dea92d69e2fe5ccc157ec06
datasets/cristinakaufalt/finaldatafreeze/phreshphish_FINAL_DATA_FREEZE_v3/labelsets/B100_seed242.npy,16128,1786894789848799578,3cc8086783ed30461ae98f2926867d8c94e57226760c76ef7d307ce312c4fe1a
datasets/cristinakaufalt/finaldatafreeze/phreshphish_FINAL_DATA_FREEZE_v3/labelsets/B100_seed252.npy,16128,1786894789849941924,3cc8086783ed30461ae98f2926867d8c94e57226760c76ef7d307ce312c4fe1a
datasets/cristinakaufalt/finaldatafreeze/phreshphish_FINAL_DATA_FREEZE_v3/labelsets/B100_seed262.npy,16128,1786894789980716362,3cc8086783ed30461ae98f2926867d8c94e57226760c76ef7d307ce312c4fe1a
datasets/cristinakaufalt/finaldatafreeze/phreshphish_FINAL_DATA_FREEZE_v3/labelsets/B100_seed272.npy,16128,1786894789732697901,3cc8086783ed30461ae98f2926867d8c94e57226760c76ef7d307ce312c4fe1a
datasets/cristinakaufalt/finaldatafreeze/phreshphish_FINAL_DATA_FREEZE_v3/labelsets/B100_seed282.npy,16128,1786894789837235899,3cc8086783ed30461ae98f2926867d8c94e57226760c76ef7d307ce312c4fe1a
datasets/cristinakaufalt/finaldatafreeze/phreshphish_FINAL_DATA_FREEZE_v3/labelsets/B100_seed42.npy,16128,1786894789781854589,3cc8086783ed30461ae98f2926867d8c94e57226760c76ef7d307ce312c4fe1a
datasets/cristinakaufalt/finaldatafreeze/phreshphish_FINAL_DATA_FREEZE_v3/labelsets/B100_seed52.npy,16128,1786894789778119219,3cc8086783ed30461ae98f2926867d8c94e57226760c76ef7d307ce312c4fe1a
datasets/cristinakaufalt/finaldatafreeze/phreshphish_FINAL_DATA_FREEZE_v3/labelsets/B100_seed62.npy,16128,1786894789716894190,3cc8086783ed30461ae98f2926867d8c94e57226760c76ef7d307ce312c4fe1a
datasets/cristinakaufalt/finaldatafreeze/phreshphish_FINAL_DATA_FREEZE_v3/labelsets/B100_seed72.npy,16128,1786894789731377461,3cc8086783ed30461ae98f2926867d8c94e57226760c76ef7d307ce312c4fe1a
datasets/cristinakaufalt/finaldatafreeze/phreshphish_FINAL_DATA_FREEZE_v3/labelsets/B100_seed82.npy,16128,1786894789812504602,3cc8086783ed30461ae98f2926867d8c94e57226760c76ef7d307ce312c4fe1a
datasets/cristinakaufalt/finaldatafreeze/phreshphish_FINAL_DATA_FREEZE_v3/labelsets/B10_seed242.npy,1728,1786894789821936575,8369d9ce134f19c1fa21a43da0b7ca1ca05de3b940685774f42e0d0a9cdd44db
datasets/cristinakaufalt/finaldatafreeze/phreshphish_FINAL_DATA_FREEZE_v3/labelsets/B10_seed252.npy,1728,1786894789649471864,2a71bdd2e7f5afc4a9830a89c56e2d9ed230f0fba82837b056f298bb73a40d11
datasets/cristinakaufalt/finaldatafreeze/phreshphish_FINAL_DATA_FREEZE_v3/labelsets/B10_seed262.npy,1728,1786894789622892541,0b97ff4ad6e03240ce3a4edea9df225588c283a283f2fe74fa4288c7b5d2e438
datasets/cristinakaufalt/finaldatafreeze/phreshphish_FINAL_DATA_FREEZE_v3/labelsets/B10_seed272.npy,1728,1786894789912752683,e69a978a5415c4ce9bd14d0956268b35542be5b37de4a0cd15576928edd5300f
datasets/cristinakaufalt/finaldatafreeze/phreshphish_FINAL_DATA_FREEZE_v3/labelsets/B10_seed282.npy,1728,1786894789730764730,d081be936ba730f13c2b66e554f1485a0889b147c1580a059595ac51f63edace
datasets/cristinakaufalt/finaldatafreeze/phreshphish_FINAL_DATA_FREEZE_v3/labelsets/B10_seed42.npy,1728,1786894789616479753,ff3064c832a826d70409abf30cee0a106a15777de3c2b24dc12253a57978bb4a
datasets/cristinakaufalt/finaldatafreeze/phreshphish_FINAL_DATA_FREEZE_v3/labelsets/B10_seed52.npy,1728,1786894789621793907,35cc6b64009a1b0e8ee8e520d20a4219981744207b25a6f0869a7a27467de13a
datasets/cristinakaufalt/finaldatafreeze/phreshphish_FINAL_DATA_FREEZE_v3/labelsets/B10_seed62.npy,1728,1786894789771297244,9427ef2ae12e7686775f5ad842ee2b0936d548862dde5d3e9206c460af8ebeb1
datasets/cristinakaufalt/finaldatafreeze/phreshphish_FINAL_DATA_FREEZE_v3/labelsets/B10_seed72.npy,1728,1786894789775390311,8a8343fd9a8f2b07511114108a77b67e0b3997d411c1a3d08b75b89124e8a4e1
datasets/cristinakaufalt/finaldatafreeze/phreshphish_FINAL_DATA_FREEZE_v3/labelsets/B10_seed82.npy,1728,1786894789913591645,bfe627cfaccf12a2bd61cc1dc57f6c6e253d9bdfe49c256efcecb90f94f6f368
datasets/cristinakaufalt/finaldatafreeze/phreshphish_FINAL_DATA_FREEZE_v3/labelsets/B25R_seed242.npy,4128,1786894789955798019,368a2300e2a3cbf9a636b74db07703f4938933030fed64f436ee47e8d84330ad
datasets/cristinakaufalt/finaldatafreeze/phreshphish_FINAL_DATA_FREEZE_v3/labelsets/B25R_seed252.npy,4128,1786894790069212855,072797dbfee03671c93a68296d33bb2b13a1b47ab9aca58a5d711de6f24289e5
datasets/cristinakaufalt/finaldatafreeze/phreshphish_FINAL_DATA_FREEZE_v3/labelsets/B25R_seed262.npy,4128,1786894789871679694,56bec17e1bb5bffe327a55b099169c2d597691fcc2769a1c00cc2ee847190dcd
datasets/cristinakaufalt/finaldatafreeze/phreshphish_FINAL_DATA_FREEZE_v3/labelsets/B25R_seed272.npy,4128,1786894790116021840,86f94ed65375ecb9378a7327a3164bd24a0ada1232dfb8d776b118522731b3f6
datasets/cristinakaufalt/finaldatafreeze/phreshphish_FINAL_DATA_FREEZE_v3/labelsets/B25R_seed282.npy,4128,1786894790063820925,a0f1cc1e0ebe9a8335cfdfb2917a102e92c320b258b7be5880bd23933e73d169
datasets/cristinakaufalt/finaldatafreeze/phreshphish_FINAL_DATA_FREEZE_v3/labelsets/B25R_seed42.npy,4128,1786894790071184461,53f9bef82263bcfd3f88580b92d86ce65366eaa0fc4480a886445941448f6d3b
datasets/cristinakaufalt/finaldatafreeze/phreshphish_FINAL_DATA_FREEZE_v3/labelsets/B25R_seed52.npy,4128,1786894790071298199,44ffa83c091080279db34e7568f61184480f751beb055d513f6030321f8f27f7
datasets/cristinakaufalt/finaldatafreeze/phreshphish_FINAL_DATA_FREEZE_v3/labelsets/B25R_seed62.npy,4128,1786894790125360128,befc67f383682fb10275bcc336bf4fcf25b57c69c47e3f6414fa3c5a9474008d
datasets/cristinakaufalt/finaldatafreeze/phreshphish_FINAL_DATA_FREEZE_v3/labelsets/B25R_seed72.npy,4128,1786894790002669939,ff49cf410ad02a22f609fb5b566757f7501c2463d4a206bb13b302bd194d0382
datasets/cristinakaufalt/finaldatafreeze/phreshphish_FINAL_DATA_FREEZE_v3/labelsets/B25R_seed82.npy,4128,1786894789859128984,07754532ee8fb3a7109a37dc34858777ad17eef47077ed1198e96ca81d78b36c
datasets/cristinakaufalt/finaldatafreeze/phreshphish_FINAL_DATA_FREEZE_v3/manifests/official_train_metadata.parquet,34522128,1786894810871907796,1897b32d9704cb8c4860178795b85944106f587955786514af17e4059d500ab7
datasets/cristinakaufalt/finaldatafreeze/phreshphish_FINAL_DATA_FREEZE_v3/manifests/supervised_pool_manifest.parquet,308177,1786894790362725192,ad03a26f3b688994db43c4592f4a1c62caaad5f6c89e39c207590a7ba71e6b86
datasets/cristinakaufalt/finaldatafreeze/phreshphish_FINAL_DATA_FREEZE_v3/manifests/train_role_manifest_PRIVATE_WITH_LABELS.parquet,35894051,1786894810602955901,0f9659c0de7f90e8140b9212b50f67451cc839782c6ac606405b3f87c3b0dbe9
datasets/cristinakaufalt/finaldatafreeze/phreshphish_FINAL_DATA_FREEZE_v3/roles/development/part-00000.parquet,245269,1786894790542838254,4c13802d66e5377638ab41b3735c731c923f6683f75487b04da1105dfee00a4f
datasets/cristinakaufalt/finaldatafreeze/phreshphish_FINAL_DATA_FREEZE_v3/roles/development/part-00001.parquet,599634,1786894791260225913,80dbc6c7ee5a0b1e1f0d6972d8ff0d4065218b3cbaf3e630d5c889573c08c214
datasets/cristinakaufalt/finaldatafreeze/phreshphish_FINAL_DATA_FREEZE_v3/roles/development/part-00002.parquet,625910,1786894790870267500,4e8eaa934dadc746cb1e8afc21d0e7fd493474edb4446ae7478b8ac091fb426b
datasets/cristinakaufalt/finaldatafreeze/phreshphish_FINAL_DATA_FREEZE_v3/roles/development/part-00003.parquet,244187,1786894790388821726,b61b210f698d5726798994b16ab9e096faabec1a43c5084c7002399d8cdf0d4a
datasets/cristinakaufalt/finaldatafreeze/phreshphish_FINAL_DATA_FREEZE_v3/roles/development/part-00004.parquet,496992,1786894790776943186,59b2055774e0c305137b2c5cd8464fa28eae72a41d3ea336338cc780512c300b
datasets/cristinakaufalt/finaldatafreeze/phreshphish_FINAL_DATA_FREEZE_v3/roles/development/part-00005.parquet,566115,1786894790369741442,6766dd818a797b2096960616c14e64cf45a29368a402001384df1ae8665b57a5
datasets/cristinakaufalt/finaldatafreeze/phreshphish_FINAL_DATA_FREEZE_v3/roles/development/part-00006.parquet,264715,1786894790518410011,b91ec5be1c1d88fba70a126c2dbb26f61d305f7bd37704dca087ac47f6ed47b2
datasets/cristinakaufalt/finaldatafreeze/phreshphish_FINAL_DATA_FREEZE_v3/roles/development/part-00007.parquet,511308,1786894790089138533,7ae86a618451041fd49a4f5a735f8fcd7a34d0c8decc708d80e14d63d415c798
datasets/cristinakaufalt/finaldatafreeze/phreshphish_FINAL_DATA_FREEZE_v3/roles/development/part-00008.parquet,673248,1786894790386979415,e43d4543ec4ad5b7dc869d92610d4bf235b348b09a08bb55b469677dcd514a0d
datasets/cristinakaufalt/finaldatafreeze/phreshphish_FINAL_DATA_FREEZE_v3/roles/development/part-00009.parquet,474028,1786894790883624582,98681136fafde95fe219a500944b29aecf78255e36806356e965600882ebfd79
datasets/cristinakaufalt/finaldatafreeze/phreshphish_FINAL_DATA_FREEZE_v3/roles/development/part-00010.parquet,666826,1786894791226281252,8c12ef27452e3f854c0b3a1d219a81cda5cd95a017e204d8f9088b5798ea1bd9
datasets/cristinakaufalt/finaldatafreeze/phreshphish_FINAL_DATA_FREEZE_v3/roles/development/part-00011.parquet,651155,1786894790870234899,869f2987f9843ebb883d419d99758a1b44635a32eb6b781d460017090f34c056
datasets/cristinakaufalt/finaldatafreeze/phreshphish_FINAL_DATA_FREEZE_v3/roles/development/part-00012.parquet,572105,1786894791220840452,f5074b7cd6d387c7854cca8e3790687566f2e2de783ebaf185f67f5c0fdb7b96
datasets/cristinakaufalt/finaldatafreeze/phreshphish_FINAL_DATA_FREEZE_v3/roles/development/part-00013.parquet,502275,1786894791035684570,bbbfc39f21bc3b8e8deed8682a8f09fd708b282c8cf7bf1fc2c31661931339d7
datasets/cristinakaufalt/finaldatafreeze/phreshphish_FINAL_DATA_FREEZE_v3/roles/development/part-00014.parquet,691555,1786894791297390183,207f33a3356b699b8f5aae1730820d3ed737ef4a92202613d1f7c17601c810b8
datasets/cristinakaufalt/finaldatafreeze/phreshphish_FINAL_DATA_FREEZE_v3/roles/development/part-00015.parquet,371470,1786894790736331101,b04288d49f12223b8e5701767c3d71a4fdf16ba853cae8edc7267e0ad75675d2
datasets/cristinakaufalt/finaldatafreeze/phreshphish_FINAL_DATA_FREEZE_v3/roles/development/part-00016.parquet,156983,1786894790494000541,813bfebdf7774457ab9a9dcc0b340bc252512fce4f0b4ef87f5cc1832e377b0d
datasets/cristinakaufalt/finaldatafreeze/phreshphish_FINAL_DATA_FREEZE_v3/roles/development/part-00017.parquet,611858,1786894791286662301,bfe29d3954082d03f03fb5ecb9ba32dc3833dc36a8d15a2fd3a495f57392d279
datasets/cristinakaufalt/finaldatafreeze/phreshphish_FINAL_DATA_FREEZE_v3/roles/development/part-00018.parquet,547354,1786894791445258279,a1f51bbc6f3bc0dbf566a1ad1c95530e1b0b530abf7376f526393ba27f146831
datasets/cristinakaufalt/finaldatafreeze/phreshphish_FINAL_DATA_FREEZE_v3/roles/development/part-00019.parquet,508949,1786894791164932483,4feda9720d3a7a24fbfd7ea77c6ace58ebd2203b8bcd2dae3f244402ee0f0d65
datasets/cristinakaufalt/finaldatafreeze/phreshphish_FINAL_DATA_FREEZE_v3/roles/development/part-00020.parquet,118619,1786894790909997053,f1ff9aa66f1891b7048d5e6ec1a0405229cd6ab425ed8fbf346eb9892d1acd8e
datasets/cristinakaufalt/finaldatafreeze/phreshphish_FINAL_DATA_FREEZE_v3/roles/development/part-00021.parquet,521636,1786894791419069938,2bb48f17eec51eb25a09441808c0f4f217cbbf82911094d5216f18191634136f
datasets/cristinakaufalt/finaldatafreeze/phreshphish_FINAL_DATA_FREEZE_v3/roles/development/part-00022.parquet,632359,1786894792604581540,db4829d499ceb0670a4d3dc21fc5d13512abd722e06d5966ec13bb100cd19979
datasets/cristinakaufalt/finaldatafreeze/phreshphish_FINAL_DATA_FREEZE_v3/roles/development/part-00023.parquet,643591,1786894791527547800,5f065f36b14d2ad431078f6952f45798581f1e93e719367dc0bfd216074245da
datasets/cristinakaufalt/finaldatafreeze/phreshphish_FINAL_DATA_FREEZE_v3/roles/development/part-00024.parquet,287148,1786894790689564427,7dbfb6c23dec850ccfc7610cbd7c2a1e0a497527bb9cd4b291b9fbee78c3d5b1
datasets/cristinakaufalt/finaldatafreeze/phreshphish_FINAL_DATA_FREEZE_v3/roles/development/part-00025.parquet,532418,1786894792342217245,0d827312139bdb2a50cc0b532be15b15ac1fcc99df2af076f7ee553ad3dc6c27
datasets/cristinakaufalt/finaldatafreeze/phreshphish_FINAL_DATA_FREEZE_v3/roles/development/part-00026.parquet,582257,1786894790811570613,add5d753ac18d3e8a54176cf1eb6e87f10f9dce68c5579ce4637a8361b08b61a
datasets/cristinakaufalt/finaldatafreeze/phreshphish_FINAL_DATA_FREEZE_v3/roles/development/part-00027.parquet,560109,1786894792443739306,94707186c7eca9753824a8645c08e710b59ae2d7e35b5dbd7e83642748407d7c
datasets/cristinakaufalt/finaldatafreeze/phreshphish_FINAL_DATA_FREEZE_v3/roles/development/part-00028.parquet,226858,1786894790606699175,4361046bdf9b370dc9d4d48c035a768a79c6a2729293240724f20e387399adc3
datasets/cristinakaufalt/finaldatafreeze/phreshphish_FINAL_DATA_FREEZE_v3/roles/development/part-00029.parquet,567057,1786894791336852945,d79d51f7779fb1a71ff38ece0348d0aa8fcdf7af2e4e0dc7b6d3530fabbe0612
datasets/cristinakaufalt/finaldatafreeze/phreshphish_FINAL_DATA_FREEZE_v3/roles/development/part-00030.parquet,566064,1786894790806507324,765a93de27f16548473081f48b8dd297fec5b8621b7a7a77469280cfb6dc3bf3
datasets/cristinakaufalt/finaldatafreeze/phreshphish_FINAL_DATA_FREEZE_v3/roles/development/part-00031.parquet,598264,1786894791319438148,0020d1750fe7cf35e00d17d21bee80c69a7c4e121c5b4495189bbdc81f9ee437
datasets/cristinakaufalt/finaldatafreeze/phreshphish_FINAL_DATA_FREEZE_v3/roles/development/part-00032.parquet,216422,1786894790584436484,12326cab84ea223e013f1b7f5c450895bf66007e4b5d19d6ee8d32fc767a87c3
datasets/cristinakaufalt/finaldatafreeze/phreshphish_FINAL_DATA_FREEZE_v3/roles/development/part-00033.parquet,477130,1786894790753567042,28d1d0990a2c8271708e55cf0f21f4f46d99a9af900ae936e4eb7df8295b4668
datasets/cristinakaufalt/finaldatafreeze/phreshphish_FINAL_DATA_FREEZE_v3/roles/development/part-00034.parquet,624499,1786894790689244846,569e553b3784573c95c3df8d80632283ddeac576fca287588e88a38caa7ceeb8
datasets/cristinakaufalt/finaldatafreeze/phreshphish_FINAL_DATA_FREEZE_v3/roles/development/part-00035.parquet,560007,1786894791264934478,f1bd8ab6f9ab8e4e0a2d499962a90f33bec32ae99974c48bbe8ddd22bc3358d2
datasets/cristinakaufalt/finaldatafreeze/phreshphish_FINAL_DATA_FREEZE_v3/roles/development/part-00036.parquet,307072,1786894790959410152,f720215b4771990f1c540795a4350bc4b8a9ad35dd987f011b87e7ad5ba4dbd8
datasets/cristinakaufalt/finaldatafreeze/phreshphish_FINAL_DATA_FREEZE_v3/roles/development/part-00037.parquet,519780,1786894791273274505,415907d48e43ec51f207156469306549616a9cde917919cc150fe090b5e1f2d3
datasets/cristinakaufalt/finaldatafreeze/phreshphish_FINAL_DATA_FREEZE_v3/roles/development/part-00038.parquet,584371,1786894791322562051,06fe8fc4ec144fce7c1166e06949f58a34d761c4a33e1b695566d3d3abebc1c2
datasets/cristinakaufalt/finaldatafreeze/phreshphish_FINAL_DATA_FREEZE_v3/roles/development/part-00039.parquet,366962,1786894791216448193,4fdc10846decd2f91c0302488c1981da22dffcdd57c0d2bde6946d844b89b24d
datasets/cristinakaufalt/finaldatafreeze/phreshphish_FINAL_DATA_FREEZE_v3/roles/development/part-00040.parquet,474827,1786894791338132610,f77bf90168bca4b2850386be942db4515279655bccaaa3bf57decb91a37def0b
datasets/cristinakaufalt/finaldatafreeze/phreshphish_FINAL_DATA_FREEZE_v3/roles/development/part-00041.parquet,526422,1786894791722051350,4eead0f7592b629860ba558e433d30fcdff7a1723a013b2c5dfc194a9a1769f4
datasets/cristinakaufalt/finaldatafreeze/phreshphish_FINAL_DATA_FREEZE_v3/roles/development/part-00042.parquet,547278,1786894791223515143,7a0736bfd276eec637691bfd004a4fd233f51bde6731afd6c4e65c4f0606efc9
datasets/cristinakaufalt/finaldatafreeze/phreshphish_FINAL_DATA_FREEZE_v3/roles/development/part-00043.parquet,507699,1786894791688162130,e8fcb29a5b7e53efb7406442b85ba4b3c48a329811721a7e084722d8fc007422
datasets/cristinakaufalt/finaldatafreeze/phreshphish_FINAL_DATA_FREEZE_v3/roles/development/part-00044.parquet,294390,1786894791230178627,cad7c96c87737412161cc8c8be764e1a3f9d70b4dfe39db98114eddbe6da491c
datasets/cristinakaufalt/finaldatafreeze/phreshphish_FINAL_DATA_FREEZE_v3/roles/development/part-00045.parquet,475327,1786894791148196814,6ab1ecbd4b754f9b8248a73f78ba9e27335db674c412f6c4dd5d11acbba54b5e
datasets/cristinakaufalt/finaldatafreeze/phreshphish_FINAL_DATA_FREEZE_v3/roles/development/part-00046.parquet,642628,1786894791622548152,2d10d6f6dfb45be23513283bc503b290700b5bf7880c9f25eeb8baf913c317c8
datasets/cristinakaufalt/finaldatafreeze/phreshphish_FINAL_DATA_FREEZE_v3/roles/development/part-00047.parquet,600837,1786894790863336508,401f61ff375a3936d56de11435ecd77331d87b17d122b9942e950b2652069c7c
datasets/cristinakaufalt/finaldatafreeze/phreshphish_FINAL_DATA_FREEZE_v3/roles/development/part-00048.parquet,408444,1786894790895280815,6ff15fbe2217643801985c78ab221590cb051ebf89970238bbdc2ad871fabf94
datasets/cristinakaufalt/finaldatafreeze/phreshphish_FINAL_DATA_FREEZE_v3/roles/development/part-00049.parquet,578888,1786894790858812054,67e1db61766d62a71f09406469138d352c2768d1dc771563227c313425baea29
datasets/cristinakaufalt/finaldatafreeze/phreshphish_FINAL_DATA_FREEZE_v3/roles/development/part-00050.parquet,637248,1786894791011325258,12839d3c4b4be818c12804d1c94fa2780ebfdf8d437e5770f10037b228888b92
datasets/cristinakaufalt/finaldatafreeze/phreshphish_FINAL_DATA_FREEZE_v3/roles/development/part-00051.parquet,445336,1786894791521632807,08e3f6638e1aba03fc40f95b831239044458ba2b51d778096638eea2e411217a
datasets/cristinakaufalt/finaldatafreeze/phreshphish_FINAL_DATA_FREEZE_v3/roles/development/part-00052.parquet,277823,1786894791222875934,34777d828a8dec00f29cd11c0b5ccdf12084b94f540828ef4e856e862a425175
datasets/cristinakaufalt/finaldatafreeze/phreshphish_FINAL_DATA_FREEZE_v3/roles/development/part-00053.parquet,558443,1786894791045438695,04b8243de0cb16aeaad56d81ef2c6824a1a3552e868447b1dc303b11dc6e1ed8
datasets/cristinakaufalt/finaldatafreeze/phreshphish_FINAL_DATA_FREEZE_v3/roles/development/part-00054.parquet,614013,1786894791487583734,17b0c30d7d053e212007f2fe6c5fe520c14b6271d1ba43e4cf9438f54237860a
datasets/cristinakaufalt/finaldatafreeze/phreshphish_FINAL_DATA_FREEZE_v3/roles/development/part-00055.parquet,513339,1786894791040066832,1ed023e0feddb4efd2528047399233a37813419989f4f615646ec4b35ecdb128
datasets/cristinakaufalt/finaldatafreeze/phreshphish_FINAL_DATA_FREEZE_v3/roles/development/part-00056.parquet,463498,1786894791302387640,83d80846ba39c0dadedee48782b930b042715eab0ef289629454f2655b563e30
datasets/cristinakaufalt/finaldatafreeze/phreshphish_FINAL_DATA_FREEZE_v3/roles/development/part-00057.parquet,556280,1786894791071982718,1a7b5a4a631be373dd7f75f25db6eeab8a10afd4de81e2c923b8cf05a3f8e98e
datasets/cristinakaufalt/finaldatafreeze/phreshphish_FINAL_DATA_FREEZE_v3/roles/development/part-00058.parquet,594507,1786894791390075997,ae60854c6de47bf0922c0d8f3a4c381cc6c34027eda4da7ebe20a2f97dd70013
datasets/cristinakaufalt/finaldatafreeze/phreshphish_FINAL_DATA_FREEZE_v3/roles/development/part-00059.parquet,521990,1786894790630458826,67d81779eca2b3f6afdb20aa1e55b728a2c780695655723d3bf7c135e63eb571
datasets/cristinakaufalt/finaldatafreeze/phreshphish_FINAL_DATA_FREEZE_v3/roles/development/part-00060.parquet,386239,1786894790661065343,d17c02eee5c0d04a2bee19d283b4f85ede347b1d19ed923d53f9deab823b6ef7
datasets/cristinakaufalt/finaldatafreeze/phreshphish_FINAL_DATA_FREEZE_v3/roles/development/part-00061.parquet,564640,1786894790664757641,815d6727677946a5eb2084818922e7c444bd1fac0c977c87cce416ea7af465aa
datasets/cristinakaufalt/finaldatafreeze/phreshphish_FINAL_DATA_FREEZE_v3/roles/development/part-00062.parquet,568996,1786894790659433762,46d8d96fdf9c7100c81dc3cafc1089cdb449aa61e77a6777aa07f0b29012b933
datasets/cristinakaufalt/finaldatafreeze/phreshphish_FINAL_DATA_FREEZE_v3/roles/development/part-00063.parquet,472515,1786894790856245161,a2649e8c66da3098a66bff3e26a58867c3810839cf8b4b74005af219f4c42500
datasets/cristinakaufalt/finaldatafreeze/phreshphish_FINAL_DATA_FREEZE_v3/roles/development/part-00064.parquet,476168,1786894790670972114,bc1301d9e1e80bae7158a94f2f4fc7f1f5d01f386bdeacb6c94c2ad464f30415
datasets/cristinakaufalt/finaldatafreeze/phreshphish_FINAL_DATA_FREEZE_v3/roles/development/part-00065.parquet,456529,1786894790655189612,7087cd3486374e449f3984c5a47de194f6febc47ba8ac691ca02a283fbfdb64b
datasets/cristinakaufalt/finaldatafreeze/phreshphish_FINAL_DATA_FREEZE_v3/roles/development/part-00066.parquet,509531,1786894790661825683,0e4222aa41e38de5712540334494c0d6d20aa3f56263e97f6693d98b94f183b0
datasets/cristinakaufalt/finaldatafreeze/phreshphish_FINAL_DATA_FREEZE_v3/roles/development/part-00067.parquet,690435,1786894792048212788,90cf29489a773952fa906a73f17338910228038472542faa0ad6116a6bb0ead7
datasets/cristinakaufalt/finaldatafreeze/phreshphish_FINAL_DATA_FREEZE_v3/roles/development/part-00068.parquet,544014,1786894791803781745,4c47a3fa79934fea45a0e3d71fff619aeff197b2510023bdabaf1e4e5f78d429
datasets/cristinakaufalt/finaldatafreeze/phreshphish_FINAL_DATA_FREEZE_v3/roles/development/part-00069.parquet,469440,1786894791654499071,7cdf4be1cb51f7c05bf04f7312aebd9fdbce2c661de8085567ae21febd6c8d08
datasets/cristinakaufalt/finaldatafreeze/phreshphish_FINAL_DATA_FREEZE_v3/roles/development/part-00070.parquet,764973,1786894792049167156,0906c5135cce1370306b4cbacfe7fdb52c17b2c2eb89c877ac4c2834833a6aaa
datasets/cristinakaufalt/finaldatafreeze/phreshphish_FINAL_DATA_FREEZE_v3/roles/development/part-00071.parquet,551357,1786894791776544013,e4bafe0152e542277e5e54514c0817c23aa46c2c9015a1bbb80bedcc9f02cadd
datasets/cristinakaufalt/finaldatafreeze/phreshphish_FINAL_DATA_FREEZE_v3/roles/development/part-00072.parquet,523646,1786894792432792891,db3a54ba0ccb2b9d5a92d4af1b7c689120a0e011959add0495a96a13844a71f3
datasets/cristinakaufalt/finaldatafreeze/phreshphish_FINAL_DATA_FREEZE_v3/roles/development/part-00073.parquet,485587,1786894791773208368,8ad7a205e9c3e0392ed959564702f42e689d16d810531c62e0a7652cc827a807
datasets/cristinakaufalt/finaldatafreeze/phreshphish_FINAL_DATA_FREEZE_v3/roles/development/part-00074.parquet,532977,1786894791730637318,672f2fc5b0dce6ecd87015dc852af982fb8792ce8547bce0817ae5604365f8d5
datasets/cristinakaufalt/finaldatafreeze/phreshphish_FINAL_DATA_FREEZE_v3/roles/development/part-00075.parquet,453522,1786894791749874442,9e9a7cec884b01380b628b0c6450a5902955c10456d7d756bdabcc7125411106
datasets/cristinakaufalt/finaldatafreeze/phreshphish_FINAL_DATA_FREEZE_v3/roles/development/part-00076.parquet,328802,1786894791012865063,f7085c0919c22faf4440189a16c78c17aa2a924823360faf61bffb5c601afd7c
datasets/cristinakaufalt/finaldatafreeze/phreshphish_FINAL_DATA_FREEZE_v3/roles/development/part-00077.parquet,680892,1786894792517196954,93a54b6d8ac2de5a77ed3fcbae10df6d175409654fe77c049f4fb7a6b28c7266
datasets/cristinakaufalt/finaldatafreeze/phreshphish_FINAL_DATA_FREEZE_v3/roles/development/part-00078.parquet,525770,1786894792088270780,d42b9d3af7e913c91880878e55242ee76ab05b4d5217e3e7dc57c5840cfd9e04
datasets/cristinakaufalt/finaldatafreeze/phreshphish_FINAL_DATA_FREEZE_v3/roles/development/part-00079.parquet,602074,1786894791398293888,f6478c393a7eac3125af62e3a1c9808e51305fea940471bb5db43fbe5e28fad0
datasets/cristinakaufalt/finaldatafreeze/phreshphish_FINAL_DATA_FREEZE_v3/roles/development/part-00080.parquet,466774,1786894792268789855,b4e7f2d73012b1aaa49392926d6242d7238ae6343f667f42212cd0fbb10eed7b
datasets/cristinakaufalt/finaldatafreeze/phreshphish_FINAL_DATA_FREEZE_v3/roles/development/part-00081.parquet,607792,1786894791387786075,5fea02452548943d267013d6c39f082f6fda1e6cfaea718574db658765bd77b4
datasets/cristinakaufalt/finaldatafreeze/phreshphish_FINAL_DATA_FREEZE_v3/roles/development/part-00082.parquet,702569,1786894791563486302,db40a38dc4ffe8799301f55ac668537935fb723cbff087921f415d712d467223
datasets/cristinakaufalt/finaldatafreeze/phreshphish_FINAL_DATA_FREEZE_v3/roles/development/part-00083.parquet,687022,1786894792432475222,696fa5ac472307370219a99136e197d0f389d0933c7496128c5b0c51201f016f
datasets/cristinakaufalt/finaldatafreeze/phreshphish_FINAL_DATA_FREEZE_v3/roles/development/part-00084.parquet,504183,1786894791181802657,f87eb344c672f98014ae04549f2be2820d2f2aa4e6e921c02f976062aa6bfca9
datasets/cristinakaufalt/finaldatafreeze/phreshphish_FINAL_DATA_FREEZE_v3/roles/development/part-00085.parquet,702535,1786894791602058964,5c089beb3acef8c58b6a72f441b353da3511c0b92ed339174d5ed217da6e5fde
datasets/cristinakaufalt/finaldatafreeze/phreshphish_FINAL_DATA_FREEZE_v3/roles/development/part-00086.parquet,523097,1786894791674818205,1fae81b52356d3f11bc61d9ca6af47e6f72c4e38991363e6159394fc1687e7bd
datasets/cristinakaufalt/finaldatafreeze/phreshphish_FINAL_DATA_FREEZE_v3/roles/development/part-00087.parquet,692865,1786894791602182372,af6fff5b756a65cdabf26de86499f69b8373a18e95cfdc3cf7b3e9fc8e7902e3
datasets/cristinakaufalt/finaldatafreeze/phreshphish_FINAL_DATA_FREEZE_v3/roles/development/part-00088.parquet,550158,1786894791445848887,5c809fdb6a7512e91233053d92f407f0995d47f4c1cf5b35b03fbcc67139a0c9
datasets/cristinakaufalt/finaldatafreeze/phreshphish_FINAL_DATA_FREEZE_v3/roles/development/part-00089.parquet,571678,1786894791443459627,688289dda7404174f06f84cc0cc3c103d513b14490a74f93bd3c718af7acf1f3
datasets/cristinakaufalt/finaldatafreeze/phreshphish_FINAL_DATA_FREEZE_v3/roles/development/part-00090.parquet,694041,1786894791574751492,2390dbb02e0f68eeb8d173fd8ec31ba79062b3b74beef3048419d3d02689804c
datasets/cristinakaufalt/finaldatafreeze/phreshphish_FINAL_DATA_FREEZE_v3/roles/development/part-00091.parquet,590975,1786894791863639820,327a5dccadae73bb8cee9befd838c5028b55b65c5184747d268b1738e17f8e1c
datasets/cristinakaufalt/finaldatafreeze/phreshphish_FINAL_DATA_FREEZE_v3/roles/development/part-00092.parquet,446674,1786894791367758863,bd3ad86ae6cfdf4838c121f59778c8845e6f70be8b6582e6ae6fe8212dabf448
datasets/cristinakaufalt/finaldatafreeze/phreshphish_FINAL_DATA_FREEZE_v3/roles/development/part-00093.parquet,596122,1786894792031539525,d8224f06f65cc300b63d33ee27751f89edaa52f1165c89f8782a7dbb959682c8
datasets/cristinakaufalt/finaldatafreeze/phreshphish_FINAL_DATA_FREEZE_v3/roles/development/part-00094.parquet,574610,1786894791465198508,a3edd4d80a47d406f675b6532c45d45f97fdfdbcc0b55f9b0851f145d1da0a07
datasets/cristinakaufalt/finaldatafreeze/phreshphish_FINAL_DATA_FREEZE_v3/roles/development/part-00095.parquet,697299,1786894791708025681,1fe4cf0073193f24c3aadd211c89080cd8a00db92d779ca9737c936c7af0ab6d
datasets/cristinakaufalt/finaldatafreeze/phreshphish_FINAL_DATA_FREEZE_v3/roles/development/part-00096.parquet,382296,1786894791170932873,d174f849a6d1cbf8c22a45496cdcbddfa53b2633c5d72efce974125acbeb8365
datasets/cristinakaufalt/finaldatafreeze/phreshphish_FINAL_DATA_FREEZE_v3/roles/development/part-00097.parquet,524400,1786894791483538252,ce8bca97de6aeb5d3e340d0d345f743d1b65e76eef78980897f51a0d492fc58f
datasets/cristinakaufalt/finaldatafreeze/phreshphish_FINAL_DATA_FREEZE_v3/roles/development/part-00098.parquet,471862,1786894791623820287,5c993fb02609223c99821d695a81b73275419f2e9f72c5d4621b27ed39926eca
datasets/cristinakaufalt/finaldatafreeze/phreshphish_FINAL_DATA_FREEZE_v3/roles/development/part-00099.parquet,610636,1786894791566290615,700c4c50749ad94414f02826b815664f75d4aa359d2d9661c690814542c9dcaa
datasets/cristinakaufalt/finaldatafreeze/phreshphish_FINAL_DATA_FREEZE_v3/roles/development/part-00100.parquet,428676,1786894791346370112,3aea224a4ef237d060f0976077b40bfcb94aa0ee2c1c6ddb8a724bfa3f45838d
datasets/cristinakaufalt/finaldatafreeze/phreshphish_FINAL_DATA_FREEZE_v3/roles/development/part-00101.parquet,519731,1786894791329836529,e3910a639b55ca18c7dcce66abcfad57c2c114331133dfb7b62bb3a7ea6a4795
datasets/cristinakaufalt/finaldatafreeze/phreshphish_FINAL_DATA_FREEZE_v3/roles/development/part-00102.parquet,628511,1786894792000651419,30ab4dedd92ef42c010003f9a4e10e98869108a841ca7a3c5c71ef2e1a4f9af3
datasets/cristinakaufalt/finaldatafreeze/phreshphish_FINAL_DATA_FREEZE_v3/roles/development/part-00103.parquet,424508,1786894791720062280,41e3571637d41c3305c2101e4456526bb0460025d43f721c93523fcd2430f76a
datasets/cristinakaufalt/finaldatafreeze/phreshphish_FINAL_DATA_FREEZE_v3/roles/development/part-00104.parquet,405989,1786894791920711955,ce0140709fb1750e24046ccc8e412947e497939fe64284e88acd8a45913294dd
datasets/cristinakaufalt/finaldatafreeze/phreshphish_FINAL_DATA_FREEZE_v3/roles/development/part-00105.parquet,620145,1786894792203654095,6b616ad6dfa1bd6bbd112da3ac82fd713e74c7b3b6c1f6525f54e6ce081f38da
datasets/cristinakaufalt/finaldatafreeze/phreshphish_FINAL_DATA_FREEZE_v3/roles/development/part-00106.parquet,746106,1786894792588775554,32350d232957af28b570cee47a6413c5cb24bba48dfa48f996dd1af157272742
datasets/cristinakaufalt/finaldatafreeze/phreshphish_FINAL_DATA_FREEZE_v3/roles/development/part-00107.parquet,717471,1786894792405061100,bfa4c93f1c7f808cb45ee53ca31fdfbadadd199f0fef0bb3a7cb775a5f9ffdd1
datasets/cristinakaufalt/finaldatafreeze/phreshphish_FINAL_DATA_FREEZE_v3/roles/development/part-00108.parquet,482492,1786894792046002482,5423b3a6b05ce0fd3f1b0085e94b5fbfcbdef126dc42b38d910ac18a7bb3391c
datasets/cristinakaufalt/finaldatafreeze/phreshphish_FINAL_DATA_FREEZE_v3/roles/development/part-00109.parquet,544448,1786894792115830778,2cf765c9db978846ae96e3d31724c91e91ea6056faf5e1ff1a413c636f477e75
datasets/cristinakaufalt/finaldatafreeze/phreshphish_FINAL_DATA_FREEZE_v3/roles/development/part-00110.parquet,690281,1786894792363591690,21940fb0b17d23a440f115bef76effbd8cd7307e4aac6a983cbac081054adc65
datasets/cristinakaufalt/finaldatafreeze/phreshphish_FINAL_DATA_FREEZE_v3/roles/development/part-00111.parquet,550643,1786894792874766459,3e5c87b1b190aca5ac6726e4e8017e1b25fef460ead2f8ffd9ce5d54af76f482
datasets/cristinakaufalt/finaldatafreeze/phreshphish_FINAL_DATA_FREEZE_v3/roles/development/part-00112.parquet,675942,1786894792073684600,12dfb2edb78a15d2ba7110244f8bc9dadcef6e1503008262563eb1b6989afd5c
datasets/cristinakaufalt/finaldatafreeze/phreshphish_FINAL_DATA_FREEZE_v3/roles/development/part-00113.parquet,684869,1786894791818619795,2f9b42fe765a970ec89a26daf6fdcc59be368419181c914736a332c9aab676da
datasets/cristinakaufalt/finaldatafreeze/phreshphish_FINAL_DATA_FREEZE_v3/roles/development/part-00114.parquet,539937,1786894792514800305,acd2954d97c190f70a043cfa83aaf000d923459d29439220b5b378177272892e
datasets/cristinakaufalt/finaldatafreeze/phreshphish_FINAL_DATA_FREEZE_v3/roles/development/part-00115.parquet,530111,1786894791651762785,8d9d04f9b5a81fd00d703219931a2cdadc834ff4d80994e921cb8c7da27271ed
datasets/cristinakaufalt/finaldatafreeze/phreshphish_FINAL_DATA_FREEZE_v3/roles/development/part-00116.parquet,459109,1786894791561733947,d01301d420ff15f9e3e3ee55fba3d1f4f87c6a45df3b898f2fc2e73a122d6f5f
datasets/cristinakaufalt/finaldatafreeze/phreshphish_FINAL_DATA_FREEZE_v3/roles/development/part-00117.parquet,543397,1786894792133339815,ef1d6666c8ce4f177c716a3cae69d3ef37130c0d8713fb7e59b6f79565517b18
datasets/cristinakaufalt/finaldatafreeze/phreshphish_FINAL_DATA_FREEZE_v3/roles/development/part-00118.parquet,636587,1786894792248990337,5fa6571a16cdf02f79583a6917269c4bf0898f3ba80e165b022614350c074bc1
datasets/cristinakaufalt/finaldatafreeze/phreshphish_FINAL_DATA_FREEZE_v3/roles/development/part-00119.parquet,543805,1786894791631858983,3f304141cbdf37a6310569de5193c7db3aecacc30f04ac97c06da84118c34d31
datasets/cristinakaufalt/finaldatafreeze/phreshphish_FINAL_DATA_FREEZE_v3/roles/development/part-00120.parquet,518841,1786894792129037236,aaff4f3e4d0b5a3f678e23de77ba9447ecf4e8c3e0ace73c22e3eb29028c8bed
datasets/cristinakaufalt/finaldatafreeze/phreshphish_FINAL_DATA_FREEZE_v3/roles/development/part-00121.parquet,504013,1786894791935134852,d8fe62976d33b428d80b96aca0ecd35426e8de2cc1a2fefe5435adaba208a38f
datasets/cristinakaufalt/finaldatafreeze/phreshphish_FINAL_DATA_FREEZE_v3/roles/development/part-00122.parquet,721047,1786894791003280197,e41f6d81dd9e2666d5a516889399eca117414132453be170fa3c7d78e2bf5f78
datasets/cristinakaufalt/finaldatafreeze/phreshphish_FINAL_DATA_FREEZE_v3/roles/development/part-00123.parquet,497694,1786894791085406149,c5bf50825d7212d0317e78e1066b6883cd4a5513cf121e2c82e7d6dbf843d1fd
datasets/cristinakaufalt/finaldatafreeze/phreshphish_FINAL_DATA_FREEZE_v3/roles/development/part-00124.parquet,599210,1786894792078547985,fcbd3d7a33adc93cf3ea7fc4712fd2d776fd6d05a95ccad5afdd24fec0dc4990
datasets/cristinakaufalt/finaldatafreeze/phreshphish_FINAL_DATA_FREEZE_v3/roles/development/part-00125.parquet,612780,1786894791081980604,779e9ac954c67f5d11a9829cf0e913f79c8f4d24c329c3c4321552e4423caf42
datasets/cristinakaufalt/finaldatafreeze/phreshphish_FINAL_DATA_FREEZE_v3/roles/development/part-00126.parquet,523772,1786894791809270766,f0f1343ba0e51b46c9f0a30c8d7f33e60f17b7ceae4e1d4eae736da1e94dab1a
datasets/cristinakaufalt/finaldatafreeze/phreshphish_FINAL_DATA_FREEZE_v3/roles/development/part-00127.parquet,613060,1786894790995024544,9e6c83bb9be3c8f908d34d0cf7331a9e0a4779ce025e08d2ef401eb8f287b0dd
datasets/cristinakaufalt/finaldatafreeze/phreshphish_FINAL_DATA_FREEZE_v3/roles/development/part-00128.parquet,518982,1786894791183662024,d433fc58a9865a9fcba4a79ee016cd4930942543b15305bbe8b57e3052697328
datasets/cristinakaufalt/finaldatafreeze/phreshphish_FINAL_DATA_FREEZE_v3/roles/development/part-00129.parquet,515272,1786894791646871233,9e48badb4fb6adc2e85957aad41eae89b8962b31eea7303f4327fa1a561423cd
datasets/cristinakaufalt/finaldatafreeze/phreshphish_FINAL_DATA_FREEZE_v3/roles/development/part-00130.parquet,579833,1786894792161870811,9ec527d18c419ae811e4cd8ccca891d61ee62a14d0aa46065acae0030e79b62c
datasets/cristinakaufalt/finaldatafreeze/phreshphish_FINAL_DATA_FREEZE_v3/roles/development/part-00131.parquet,645827,1786894791766791683,2056b40a33f9b21cf78590e70fe5458f914f9b6821eda52c4c62f9da69750aeb
datasets/cristinakaufalt/finaldatafreeze/phreshphish_FINAL_DATA_FREEZE_v3/roles/development/part-00132.parquet,533852,1786894791738517852,64a2e2d2fcda5e598afa303c4a0ee77e287c743338461082c412424c5f97d315
datasets/cristinakaufalt/finaldatafreeze/phreshphish_FINAL_DATA_FREEZE_v3/roles/development/part-00133.parquet,354562,1786894791524148543,e726d8dcd9b046c6ee502bd1c88064e658a9ba88019fcd206c5fdb1a045650c8
datasets/cristinakaufalt/finaldatafreeze/phreshphish_FINAL_DATA_FREEZE_v3/roles/development/part-00134.parquet,529982,1786894791850664327,710bc42ca6361b38fc3f1775ce83e13714b762ca884cce0692400c5de0511dbf
datasets/cristinakaufalt/finaldatafreeze/phreshphish_FINAL_DATA_FREEZE_v3/roles/development/part-00135.parquet,530105,1786894792772066478,e0d76e36acd1643ac50ec29e6877f76776e08bc600bcb7153b9998fdd2205ffc
datasets/cristinakaufalt/finaldatafreeze/phreshphish_FINAL_DATA_FREEZE_v3/roles/development/part-00136.parquet,507287,1786894792923052951,30a1371152ae71007586a7565771e6c5b8aee3619948579d2d219a5810e16c94
datasets/cristinakaufalt/finaldatafreeze/phreshphish_FINAL_DATA_FREEZE_v3/roles/development/part-00137.parquet,774928,1786894791960150833,5469eb115079b4308c91688798909e4ec8bd56330ff88e820530cf8b9f2291a5
datasets/cristinakaufalt/finaldatafreeze/phreshphish_FINAL_DATA_FREEZE_v3/roles/development/part-00138.parquet,545193,1786894791848401507,a3713f1ff52c1172522a57a29ed8e7b90882629e301b93574d1ec218443c8f39
datasets/cristinakaufalt/finaldatafreeze/phreshphish_FINAL_DATA_FREEZE_v3/roles/development/part-00139.parquet,545782,1786894791865837523,2a92ed8d667cd307ecb0b2a94f413a27ec3efcb35e2233b6d55600aa2a47bfaa
datasets/cristinakaufalt/finaldatafreeze/phreshphish_FINAL_DATA_FREEZE_v3/roles/development/part-00140.parquet,604213,1786894792230441307,4473e0ce71e395884ceff0918dac60a6be8eb44ecf7d55cd2f9b9aad07db308b
datasets/cristinakaufalt/finaldatafreeze/phreshphish_FINAL_DATA_FREEZE_v3/roles/development/part-00141.parquet,512672,1786894791913472425,3c1bb7d6c329dcad36ffd4b6c54bf0642cf180de22dc46413a8081c59c3ecee8
datasets/cristinakaufalt/finaldatafreeze/phreshphish_FINAL_DATA_FREEZE_v3/roles/development/part-00142.parquet,711208,1786894792259790516,8f2d8f7a1991f0c3f3c39091e6e83e8a76f2081dd5e7c5da3aa867e11cdfb778
datasets/cristinakaufalt/finaldatafreeze/phreshphish_FINAL_DATA_FREEZE_v3/roles/development/part-00143.parquet,604036,1786894793158430225,cafe5ad7e0e4cdafa835ebba7af12bf0ff4e59e6ec19671ecd8c09f32b703887
datasets/cristinakaufalt/finaldatafreeze/phreshphish_FINAL_DATA_FREEZE_v3/roles/development/part-00144.parquet,494429,1786894792084187842,e3a55bcf2fb18cafbe42468e324cfb7161e101e3f4334b78daad994aa99f9479
datasets/cristinakaufalt/finaldatafreeze/phreshphish_FINAL_DATA_FREEZE_v3/roles/development/part-00145.parquet,613607,1786894793250056766,465779353504fc55b6e8f343d3aaacb379db2e568cb17653016d9add2846ca14
datasets/cristinakaufalt/finaldatafreeze/phreshphish_FINAL_DATA_FREEZE_v3/roles/development/part-00146.parquet,520156,1786894791999059699,cdb7bf45e2935956184fc290515fcf19177f25bf915f7a68b9e93876c678af2e
datasets/cristinakaufalt/finaldatafreeze/phreshphish_FINAL_DATA_FREEZE_v3/roles/development/part-00147.parquet,617674,1786894791399639878,2347ce2d280fe3533084919903a670a3dafac8d53c81bb4d8dbcc48f4cbcb263
datasets/cristinakaufalt/finaldatafreeze/phreshphish_FINAL_DATA_FREEZE_v3/roles/development/part-00148.parquet,548881,1786894791366173370,2d0d8e4fdcbd5bdf16986a2df11e27c560f64dd95fd7f73a62329900ab712610
datasets/cristinakaufalt/finaldatafreeze/phreshphish_FINAL_DATA_FREEZE_v3/roles/development/part-00149.parquet,463627,1786894791929201918,1fb8c533d72a3fcd868ae2ff00b30c1616347e65d98c36d75c77f537c9269cbe
datasets/cristinakaufalt/finaldatafreeze/phreshphish_FINAL_DATA_FREEZE_v3/roles/development/part-00150.parquet,611708,1786894792487172384,742f4f4a436021b9f6809b1361a800914cd26fe1035eac9500f7605e3ffec0dc
datasets/cristinakaufalt/finaldatafreeze/phreshphish_FINAL_DATA_FREEZE_v3/roles/development/part-00151.parquet,528983,1786894792203040675,c262e2ed04d04a2c729760d699e23f9b967f867e09d6f53e913464331e0f9278
datasets/cristinakaufalt/finaldatafreeze/phreshphish_FINAL_DATA_FREEZE_v3/roles/development/part-00152.parquet,409603,1786894792178430244,1065d8952c6955325b6de2b4a7b4a5a3ed745dc60b0fbeef59dba85b2dc55f04
datasets/cristinakaufalt/finaldatafreeze/phreshphish_FINAL_DATA_FREEZE_v3/roles/development/part-00153.parquet,378510,1786894792627558937,863f400eb26b90185d0d7e1be6824787c30208a473a7cba5d62327465dddc80b
datasets/cristinakaufalt/finaldatafreeze/phreshphish_FINAL_DATA_FREEZE_v3/roles/development/part-00154.parquet,503864,1786894792852866509,9256c8ce9fcd06b044fdd12948031058058394e051aea4cb734b13d8df779a58
datasets/cristinakaufalt/finaldatafreeze/phreshphish_FINAL_DATA_FREEZE_v3/roles/development/part-00155.parquet,573964,1786894791981978348,6f7b983bc2029beaa0581b5ebb55ee1ba24ead137101e39b8b1bce35bc741ccf
datasets/cristinakaufalt/finaldatafreeze/phreshphish_FINAL_DATA_FREEZE_v3/roles/development/part-00156.parquet,396495,1786894792233762491,d1f641207aae7955c3e0c0f0954aaeb2e196fc5f78bdfcd6544ffef84af1edd9
datasets/cristinakaufalt/finaldatafreeze/phreshphish_FINAL_DATA_FREEZE_v3/roles/development/part-00157.parquet,666241,1786894792412459992,1d82c581de203d69005c60d2d9cbc8ac2b7788385c3860e20d661505d6d85d93
datasets/cristinakaufalt/finaldatafreeze/phreshphish_FINAL_DATA_FREEZE_v3/roles/development/part-00158.parquet,762093,1786894792748679920,73b08fc8bf8f8f7a063841ac581f9de169667443a769699d982c0b9504fd53cb
datasets/cristinakaufalt/finaldatafreeze/phreshphish_FINAL_DATA_FREEZE_v3/roles/development/part-00159.parquet,639382,1786894793288153118,6764b4a5e54161f4dc541c6c85d625eddbf8efe8a2941f949793b3745859cc13
datasets/cristinakaufalt/finaldatafreeze/phreshphish_FINAL_DATA_FREEZE_v3/roles/development/part-00160.parquet,376212,1786894791768228592,fedd1103ce2d971b1aa7268909e3c455e631e4aca5deeafb4a012d788e71e934
datasets/cristinakaufalt/finaldatafreeze/phreshphish_FINAL_DATA_FREEZE_v3/roles/development/part-00161.parquet,407664,1786894791796615921,bebd539455b0082d143eaccb0573f9af097c217f2bb47e62adffbb4de65790ee
datasets/cristinakaufalt/finaldatafreeze/phreshphish_FINAL_DATA_FREEZE_v3/roles/development/part-00162.parquet,472771,1786894791980747927,d21215a4cb359ce04a3f88fa34e0e4fbe4da3ab3f10845a64976e854459121ae
datasets/cristinakaufalt/finaldatafreeze/phreshphish_FINAL_DATA_FREEZE_v3/roles/development/part-00163.parquet,712833,1786894793508561914,1634351eb2de8015bc97c66523ec49140123c7d3ca8fa6b8fb7e1d11d09d5aa1
datasets/cristinakaufalt/finaldatafreeze/phreshphish_FINAL_DATA_FREEZE_v3/roles/development/part-00164.parquet,483455,1786894791975801426,9404ed8110012fc005499cfd542cf1ceced5d9283b26bb14bfafcfc88317e0ce
datasets/cristinakaufalt/finaldatafreeze/phreshphish_FINAL_DATA_FREEZE_v3/roles/development/part-00165.parquet,751777,1786894792766124372,b80676614cd344eccf3cceb028fc80f91df45836a834c4d2de101425567a5d4a
datasets/cristinakaufalt/finaldatafreeze/phreshphish_FINAL_DATA_FREEZE_v3/roles/development/part-00166.parquet,530105,1786894792622053769,a609d688ab0343b754727aaa258809b32009e051c56c8f36fb6aa48b6064557c
datasets/cristinakaufalt/finaldatafreeze/phreshphish_FINAL_DATA_FREEZE_v3/roles/development/part-00167.parquet,645047,1786894792236713246,d6613c5fdae6ce501d1052e8693babefe44ac80268cd22746bb99c53666c94df
datasets/cristinakaufalt/finaldatafreeze/phreshphish_FINAL_DATA_FREEZE_v3/roles/development/part-00168.parquet,397218,1786894792231727238,b5151a48f69301227fc05d9c4886558792d1a5c4a0109578b27d5cf95cc13617
datasets/cristinakaufalt/finaldatafreeze/phreshphish_FINAL_DATA_FREEZE_v3/roles/development/part-00169.parquet,652042,1786894792203703318,55681d2664be5c009e51659fcfe79c707ec3ec175e8aa87bb13a3ff46a7edb03
datasets/cristinakaufalt/finaldatafreeze/phreshphish_FINAL_DATA_FREEZE_v3/roles/development/part-00170.parquet,497522,1786894792378823646,405c077954cb9846eea18fe7dae2ec066fcdbdd4c2bb8cd078d46350a018d951
datasets/cristinakaufalt/finaldatafreeze/phreshphish_FINAL_DATA_FREEZE_v3/roles/development/part-00171.parquet,571753,1786894792327804227,4b4e435cfa79113ef1cb0f1db8b73b2ebe80dcba063affcba891e3bafda7acb3
datasets/cristinakaufalt/finaldatafreeze/phreshphish_FINAL_DATA_FREEZE_v3/roles/development/part-00172.parquet,494347,1786894792015279753,8a0d24ff6da832d730f9551b46244b954c4515701468f4f94c42dca010ba081c
datasets/cristinakaufalt/finaldatafreeze/phreshphish_FINAL_DATA_FREEZE_v3/roles/development/part-00173.parquet,495563,1786894792264672707,9bbaa7f15c73655ea52d910a176c25bc1bbc15fb03396fa6bf50b2b693ffa1dc
datasets/cristinakaufalt/finaldatafreeze/phreshphish_FINAL_DATA_FREEZE_v3/roles/development/part-00174.parquet,610651,1786894792198749228,39a6900f27ce60b615061d64ecd82775353e7f60cc8062aee3ce9dea5d9415f5
datasets/cristinakaufalt/finaldatafreeze/phreshphish_FINAL_DATA_FREEZE_v3/roles/development/part-00175.parquet,482235,1786894792115875041,0cd8f051c5d59146191eb8fcff352bed236da463e4143cfee6ac6d85751efadf
datasets/cristinakaufalt/finaldatafreeze/phreshphish_FINAL_DATA_FREEZE_v3/roles/development/part-00176.parquet,628587,1786894792214823099,88656583d149e1e56a67d16c9f5b7931fe2c89f315701d818c4180f6dbd05198
datasets/cristinakaufalt/finaldatafreeze/phreshphish_FINAL_DATA_FREEZE_v3/roles/development/part-00177.parquet,603320,1786894792726525138,4590aa1fb4de97e6a2fec99dce6b130152ac7c0f7a453b5cd7fdf60049a3d471
datasets/cristinakaufalt/finaldatafreeze/phreshphish_FINAL_DATA_FREEZE_v3/roles/development/part-00178.parquet,451656,1786894792477738437,4c95143684abdd4d9c2d79e2f50ae0d5181a342e9871dd701601fccc4fd657d8
datasets/cristinakaufalt/finaldatafreeze/phreshphish_FINAL_DATA_FREEZE_v3/roles/development/part-00179.parquet,720868,1786894792825674376,64fbc3097e828dfee610d12d6444f615df7d7f70b4ad36199034f4699e0bd160
datasets/cristinakaufalt/finaldatafreeze/phreshphish_FINAL_DATA_FREEZE_v3/roles/development/part-00180.parquet,626581,1786894792354179065,9c4cca40f20a1f7bfae2202cf7e8700e09355f147ab05e85355b224e101e7c8f
datasets/cristinakaufalt/finaldatafreeze/phreshphish_FINAL_DATA_FREEZE_v3/roles/development/part-00181.parquet,549999,1786894791667247475,0701f190860b20fe72088b8e3a336b7dfc618cd2b6a9064ce42fcc30edb5db4a
datasets/cristinakaufalt/finaldatafreeze/phreshphish_FINAL_DATA_FREEZE_v3/roles/development/part-00182.parquet,492489,1786894791646391804,93394dee1281b22f613d66747bcab14776a9445016857ff3d934a8b863f8cd38
datasets/cristinakaufalt/finaldatafreeze/phreshphish_FINAL_DATA_FREEZE_v3/roles/development/part-00183.parquet,494796,1786894792207221491,45031012cf3aa7b52b02017affbfde9850194a1248fa1e44af33f6d944ecdd29
datasets/cristinakaufalt/finaldatafreeze/phreshphish_FINAL_DATA_FREEZE_v3/roles/development/part-00184.parquet,433431,1786894793103487061,ebf8f26bf105177a01a2d0ca10ee7b8a4465817d33653461f2fc2ec8dd4f4218
datasets/cristinakaufalt/finaldatafreeze/phreshphish_FINAL_DATA_FREEZE_v3/roles/development/part-00185.parquet,519382,1786894792417048004,f2bceb74840558c08802eece3475823847894d3dada042620434c27d603807eb
datasets/cristinakaufalt/finaldatafreeze/phreshphish_FINAL_DATA_FREEZE_v3/roles/development/part-00186.parquet,732166,1786894791669028433,f7407a29d3e6c1ad9479ff422d1ce8570bfc8e216f9d21336f6ebaddc2fa8c6a
datasets/cristinakaufalt/finaldatafreeze/phreshphish_FINAL_DATA_FREEZE_v3/roles/development/part-00187.parquet,565867,1786894792765282747,5535bef7ef081bffbdbce338fe3802c84c7166dce51da2460fbfed229f862803
datasets/cristinakaufalt/finaldatafreeze/phreshphish_FINAL_DATA_FREEZE_v3/roles/development/part-00188.parquet,364723,1786894792783168377,2448af5ae6fbb637d3f7e896d45c7cdecfe57b347dbb7bab325ded1551cbd700
datasets/cristinakaufalt/finaldatafreeze/phreshphish_FINAL_DATA_FREEZE_v3/roles/development/part-00189.parquet,523751,1786894792363261588,be2ac811d574a4ddcc97d620fa8fcbbdc07e54e0f1bcea25cdd15e0428e39b44
datasets/cristinakaufalt/finaldatafreeze/phreshphish_FINAL_DATA_FREEZE_v3/roles/development/part-00190.parquet,601081,1786894792637626999,2f41026366105982a6c91ca075f079b9ac841c539c8abe74153c9705dc9b690a
datasets/cristinakaufalt/finaldatafreeze/phreshphish_FINAL_DATA_FREEZE_v3/roles/development/part-00191.parquet,521163,1786894792894271224,6800ab060fc5d8e7787b107c668627dbaccfb751ab07964be17711f63cd89404
datasets/cristinakaufalt/finaldatafreeze/phreshphish_FINAL_DATA_FREEZE_v3/roles/development/part-00192.parquet,466289,1786894792424439626,00fc7d51be83ff6c349d6e71c3f7e86a161e416af75b192d2da82d784c73c683
datasets/cristinakaufalt/finaldatafreeze/phreshphish_FINAL_DATA_FREEZE_v3/roles/development/part-00193.parquet,641057,1786894793738742081,3767fb203b6d08ef976a544787a283debfb72459745bcb2af8c5de8df9929a27
datasets/cristinakaufalt/finaldatafreeze/phreshphish_FINAL_DATA_FREEZE_v3/roles/development/part-00194.parquet,474190,1786894792365475056,24edbe96b5cca5bc94160cfc609a2e7205db2aca3d43b863db8df689aaccce6b
datasets/cristinakaufalt/finaldatafreeze/phreshphish_FINAL_DATA_FREEZE_v3/roles/development/part-00195.parquet,489198,1786894792637134064,6ba6a2345c5ce366333a40728d890c3c6bf7dfcb350a788dc0eee68899183960
datasets/cristinakaufalt/finaldatafreeze/phreshphish_FINAL_DATA_FREEZE_v3/roles/development/part-00196.parquet,339930,1786894792213822032,03ffe8717712e62dbbf223b34382618556b5820791ae6ccadbe79e290a8b49e3
datasets/cristinakaufalt/finaldatafreeze/phreshphish_FINAL_DATA_FREEZE_v3/roles/development/part-00197.parquet,565939,1786894792633842466,61b1061bb6d18f8033463ecbfafc9c87540e9fcebb07893c82187e9647393405
datasets/cristinakaufalt/finaldatafreeze/phreshphish_FINAL_DATA_FREEZE_v3/roles/development/part-00198.parquet,573699,1786894792351880444,70b8a315a4c8a538c83e7b517c59a6ad24e89bbfae952f5d760e12d41fa7c2c9
datasets/cristinakaufalt/finaldatafreeze/phreshphish_FINAL_DATA_FREEZE_v3/roles/development/part-00199.parquet,693809,1786894792843415756,7af770fb49ea0344b23fb83769a87ddc7ea6791b15a287bdce735ec5d6fd75d2
datasets/cristinakaufalt/finaldatafreeze/phreshphish_FINAL_DATA_FREEZE_v3/roles/development/part-00200.parquet,391773,1786894792324217449,62addb023d184f9839a9c36da549202f0728f47a4fc0d5efd34dfd577335abec
datasets/cristinakaufalt/finaldatafreeze/phreshphish_FINAL_DATA_FREEZE_v3/roles/development/part-00201.parquet,658711,1786894792976065981,f4402af6633b9d3b9e5552369e72d66fe898e110b1ec41a9f68726c8d5b50a14
datasets/cristinakaufalt/finaldatafreeze/phreshphish_FINAL_DATA_FREEZE_v3/roles/development/part-00202.parquet,561353,1786894792077843473,06a8d054b4342689e74d9175cfa2dbbcf0b317d8d0e66a401795a58c68406386
datasets/cristinakaufalt/finaldatafreeze/phreshphish_FINAL_DATA_FREEZE_v3/roles/development/part-00203.parquet,581679,1786894792083798943,0ffb15ebb259cf9f696df73575a6bc4a7586ba82f06fd82280dbc18971f1fd0d
datasets/cristinakaufalt/finaldatafreeze/phreshphish_FINAL_DATA_FREEZE_v3/roles/development/part-00204.parquet,468320,1786894792265801882,b42af4797c89b7eb977ad8eef89a777a130eaeb3fb1fa9daaa81253c6eaa2f57
datasets/cristinakaufalt/finaldatafreeze/phreshphish_FINAL_DATA_FREEZE_v3/roles/development/part-00205.parquet,555955,1786894792136390759,1fdc060da3e83ef2cd9664f75c9aad9f1927c0f4082e50bcea76e36462ebd026
datasets/cristinakaufalt/finaldatafreeze/phreshphish_FINAL_DATA_FREEZE_v3/roles/development/part-00206.parquet,557790,1786894793445065997,17dca6bc8fc70d8dbe4fa8acf79c8c4fab2f49ad59db467dabcf612ce2d832d5
datasets/cristinakaufalt/finaldatafreeze/phreshphish_FINAL_DATA_FREEZE_v3/roles/development/part-00207.parquet,609904,1786894793053784497,7f46d22c0bbe90a4742d63cbb351f54b820734f59dcd4cfd02575b4a56aa8462
datasets/cristinakaufalt/finaldatafreeze/phreshphish_FINAL_DATA_FREEZE_v3/roles/development/part-00208.parquet,648644,1786894793638823542,dd7e17aaa67189fe22fe2de2f7de5d40664eaf99a3de2fd6d05847112ca054be
datasets/cristinakaufalt/finaldatafreeze/phreshphish_FINAL_DATA_FREEZE_v3/roles/development/part-00209.parquet,623675,1786894793061318347,624dd2416737175e8dc9527d3246aacfa72ac875bf44c273b4a1a6e32b4a355b
datasets/cristinakaufalt/finaldatafreeze/phreshphish_FINAL_DATA_FREEZE_v3/roles/development/part-00210.parquet,528554,1786894793299225823,a03ff79936621fac374190f238cb7e93370ed77de18934c4da11cf7a6f51eaca
datasets/cristinakaufalt/finaldatafreeze/phreshphish_FINAL_DATA_FREEZE_v3/roles/development/part-00211.parquet,656033,1786894793105988328,680025817ad893b2724f8ba9235ec43fa473340e51153666e477377223e958a6
datasets/cristinakaufalt/finaldatafreeze/phreshphish_FINAL_DATA_FREEZE_v3/roles/development/part-00212.parquet,454088,1786894792893898559,20375143a7c4f97c547b00a67a1746ee4caf95d4c5e917d48792119e8c54adc0
datasets/cristinakaufalt/finaldatafreeze/phreshphish_FINAL_DATA_FREEZE_v3/roles/development/part-00213.parquet,53534,1786894792175636627,f25845ca9afd679c4b27b167818cfb6b2b23a242355d8c3b377a74b1c53751f0
datasets/cristinakaufalt/finaldatafreeze/phreshphish_FINAL_DATA_FREEZE_v3/roles/final_test/test-000_part000.parquet,5738726,1786894806755046885,45ff8b12fc499c7cdcaae6f4afd0aac797e6ef35f824b7518fb9d324f4d9ecfa
datasets/cristinakaufalt/finaldatafreeze/phreshphish_FINAL_DATA_FREEZE_v3/roles/final_test/test-001_part000.parquet,14444190,1786894809395119572,49454aafc7f6bfd8bdf609eaae44ba70f82ff7f2092e81c41d4f8c44834a7c5b
datasets/cristinakaufalt/finaldatafreeze/phreshphish_FINAL_DATA_FREEZE_v3/roles/final_test/test-001_part001.parquet,14200974,1786894809355112625,d9ec76b953b074037e2b7107729848f65332eb7d5d685b0f395b468442253fec
datasets/cristinakaufalt/finaldatafreeze/phreshphish_FINAL_DATA_FREEZE_v3/roles/final_test/test-001_part002.parquet,1198223,1786894794051449898,a3b479bb03b9c53e7ed5f26c6194f428f9f616ac9856fca0bcb021070d1f60d8
datasets/cristinakaufalt/finaldatafreeze/phreshphish_FINAL_DATA_FREEZE_v3/roles/final_test/test-002_part000.parquet,13865583,1786894809344060640,369ea2b514f86019ac70e0e1521d06d5453fadea95b0554cf2ecbf9a21409b24
datasets/cristinakaufalt/finaldatafreeze/phreshphish_FINAL_DATA_FREEZE_v3/roles/final_test/test-002_part001.parquet,14192732,1786894810086664547,c214af8e07787f3a2724d7dd7a22958af4d70517f54773a69c11d67e64444b82
datasets/cristinakaufalt/finaldatafreeze/phreshphish_FINAL_DATA_FREEZE_v3/roles/final_test/test-002_part002.parquet,4287303,1786894799590212828,01cc12be3648171ec461dfaf4155dcdebc2a7db1dd95ec2e5ebe2c78048945f1
datasets/cristinakaufalt/finaldatafreeze/phreshphish_FINAL_DATA_FREEZE_v3/roles/final_test/test-003_part000.parquet,13803981,1786894811877479859,748c6082f64b36f89e11d907cff9e56c646693a4326928539a9be3529737aaf7
datasets/cristinakaufalt/finaldatafreeze/phreshphish_FINAL_DATA_FREEZE_v3/roles/final_test/test-003_part001.parquet,14369275,1786894810284273972,99107b27a1eb44545bae995bc3fa6088994e16c476fab7c4ccf3d7770342e09c
datasets/cristinakaufalt/finaldatafreeze/phreshphish_FINAL_DATA_FREEZE_v3/roles/final_test/test-003_part002.parquet,8964176,1786894807704056789,baa0c59d0da3f25b29ba669a3f11b978358cd0a28f8ac8dd174322973bdb8fee
datasets/cristinakaufalt/finaldatafreeze/phreshphish_FINAL_DATA_FREEZE_v3/roles/final_test/test-004_part000.parquet,14121027,1786894810191089546,6f6f11eb6a7040463f2219167dc92f465a5d817029681f4ddcffecc0bd5b8e43
datasets/cristinakaufalt/finaldatafreeze/phreshphish_FINAL_DATA_FREEZE_v3/roles/final_test/test-004_part001.parquet,13908850,1786894809851638180,1202a10bb51692ee40472e7f8783742a403913f16b09213ecb5950097eb7ac0f
datasets/cristinakaufalt/finaldatafreeze/phreshphish_FINAL_DATA_FREEZE_v3/roles/final_test/test-004_part002.parquet,11787584,1786894807929558294,cb5d6d09ca8365ecc61a19b471941fae864f01b69570468141ee603a2e238a31
datasets/cristinakaufalt/finaldatafreeze/phreshphish_FINAL_DATA_FREEZE_v3/roles/final_test/test-005_part000.parquet,14277347,1786894809427624873,523eda035f5f9f06c416b60519b4bd9a1b9eeff046f486291deeb393bdaaa956
datasets/cristinakaufalt/finaldatafreeze/phreshphish_FINAL_DATA_FREEZE_v3/roles/final_test/test-005_part001.parquet,14287930,1786894809324678545,88ea54f07dae53354701f85030372f5879ec0dd2fc152949158644edfb5c2359
datasets/cristinakaufalt/finaldatafreeze/phreshphish_FINAL_DATA_FREEZE_v3/roles/final_test/test-005_part002.parquet,14528329,1786894810226491821,faae665f1075a8a90e48cbf2ae8be4757857c58dee85045fbc68abf09a56e877
datasets/cristinakaufalt/finaldatafreeze/phreshphish_FINAL_DATA_FREEZE_v3/roles/final_test/test-005_part003.parquet,889613,1786894793675499266,cc9ec0214cb441babdff6cebea81afa18748821175265a19eb3851b80069e9b9
datasets/cristinakaufalt/finaldatafreeze/phreshphish_FINAL_DATA_FREEZE_v3/roles/final_test/test-006_part000.parquet,14383683,1786894808876108137,298714406aeab58e3a90af4eb00d2a4aae31722044e63fe8c7cd3601a587c858
datasets/cristinakaufalt/finaldatafreeze/phreshphish_FINAL_DATA_FREEZE_v3/roles/final_test/test-006_part001.parquet,14198439,1786894810361468954,c16685e90061e1e6a1909271d682c8747ce1601c6d90132d8bf79298eb72c5c6
datasets/cristinakaufalt/finaldatafreeze/phreshphish_FINAL_DATA_FREEZE_v3/roles/final_test/test-006_part002.parquet,14439481,1786894808906065799,ece07cfd6437dfde0aa722fc9d49c988a3ae750141027d7daeea10a251dca16d
datasets/cristinakaufalt/finaldatafreeze/phreshphish_FINAL_DATA_FREEZE_v3/roles/final_test/test-006_part003.parquet,3380707,1786894799710441510,3532cc4757e6c243576497faf812180b7eae168a8ffa7a34c58658ca48079989
datasets/cristinakaufalt/finaldatafreeze/phreshphish_FINAL_DATA_FREEZE_v3/roles/final_test/test-007_part000.parquet,14533602,1786894810317951231,839cfab7acb842c4b91033d1d872234c7355af5ff4bf352b39fcbfbf37851b82
datasets/cristinakaufalt/finaldatafreeze/phreshphish_FINAL_DATA_FREEZE_v3/roles/final_test/test-007_part001.parquet,14666420,1786894809937548937,726a424fd73ec1ebf51e7b5e4da017ee4c90dafee12d7d57546ff1b81ebe3df9
datasets/cristinakaufalt/finaldatafreeze/phreshphish_FINAL_DATA_FREEZE_v3/roles/final_test/test-007_part002.parquet,14747207,1786894809632616517,3bc1ee5f6a752c81ceae3b55075f06d7f9be2840ef31ec3df4d34d8311b74e17
datasets/cristinakaufalt/finaldatafreeze/phreshphish_FINAL_DATA_FREEZE_v3/roles/final_test/test-007_part003.parquet,5652214,1786894801686804292,ed0e425fbb265588f35e7176236283bb17286b3880a47adc4ef348ef3e6b806d
datasets/cristinakaufalt/finaldatafreeze/phreshphish_FINAL_DATA_FREEZE_v3/roles/final_test/test-008_part000.parquet,13972325,1786894809992405132,1ecca8de38c80e7b2b25729cc41f59e0cec0bee3815efec93cbd6cd8e9f1db41
datasets/cristinakaufalt/finaldatafreeze/phreshphish_FINAL_DATA_FREEZE_v3/roles/final_test/test-008_part001.parquet,14502408,1786894811988343609,92720b16e451a636b9224e27b5964f9045844269caf934077700f64ccaa3539d
datasets/cristinakaufalt/finaldatafreeze/phreshphish_FINAL_DATA_FREEZE_v3/roles/final_test/test-008_part002.parquet,14160124,1786894811898925782,1118a416c899a70b7bab7ce3d169b74cc6a4819604dd1a56d89f0077c15731f3
datasets/cristinakaufalt/finaldatafreeze/phreshphish_FINAL_DATA_FREEZE_v3/roles/final_test/test-008_part003.parquet,7017523,1786894806050825392,9187c34e784cffdb278cd41a636eed51a34ddb1bdd7f0d75922a76c7e43aae19
datasets/cristinakaufalt/finaldatafreeze/phreshphish_FINAL_DATA_FREEZE_v3/roles/final_test/test-009_part000.parquet,14120200,1786894808988104910,360ed9b43cb1a0859eedc7f459cc370a0e26bd665a7464e0069df2cac1509bd7
datasets/cristinakaufalt/finaldatafreeze/phreshphish_FINAL_DATA_FREEZE_v3/roles/final_test/test-009_part001.parquet,14722445,1786894809495677291,84ac0d63c6249e269c26cf342390459640929aa96bd18e79d2860b9c43c058b0
datasets/cristinakaufalt/finaldatafreeze/phreshphish_FINAL_DATA_FREEZE_v3/roles/final_test/test-009_part002.parquet,13445497,1786894811835236746,7d36aece121dff441c7ca4c6fbcff89ebe280841da075774d6fafc3521038aa7
datasets/cristinakaufalt/finaldatafreeze/phreshphish_FINAL_DATA_FREEZE_v3/roles/final_test/test-009_part003.parquet,8448578,1786894806734691840,b1573043b4dc687ea0ac47e646fac342165f3b92d445be1fdf70dc5ea88bd0ee
datasets/cristinakaufalt/finaldatafreeze/phreshphish_FINAL_DATA_FREEZE_v3/roles/final_test/test-010_part000.parquet,14469348,1786894810105260115,dc345898066767d4535788bf5cb6dce00de67c2a09ae32528854604a67f50630
datasets/cristinakaufalt/finaldatafreeze/phreshphish_FINAL_DATA_FREEZE_v3/roles/final_test/test-010_part001.parquet,14672099,1786894808735517300,7f45422dad004a89f046ffcca32fe9649b0fefe1dae69299ff7e487cbb7bf7be
datasets/cristinakaufalt/finaldatafreeze/phreshphish_FINAL_DATA_FREEZE_v3/roles/final_test/test-010_part002.parquet,13767563,1786894809043533738,21c74e4743312991d6b74403988262ca11352458b9af01e3619112df7a2a032b
datasets/cristinakaufalt/finaldatafreeze/phreshphish_FINAL_DATA_FREEZE_v3/roles/final_test/test-010_part003.parquet,9432692,1786894807468710737,37d266f13408ecbb4ca4c203b0457fb569ebd3c50ab29c47d19780631dda4463
datasets/cristinakaufalt/finaldatafreeze/phreshphish_FINAL_DATA_FREEZE_v3/roles/final_test/test-011_part000.parquet,13889740,1786894809279683156,e8a25a8339eda2b210f4e3d822d38e267ca6e838f114e86e99f2b3582094810b
datasets/cristinakaufalt/finaldatafreeze/phreshphish_FINAL_DATA_FREEZE_v3/roles/final_test/test-011_part001.parquet,14391886,1786894809955748058,b57ccdf8932c34af42f8037d115cd60428b4acbc42735852ad0ef69a805bac4d
datasets/cristinakaufalt/finaldatafreeze/phreshphish_FINAL_DATA_FREEZE_v3/roles/final_test/test-011_part002.parquet,14104492,1786894809973567054,153fb74a50bac6d66430cad0ba85d786a441cbb3170bbe0c065315a2fd33e3bc
datasets/cristinakaufalt/finaldatafreeze/phreshphish_FINAL_DATA_FREEZE_v3/roles/final_test/test-011_part003.parquet,10244187,1786894808512392107,828fb92538db7fb4f7f41d563b40e7c8b9a1adf3e749e12eb62738b44896831c
datasets/cristinakaufalt/finaldatafreeze/phreshphish_FINAL_DATA_FREEZE_v3/roles/final_test/test-012_part000.parquet,14011923,1786894811968751392,2bf353acd1568505899da4b517f3c1e564a345b39ae82302efc51ad0603a667a
datasets/cristinakaufalt/finaldatafreeze/phreshphish_FINAL_DATA_FREEZE_v3/roles/final_test/test-012_part001.parquet,14538124,1786894811989626546,488cceae33d1731b8e53dda534fabc370582f57111543880032bc5bc60cffaab
datasets/cristinakaufalt/finaldatafreeze/phreshphish_FINAL_DATA_FREEZE_v3/roles/final_test/test-012_part002.parquet,13157372,1786894809030765981,2078fbaf11f637353aae0a09a9a3be0910ffd4a8d2b9a8b83a8c264a518c2426
datasets/cristinakaufalt/finaldatafreeze/phreshphish_FINAL_DATA_FREEZE_v3/roles/final_test/test-012_part003.parquet,9759171,1786894812078495879,ffc9d17b12b8d10d62f1497f4eb0b1a97474c041a7aaccc7d3a123125d08c8a0
datasets/cristinakaufalt/finaldatafreeze/phreshphish_FINAL_DATA_FREEZE_v3/roles/final_test/test-013_part000.parquet,14447215,1786894813839001272,76b394c9370130a37a0bc444145d49c24e87fb9b6e2a3d8d2fa1a54d668eaad6
datasets/cristinakaufalt/finaldatafreeze/phreshphish_FINAL_DATA_FREEZE_v3/roles/final_test/test-013_part001.parquet,14598240,1786894810365218111,5abcab593620bbc1362bd13d1446c16fffc76fd025cae9bcb589df8d66698e5c
datasets/cristinakaufalt/finaldatafreeze/phreshphish_FINAL_DATA_FREEZE_v3/roles/final_test/test-013_part002.parquet,14495591,1786894809662892329,71c5b896f49b916f6eeb88acdf93aae5abdf3009b04f480a2064d289a9132284
datasets/cristinakaufalt/finaldatafreeze/phreshphish_FINAL_DATA_FREEZE_v3/roles/final_test/test-013_part003.parquet,9812568,1786894811417088058,8a363cfe7e4172cc60e5630c60d7e8382dd8a8250d8912d6e793fb587a28d442
datasets/cristinakaufalt/finaldatafreeze/phreshphish_FINAL_DATA_FREEZE_v3/roles/final_test/test-014_part000.parquet,14418455,1786894809547274713,2d0270ad75c2cd5cf5a5ffe60d478969c251df80fc9220cf9af2f4b5b7692825
datasets/cristinakaufalt/finaldatafreeze/phreshphish_FINAL_DATA_FREEZE_v3/roles/final_test/test-014_part001.parquet,14162198,1786894809485635448,b0858976e9a50b1ec1755d457784d70e71ce5cf87de11ea29c77e806bb8f7d8f
datasets/cristinakaufalt/finaldatafreeze/phreshphish_FINAL_DATA_FREEZE_v3/roles/final_test/test-014_part002.parquet,14430226,1786894810075694668,f51bc0be24c4966dbe8ac37b2c0deb9296a37803a290779b86b226a1f74fd3b0
datasets/cristinakaufalt/finaldatafreeze/phreshphish_FINAL_DATA_FREEZE_v3/roles/final_test/test-014_part003.parquet,10416465,1786894808827674931,9c2a1f3f55ec4d9cf5eb118a2286cd3048e83dcd2ce7a532bba844f5db73dd33
datasets/cristinakaufalt/finaldatafreeze/phreshphish_FINAL_DATA_FREEZE_v3/roles/final_test/test-015_part000.parquet,14124145,1786894809654968135,0f2660d1e90d88a24d7c7b81881a72eceaa7d24cedb90489be550de3e48e21c6
datasets/cristinakaufalt/finaldatafreeze/phreshphish_FINAL_DATA_FREEZE_v3/roles/final_test/test-015_part001.parquet,14350854,1786894811924065590,3f070a4dee3ec6f287a19903bb8454dca000363000c4776224a635bea15fa0a3
datasets/cristinakaufalt/finaldatafreeze/phreshphish_FINAL_DATA_FREEZE_v3/roles/final_test/test-015_part002.parquet,14198118,1786894812010866120,361f28a2fc61601770c2cea4b34a6699c3942b95a8616f29e44fe985151d427b
datasets/cristinakaufalt/finaldatafreeze/phreshphish_FINAL_DATA_FREEZE_v3/roles/final_test/test-015_part003.parquet,11747977,1786894811804928827,36b39b7ba2de798a54444e66126fd8a6085ebe65337b35da030c6699d39bf524
datasets/cristinakaufalt/finaldatafreeze/phreshphish_FINAL_DATA_FREEZE_v3/roles/final_test/test-016_part000.parquet,14665805,1786894808789455718,92474345d0c75433cd314a39a5c513d23dc6d14bc0aa6d59512f0e1ea30302a5
datasets/cristinakaufalt/finaldatafreeze/phreshphish_FINAL_DATA_FREEZE_v3/roles/final_test/test-016_part001.parquet,14012889,1786894810014117086,93eb4bf2397c2abe9fdb5d6b5321eb1777920ff165b96e8af8033baae64d5a8d
datasets/cristinakaufalt/finaldatafreeze/phreshphish_FINAL_DATA_FREEZE_v3/roles/final_test/test-016_part002.parquet,14194302,1786894808732960955,9bc29173a99c447e9d8b21e1049f34e9176c025c15fd003d06635eee6e103135
datasets/cristinakaufalt/finaldatafreeze/phreshphish_FINAL_DATA_FREEZE_v3/roles/final_test/test-016_part003.parquet,11969315,1786894809224970131,975f1d2f87e4a07cc78c58b9303ebc784859b294caa17c31f9e6d7cac6b23974
datasets/cristinakaufalt/finaldatafreeze/phreshphish_FINAL_DATA_FREEZE_v3/roles/final_test/test-017_part000.parquet,14523139,1786894809590214537,960a2d60db5f9b18042aba62f9312066516de41b25a735aaaa983b1656291159
datasets/cristinakaufalt/finaldatafreeze/phreshphish_FINAL_DATA_FREEZE_v3/roles/final_test/test-017_part001.parquet,14075014,1786894809516018800,6720aba4fd21cfd97dccc8d9cc11cc53dff32c5cfaf3c3b5c08c844e71cdd70b
datasets/cristinakaufalt/finaldatafreeze/phreshphish_FINAL_DATA_FREEZE_v3/roles/final_test/test-017_part002.parquet,14459799,1786894810298387251,0924834f7db0dc338e6082265dca96f7811c7df89254b1e9f3b6b9c4505078e9
datasets/cristinakaufalt/finaldatafreeze/phreshphish_FINAL_DATA_FREEZE_v3/roles/final_test/test-017_part003.parquet,11861631,1786894810129440464,c16f7521b9745b11e07538c275ca22777325265a5ecbe2afcdcdf4ea32fbf7e5
datasets/cristinakaufalt/finaldatafreeze/phreshphish_FINAL_DATA_FREEZE_v3/roles/final_test/test-018_part000.parquet,14273527,1786894809407779338,e81ee9abfeafbd102ea14d0113b641046a26eb6d4484282ac46ed0c85a135453
datasets/cristinakaufalt/finaldatafreeze/phreshphish_FINAL_DATA_FREEZE_v3/roles/final_test/test-018_part001.parquet,14472418,1786894809906227542,b58f7bce2a019cfefed7e9299091fee4abf8812b8411520c0208467b57bd61da
datasets/cristinakaufalt/finaldatafreeze/phreshphish_FINAL_DATA_FREEZE_v3/roles/final_test/test-018_part002.parquet,13855094,1786894813797911686,4bee010157097fed0505718737b47eb68f31e6c5e702d81f8bcbed738e820e8b
datasets/cristinakaufalt/finaldatafreeze/phreshphish_FINAL_DATA_FREEZE_v3/roles/final_test/test-018_part003.parquet,11862830,1786894809151970829,3c31198772fdeedeee22be2a56d64096065026d9c614a7b64bd7caef09b0e4f8
datasets/cristinakaufalt/finaldatafreeze/phreshphish_FINAL_DATA_FREEZE_v3/roles/final_test/test-019_part000.parquet,14459644,1786894809646184847,22af33c9edc1db6af6a360116513ea02379ba2377b55c2875bc04512118bed7d
datasets/cristinakaufalt/finaldatafreeze/phreshphish_FINAL_DATA_FREEZE_v3/roles/final_test/test-019_part001.parquet,14354219,1786894809054062941,0b40e814d06270e5eab899bb7c53c23ac5bae8f6c4f33d3fe05dddde3cf4434d
datasets/cristinakaufalt/finaldatafreeze/phreshphish_FINAL_DATA_FREEZE_v3/roles/final_test/test-019_part002.parquet,14640998,1786894809080595706,ee2c0d87f843074a2f867360a9d03a6cbbeaea2522102daaf850b5df31b99916
datasets/cristinakaufalt/finaldatafreeze/phreshphish_FINAL_DATA_FREEZE_v3/roles/final_test/test-019_part003.parquet,11753443,1786894810167011350,ec823bdb32187b9cb3ac72521c075ba78ad14e98968d5f944512df20cc077de6
datasets/cristinakaufalt/finaldatafreeze/phreshphish_FINAL_DATA_FREEZE_v3/roles/final_test/test-020_part000.parquet,14716750,1786894809457752730,4497d3173a36d3154129ae359585193f3ba7b2f037c0b71581563bd7c868d2f2
datasets/cristinakaufalt/finaldatafreeze/phreshphish_FINAL_DATA_FREEZE_v3/roles/final_test/test-020_part001.parquet,14664929,1786894809093580971,4fee932337f3de0fdb3a5aefd8622bad73afddd4f364dac218b20396a73fc3b4
datasets/cristinakaufalt/finaldatafreeze/phreshphish_FINAL_DATA_FREEZE_v3/roles/final_test/test-020_part002.parquet,8001732,1786894806364917503,8e17315f25ba5b65c773f7d46298604ff416417f82a26a2c9a22f1ad009ecbb8
datasets/cristinakaufalt/finaldatafreeze/phreshphish_FINAL_DATA_FREEZE_v3/roles/fpr_calibration_benign/part-00000.parquet,1031039,1786894794380000629,01cfb328df9a22b9d4a4f3cee76ee0645784dc61700f43996ac4def6b12eda94
datasets/cristinakaufalt/finaldatafreeze/phreshphish_FINAL_DATA_FREEZE_v3/roles/fpr_calibration_benign/part-00001.parquet,2315587,1786894798903008813,002c89735527c9ea451976a5c2dcb9ed0a1d8fc041997ea41d56f4bedeea3230
datasets/cristinakaufalt/finaldatafreeze/phreshphish_FINAL_DATA_FREEZE_v3/roles/fpr_calibration_benign/part-00002.parquet,2224837,1786894798584281227,d837ad410684e54f44e7ed6eab570cc90c50d0fa1ce9fc4265ea4e58df08414e
datasets/cristinakaufalt/finaldatafreeze/phreshphish_FINAL_DATA_FREEZE_v3/roles/fpr_calibration_benign/part-00003.parquet,714178,1786894793746031313,bccf148335b11ef24d818df74debed8e16039f1f03f57abbd0f827624ef5cc58
datasets/cristinakaufalt/finaldatafreeze/phreshphish_FINAL_DATA_FREEZE_v3/roles/fpr_calibration_benign/part-00004.parquet,1984138,1786894796104798178,2b7d01ee69382d40fd0cecd54ad5ca334071a32e30ab75d2f4fea02f19b06fb2
datasets/cristinakaufalt/finaldatafreeze/phreshphish_FINAL_DATA_FREEZE_v3/roles/fpr_calibration_benign/part-00005.parquet,2145330,1786894798528973291,114faaef1cb1107b4146a52f81ab173da5ead792626628a8609e976a9485ec53
datasets/cristinakaufalt/finaldatafreeze/phreshphish_FINAL_DATA_FREEZE_v3/roles/fpr_calibration_benign/part-00006.parquet,1205506,1786894793186810664,b23419f08eaed8d52985ad97c8459912e6351fc681675c66a8ba3b6ff4a06d31
datasets/cristinakaufalt/finaldatafreeze/phreshphish_FINAL_DATA_FREEZE_v3/roles/fpr_calibration_benign/part-00007.parquet,2042612,1786894799960301109,5dfdf9cba774a6b01b0dacf8493371fe573a45f881b107c988cb02a31391c00e
datasets/cristinakaufalt/finaldatafreeze/phreshphish_FINAL_DATA_FREEZE_v3/roles/fpr_calibration_benign/part-00008.parquet,2428721,1786894797195326135,bc92703f9b19166543a825e5412706df92eae7df45537e8975a09847d75ce0c2
datasets/cristinakaufalt/finaldatafreeze/phreshphish_FINAL_DATA_FREEZE_v3/roles/fpr_calibration_benign/part-00009.parquet,1888436,1786894793310295748,a88e218a396ef5cdbc06f711125a0c3e8fa93d63b743eec895b4cf748f78eeb3
datasets/cristinakaufalt/finaldatafreeze/phreshphish_FINAL_DATA_FREEZE_v3/roles/fpr_calibration_benign/part-00010.parquet,2124250,1786894796961799207,fe363cc03c0cf71f3401e06cb4c6ede32e4feff89d9d96dfe0b9b6579d402102
datasets/cristinakaufalt/finaldatafreeze/phreshphish_FINAL_DATA_FREEZE_v3/roles/fpr_calibration_benign/part-00011.parquet,2043448,1786894796958422116,a8fb30b4184d3fe4dc982502e56458496a386a98f5656d340e86afe87b428316
datasets/cristinakaufalt/finaldatafreeze/phreshphish_FINAL_DATA_FREEZE_v3/roles/fpr_calibration_benign/part-00012.parquet,1888747,1786894796550406431,97f8319929ae61de5c061e59633788253b0b2461d1c512ca170e8b3f02f0805c
datasets/cristinakaufalt/finaldatafreeze/phreshphish_FINAL_DATA_FREEZE_v3/roles/fpr_calibration_benign/part-00013.parquet,2202921,1786894797858356099,7ba52e0f5c93a62b901cba328dea3e41cfdf2407fe78d7f16e59c088f777aab7
datasets/cristinakaufalt/finaldatafreeze/phreshphish_FINAL_DATA_FREEZE_v3/roles/fpr_calibration_benign/part-00014.parquet,2113072,1786894797079516547,850d54be056a7028a9bfbf7a554c311ef06539ed10394bd6a6a17331d4d1c35d
datasets/cristinakaufalt/finaldatafreeze/phreshphish_FINAL_DATA_FREEZE_v3/roles/fpr_calibration_benign/part-00015.parquet,2177562,1786894798017356677,0a7ba5b9bc091bad9a466ae3c7f1c2a02a00146aaf81bb78741bf6aba071e402
datasets/cristinakaufalt/finaldatafreeze/phreshphish_FINAL_DATA_FREEZE_v3/roles/fpr_calibration_benign/part-00016.parquet,432205,1786894794111303790,44f47b6cfeda6f070d1980b11251d3b1449968f59cbf193cacfc8087a5738bf2
datasets/cristinakaufalt/finaldatafreeze/phreshphish_FINAL_DATA_FREEZE_v3/roles/fpr_calibration_benign/part-00017.parquet,2067501,1786894797099727148,d119e62b799df24d7a8f2cfd9e71a4d3b7e406d11527630b8869495641af686c
datasets/cristinakaufalt/finaldatafreeze/phreshphish_FINAL_DATA_FREEZE_v3/roles/fpr_calibration_benign/part-00018.parquet,1884806,1786894796936284876,02b8e659d544f2a24b02cb3a4e4e365a86f91a96c0543fce17d912ed37ec8071
datasets/cristinakaufalt/finaldatafreeze/phreshphish_FINAL_DATA_FREEZE_v3/roles/fpr_calibration_benign/part-00019.parquet,2017395,1786894797797269109,f4b48a26ab3234332829b74e5e8ccfb97340209085b6224ea93bbc975611c9d5
datasets/cristinakaufalt/finaldatafreeze/phreshphish_FINAL_DATA_FREEZE_v3/roles/fpr_calibration_benign/part-00020.parquet,557542,1786894794399724834,3206792acbbdf7c12c929e6ab3b0598b30520182aad7209c896d4048a581d719
datasets/cristinakaufalt/finaldatafreeze/phreshphish_FINAL_DATA_FREEZE_v3/roles/fpr_calibration_benign/part-00021.parquet,2357140,1786894797790740162,0ee080a811c57bb26f054412035fc3bba644b6f665f2567c00e61de764e348ac
datasets/cristinakaufalt/finaldatafreeze/phreshphish_FINAL_DATA_FREEZE_v3/roles/fpr_calibration_benign/part-00022.parquet,2104421,1786894797613606057,be81c794126dde5d03666439d2712ef74decc720dc90b75af408a5d0f56ac4ff
datasets/cristinakaufalt/finaldatafreeze/phreshphish_FINAL_DATA_FREEZE_v3/roles/fpr_calibration_benign/part-00023.parquet,2207214,1786894797235227604,05e9d08150a3b9a63884f60af0be1f3daa1cd8052df136aef127e3a9dbbc55eb
datasets/cristinakaufalt/finaldatafreeze/phreshphish_FINAL_DATA_FREEZE_v3/roles/fpr_calibration_benign/part-00024.parquet,829942,1786894795178993706,3e4e4aa28ce5dba0664f68b9a3e55e9ca7fa4c79e01aee110ecac76e884db833
datasets/cristinakaufalt/finaldatafreeze/phreshphish_FINAL_DATA_FREEZE_v3/roles/fpr_calibration_benign/part-00025.parquet,2068160,1786894797666908817,d60162898941e34ee9c4d54e3e25ce87e24af58fc91f7f9d5ace94ab4b38925f
datasets/cristinakaufalt/finaldatafreeze/phreshphish_FINAL_DATA_FREEZE_v3/roles/fpr_calibration_benign/part-00026.parquet,2046915,1786894797722226434,4e4a5afd68f776b7ed130d3d66b05d587e3f4ff8088803fb3d3b29d8bbac0c9f
datasets/cristinakaufalt/finaldatafreeze/phreshphish_FINAL_DATA_FREEZE_v3/roles/fpr_calibration_benign/part-00027.parquet,2194049,1786894797180462982,6f275b75abaea9f14ec79a2bc7176425219a68be08bc02c22e3b830ed497ed8f
datasets/cristinakaufalt/finaldatafreeze/phreshphish_FINAL_DATA_FREEZE_v3/roles/fpr_calibration_benign/part-00028.parquet,1025445,1786894795933815267,6e6181cf3974ca59b4ac4fa165c8c1df31288bf226ec4628a310b43017492007
datasets/cristinakaufalt/finaldatafreeze/phreshphish_FINAL_DATA_FREEZE_v3/roles/fpr_calibration_benign/part-00029.parquet,2038068,1786894798023349847,34296f958ad52e077ce8ffbe342527848d11764877491a5805bc9f59b8240d89
datasets/cristinakaufalt/finaldatafreeze/phreshphish_FINAL_DATA_FREEZE_v3/roles/fpr_calibration_benign/part-00030.parquet,1993137,1786894798052938603,492d5dd9e03997977e4031a3a5e7ec7c5d22fb8286eea960385589f56000c69c
datasets/cristinakaufalt/finaldatafreeze/phreshphish_FINAL_DATA_FREEZE_v3/roles/fpr_calibration_benign/part-00031.parquet,2093188,1786894797921012077,cb0737cea759fac28449f45caa6c7fec57d02f10d34ded5eedc3302b5a62f369
datasets/cristinakaufalt/finaldatafreeze/phreshphish_FINAL_DATA_FREEZE_v3/roles/fpr_calibration_benign/part-00032.parquet,1233608,1786894795657676319,7660ab7a74ca2aaafff673d5201881446fb613ff8055032d84db25c5aa3d0aed
datasets/cristinakaufalt/finaldatafreeze/phreshphish_FINAL_DATA_FREEZE_v3/roles/fpr_calibration_benign/part-00033.parquet,2324836,1786894797412643412,64e2779d0a05ccb135aa6bddb5ceafee2900a9ab6d8bd3948cb024c19e2c836a
datasets/cristinakaufalt/finaldatafreeze/phreshphish_FINAL_DATA_FREEZE_v3/roles/fpr_calibration_benign/part-00034.parquet,2202051,1786894798168012024,1643de00d853970e69b7f68cc07aedbea318f5f6a70b9300e6cc9e36ff44944c
datasets/cristinakaufalt/finaldatafreeze/phreshphish_FINAL_DATA_FREEZE_v3/roles/fpr_calibration_benign/part-00035.parquet,2271966,1786894798795503235,ecf87e08998c85e2d58bb1f6cbf39da00ce6f0ade5e2e7d80523dca7a0cf5a44
datasets/cristinakaufalt/finaldatafreeze/phreshphish_FINAL_DATA_FREEZE_v3/roles/fpr_calibration_benign/part-00036.parquet,1283656,1786894796060066038,663b751eda6511c7232ace0a53209a472ee0ad0496f6add01ac9ea9afa13965b
datasets/cristinakaufalt/finaldatafreeze/phreshphish_FINAL_DATA_FREEZE_v3/roles/fpr_calibration_benign/part-00037.parquet,2332169,1786894798727090051,69f49b47cf6c3ffe6ca4eb9298427c209027bd5bb7f7df1b402fe0fc2ab21e50
datasets/cristinakaufalt/finaldatafreeze/phreshphish_FINAL_DATA_FREEZE_v3/roles/fpr_calibration_benign/part-00038.parquet,2400601,1786894798766335680,aa00f4bab7e07ade4e99f32775764acc61ed8fbfc3b342118454bd57e1d90bcf
datasets/cristinakaufalt/finaldatafreeze/phreshphish_FINAL_DATA_FREEZE_v3/roles/fpr_calibration_benign/part-00039.parquet,2449840,1786894798820262968,cff333a31cd895616223235d451f608f3cfbb71f4963b160795a01e0c79669a1
datasets/cristinakaufalt/finaldatafreeze/phreshphish_FINAL_DATA_FREEZE_v3/roles/fpr_calibration_benign/part-00040.parquet,1216915,1786894796470111116,23a36ad1d5b3882bc77404a285248dcb7dbe0ceba798a2570c9344b6f581aad7
datasets/cristinakaufalt/finaldatafreeze/phreshphish_FINAL_DATA_FREEZE_v3/roles/fpr_calibration_benign/part-00041.parquet,2462718,1786894798681054950,13bce9c72f2291c595e74544d8f42aa6132fb43b080cf540a77dea9ed1b12542
datasets/cristinakaufalt/finaldatafreeze/phreshphish_FINAL_DATA_FREEZE_v3/roles/fpr_calibration_benign/part-00042.parquet,2348223,1786894797458011356,38d2da4d548032880d612307017708805a1adbd3c336ea1adea4fb781cc75fe6
datasets/cristinakaufalt/finaldatafreeze/phreshphish_FINAL_DATA_FREEZE_v3/roles/fpr_calibration_benign/part-00043.parquet,2076960,1786894797190553832,25d6132375a0a496e4863d53f60431dc75c72747832c0b46005a373c92ab8d2e
datasets/cristinakaufalt/finaldatafreeze/phreshphish_FINAL_DATA_FREEZE_v3/roles/fpr_calibration_benign/part-00044.parquet,1536620,1786894796401164445,bb0980c334bd5cb03b5d8896dff6ddcde20e2dc84e0eba36b17b108e2bf620ac
datasets/cristinakaufalt/finaldatafreeze/phreshphish_FINAL_DATA_FREEZE_v3/roles/fpr_calibration_benign/part-00045.parquet,2375060,1786894797704099756,ff6404c860d7c5610f1c4cb4248bca3b94fbde722efa90852ac4f2b1cb32e52e
datasets/cristinakaufalt/finaldatafreeze/phreshphish_FINAL_DATA_FREEZE_v3/roles/fpr_calibration_benign/part-00046.parquet,2431706,1786894797645259206,2ca4430676157f2bb422dbfce6c53e500e8b9d42ec3206841d356af9afe8654a
datasets/cristinakaufalt/finaldatafreeze/phreshphish_FINAL_DATA_FREEZE_v3/roles/fpr_calibration_benign/part-00047.parquet,1966100,1786894797112465829,d737cdc60da6166d69d79d747f935568c3016d8502f4f8a681eb5f47837dce01
datasets/cristinakaufalt/finaldatafreeze/phreshphish_FINAL_DATA_FREEZE_v3/roles/fpr_calibration_benign/part-00048.parquet,1522533,1786894796143667499,587fed6f5d295e832c682f2f9df1f5840109d671a71be552d8bc2aea29040f86
datasets/cristinakaufalt/finaldatafreeze/phreshphish_FINAL_DATA_FREEZE_v3/roles/fpr_calibration_benign/part-00049.parquet,1894830,1786894797104482430,d89edee9e2db2f036710fa5d8895d8dbb4c391f73bf71f89575e20e8e1dfc894
datasets/cristinakaufalt/finaldatafreeze/phreshphish_FINAL_DATA_FREEZE_v3/roles/fpr_calibration_benign/part-00050.parquet,2299798,1786894797451962615,0520f5a3ec3f8c55cff679d13bfd49c8e9cdc5e0ba757104603ae2f7a19039fe
datasets/cristinakaufalt/finaldatafreeze/phreshphish_FINAL_DATA_FREEZE_v3/roles/fpr_calibration_benign/part-00051.parquet,2277626,1786894797583655931,626c2087a1aff27eee82bf7a290933ac46a15bba4d1f9c36044c4a73bb1c92dc
datasets/cristinakaufalt/finaldatafreeze/phreshphish_FINAL_DATA_FREEZE_v3/roles/fpr_calibration_benign/part-00052.parquet,1446351,1786894796756360320,4a94d11ebc380fab0d6ddb6620fb7b54729d34f9e88336a77cd70b11ca6dc8f6
datasets/cristinakaufalt/finaldatafreeze/phreshphish_FINAL_DATA_FREEZE_v3/roles/fpr_calibration_benign/part-00053.parquet,1946389,1786894793712496106,2766bd6d784453c6dddc46071977efa86223479b605ab8889dae850bf01fd822
datasets/cristinakaufalt/finaldatafreeze/phreshphish_FINAL_DATA_FREEZE_v3/roles/fpr_calibration_benign/part-00054.parquet,2213362,1786894799158386464,88d473867dc0f3727911d2f94e9fc3eaf0da060b82678e67c1072b613645fae4
datasets/cristinakaufalt/finaldatafreeze/phreshphish_FINAL_DATA_FREEZE_v3/roles/fpr_calibration_benign/part-00055.parquet,1746614,1786894793708267313,e439b26c1a9090bb4cd772ff1de35193a1bc60d39d894bfc38d25d397532e5a4
datasets/cristinakaufalt/finaldatafreeze/phreshphish_FINAL_DATA_FREEZE_v3/roles/fpr_calibration_benign/part-00056.parquet,1773015,1786894798092680281,b944031487af0668d6eaba626e68c73b0eb29fa48231ad10c4cd37d9cc39c4b8
datasets/cristinakaufalt/finaldatafreeze/phreshphish_FINAL_DATA_FREEZE_v3/roles/fpr_calibration_benign/part-00057.parquet,2016549,1786894797378487701,a1bc52b8288323b710251202b7d13bdbb64435451c9de4bc1b2802d98004e3d9
datasets/cristinakaufalt/finaldatafreeze/phreshphish_FINAL_DATA_FREEZE_v3/roles/fpr_calibration_benign/part-00058.parquet,2248507,1786894794247380920,48da1d5d603eff7d1b889e04beb96ae144128453ce3cc12379aa282386702f4c
datasets/cristinakaufalt/finaldatafreeze/phreshphish_FINAL_DATA_FREEZE_v3/roles/fpr_calibration_benign/part-00059.parquet,2172298,1786894797399963714,42ace941e4e71a3bcefccc389f1b853887857c5b9d8ea9f0e88dc9eb6b962c22
datasets/cristinakaufalt/finaldatafreeze/phreshphish_FINAL_DATA_FREEZE_v3/roles/fpr_calibration_benign/part-00060.parquet,1572644,1786894797038489517,ff1b0b7fec046f726319111a35d412cb66e6fced6cc15caa23650ab8ed68df5c
datasets/cristinakaufalt/finaldatafreeze/phreshphish_FINAL_DATA_FREEZE_v3/roles/fpr_calibration_benign/part-00061.parquet,2272597,1786894797720375588,af22d23f89af03e86ca588f823daefb15c9d14499d28578aca2a801aa588b1c6
datasets/cristinakaufalt/finaldatafreeze/phreshphish_FINAL_DATA_FREEZE_v3/roles/fpr_calibration_benign/part-00062.parquet,2623967,1786894799548042333,b57bd4524e1d73fd0bb1ff982cdb69b7d722a549dc06eb04bf753d19cb188021
datasets/cristinakaufalt/finaldatafreeze/phreshphish_FINAL_DATA_FREEZE_v3/roles/fpr_calibration_benign/part-00063.parquet,2208818,1786894797343761223,e34a81b02ca96e8adc440b1ea14ed33c0be505b9a1d8466ab43b14430375b612
datasets/cristinakaufalt/finaldatafreeze/phreshphish_FINAL_DATA_FREEZE_v3/roles/fpr_calibration_benign/part-00064.parquet,1895081,1786894797153508685,6791b527eb6dbd03b073a4b76d46036e65f9230f0549fff59c32743c7c452bb8
datasets/cristinakaufalt/finaldatafreeze/phreshphish_FINAL_DATA_FREEZE_v3/roles/fpr_calibration_benign/part-00065.parquet,2208930,1786894794413958460,e2f5509ea032e8974676bc21bd4948cc65cd2e8db5af634ca4a4f82fa07cfcd8
datasets/cristinakaufalt/finaldatafreeze/phreshphish_FINAL_DATA_FREEZE_v3/roles/fpr_calibration_benign/part-00066.parquet,2318913,1786894799073900885,5475d63e1fed17eaa1e865eb337de8cd3af11ee53a3cb28574333bca8a6057f0
datasets/cristinakaufalt/finaldatafreeze/phreshphish_FINAL_DATA_FREEZE_v3/roles/fpr_calibration_benign/part-00067.parquet,2109142,1786894797375713898,b7adacf7fbdb75e0e89873709b785aa1dc9e83f9452ded2f0379c15ff7d49f2d
datasets/cristinakaufalt/finaldatafreeze/phreshphish_FINAL_DATA_FREEZE_v3/roles/fpr_calibration_benign/part-00068.parquet,1710643,1786894797021716227,65cf43ac9ccab9af5edd726c75a124ca4ed7487508690ea7557f08fb26a43b50
datasets/cristinakaufalt/finaldatafreeze/phreshphish_FINAL_DATA_FREEZE_v3/roles/fpr_calibration_benign/part-00069.parquet,2188383,1786894797836238285,f2d9bb26c9cd7e460d7c57119755fb03913459b2e3e523742cb88e8c99b06ea2
datasets/cristinakaufalt/finaldatafreeze/phreshphish_FINAL_DATA_FREEZE_v3/roles/fpr_calibration_benign/part-00070.parquet,2203752,1786894798069319777,1d20c4b472a89a179fde7c0ef7df6070c5993ed6b05106309df437b12b0eb490
datasets/cristinakaufalt/finaldatafreeze/phreshphish_FINAL_DATA_FREEZE_v3/roles/fpr_calibration_benign/part-00071.parquet,2198331,1786894794614560534,d8ff48b28d07fb310414024c8a6b66bac0030ab7791861bb46ac1a6102aa2311
datasets/cristinakaufalt/finaldatafreeze/phreshphish_FINAL_DATA_FREEZE_v3/roles/fpr_calibration_benign/part-00072.parquet,1889746,1786894797408329434,9237fe4c40f8d74fcc50fef703989ee46222610c5daf1a5e5cd2d8f9b835f5f1
datasets/cristinakaufalt/finaldatafreeze/phreshphish_FINAL_DATA_FREEZE_v3/roles/fpr_calibration_benign/part-00073.parquet,2323250,1786894798789294143,5aeb664c550511cdbdd901e07a6b810011e4da19b0703f9797b8998964c3ca39
datasets/cristinakaufalt/finaldatafreeze/phreshphish_FINAL_DATA_FREEZE_v3/roles/fpr_calibration_benign/part-00074.parquet,2052059,1786894798569482125,f62b9a84b3fb00178eb346fe2c9703114371da3ee3cc3ab01bcbfdbe78600ac9
datasets/cristinakaufalt/finaldatafreeze/phreshphish_FINAL_DATA_FREEZE_v3/roles/fpr_calibration_benign/part-00075.parquet,2066854,1786894797823571342,5f308497fb15ce9593cde1f76604fed9b5066d06f3d93be0ed53bd71904a8bc6
datasets/cristinakaufalt/finaldatafreeze/phreshphish_FINAL_DATA_FREEZE_v3/roles/fpr_calibration_benign/part-00076.parquet,1545309,1786894796639908569,4635c312beddc901a7f529fdefe839922e4a0e2c42c48958f9354c0230a4ff42
datasets/cristinakaufalt/finaldatafreeze/phreshphish_FINAL_DATA_FREEZE_v3/roles/fpr_calibration_benign/part-00077.parquet,1972926,1786894797392713912,628c43f8b237939eac0c69ec75a872dc73c8222fc9d8757f13a207c4928b640d
datasets/cristinakaufalt/finaldatafreeze/phreshphish_FINAL_DATA_FREEZE_v3/roles/fpr_calibration_benign/part-00078.parquet,1960201,1786894797532949269,b05674be17cbcc1a3987239eafb493581ee1716ac6c3fbc46123e0cb066e37ec
datasets/cristinakaufalt/finaldatafreeze/phreshphish_FINAL_DATA_FREEZE_v3/roles/fpr_calibration_benign/part-00079.parquet,2286814,1786894799657830808,59f6c129b3c66d3a7b15f4b631c924bd55b48e558db2a2851bc13d8922033ff2
datasets/cristinakaufalt/finaldatafreeze/phreshphish_FINAL_DATA_FREEZE_v3/roles/fpr_calibration_benign/part-00080.parquet,1752761,1786894797247881585,f96f8195f6e1604b675e2abde77a2543be0c6df39e3895e14fa69d33cd278fc7
datasets/cristinakaufalt/finaldatafreeze/phreshphish_FINAL_DATA_FREEZE_v3/roles/fpr_calibration_benign/part-00081.parquet,2348213,1786894799734407964,15a6b48f5c977c7496b56e1ed7f309a9a6b6b90da1b4108893361b3e8bc0540f
datasets/cristinakaufalt/finaldatafreeze/phreshphish_FINAL_DATA_FREEZE_v3/roles/fpr_calibration_benign/part-00082.parquet,1969801,1786894798681925484,a3ad7de4721704c787d8341919c276793175da5898510f2e769e3a6f0beee52c
datasets/cristinakaufalt/finaldatafreeze/phreshphish_FINAL_DATA_FREEZE_v3/roles/fpr_calibration_benign/part-00083.parquet,2226495,1786894798959835005,be48177cdb36944223e2391f7fe23e97ff8d061e7510cb4b24b60d0e976a9848
datasets/cristinakaufalt/finaldatafreeze/phreshphish_FINAL_DATA_FREEZE_v3/roles/fpr_calibration_benign/part-00084.parquet,1648966,1786894794524746663,358fd371bc772d1398abf2c14e75a9c58cae856dc7939220118db2f7f94bdc05
datasets/cristinakaufalt/finaldatafreeze/phreshphish_FINAL_DATA_FREEZE_v3/roles/fpr_calibration_benign/part-00085.parquet,1966965,1786894797503438994,2c383d88d20b5a86b8dc1ab00c8830dd1e1b1fe93b8fee9ad08d3d6b23c324ea
datasets/cristinakaufalt/finaldatafreeze/phreshphish_FINAL_DATA_FREEZE_v3/roles/fpr_calibration_benign/part-00086.parquet,1972969,1786894795073804254,c9b55023e145b50565ed4e9559089f42972b37ce0c2e3c85c3964a1d35b1e922
datasets/cristinakaufalt/finaldatafreeze/phreshphish_FINAL_DATA_FREEZE_v3/roles/fpr_calibration_benign/part-00087.parquet,2179340,1786894795308919257,8bb1d8c2a47a1a8a3dbb82262c73b42c580d6d7cbbf0eb34e016d086b644b417
datasets/cristinakaufalt/finaldatafreeze/phreshphish_FINAL_DATA_FREEZE_v3/roles/fpr_calibration_benign/part-00088.parquet,1812387,1786894798280423482,7448edb5402fb94bd1765d6e6601b4e82174ca901cb0957d576e966f2db80942
datasets/cristinakaufalt/finaldatafreeze/phreshphish_FINAL_DATA_FREEZE_v3/roles/fpr_calibration_benign/part-00089.parquet,2321426,1786894798180415458,5178055d4a016a81060c539852d4fb53876aef04489f5c62ce39cdb4de794408
datasets/cristinakaufalt/finaldatafreeze/phreshphish_FINAL_DATA_FREEZE_v3/roles/fpr_calibration_benign/part-00090.parquet,1962290,1786894795191800865,b415dd944b3ce52e6752bf6083f07974c8d7fb59ceacbe6ad5daf43ee5618aaa
datasets/cristinakaufalt/finaldatafreeze/phreshphish_FINAL_DATA_FREEZE_v3/roles/fpr_calibration_benign/part-00091.parquet,2310177,1786894799102539776,1e32ae6186db89acca72722063eedd17d5ccb243d7e0400eb803acd0099da536
datasets/cristinakaufalt/finaldatafreeze/phreshphish_FINAL_DATA_FREEZE_v3/roles/fpr_calibration_benign/part-00092.parquet,1797525,1786894797959891714,6f10fffb67e56a6d3d0c55b5b76b0a183b1653af420f4d00976ce4c588d576bb
datasets/cristinakaufalt/finaldatafreeze/phreshphish_FINAL_DATA_FREEZE_v3/roles/fpr_calibration_benign/part-00093.parquet,2044115,1786894798755561611,7186127c4bac33f52034fe89c7edc0a1d76fccdc1e7c951da2172c7a3fa84094
datasets/cristinakaufalt/finaldatafreeze/phreshphish_FINAL_DATA_FREEZE_v3/roles/fpr_calibration_benign/part-00094.parquet,2265346,1786894795474881500,0703fadfcc433b88b9b693e7d84151d0a6a73e3d8388f722a5468486209497d0
datasets/cristinakaufalt/finaldatafreeze/phreshphish_FINAL_DATA_FREEZE_v3/roles/fpr_calibration_benign/part-00095.parquet,2331149,1786894795419553419,bb51a2fb1b86795d0b8df536b69414cd9c6aef6e8a9878a511ae7e684f0b61e2
datasets/cristinakaufalt/finaldatafreeze/phreshphish_FINAL_DATA_FREEZE_v3/roles/fpr_calibration_benign/part-00096.parquet,1635464,1786894797063007675,2346de811ef4f4b42c95f806fac07d7238edc3b1b49c69db3f18e82805340d50
datasets/cristinakaufalt/finaldatafreeze/phreshphish_FINAL_DATA_FREEZE_v3/roles/fpr_calibration_benign/part-00097.parquet,2091398,1786894797408743008,b828f0f889b491c605bd108c10d3dc91af90dbc34e04c9c9f5ce9fd5b73089ac
datasets/cristinakaufalt/finaldatafreeze/phreshphish_FINAL_DATA_FREEZE_v3/roles/fpr_calibration_benign/part-00098.parquet,2421101,1786894798041620228,7f4251c7ba6975c045825dee35e582e76183f6604af85c5b4ab8e96988f6e17c
datasets/cristinakaufalt/finaldatafreeze/phreshphish_FINAL_DATA_FREEZE_v3/roles/fpr_calibration_benign/part-00099.parquet,2359115,1786894799113221282,2d8532daed731130b38b75e475116750f471636531b535607d33b18bf03d6e1b
datasets/cristinakaufalt/finaldatafreeze/phreshphish_FINAL_DATA_FREEZE_v3/roles/fpr_calibration_benign/part-00100.parquet,1906222,1786894797371345934,8a4d872816474da59412a7a803b51b37e508b5ebeffe6ba618c65e866321b031
datasets/cristinakaufalt/finaldatafreeze/phreshphish_FINAL_DATA_FREEZE_v3/roles/fpr_calibration_benign/part-00101.parquet,2170479,1786894801321262551,4542497039919f14729a7028b115987b5b1bf98c70e47bec41467fdd7f1347dc
datasets/cristinakaufalt/finaldatafreeze/phreshphish_FINAL_DATA_FREEZE_v3/roles/fpr_calibration_benign/part-00102.parquet,1853020,1786894798617309105,7fcec335ffe0e41593f010d6a71c1dbdc9d07043123be01905ca73b0290b3857
datasets/cristinakaufalt/finaldatafreeze/phreshphish_FINAL_DATA_FREEZE_v3/roles/fpr_calibration_benign/part-00103.parquet,2207629,1786894797628121214,fc7964d4c92b37e15357c4ee1be7d0ea0387dc038e5638608df4e7a0d1be745e
datasets/cristinakaufalt/finaldatafreeze/phreshphish_FINAL_DATA_FREEZE_v3/roles/fpr_calibration_benign/part-00104.parquet,1865428,1786894797349236810,0190d45282a458a0927c296db8380b2118d98f7c520a0964eaeb400227a54eb5
datasets/cristinakaufalt/finaldatafreeze/phreshphish_FINAL_DATA_FREEZE_v3/roles/fpr_calibration_benign/part-00105.parquet,2029820,1786894798763190595,767adf5bf05ab26e1723e8743cfd3681f32f756eb6029ca35057e748c6c3b3a1
datasets/cristinakaufalt/finaldatafreeze/phreshphish_FINAL_DATA_FREEZE_v3/roles/fpr_calibration_benign/part-00106.parquet,2434748,1786894799464390487,c31a41114f4e48694c5f27a17c94c6ded2f6ab0ab4a697a93ab2973f7115e841
datasets/cristinakaufalt/finaldatafreeze/phreshphish_FINAL_DATA_FREEZE_v3/roles/fpr_calibration_benign/part-00107.parquet,1928117,1786894798232915835,5f32b95dc86ed33fd8254fce14116007437a51455e432985389d3ff34a7fb588
datasets/cristinakaufalt/finaldatafreeze/phreshphish_FINAL_DATA_FREEZE_v3/roles/fpr_calibration_benign/part-00108.parquet,1941798,1786894797697044346,e790df9691a90c9390f70bfc8e3ea5bd127868eb1ba3a3988bb368a4b8388e7d
datasets/cristinakaufalt/finaldatafreeze/phreshphish_FINAL_DATA_FREEZE_v3/roles/fpr_calibration_benign/part-00109.parquet,2240035,1786894797897800672,1e66d73eccbfa69b9e21b3630dd1a44d785114d4db012ed98bd132991deacc56
datasets/cristinakaufalt/finaldatafreeze/phreshphish_FINAL_DATA_FREEZE_v3/roles/fpr_calibration_benign/part-00110.parquet,2125660,1786894798756588139,d39b0a92f0b05b7c7ab83638af0d73bd4d38b3a8c9b426273c6c858b7154fd47
datasets/cristinakaufalt/finaldatafreeze/phreshphish_FINAL_DATA_FREEZE_v3/roles/fpr_calibration_benign/part-00111.parquet,2084082,1786894799024158834,8c65971432dbbeace145a91cff9f1787b64d3fe80a10fceeb807c64bd7e493c3
datasets/cristinakaufalt/finaldatafreeze/phreshphish_FINAL_DATA_FREEZE_v3/roles/fpr_calibration_benign/part-00112.parquet,1827662,1786894797178194437,24172661e87e95b4e4a6352c3c5d4ca198c9ea7d9a4a414a317431e92089b186
datasets/cristinakaufalt/finaldatafreeze/phreshphish_FINAL_DATA_FREEZE_v3/roles/fpr_calibration_benign/part-00113.parquet,2081756,1786894798813643877,fe59eebe4d3eaa29da0f452a4892fbaae778315dc9f96819a230b8204b56e7b3
datasets/cristinakaufalt/finaldatafreeze/phreshphish_FINAL_DATA_FREEZE_v3/roles/fpr_calibration_benign/part-00114.parquet,2068162,1786894797848975831,2fd74aee2a9ef2370b6fbc786d6c1c6a9da53a21d7399dd0a3320c3f2efa0da6
datasets/cristinakaufalt/finaldatafreeze/phreshphish_FINAL_DATA_FREEZE_v3/roles/fpr_calibration_benign/part-00115.parquet,2458978,1786894802356159248,bf4422f34745d839d834b1a78b81d8e4609d32faa8e0ece54b1f6ff39ae53205
datasets/cristinakaufalt/finaldatafreeze/phreshphish_FINAL_DATA_FREEZE_v3/roles/fpr_calibration_benign/part-00116.parquet,1622247,1786894797816194368,ab2abbf4677eb1ee7eed9172788b02dc8f896d69b286c786b9828c11349463bc
datasets/cristinakaufalt/finaldatafreeze/phreshphish_FINAL_DATA_FREEZE_v3/roles/fpr_calibration_benign/part-00117.parquet,2163071,1786894798171200832,9de8a1033df87aa40e4b27ca3684759c4dbe2dafc10b814b4fa9919dca7cab39
datasets/cristinakaufalt/finaldatafreeze/phreshphish_FINAL_DATA_FREEZE_v3/roles/fpr_calibration_benign/part-00118.parquet,2328964,1786894798414953745,f68bc51fbdc5187a6f14a0c0f637e5e7803a8c01b0e88aa7cbb5751294c8ed19
datasets/cristinakaufalt/finaldatafreeze/phreshphish_FINAL_DATA_FREEZE_v3/roles/fpr_calibration_benign/part-00119.parquet,2128826,1786894798520778312,1eaa77df1b204cf40a7c09c6e7cf7a3b882daf477bbf5a450a34d4777582fc66
datasets/cristinakaufalt/finaldatafreeze/phreshphish_FINAL_DATA_FREEZE_v3/roles/fpr_calibration_benign/part-00120.parquet,2154829,1786894801507912250,b45ae613a9ae9e11044b84e7fb40fa4a8790911bc56e6c5115e12ef11bc956c9
datasets/cristinakaufalt/finaldatafreeze/phreshphish_FINAL_DATA_FREEZE_v3/roles/fpr_calibration_benign/part-00121.parquet,2126086,1786894798556418109,076b3578eb2a88ddd01040ccb17235247f5f37a6684abbabfe809cbbf268ca2c
datasets/cristinakaufalt/finaldatafreeze/phreshphish_FINAL_DATA_FREEZE_v3/roles/fpr_calibration_benign/part-00122.parquet,2412044,1786894798544681911,9764b57ed70596b95ccea01380d75778fca70a2bd3e19e4466486dad564f5630
datasets/cristinakaufalt/finaldatafreeze/phreshphish_FINAL_DATA_FREEZE_v3/roles/fpr_calibration_benign/part-00123.parquet,2238607,1786894798382883596,186dc4a24ea46c970dbca6a0630f6825d9fc12bc1728403f9ca33f129e067b0b
datasets/cristinakaufalt/finaldatafreeze/phreshphish_FINAL_DATA_FREEZE_v3/roles/fpr_calibration_benign/part-00124.parquet,1932576,1786894798612692822,d1fdc236835439d83652d40e02375f8e62fdec2d263c128a41079d6cbf20988a
datasets/cristinakaufalt/finaldatafreeze/phreshphish_FINAL_DATA_FREEZE_v3/roles/fpr_calibration_benign/part-00125.parquet,2136816,1786894798008714310,afd2d6676e3325ceb22986c0973bb6997d6e69e454692a26bfe4eff46f642500
datasets/cristinakaufalt/finaldatafreeze/phreshphish_FINAL_DATA_FREEZE_v3/roles/fpr_calibration_benign/part-00126.parquet,2221533,1786894799509702682,589338d475aa6084d019736ee6cae9cf3f9281518bbf1d483a9b0399fcab69a0
datasets/cristinakaufalt/finaldatafreeze/phreshphish_FINAL_DATA_FREEZE_v3/roles/fpr_calibration_benign/part-00127.parquet,2224149,1786894799577060863,c515acbe3c4d467f340cc6961178f55a16af4fb4d2d098e9bb43f827b3b8d4f2
datasets/cristinakaufalt/finaldatafreeze/phreshphish_FINAL_DATA_FREEZE_v3/roles/fpr_calibration_benign/part-00128.parquet,1928554,1786894798770899082,71b4d43fb1c40746773058690fc22984411830f652279295f7d299cd1a1c7e27
datasets/cristinakaufalt/finaldatafreeze/phreshphish_FINAL_DATA_FREEZE_v3/roles/fpr_calibration_benign/part-00129.parquet,2095416,1786894799201662065,6ae2824ed6f9f24edebd004c1803d81f367b3478daebbaebdc19766f4b85e990
datasets/cristinakaufalt/finaldatafreeze/phreshphish_FINAL_DATA_FREEZE_v3/roles/fpr_calibration_benign/part-00130.parquet,2074573,1786894799249879459,275512a35d12f7b98d4f0f9c1a16a6b21d8f225710b65b76150f6c98d5acbb5c
datasets/cristinakaufalt/finaldatafreeze/phreshphish_FINAL_DATA_FREEZE_v3/roles/fpr_calibration_benign/part-00131.parquet,2029672,1786894797284356989,de933aba4b6143c98dd2abba204186fc0a57ea532b44c0469f8dc474bc3fb13b
datasets/cristinakaufalt/finaldatafreeze/phreshphish_FINAL_DATA_FREEZE_v3/roles/fpr_calibration_benign/part-00132.parquet,2062385,1786894797309887367,c21e5cc40cae0fe65585f6c67e6f025de733561d3c2c35e99ad043536cde86f7
datasets/cristinakaufalt/finaldatafreeze/phreshphish_FINAL_DATA_FREEZE_v3/roles/fpr_calibration_benign/part-00133.parquet,2180197,1786894797474251422,8476ac20fb5487869fc3716778f3907411e624816f6f857c960eff11a29cf13c
datasets/cristinakaufalt/finaldatafreeze/phreshphish_FINAL_DATA_FREEZE_v3/roles/fpr_calibration_benign/part-00134.parquet,2008321,1786894797273678898,f9dd5b71b1f314d02c59e9c0b6b36a51816d50e07615ab6d4378d4646f1c0436
datasets/cristinakaufalt/finaldatafreeze/phreshphish_FINAL_DATA_FREEZE_v3/roles/fpr_calibration_benign/part-00135.parquet,2534702,1786894800184887312,75096ad984168e6c3d60aeeaf8a12c5ce8661ce71aae8ab0d86a8cae058da82a
datasets/cristinakaufalt/finaldatafreeze/phreshphish_FINAL_DATA_FREEZE_v3/roles/fpr_calibration_benign/part-00136.parquet,1961791,1786894797287944276,8332ecece8595790bb84e6ffffb6d2f68b9c7bdd4a2e448c85879874c37772f6
datasets/cristinakaufalt/finaldatafreeze/phreshphish_FINAL_DATA_FREEZE_v3/roles/fpr_calibration_benign/part-00137.parquet,2154292,1786894799949168087,7297e0be9f143606cadd6c4eff3044a613b42840edb0cfdde2acc74e14abf0e7
datasets/cristinakaufalt/finaldatafreeze/phreshphish_FINAL_DATA_FREEZE_v3/roles/fpr_calibration_benign/part-00138.parquet,2237569,1786894798878288014,ca564b5f912bf5f20fe3c31d5249239751a4316bf39e3ad58f6c5ea8ca7e0be7
datasets/cristinakaufalt/finaldatafreeze/phreshphish_FINAL_DATA_FREEZE_v3/roles/fpr_calibration_benign/part-00139.parquet,2452544,1786894800616901488,7f565e165b5a4677c6059ec8070a3aef92c9093ca342b60a4b9609c05881cf39
datasets/cristinakaufalt/finaldatafreeze/phreshphish_FINAL_DATA_FREEZE_v3/roles/fpr_calibration_benign/part-00140.parquet,1766034,1786894797936369932,09ed1b02c71334d9b6bfa96d2e08797091e169da5fdda3875b5eacc426507a6c
datasets/cristinakaufalt/finaldatafreeze/phreshphish_FINAL_DATA_FREEZE_v3/roles/fpr_calibration_benign/part-00141.parquet,1932547,1786894798768282879,cdbcc80043e1d1a32bfb7c855d49655abe91857cdd284bb065e52d642c10ffc7
datasets/cristinakaufalt/finaldatafreeze/phreshphish_FINAL_DATA_FREEZE_v3/roles/fpr_calibration_benign/part-00142.parquet,1986489,1786894798034426172,c1429562e7d2aad659fbbd784a71c5ae243fbabf6549f6432914c5d2278d0447
datasets/cristinakaufalt/finaldatafreeze/phreshphish_FINAL_DATA_FREEZE_v3/roles/fpr_calibration_benign/part-00143.parquet,1938500,1786894799578638805,765129f8e1728e9008211401571a9183f28230a424771c743a4e1db3c2007a0d
datasets/cristinakaufalt/finaldatafreeze/phreshphish_FINAL_DATA_FREEZE_v3/roles/fpr_calibration_benign/part-00144.parquet,2093189,1786894799944265505,831caf6fabd81d96599b9aa607223277a5be23a607db7c04ee0ef10ae6d830a4
datasets/cristinakaufalt/finaldatafreeze/phreshphish_FINAL_DATA_FREEZE_v3/roles/fpr_calibration_benign/part-00145.parquet,1993525,1786894801159324953,7be5fc9172ad5a2d25a78e5c37baf942001a6a32ddb40662cd8c3674815a51a3
datasets/cristinakaufalt/finaldatafreeze/phreshphish_FINAL_DATA_FREEZE_v3/roles/fpr_calibration_benign/part-00146.parquet,2035605,1786894799875389146,dac463309ae2380c051178ea48de3decefd3ac6283a07a76ed671ead2d8b021c
datasets/cristinakaufalt/finaldatafreeze/phreshphish_FINAL_DATA_FREEZE_v3/roles/fpr_calibration_benign/part-00147.parquet,2228050,1786894799596518819,4a9603b7589d075fd5f5e04364f96afa61dab24d703399f7fd24c1427db2f664
datasets/cristinakaufalt/finaldatafreeze/phreshphish_FINAL_DATA_FREEZE_v3/roles/fpr_calibration_benign/part-00148.parquet,2079512,1786894799575747181,3bb09e5e4c73dd043328a706643db1f982e95fca4d58f085a429fb567184ccf5
datasets/cristinakaufalt/finaldatafreeze/phreshphish_FINAL_DATA_FREEZE_v3/roles/fpr_calibration_benign/part-00149.parquet,2250788,1786894799991778613,3fb1afe37032b64fc4d7368ccdda7c319bd45f4b541b7d41e6ca0bbc699aab66
datasets/cristinakaufalt/finaldatafreeze/phreshphish_FINAL_DATA_FREEZE_v3/roles/fpr_calibration_benign/part-00150.parquet,2450514,1786894800252340848,f72a00c6b286eecadaaa68971ced0823a333ef5b1ec675cabbe0995344fb81c6
datasets/cristinakaufalt/finaldatafreeze/phreshphish_FINAL_DATA_FREEZE_v3/roles/fpr_calibration_benign/part-00151.parquet,2220415,1786894799027074650,1ca1414a545eae4bc314a45dac0854a0f0127abc38a13ceb128aaaafb0d7535c
datasets/cristinakaufalt/finaldatafreeze/phreshphish_FINAL_DATA_FREEZE_v3/roles/fpr_calibration_benign/part-00152.parquet,1767013,1786894798413241743,ca2e658fedbad2cb6ad1928e76afc4013b3e789052c1b55f413c376976041cbc
datasets/cristinakaufalt/finaldatafreeze/phreshphish_FINAL_DATA_FREEZE_v3/roles/fpr_calibration_benign/part-00153.parquet,2342389,1786894798049364955,d90a56851d7eda58f7a94f568e8c307e852fe8baf9945344d745939962c19988
datasets/cristinakaufalt/finaldatafreeze/phreshphish_FINAL_DATA_FREEZE_v3/roles/fpr_calibration_benign/part-00154.parquet,2111889,1786894797862391559,6e511c9706b840cb79cfedc20508acf6e611663382c090fd099b42b3111d0f87
datasets/cristinakaufalt/finaldatafreeze/phreshphish_FINAL_DATA_FREEZE_v3/roles/fpr_calibration_benign/part-00155.parquet,2253562,1786894798037348725,cfd25842cd240444d16af4b3ec4decc351a540f3d7b7e9d052f4c9f9762cf9e4
datasets/cristinakaufalt/finaldatafreeze/phreshphish_FINAL_DATA_FREEZE_v3/roles/fpr_calibration_benign/part-00156.parquet,1857284,1786894797378909064,1c60e6112a6cd83863f743218b9560c879c737b02f01d6c21108733bddf49b56
datasets/cristinakaufalt/finaldatafreeze/phreshphish_FINAL_DATA_FREEZE_v3/roles/fpr_calibration_benign/part-00157.parquet,2256783,1786894798045661095,67b325f4e809e08e24749a8dd6f4badfe292839582c12a4e5f2c8c887f9604b0
datasets/cristinakaufalt/finaldatafreeze/phreshphish_FINAL_DATA_FREEZE_v3/roles/fpr_calibration_benign/part-00158.parquet,2044311,1786894798816753574,c63cd1b7eae05406667e8a0e77542d41aba26b4f383252c3c004cd819e4da777
datasets/cristinakaufalt/finaldatafreeze/phreshphish_FINAL_DATA_FREEZE_v3/roles/fpr_calibration_benign/part-00159.parquet,1992004,1786894797964106611,1d5637ae74fbd678109bdb53754f1b40ebc9126a2852295608570c90de270784
datasets/cristinakaufalt/finaldatafreeze/phreshphish_FINAL_DATA_FREEZE_v3/roles/fpr_calibration_benign/part-00160.parquet,2138302,1786894797967890449,e5796dd6847374078a1692ec78a60bc9016cc5d38349215c1b325df42e5e49ed
datasets/cristinakaufalt/finaldatafreeze/phreshphish_FINAL_DATA_FREEZE_v3/roles/fpr_calibration_benign/part-00161.parquet,2110504,1786894801688430645,96d471593f2aa479e2c5ce66bae3bb9d0e1fef32e8f261c1d1cec48197e9d705
datasets/cristinakaufalt/finaldatafreeze/phreshphish_FINAL_DATA_FREEZE_v3/roles/fpr_calibration_benign/part-00162.parquet,2085214,1786894798890519667,0abfca3ee6852c73d984853ef7c90815d2e55af6a000c6f0083c6501b519ad32
datasets/cristinakaufalt/finaldatafreeze/phreshphish_FINAL_DATA_FREEZE_v3/roles/fpr_calibration_benign/part-00163.parquet,2105463,1786894798891717423,a385ed7649dfefb37b298685ca8057341bfdc63d77f42cdb7a75131d6044147d
datasets/cristinakaufalt/finaldatafreeze/phreshphish_FINAL_DATA_FREEZE_v3/roles/fpr_calibration_benign/part-00164.parquet,1741521,1786894797750838113,4fc3f11b420fd5512bbd629ed32dea0319e01a36ef10d5ed5300018e4a1d0e4e
datasets/cristinakaufalt/finaldatafreeze/phreshphish_FINAL_DATA_FREEZE_v3/roles/fpr_calibration_benign/part-00165.parquet,2255390,1786894798301435827,5d279c0ac423fbc396f34eb585a5cae7c93c97a64aafe7255139b9a5d635ae65
datasets/cristinakaufalt/finaldatafreeze/phreshphish_FINAL_DATA_FREEZE_v3/roles/fpr_calibration_benign/part-00166.parquet,2333166,1786894798745217274,1e4559e7616bce48386a5901ba2c4231fe60a371b5d54d0bf750be12a8562178
datasets/cristinakaufalt/finaldatafreeze/phreshphish_FINAL_DATA_FREEZE_v3/roles/fpr_calibration_benign/part-00167.parquet,2098925,1786894799199051923,f6bf69bc8d6f05a12f0bcc0ab0ff042458cacb611caf5746a0f9fe069bbbfec1
datasets/cristinakaufalt/finaldatafreeze/phreshphish_FINAL_DATA_FREEZE_v3/roles/fpr_calibration_benign/part-00168.parquet,1738222,1786894797802041345,0f89079d8242833e0479e2353c2d6d79daf7ced05776d95546e5b1b2772c7b2c
datasets/cristinakaufalt/finaldatafreeze/phreshphish_FINAL_DATA_FREEZE_v3/roles/fpr_calibration_benign/part-00169.parquet,2518661,1786894803474378039,8a31a9f9158bb8712e4892c1b16f7155e9dbb0d81d966919cc527c9c394a3124
datasets/cristinakaufalt/finaldatafreeze/phreshphish_FINAL_DATA_FREEZE_v3/roles/fpr_calibration_benign/part-00170.parquet,2139760,1786894799252879748,b9e9d20e1fa654df1daf0f83278d8b2f8ae345c4fdf3aecf735c123d2eb1d1b6
datasets/cristinakaufalt/finaldatafreeze/phreshphish_FINAL_DATA_FREEZE_v3/roles/fpr_calibration_benign/part-00171.parquet,2400033,1786894799133845491,bb689bd5c2e8f0644e5bddfedba89f9ac1e04145bf20860900c64cb31940e852
datasets/cristinakaufalt/finaldatafreeze/phreshphish_FINAL_DATA_FREEZE_v3/roles/fpr_calibration_benign/part-00172.parquet,1854403,1786894798677935570,eb1272647d5e0318afd9d0fee39556e0bad3e7144008ffcf73824f2194998821
datasets/cristinakaufalt/finaldatafreeze/phreshphish_FINAL_DATA_FREEZE_v3/roles/fpr_calibration_benign/part-00173.parquet,2103441,1786894799757870126,a72da0b9b31f0eedb0c9f75df27fe3f543d2796fd464f30e046e4fc25f23758d
datasets/cristinakaufalt/finaldatafreeze/phreshphish_FINAL_DATA_FREEZE_v3/roles/fpr_calibration_benign/part-00174.parquet,2312447,1786894798862271141,8469722b9506f04ff24bdbadab33d058b59c66f188e9ce4086456446bcfccba0
datasets/cristinakaufalt/finaldatafreeze/phreshphish_FINAL_DATA_FREEZE_v3/roles/fpr_calibration_benign/part-00175.parquet,2093953,1786894798638042273,b2e924cccd40e991d8633c63bbbcc5344df233951497799b98c2c5bad241236b
datasets/cristinakaufalt/finaldatafreeze/phreshphish_FINAL_DATA_FREEZE_v3/roles/fpr_calibration_benign/part-00176.parquet,1867848,1786894798915872036,ea7cb4d587770a62d2a3cd4b9ae36e8f0120c594dfa5872da5b046be26ecc831
datasets/cristinakaufalt/finaldatafreeze/phreshphish_FINAL_DATA_FREEZE_v3/roles/fpr_calibration_benign/part-00177.parquet,1971243,1786894797997827678,41861342e20bb739d19d15bd9e325a99a770c8d034c62d22f029e132f18218c1
datasets/cristinakaufalt/finaldatafreeze/phreshphish_FINAL_DATA_FREEZE_v3/roles/fpr_calibration_benign/part-00178.parquet,2778424,1786894799283356679,4010467f5533f3193d1e755fb88db966d23355dfe1803daf83a3be76d53b015f
datasets/cristinakaufalt/finaldatafreeze/phreshphish_FINAL_DATA_FREEZE_v3/roles/fpr_calibration_benign/part-00179.parquet,2456423,1786894801212588660,360bff37681542e18ba7270ea71fb4b3358e1de2a4e30c405e6c479620cd7606
datasets/cristinakaufalt/finaldatafreeze/phreshphish_FINAL_DATA_FREEZE_v3/roles/fpr_calibration_benign/part-00180.parquet,1704140,1786894798921773122,b755341877de9f4abcbc5753f545bed3db2de5bf95241bb8995241d24d8f4750
datasets/cristinakaufalt/finaldatafreeze/phreshphish_FINAL_DATA_FREEZE_v3/roles/fpr_calibration_benign/part-00181.parquet,2442440,1786894801242358834,59d35551f6debda056fb949fcc07e22153586efb76dc5a2a2beffe972d7fe966
datasets/cristinakaufalt/finaldatafreeze/phreshphish_FINAL_DATA_FREEZE_v3/roles/fpr_calibration_benign/part-00182.parquet,2081277,1786894799214009842,d59ead82e9a59842816f79efd03934fada3665d458fa61570b2bc9e1469c868b
datasets/cristinakaufalt/finaldatafreeze/phreshphish_FINAL_DATA_FREEZE_v3/roles/fpr_calibration_benign/part-00183.parquet,2323071,1786894798415630577,40313ecb1e1a5ba3019884cfef54d5915a607eb7af34f1362b930a137759f30d
datasets/cristinakaufalt/finaldatafreeze/phreshphish_FINAL_DATA_FREEZE_v3/roles/fpr_calibration_benign/part-00184.parquet,1806114,1786894799547959923,1fe504fc40c0b70e4ff81df55300527242bf0fa23ad2a9ad52b2e24a88dad1c1
datasets/cristinakaufalt/finaldatafreeze/phreshphish_FINAL_DATA_FREEZE_v3/roles/fpr_calibration_benign/part-00185.parquet,2282324,1786894798615772120,7e0853f1a4f3e62dda6f998760045c1130b47683da91ceaa09fb24fadf66a02c
datasets/cristinakaufalt/finaldatafreeze/phreshphish_FINAL_DATA_FREEZE_v3/roles/fpr_calibration_benign/part-00186.parquet,2349450,1786894798802658417,48158aa471372ea0e325441b7ae6f6ab7b920ac83015ebd0872bad60929f3183
datasets/cristinakaufalt/finaldatafreeze/phreshphish_FINAL_DATA_FREEZE_v3/roles/fpr_calibration_benign/part-00187.parquet,2005781,1786894802014262624,5edd96f1345cf1ec66b42170df357f7b8fe15cd5f636c0726bec9ab8e2e31e37
datasets/cristinakaufalt/finaldatafreeze/phreshphish_FINAL_DATA_FREEZE_v3/roles/fpr_calibration_benign/part-00188.parquet,1694822,1786894798875556374,bdfbc9337614813c344d1dc4d01c31fb70acb91d2558470177ef2bd02fb6341b
datasets/cristinakaufalt/finaldatafreeze/phreshphish_FINAL_DATA_FREEZE_v3/roles/fpr_calibration_benign/part-00189.parquet,2076777,1786894798295979939,09458934ab5a60fb03f8a2271cf7a4117d76c06d1a2c9e4f9bd400906f3f8e4d
datasets/cristinakaufalt/finaldatafreeze/phreshphish_FINAL_DATA_FREEZE_v3/roles/fpr_calibration_benign/part-00190.parquet,2074535,1786894798990726979,9d80b115470e69560745063c57b306605b06a61f8a87adebaba74f914cb5c0a8
datasets/cristinakaufalt/finaldatafreeze/phreshphish_FINAL_DATA_FREEZE_v3/roles/fpr_calibration_benign/part-00191.parquet,2354312,1786894798816486424,196c7b57aadead34fc6a5806e75d16b0f88fb2b7ca52fd711e1b0d115ac252cc
datasets/cristinakaufalt/finaldatafreeze/phreshphish_FINAL_DATA_FREEZE_v3/roles/fpr_calibration_benign/part-00192.parquet,1793952,1786894799451496611,9b224cace57a4ad1214b831ddb80311195484418e123c59677c8e61ed85fe747
datasets/cristinakaufalt/finaldatafreeze/phreshphish_FINAL_DATA_FREEZE_v3/roles/fpr_calibration_benign/part-00193.parquet,2018641,1786894800115131180,eab6b4f5f64271e6d923f770523fc91cc7904216a9ad2921b02d200d5f09ecc4
datasets/cristinakaufalt/finaldatafreeze/phreshphish_FINAL_DATA_FREEZE_v3/roles/fpr_calibration_benign/part-00194.parquet,2098710,1786894799043029666,17f0570c0c689ba74ede8b406ac20f2ec2549211ba5fc0e5daddc5e6e54f49ff
datasets/cristinakaufalt/finaldatafreeze/phreshphish_FINAL_DATA_FREEZE_v3/roles/fpr_calibration_benign/part-00195.parquet,2291175,1786894799368253909,333d9cb11a3c4a20d951c3ea033ad9776843caf71138bf5119b4295b519e3ac9
datasets/cristinakaufalt/finaldatafreeze/phreshphish_FINAL_DATA_FREEZE_v3/roles/fpr_calibration_benign/part-00196.parquet,2031568,1786894795964005152,68b9d2b0c72857131a70cb450bb507f49cd1490f0e64af764498a4d08aee0bf1
datasets/cristinakaufalt/finaldatafreeze/phreshphish_FINAL_DATA_FREEZE_v3/roles/fpr_calibration_benign/part-00197.parquet,2639895,1786894800395149601,21f5b0ef241887bb9a81de3b27c28863de2e607365bc7f2165f1944757ebe03f
datasets/cristinakaufalt/finaldatafreeze/phreshphish_FINAL_DATA_FREEZE_v3/roles/fpr_calibration_benign/part-00198.parquet,2387034,1786894799798046198,8daed5581ba6acac954c78fc7ac363923506dcaa9062ac3ed968c4b909eef10e
datasets/cristinakaufalt/finaldatafreeze/phreshphish_FINAL_DATA_FREEZE_v3/roles/fpr_calibration_benign/part-00199.parquet,1882008,1786894795974102505,6f96387f864f2f5a7a3b18df611616e18ab9a8b82814a31963eb37ae2200fee4
datasets/cristinakaufalt/finaldatafreeze/phreshphish_FINAL_DATA_FREEZE_v3/roles/fpr_calibration_benign/part-00200.parquet,2037355,1786894799454402099,3a66836778d4065e90b7b3691d1e9e132e77af095510543f3fd5d6c391d94552
datasets/cristinakaufalt/finaldatafreeze/phreshphish_FINAL_DATA_FREEZE_v3/roles/fpr_calibration_benign/part-00201.parquet,2445933,1786894801724114347,54b39170ef339cdb92a9107fc711eaae1e931b6efd4f543b439ccebc3c2b3119
datasets/cristinakaufalt/finaldatafreeze/phreshphish_FINAL_DATA_FREEZE_v3/roles/fpr_calibration_benign/part-00202.parquet,2743989,1786894796008300171,c46172b1e117d118e9ae2171132e56f006a7d1572106f1513c943fb7be27af05
datasets/cristinakaufalt/finaldatafreeze/phreshphish_FINAL_DATA_FREEZE_v3/roles/fpr_calibration_benign/part-00203.parquet,2023158,1786894798956372965,8690248e3bfc4155e4bf4c4fac6e1b3088664e47bf377d6b5691e89fc09c6c7e
datasets/cristinakaufalt/finaldatafreeze/phreshphish_FINAL_DATA_FREEZE_v3/roles/fpr_calibration_benign/part-00204.parquet,1805222,1786894798646351597,6c1610b7e7c1928dddb91213a466b4b457ec97495998aeb2a99785ad7c1f0971
datasets/cristinakaufalt/finaldatafreeze/phreshphish_FINAL_DATA_FREEZE_v3/roles/fpr_calibration_benign/part-00205.parquet,2184377,1786894800095557007,f5963d892364ba387e6ed3ad017c4c39e42ca5f4cca858d94d43b9fd7a4204f3
datasets/cristinakaufalt/finaldatafreeze/phreshphish_FINAL_DATA_FREEZE_v3/roles/fpr_calibration_benign/part-00206.parquet,2181621,1786894799201794489,3a805f97b6d224365dd20a0b42ac256d57b2c1b6ba2a0bc7cd60c82d78f40374
datasets/cristinakaufalt/finaldatafreeze/phreshphish_FINAL_DATA_FREEZE_v3/roles/fpr_calibration_benign/part-00207.parquet,2380708,1786894800537999600,3b313c9862132b1ee70a46dedbfc84e1ab16e2eedfa12f72b86856f479327086
datasets/cristinakaufalt/finaldatafreeze/phreshphish_FINAL_DATA_FREEZE_v3/roles/fpr_calibration_benign/part-00208.parquet,1902299,1786894799748526939,1d597566f20472a68702e5ea1dd9d9a6a280ddb07a2312d1e18549abd95f8834
datasets/cristinakaufalt/finaldatafreeze/phreshphish_FINAL_DATA_FREEZE_v3/roles/fpr_calibration_benign/part-00209.parquet,1942086,1786894798855563945,3a6542c567856be93c55ae4924159bb4c552e4edadf7ece7743d8fe300908f2e
datasets/cristinakaufalt/finaldatafreeze/phreshphish_FINAL_DATA_FREEZE_v3/roles/fpr_calibration_benign/part-00210.parquet,2106389,1786894799601884552,896f2ed7107a5d8f4bc638650a0916632b01ea72bbd10f5177a520ef31db8bc1
datasets/cristinakaufalt/finaldatafreeze/phreshphish_FINAL_DATA_FREEZE_v3/roles/fpr_calibration_benign/part-00211.parquet,2179877,1786894801399341806,f9a7d65ef4f0dab9ce0c603cd3c51be370583351e54f24084ad960048bceaa78
datasets/cristinakaufalt/finaldatafreeze/phreshphish_FINAL_DATA_FREEZE_v3/roles/fpr_calibration_benign/part-00212.parquet,1798424,1786894799187910630,6460b34c215fb44bf458a42a876d048b0c94b6235f027c07006c6d60c061bb2e
datasets/cristinakaufalt/finaldatafreeze/phreshphish_FINAL_DATA_FREEZE_v3/roles/fpr_calibration_benign/part-00213.parquet,354194,1786894796503933575,26fe3435bd9c766212ffaa292b790776514a1dfd25d0d30174cb5e40869f9a7e
datasets/cristinakaufalt/finaldatafreeze/phreshphish_FINAL_DATA_FREEZE_v3/roles/ssl_pool_200k/part-00000.parquet,1935887,1786894800052885225,9f23ea262b4fbd7eb0e6760d72b297bb6cd1bbfafd3d1659713590a3519f535e
datasets/cristinakaufalt/finaldatafreeze/phreshphish_FINAL_DATA_FREEZE_v3/roles/ssl_pool_200k/part-00001.parquet,5550381,1786894809849234183,c41fb447455e6633f240de4f8f397182fa91ddc494722286f4a6d5a68bb55afa
datasets/cristinakaufalt/finaldatafreeze/phreshphish_FINAL_DATA_FREEZE_v3/roles/ssl_pool_200k/part-00002.parquet,5456661,1786894805239073950,c86ec0a4aa334ca9a909760d4342cdb48412f742beb6f36bfc7203c72f4a242a
datasets/cristinakaufalt/finaldatafreeze/phreshphish_FINAL_DATA_FREEZE_v3/roles/ssl_pool_200k/part-00003.parquet,1721805,1786894800378983591,0084ac5f17ed611b5696a19472884454f12690c42e7a70e27c20ea55e8ee2c11
datasets/cristinakaufalt/finaldatafreeze/phreshphish_FINAL_DATA_FREEZE_v3/roles/ssl_pool_200k/part-00004.parquet,5372627,1786894805002216613,0e0abf694532faab71f34f721b87570f160b9118077ffdabaa2cb3d68dbd02d2
datasets/cristinakaufalt/finaldatafreeze/phreshphish_FINAL_DATA_FREEZE_v3/roles/ssl_pool_200k/part-00005.parquet,5375620,1786894805576207077,bc1fa13bd270099bbca92c1d72a6f1234f246c507371925d391435d594ae606c
datasets/cristinakaufalt/finaldatafreeze/phreshphish_FINAL_DATA_FREEZE_v3/roles/ssl_pool_200k/part-00006.parquet,3391481,1786894801219993036,3f9535dd1c83debc60339ebe4231e2b8e1221eb03c7211f57881592f409a9908
datasets/cristinakaufalt/finaldatafreeze/phreshphish_FINAL_DATA_FREEZE_v3/roles/ssl_pool_200k/part-00007.parquet,5217432,1786894809711648298,fcf8c3ea27a6a1d7058711308f22bb745769cbc2ffc0df9a38d0b98801f50786
datasets/cristinakaufalt/finaldatafreeze/phreshphish_FINAL_DATA_FREEZE_v3/roles/ssl_pool_200k/part-00008.parquet,5341392,1786894805343461612,d47f3ca784f77e4b5a0c092ba808c5cb7e93f8b650fafca919c8408e0bfc5f95
datasets/cristinakaufalt/finaldatafreeze/phreshphish_FINAL_DATA_FREEZE_v3/roles/ssl_pool_200k/part-00009.parquet,4434623,1786894803181072850,e8df47e57e3bacfa13f4db3d79df17f973ec60836e76a28efcde131f36c6f710
datasets/cristinakaufalt/finaldatafreeze/phreshphish_FINAL_DATA_FREEZE_v3/roles/ssl_pool_200k/part-00010.parquet,5306040,1786894805289149561,d8950369e0d9f1e046d360c819f4dcc54d9533e18e7c0269c65467b52b8e1d77
datasets/cristinakaufalt/finaldatafreeze/phreshphish_FINAL_DATA_FREEZE_v3/roles/ssl_pool_200k/part-00011.parquet,5116753,1786894804894929883,2ffb3f4f88f326aad3eefccd98bee3a751bb258f33f1207045efabeb62b24953
datasets/cristinakaufalt/finaldatafreeze/phreshphish_FINAL_DATA_FREEZE_v3/roles/ssl_pool_200k/part-00012.parquet,4996533,1786894804547326138,7c8f5ebf478bb69349c93af7ee86a38524c8b4bc3263a9414f9fade9f31f9b75
datasets/cristinakaufalt/finaldatafreeze/phreshphish_FINAL_DATA_FREEZE_v3/roles/ssl_pool_200k/part-00013.parquet,5557006,1786894805721283602,6d80eb04b6f459ed8e745bfdc7f041ac292649e2ed963b8fdbfbc193dbca38e5
datasets/cristinakaufalt/finaldatafreeze/phreshphish_FINAL_DATA_FREEZE_v3/roles/ssl_pool_200k/part-00014.parquet,4877703,1786894803686747027,dfea1907b52aa409605529d27cc7d045ad73a27d0763e48eece44294bb1aeea2
datasets/cristinakaufalt/finaldatafreeze/phreshphish_FINAL_DATA_FREEZE_v3/roles/ssl_pool_200k/part-00015.parquet,5022873,1786894811783933172,f6dc11ad7bf87cc1c35cfd274c5f44d6dd651f6f2c3fb9aaa945bd5af4e98281
datasets/cristinakaufalt/finaldatafreeze/phreshphish_FINAL_DATA_FREEZE_v3/roles/ssl_pool_200k/part-00016.parquet,812616,1786894796874799507,a8d20240adc7cc88bfcf2f0ca140c5d381448dcdc2e6ad92ea1ea52b4431a3c9
datasets/cristinakaufalt/finaldatafreeze/phreshphish_FINAL_DATA_FREEZE_v3/roles/ssl_pool_200k/part-00017.parquet,5032082,1786894804192252112,afca6563d05bf1e96db1a422009bd9153d2064bf1e906e5be374e17535f39db5
datasets/cristinakaufalt/finaldatafreeze/phreshphish_FINAL_DATA_FREEZE_v3/roles/ssl_pool_200k/part-00018.parquet,5464781,1786894805415399363,344a8b0e83e6f84ff77fbd4e372121b1755c906459fafa9022d9a3bcc8b347f8
datasets/cristinakaufalt/finaldatafreeze/phreshphish_FINAL_DATA_FREEZE_v3/roles/ssl_pool_200k/part-00019.parquet,5374616,1786894805577512306,623751ae2920c593ce7eccfb60e706fe55576084b04ad75ee7c6bff3b520f9f5
datasets/cristinakaufalt/finaldatafreeze/phreshphish_FINAL_DATA_FREEZE_v3/roles/ssl_pool_200k/part-00020.parquet,1066031,1786894797771521210,e6eb808368a90a51b955c5297cd95a63d65ef1c1d0a4e981b7a2259c6f2425e4
datasets/cristinakaufalt/finaldatafreeze/phreshphish_FINAL_DATA_FREEZE_v3/roles/ssl_pool_200k/part-00021.parquet,5567467,1786894807003175076,126ac4cecc6e0ed9ddd4754803f65a842bc8ac81e982a6754d8783ddc7d3cc77
datasets/cristinakaufalt/finaldatafreeze/phreshphish_FINAL_DATA_FREEZE_v3/roles/ssl_pool_200k/part-00022.parquet,5491099,1786894805551699604,f923f37c437b7190bc0bb88ed4263151b3948e1cd9b38bf41c4aa2157d0b91d7
datasets/cristinakaufalt/finaldatafreeze/phreshphish_FINAL_DATA_FREEZE_v3/roles/ssl_pool_200k/part-00023.parquet,5975711,1786894806241372553,2fc043cf8031df2ee2a21b882a37ba304d5df6c273a45a76d5acb3a62f446726
datasets/cristinakaufalt/finaldatafreeze/phreshphish_FINAL_DATA_FREEZE_v3/roles/ssl_pool_200k/part-00024.parquet,1978268,1786894799174045660,599186fe11a2cd1443413004d0dcecfe1983134bcd60743739d499bfa332c832
datasets/cristinakaufalt/finaldatafreeze/phreshphish_FINAL_DATA_FREEZE_v3/roles/ssl_pool_200k/part-00025.parquet,5367836,1786894805455127909,e8b5bf4499a63ce667c5975e6d7aee8183a7035d1f6f6a55777e0bf98c7d0a78
datasets/cristinakaufalt/finaldatafreeze/phreshphish_FINAL_DATA_FREEZE_v3/roles/ssl_pool_200k/part-00026.parquet,4801898,1786894803975969857,c326000d2e2b19bf66c57aed20f8d60659a27b36d19998fde1455871ccfb9bc5
datasets/cristinakaufalt/finaldatafreeze/phreshphish_FINAL_DATA_FREEZE_v3/roles/ssl_pool_200k/part-00027.parquet,5628674,1786894796450648842,498f302d8d2ce4b645554e2d2c2585d02fc20107870497fafdad598764d18d04
datasets/cristinakaufalt/finaldatafreeze/phreshphish_FINAL_DATA_FREEZE_v3/roles/ssl_pool_200k/part-00028.parquet,2536320,1786894800765254790,fda278d77b0a176de00095a617e30e62bf9c2c485ce33dccbd7b864e1ee0c6ad
datasets/cristinakaufalt/finaldatafreeze/phreshphish_FINAL_DATA_FREEZE_v3/roles/ssl_pool_200k/part-00029.parquet,5090956,1786894804865937708,fadb2ffec4c212b37e02e195a3c4242d7f24e6ffecd163cff631ccc0c538b75e
datasets/cristinakaufalt/finaldatafreeze/phreshphish_FINAL_DATA_FREEZE_v3/roles/ssl_pool_200k/part-00030.parquet,5232803,1786894805410262506,df2d1d65653a7725333e82cf35aa8bd49511fac6ffe55fbf51c74ad25711b257
datasets/cristinakaufalt/finaldatafreeze/phreshphish_FINAL_DATA_FREEZE_v3/roles/ssl_pool_200k/part-00031.parquet,5392243,1786894805640958749,a3468b8cdfcb1019a2816b25f633a1806325ab68e66f8c3e2099ff2b22bf68ce
datasets/cristinakaufalt/finaldatafreeze/phreshphish_FINAL_DATA_FREEZE_v3/roles/ssl_pool_200k/part-00032.parquet,2642881,1786894801163858659,81da2a05aadb95519c4fd4f07966ec6ccf42b6f35aac2ab5118ab0216deaeacf
datasets/cristinakaufalt/finaldatafreeze/phreshphish_FINAL_DATA_FREEZE_v3/roles/ssl_pool_200k/part-00033.parquet,5526353,1786894805654986380,3f002397e29629510ff965caeefb59fad19cba7f18b57d1a0b73d9367b74e7fe
datasets/cristinakaufalt/finaldatafreeze/phreshphish_FINAL_DATA_FREEZE_v3/roles/ssl_pool_200k/part-00034.parquet,5371942,1786894809785012671,29c38ec513689814be72f2e4bb92bc312542ad957ce37a5a48974934efc3aaf4
datasets/cristinakaufalt/finaldatafreeze/phreshphish_FINAL_DATA_FREEZE_v3/roles/ssl_pool_200k/part-00035.parquet,5134693,1786894805691333658,688e150abf781433766873ba522c52fc0cb44f19dc11af2517df2a3baed17573
datasets/cristinakaufalt/finaldatafreeze/phreshphish_FINAL_DATA_FREEZE_v3/roles/ssl_pool_200k/part-00036.parquet,3382374,1786894802685929454,9ce0bb027d6ca539b99dfaedfa931e00a9ffd47a5d2e13caa0b2aef4d824b746
datasets/cristinakaufalt/finaldatafreeze/phreshphish_FINAL_DATA_FREEZE_v3/roles/ssl_pool_200k/part-00037.parquet,5372194,1786894806101141951,f75bc4ded95adc4a01e82287a5ad0e8deedbce7a15af00b67afc9b68c4e3f9e9
datasets/cristinakaufalt/finaldatafreeze/phreshphish_FINAL_DATA_FREEZE_v3/roles/ssl_pool_200k/part-00038.parquet,4959979,1786894804702722853,fc688a9e09d95797de129aa2e10f9161bf26a8b4031d2e060564399d61ff083a
datasets/cristinakaufalt/finaldatafreeze/phreshphish_FINAL_DATA_FREEZE_v3/roles/ssl_pool_200k/part-00039.parquet,4792605,1786894804060121224,f519614a15dbd1ffdc15e459343615d9dc3cbe8365c515daceb0c94fcb5ed895
datasets/cristinakaufalt/finaldatafreeze/phreshphish_FINAL_DATA_FREEZE_v3/roles/ssl_pool_200k/part-00040.parquet,3584000,1786894802362162402,d8c21d690c15bef7815613feb93787c1b047e951c4904e688ff70724168964d7
datasets/cristinakaufalt/finaldatafreeze/phreshphish_FINAL_DATA_FREEZE_v3/roles/ssl_pool_200k/part-00041.parquet,5678736,1786894806498528121,859bca069c1e99efa5d7e0a8ad884e60449432024defc666822a19a6f4fc5496
datasets/cristinakaufalt/finaldatafreeze/phreshphish_FINAL_DATA_FREEZE_v3/roles/ssl_pool_200k/part-00042.parquet,5562865,1786894806079237077,65c2f226fee842114b87bf092f381a6a215353a5bf88d25fe31c923d40b25666
datasets/cristinakaufalt/finaldatafreeze/phreshphish_FINAL_DATA_FREEZE_v3/roles/ssl_pool_200k/part-00043.parquet,5312865,1786894806099431180,a864ec0ca94ca941afc58a7a31fe86a36446e547964d0d9d33bb75d41e8de664
datasets/cristinakaufalt/finaldatafreeze/phreshphish_FINAL_DATA_FREEZE_v3/roles/ssl_pool_200k/part-00044.parquet,3951938,1786894802883660677,60d3d0cbb14b56e4881aef22f519d24181a189bbe4c52d2ccf99fa7f10c933f2
datasets/cristinakaufalt/finaldatafreeze/phreshphish_FINAL_DATA_FREEZE_v3/roles/ssl_pool_200k/part-00045.parquet,5123048,1786894805489046491,91c7214329580c1b3642fb3b01361f7a944ebbf3810f3b67a605dd8e10de4c89
datasets/cristinakaufalt/finaldatafreeze/phreshphish_FINAL_DATA_FREEZE_v3/roles/ssl_pool_200k/part-00046.parquet,5648996,1786894806687286987,7b0c0775bf0f4906432db9dfebfbb2e2b1f332b3e850997025bc5d6797a98739
datasets/cristinakaufalt/finaldatafreeze/phreshphish_FINAL_DATA_FREEZE_v3/roles/ssl_pool_200k/part-00047.parquet,5137723,1786894797998497790,8bef0cfe31bbeff98ce9fd9ef5465a4dcc898330e4ce56e0c1a72b0b877758c1
datasets/cristinakaufalt/finaldatafreeze/phreshphish_FINAL_DATA_FREEZE_v3/roles/ssl_pool_200k/part-00048.parquet,3821501,1786894796745251642,01fb0fd9f222ff45b5afc4e8e8683f19100f17498ea975e07c40ee76cc203cbd
datasets/cristinakaufalt/finaldatafreeze/phreshphish_FINAL_DATA_FREEZE_v3/roles/ssl_pool_200k/part-00049.parquet,5121054,1786894811830007250,f1f434e2fceff00ad315fa532436fd1927e72164e212bafb9aa16e98926088e3
datasets/cristinakaufalt/finaldatafreeze/phreshphish_FINAL_DATA_FREEZE_v3/roles/ssl_pool_200k/part-00050.parquet,5342534,1786894800077921247,1aa96f4632507f750cf3dce6cb845110d847da0add1e3e306d6165a58b2327d7
datasets/cristinakaufalt/finaldatafreeze/phreshphish_FINAL_DATA_FREEZE_v3/roles/ssl_pool_200k/part-00051.parquet,5097194,1786894811839315426,9c20e4ea45341053166b73baf2a8f3ecfb0dbd567733a75fd78977264637d59a
datasets/cristinakaufalt/finaldatafreeze/phreshphish_FINAL_DATA_FREEZE_v3/roles/ssl_pool_200k/part-00052.parquet,3776135,1786894803455061167,3a6e83176824a7ac7c1db716fd48b47bb86fcb07ee3233efb0ec155a1c8e7b1b
datasets/cristinakaufalt/finaldatafreeze/phreshphish_FINAL_DATA_FREEZE_v3/roles/ssl_pool_200k/part-00053.parquet,5651665,1786894806388731185,93c01a7c625067913b962169f3f0fa71a34d4a3b220bfb60f28e012e41e20796
datasets/cristinakaufalt/finaldatafreeze/phreshphish_FINAL_DATA_FREEZE_v3/roles/ssl_pool_200k/part-00054.parquet,5375956,1786894807185075293,c0ea5b619121fbeca49e4f0880c9f45b04f3bc74532c2ddd87743628990e63c0
datasets/cristinakaufalt/finaldatafreeze/phreshphish_FINAL_DATA_FREEZE_v3/roles/ssl_pool_200k/part-00055.parquet,5674187,1786894806611729765,32b65cce5dc8519dd16b1e0499348ba75a9f85b2f918f6e5e7ce304bd5cf80c4
datasets/cristinakaufalt/finaldatafreeze/phreshphish_FINAL_DATA_FREEZE_v3/roles/ssl_pool_200k/part-00056.parquet,3601150,1786894802642743145,a9063baa3a52f195a4abbcc5c50aaaa0161d6b69318e35b32203cdc73915f56d
datasets/cristinakaufalt/finaldatafreeze/phreshphish_FINAL_DATA_FREEZE_v3/roles/ssl_pool_200k/part-00057.parquet,5497363,1786894806657532665,1aa5de37a9da9fcb791ce71c0f865713d29a9bac00a3eb52278b4e763d79113f
datasets/cristinakaufalt/finaldatafreeze/phreshphish_FINAL_DATA_FREEZE_v3/roles/ssl_pool_200k/part-00058.parquet,4815256,1786894804757953903,407056eb69eefb960f7d2152213a7899868cff170251121b1ca3bb0ba2f03025
datasets/cristinakaufalt/finaldatafreeze/phreshphish_FINAL_DATA_FREEZE_v3/roles/ssl_pool_200k/part-00059.parquet,5374906,1786894801314697065,da54ec9e23bbd5e5968483f93ee337126a87edc09ebc2385951bb674515cce7d
datasets/cristinakaufalt/finaldatafreeze/phreshphish_FINAL_DATA_FREEZE_v3/roles/ssl_pool_200k/part-00060.parquet,4014079,1786894799420051652,bcff2865eb382575bd7178d1491eb41019f552f9c519b324955dd089353a2143
datasets/cristinakaufalt/finaldatafreeze/phreshphish_FINAL_DATA_FREEZE_v3/roles/ssl_pool_200k/part-00061.parquet,5596682,1786894806341352116,6c4fdb94e5f2bb4ed4c5ca50a2697fcfcaa380b0759545673c409efb2b33026c
datasets/cristinakaufalt/finaldatafreeze/phreshphish_FINAL_DATA_FREEZE_v3/roles/ssl_pool_200k/part-00062.parquet,5281737,1786894801739972153,67e025d6f57aa63c7cc29e07e17b59a9459f024466785c8d5cfc70f054c2a624
datasets/cristinakaufalt/finaldatafreeze/phreshphish_FINAL_DATA_FREEZE_v3/roles/ssl_pool_200k/part-00063.parquet,5736759,1786894806982485855,fb10c87f8dcf6e44ad4e2d97f0abf3697303703fd96bde7fcf3cf7ab26ddb69c
datasets/cristinakaufalt/finaldatafreeze/phreshphish_FINAL_DATA_FREEZE_v3/roles/ssl_pool_200k/part-00064.parquet,4126693,1786894803674083252,7dc1d43386bfedfe29c79c271751d92a49290a47c16c42f318abb60afd76714d
datasets/cristinakaufalt/finaldatafreeze/phreshphish_FINAL_DATA_FREEZE_v3/roles/ssl_pool_200k/part-00065.parquet,5323850,1786894806621512643,22b2008f6ef017df045ce79a2fe0997090de11d8ed3d8a1c76c8e82cb9c03a7a
datasets/cristinakaufalt/finaldatafreeze/phreshphish_FINAL_DATA_FREEZE_v3/roles/ssl_pool_200k/part-00066.parquet,5251130,1786894811875841655,3ceb56787c911f37bb3a7ed4f6b6494f69af1c7344677ec96236cb8cfe6d0918
datasets/cristinakaufalt/finaldatafreeze/phreshphish_FINAL_DATA_FREEZE_v3/roles/ssl_pool_200k/part-00067.parquet,5284944,1786894806320258605,65ce036617e1a0bcc84ea98ec5dc54b04c723349e89d618b9139f382589a5001
datasets/cristinakaufalt/finaldatafreeze/phreshphish_FINAL_DATA_FREEZE_v3/roles/ssl_pool_200k/part-00068.parquet,4319341,1786894803915471147,937e97609abd57c95de515d608ff1efd3d06dfc56c8e2c1999436bdb5743e59b
datasets/cristinakaufalt/finaldatafreeze/phreshphish_FINAL_DATA_FREEZE_v3/roles/ssl_pool_200k/part-00069.parquet,5606650,1786894806862183975,fcc768b392ea595d5ac4ed5c625104bcea28558cdcab5b316e901586802966f1
datasets/cristinakaufalt/finaldatafreeze/phreshphish_FINAL_DATA_FREEZE_v3/roles/ssl_pool_200k/part-00070.parquet,5246802,1786894805663393103,854ddce133a2a8f908f86d0a9909c8abc0aee6c3f2d53d6c71d20c3678875812
datasets/cristinakaufalt/finaldatafreeze/phreshphish_FINAL_DATA_FREEZE_v3/roles/ssl_pool_200k/part-00071.parquet,5403817,1786894801451998510,11bd98d0f9ac108a33c4b75093702ab21676230f1d8e62676481f32a679c2dae
datasets/cristinakaufalt/finaldatafreeze/phreshphish_FINAL_DATA_FREEZE_v3/roles/ssl_pool_200k/part-00072.parquet,3935051,1786894807738930299,355f290c574932d97f85fc0209f84491df0e08a28cfaac533c1bb56e5a57e354
datasets/cristinakaufalt/finaldatafreeze/phreshphish_FINAL_DATA_FREEZE_v3/roles/ssl_pool_200k/part-00073.parquet,5263626,1786894806290546443,c9467e700f4f84d56ae17d6fea25a44caa3fc42e8c4d10acb4017b3eb807a1ff
datasets/cristinakaufalt/finaldatafreeze/phreshphish_FINAL_DATA_FREEZE_v3/roles/ssl_pool_200k/part-00074.parquet,5768110,1786894807247769267,bc5df89285c83abbfca402713533fd78a3af624f3045fac9766aa1cd011c6a89
datasets/cristinakaufalt/finaldatafreeze/phreshphish_FINAL_DATA_FREEZE_v3/roles/ssl_pool_200k/part-00075.parquet,5421560,1786894806691068325,f2170de3f3abe94bd999310c0671d2b33371cc3bd0ebf3453b02babeef0a09fa
datasets/cristinakaufalt/finaldatafreeze/phreshphish_FINAL_DATA_FREEZE_v3/roles/ssl_pool_200k/part-00076.parquet,4270840,1786894803414824705,5d721911ad5929f0a61541969480c941e185439f578af97f057e75cc5b9aabea
datasets/cristinakaufalt/finaldatafreeze/phreshphish_FINAL_DATA_FREEZE_v3/roles/ssl_pool_200k/part-00077.parquet,5449729,1786894812004606275,d3f255b35d90d54cc01c5478c426866f5983666740b27091a097290a285c4c99
datasets/cristinakaufalt/finaldatafreeze/phreshphish_FINAL_DATA_FREEZE_v3/roles/ssl_pool_200k/part-00078.parquet,5632584,1786894806145422920,356e2a4e6bdc402a352df8a4e9ace929b7f56770a8e2c0710d7592d7ed58fe4e
datasets/cristinakaufalt/finaldatafreeze/phreshphish_FINAL_DATA_FREEZE_v3/roles/ssl_pool_200k/part-00079.parquet,5603092,1786894807202591040,d034c4bfd1c4e59f53052427c6121cc5d828d1f3bd2a2be3ad849743524edf86
datasets/cristinakaufalt/finaldatafreeze/phreshphish_FINAL_DATA_FREEZE_v3/roles/ssl_pool_200k/part-00080.parquet,4187542,1786894803770304378,f0746fe1bb1d5220297a0b2d81a0a49e2beb4fa70727b8280462eacaf401a17c
datasets/cristinakaufalt/finaldatafreeze/phreshphish_FINAL_DATA_FREEZE_v3/roles/ssl_pool_200k/part-00081.parquet,5258464,1786894804127510133,3258b7d08d92962789db766144ffcaa32a3b4144c63a81004dfb183e4969bb57
datasets/cristinakaufalt/finaldatafreeze/phreshphish_FINAL_DATA_FREEZE_v3/roles/ssl_pool_200k/part-00082.parquet,5866481,1786894810459680260,c1c2a455ac01328e7cdafe7319c8a807de41f67e093501ed5d42bdf0b5f434db
datasets/cristinakaufalt/finaldatafreeze/phreshphish_FINAL_DATA_FREEZE_v3/roles/ssl_pool_200k/part-00083.parquet,5646422,1786894805460887967,8b1bd2ae81db87b22f3859862501ba14c3f096f8a6e305fad936d8881a1f0061
datasets/cristinakaufalt/finaldatafreeze/phreshphish_FINAL_DATA_FREEZE_v3/roles/ssl_pool_200k/part-00084.parquet,4608181,1786894804732408483,059740743957dd96da8216361f95cc5e13e21b1f455fac6d2ddf3f5020e96d00
datasets/cristinakaufalt/finaldatafreeze/phreshphish_FINAL_DATA_FREEZE_v3/roles/ssl_pool_200k/part-00085.parquet,5650974,1786894806411536161,a8cdaf3d3baa60a2a2c49e44c23aad8eee7472ade239a6234b5c4577c8af349d
datasets/cristinakaufalt/finaldatafreeze/phreshphish_FINAL_DATA_FREEZE_v3/roles/ssl_pool_200k/part-00086.parquet,5604319,1786894805311388863,304e05e6508431e6379719339f345f31559f5860be4615d0b17b3684dbe69c9f
datasets/cristinakaufalt/finaldatafreeze/phreshphish_FINAL_DATA_FREEZE_v3/roles/ssl_pool_200k/part-00087.parquet,5389277,1786894805168104684,1a778d6dd58244ebcfe84d934f1ddc06f2243d5f66e74ae6dd1403595e09616d
datasets/cristinakaufalt/finaldatafreeze/phreshphish_FINAL_DATA_FREEZE_v3/roles/ssl_pool_200k/part-00088.parquet,4149833,1786894804948484418,3a91848cb9e880cba1834ad084f446676f4cbc82c825938befcc1350979a4af6
datasets/cristinakaufalt/finaldatafreeze/phreshphish_FINAL_DATA_FREEZE_v3/roles/ssl_pool_200k/part-00089.parquet,5863964,1786894805956499466,f4de76ead76db4a119486b99d9f305dc11ed50857d76a8332625cea8a378c8c5
datasets/cristinakaufalt/finaldatafreeze/phreshphish_FINAL_DATA_FREEZE_v3/roles/ssl_pool_200k/part-00090.parquet,5603590,1786894805446206945,40eff3ec7544702c985116fbc2470b9c63fbf5fe1d5cf185c050c92366bcf66d
datasets/cristinakaufalt/finaldatafreeze/phreshphish_FINAL_DATA_FREEZE_v3/roles/ssl_pool_200k/part-00091.parquet,5574229,1786894812012023339,c2562834d630fd3c6b2541f77a0edd52457a0e4315f998fbbd804c00b489af56
datasets/cristinakaufalt/finaldatafreeze/phreshphish_FINAL_DATA_FREEZE_v3/roles/ssl_pool_200k/part-00092.parquet,4741605,1786894803520514710,ec17815a40e22f46d23b1f39c7536039c4d8ccd9327e129bc82dd190fd0d6584
datasets/cristinakaufalt/finaldatafreeze/phreshphish_FINAL_DATA_FREEZE_v3/roles/ssl_pool_200k/part-00093.parquet,5809314,1786894808004355258,797b5caeab956ed9680f22ff7797bc640598a03f47956a798e572145ebb8db76
datasets/cristinakaufalt/finaldatafreeze/phreshphish_FINAL_DATA_FREEZE_v3/roles/ssl_pool_200k/part-00094.parquet,5170088,1786894804655335627,7745e52d191bf7c5483e7655e7a30ffd53fd82d9a19b55c8a875bdb4fb116db2
datasets/cristinakaufalt/finaldatafreeze/phreshphish_FINAL_DATA_FREEZE_v3/roles/ssl_pool_200k/part-00095.parquet,5693836,1786894805592237439,dd8b1506babb6c4bae6c81c0e7f16d5db106c4eee6dacf61a0a6ad8079d7789b
datasets/cristinakaufalt/finaldatafreeze/phreshphish_FINAL_DATA_FREEZE_v3/roles/ssl_pool_200k/part-00096.parquet,4682040,1786894803466340511,cf8eb2b6e2ff1b9b7fbf43c1a6252cbf649f844f378bf63fcb7f176feea33978
datasets/cristinakaufalt/finaldatafreeze/phreshphish_FINAL_DATA_FREEZE_v3/roles/ssl_pool_200k/part-00097.parquet,5657040,1786894805494649526,011647462a61c28645848eaf530989b5ce5585b2e00c0e28e8f5e29151a75962
datasets/cristinakaufalt/finaldatafreeze/phreshphish_FINAL_DATA_FREEZE_v3/roles/ssl_pool_200k/part-00098.parquet,5822650,1786894807185288063,40c3659b84a5e805599d4655735b8f0d78d473415239dbd291842416500b53f3
datasets/cristinakaufalt/finaldatafreeze/phreshphish_FINAL_DATA_FREEZE_v3/roles/ssl_pool_200k/part-00099.parquet,5684813,1786894810441711072,4b41ab3c62437feb1f05d74c58b6c92fe26f98a71edc729a78cd5ecf361c11e1
datasets/cristinakaufalt/finaldatafreeze/phreshphish_FINAL_DATA_FREEZE_v3/roles/ssl_pool_200k/part-00100.parquet,4904034,1786894805846325862,023bf5422ac6a9cae2f7a271a25a6edf784c5d1d9b1f423262baefe40c65d770
datasets/cristinakaufalt/finaldatafreeze/phreshphish_FINAL_DATA_FREEZE_v3/roles/ssl_pool_200k/part-00101.parquet,5387569,1786894807321686740,d91e6e8429c75c7b1889561dd58b6ef641f72c7f59ced0300476a73b48d938af
datasets/cristinakaufalt/finaldatafreeze/phreshphish_FINAL_DATA_FREEZE_v3/roles/ssl_pool_200k/part-00102.parquet,5188056,1786894810300088380,47f08339778d731bdc8553c79e9646de9c7f7e577050f6a3858a5a3730223683
datasets/cristinakaufalt/finaldatafreeze/phreshphish_FINAL_DATA_FREEZE_v3/roles/ssl_pool_200k/part-00103.parquet,5160033,1786894806652300967,a33a8720bcbfef7a95b7a1a36b33d1fb1377dd21f32659bd060bc08579ee9542
datasets/cristinakaufalt/finaldatafreeze/phreshphish_FINAL_DATA_FREEZE_v3/roles/ssl_pool_200k/part-00104.parquet,4847447,1786894805751594572,9e3bd9ff1a59f877eb3b00052716d8a2fb2b86d4d2fd891fdae489d50029e5e1
datasets/cristinakaufalt/finaldatafreeze/phreshphish_FINAL_DATA_FREEZE_v3/roles/ssl_pool_200k/part-00105.parquet,5570592,1786894807252215465,bde345497bc0392456489339d9f719fdf19ed3913ab2f461f9519fa3afa4a269
datasets/cristinakaufalt/finaldatafreeze/phreshphish_FINAL_DATA_FREEZE_v3/roles/ssl_pool_200k/part-00106.parquet,5666133,1786894810559548101,af7723ebc9a4d8d4b7667bddc71505a80ecf91540fbd3d1c2295167761be6f5b
datasets/cristinakaufalt/finaldatafreeze/phreshphish_FINAL_DATA_FREEZE_v3/roles/ssl_pool_200k/part-00107.parquet,5822262,1786894808008659399,78cb2595c562c69eeac40dfe900d325d3ca28a277a4d4610594781d956c7ab3e
datasets/cristinakaufalt/finaldatafreeze/phreshphish_FINAL_DATA_FREEZE_v3/roles/ssl_pool_200k/part-00108.parquet,4852635,1786894809810097752,48f6b69b8985aa5fbd33bba5d4a16153238fa78dbecd0d8140f05d709cbb60f0
datasets/cristinakaufalt/finaldatafreeze/phreshphish_FINAL_DATA_FREEZE_v3/roles/ssl_pool_200k/part-00109.parquet,5808203,1786894807285509181,6e295fa43d38032119713ec493e7c5b34b584cbff2057b0dd017fe5eb068554d
datasets/cristinakaufalt/finaldatafreeze/phreshphish_FINAL_DATA_FREEZE_v3/roles/ssl_pool_200k/part-00110.parquet,5250510,1786894806436856541,fef959e47fce680f7adbc3dfe801dff4dbd6e0ef98c5177752c8a44d3d3abbc5
datasets/cristinakaufalt/finaldatafreeze/phreshphish_FINAL_DATA_FREEZE_v3/roles/ssl_pool_200k/part-00111.parquet,5358163,1786894810404351051,f42ee7059774d65e1ae4f3ff2e14f9aea82fd3469b8cfb570555dfdb91828a24
datasets/cristinakaufalt/finaldatafreeze/phreshphish_FINAL_DATA_FREEZE_v3/roles/ssl_pool_200k/part-00112.parquet,4791512,1786894805920061100,5cdf40e090b597571db749763d035ef99008804593084e69c17b2950f38275a5
datasets/cristinakaufalt/finaldatafreeze/phreshphish_FINAL_DATA_FREEZE_v3/roles/ssl_pool_200k/part-00113.parquet,5740148,1786894807552153411,bdecb495d33d383a9931a6a5dd1a048e882cc1019883e57e02db85958dc734d1
datasets/cristinakaufalt/finaldatafreeze/phreshphish_FINAL_DATA_FREEZE_v3/roles/ssl_pool_200k/part-00114.parquet,5362765,1786894806598015317,b632f23a916101338176d38a55c8e173deab02c1c2508abb38dce3c2c62fab12
datasets/cristinakaufalt/finaldatafreeze/phreshphish_FINAL_DATA_FREEZE_v3/roles/ssl_pool_200k/part-00115.parquet,5470308,1786894810381580414,8846ef7d9058074c14b4eb3919211fab0b9ddf63283362812b8486ec1b34a5c5
datasets/cristinakaufalt/finaldatafreeze/phreshphish_FINAL_DATA_FREEZE_v3/roles/ssl_pool_200k/part-00116.parquet,5212871,1786894806530308287,876b5c5cafc6f5907eeb0bf6871fd9c538069dfb83e90263ec0a57076adfea22
datasets/cristinakaufalt/finaldatafreeze/phreshphish_FINAL_DATA_FREEZE_v3/roles/ssl_pool_200k/part-00117.parquet,5558293,1786894807570320658,c92ee0c5cf7edbab91509d33a5efe99d34af306c3b3905ac125ef389fc5c6b51
datasets/cristinakaufalt/finaldatafreeze/phreshphish_FINAL_DATA_FREEZE_v3/roles/ssl_pool_200k/part-00118.parquet,6205639,1786894807794232196,56d4cf9d4718fb0572b81ac635c517fa9c86260b5cf193adfb871fcef73a86c4
datasets/cristinakaufalt/finaldatafreeze/phreshphish_FINAL_DATA_FREEZE_v3/roles/ssl_pool_200k/part-00119.parquet,5804489,1786894806768388526,408ef0bda53f39eb8e6e8728b62f600828064f22a842c9d3827e0ede906e274e
datasets/cristinakaufalt/finaldatafreeze/phreshphish_FINAL_DATA_FREEZE_v3/roles/ssl_pool_200k/part-00120.parquet,4583114,1786894805816711211,8f195b2d7fe6c53b42e18b96d6c563979aaf5c8697063a33befe1290860681d4
datasets/cristinakaufalt/finaldatafreeze/phreshphish_FINAL_DATA_FREEZE_v3/roles/ssl_pool_200k/part-00121.parquet,5351640,1786894806735821274,3d570b7bd423c2b9637095c2c9af8453cfafb02dc24f5f275a9df3ec60efa31c
datasets/cristinakaufalt/finaldatafreeze/phreshphish_FINAL_DATA_FREEZE_v3/roles/ssl_pool_200k/part-00122.parquet,5069400,1786894806870014213,d76caa1169c0a4061c369319bf4f7a86f2878af7283b37fcb39a327b11a8fd5f
datasets/cristinakaufalt/finaldatafreeze/phreshphish_FINAL_DATA_FREEZE_v3/roles/ssl_pool_200k/part-00123.parquet,5406176,1786894806068805531,da623bdb83e141992f30ffb628e53528226842be64299647c83151e645491bc9
datasets/cristinakaufalt/finaldatafreeze/phreshphish_FINAL_DATA_FREEZE_v3/roles/ssl_pool_200k/part-00124.parquet,4551307,1786894805630913207,18e20950bcf51527b96f7f68a9d4fb821d11f4395906280ab6f56d94df0bd911
datasets/cristinakaufalt/finaldatafreeze/phreshphish_FINAL_DATA_FREEZE_v3/roles/ssl_pool_200k/part-00125.parquet,5471561,1786894805914933217,fd0f9e49f73011e2d2eb2eb88e067c9827740011f25ab5702316bfef7988b511
datasets/cristinakaufalt/finaldatafreeze/phreshphish_FINAL_DATA_FREEZE_v3/roles/ssl_pool_200k/part-00126.parquet,5563344,1786894806945178132,2fae5e1d8f4828c17da43c268088b0b57e1a4f661c82b72f8e3386163abb291c
datasets/cristinakaufalt/finaldatafreeze/phreshphish_FINAL_DATA_FREEZE_v3/roles/ssl_pool_200k/part-00127.parquet,5270491,1786894806761374038,6b678743e94472ebb4f70fba2a1e2be4b192129d2b1bdb26e7ef3e830e004389
datasets/cristinakaufalt/finaldatafreeze/phreshphish_FINAL_DATA_FREEZE_v3/roles/ssl_pool_200k/part-00128.parquet,4945953,1786894807131023788,b1c68cdd9f3623eb0f8b75347f0ed686f93b5360551c291073c26c1477768340
datasets/cristinakaufalt/finaldatafreeze/phreshphish_FINAL_DATA_FREEZE_v3/roles/ssl_pool_200k/part-00129.parquet,5713446,1786894806932319242,070f63dc1d755066db90176c7bfd825c5f79ad66bc7f669c4acea5295693113e
datasets/cristinakaufalt/finaldatafreeze/phreshphish_FINAL_DATA_FREEZE_v3/roles/ssl_pool_200k/part-00130.parquet,5790833,1786894808451774040,8bf3c896bc2236cb4272690323b4b304a4f744d8d1e396a59c98efadfeeee361
datasets/cristinakaufalt/finaldatafreeze/phreshphish_FINAL_DATA_FREEZE_v3/roles/ssl_pool_200k/part-00131.parquet,5350528,1786894806126359223,16c7bf4083b6a8dfaf59f57ff0b5b8501c3f8a56fdac530fc9e491d9ea916c78
datasets/cristinakaufalt/finaldatafreeze/phreshphish_FINAL_DATA_FREEZE_v3/roles/ssl_pool_200k/part-00132.parquet,4713909,1786894806241417193,993ad003131dcfa094223019312883af94f3b229dfb9af6b16a87138ac3dbd0a
datasets/cristinakaufalt/finaldatafreeze/phreshphish_FINAL_DATA_FREEZE_v3/roles/ssl_pool_200k/part-00133.parquet,5237035,1786894805696857464,e6c84e8549a12a7be3ee75622b1464c925bf29953f068ce09e869b826f72746f
datasets/cristinakaufalt/finaldatafreeze/phreshphish_FINAL_DATA_FREEZE_v3/roles/ssl_pool_200k/part-00134.parquet,5468742,1786894810413060939,9501de0994f7576998404b08ec92188f89efe2e096ea390592002c911213cc9e
datasets/cristinakaufalt/finaldatafreeze/phreshphish_FINAL_DATA_FREEZE_v3/roles/ssl_pool_200k/part-00135.parquet,5724731,1786894808387322215,a6f84a6cc1e19e3ffd5e6ad9602ec8ec895c87ee59199dfe1ab39e1e375be118
datasets/cristinakaufalt/finaldatafreeze/phreshphish_FINAL_DATA_FREEZE_v3/roles/ssl_pool_200k/part-00136.parquet,4850899,1786894806314755656,d5116fa14ee4b0940a67d4d45274bde903c0c79a674d6854789d91dc32be1b32
datasets/cristinakaufalt/finaldatafreeze/phreshphish_FINAL_DATA_FREEZE_v3/roles/ssl_pool_200k/part-00137.parquet,5290435,1786894807243435688,d8ec4850abbe492235c5adf6fcbabc2c54fc7ab0c67382521f16cfd67d629043
datasets/cristinakaufalt/finaldatafreeze/phreshphish_FINAL_DATA_FREEZE_v3/roles/ssl_pool_200k/part-00138.parquet,5530822,1786894807335502811,0e5983aa0bf79b6d2d97ca2ee6bd843c3368814b1bee54140e430eb18a3623dc
datasets/cristinakaufalt/finaldatafreeze/phreshphish_FINAL_DATA_FREEZE_v3/roles/ssl_pool_200k/part-00139.parquet,5285334,1786894810407844225,5ddb6f06947eb672687467f4957ca4aa35fabbf24e1f912cf23ebcffd3878b7b
datasets/cristinakaufalt/finaldatafreeze/phreshphish_FINAL_DATA_FREEZE_v3/roles/ssl_pool_200k/part-00140.parquet,4162107,1786894811343581523,224ec399a5a486114b93a6e27b7e387683f43b46c1cf07f590fef3ced278cec4
datasets/cristinakaufalt/finaldatafreeze/phreshphish_FINAL_DATA_FREEZE_v3/roles/ssl_pool_200k/part-00141.parquet,5537444,1786894807692676966,eefb7dc070ee637fd0c918e2579584dd00a7d2843cb92d09f736b14b3fc76ceb
datasets/cristinakaufalt/finaldatafreeze/phreshphish_FINAL_DATA_FREEZE_v3/roles/ssl_pool_200k/part-00142.parquet,5573283,1786894807532069706,43949330402c035600fd57d2cee2598536d93d5fbff962f77581e3889de0793c
datasets/cristinakaufalt/finaldatafreeze/phreshphish_FINAL_DATA_FREEZE_v3/roles/ssl_pool_200k/part-00143.parquet,5856114,1786894807363445875,5cea33695f75067b0f1835334092b0f7dbea2c89a7776f40f4d537db63a0ed39
datasets/cristinakaufalt/finaldatafreeze/phreshphish_FINAL_DATA_FREEZE_v3/roles/ssl_pool_200k/part-00144.parquet,4809788,1786894806171476224,bb61f54f98984bf7fdc1871dfa797a23df59165faa41c1fcb8e828c18c09141d
datasets/cristinakaufalt/finaldatafreeze/phreshphish_FINAL_DATA_FREEZE_v3/roles/ssl_pool_200k/part-00145.parquet,5777065,1786894806947611355,cf71d3ed8cf3128b6fd33634bd11e0fc4a8cd5b6a0f6511c3ff2ed5c82194e7d
datasets/cristinakaufalt/finaldatafreeze/phreshphish_FINAL_DATA_FREEZE_v3/roles/ssl_pool_200k/part-00146.parquet,5799814,1786894806953630187,b6a5f88dd1e1a511539444dd87d6b6e0f8c262fdffe4002b3ed9d4e6892329ea
datasets/cristinakaufalt/finaldatafreeze/phreshphish_FINAL_DATA_FREEZE_v3/roles/ssl_pool_200k/part-00147.parquet,5398467,1786894806897590431,94d1356d5451896b448737a1d93c2d3efb9785af7fcbb7e6ad9c3a4d5255e6ed
datasets/cristinakaufalt/finaldatafreeze/phreshphish_FINAL_DATA_FREEZE_v3/roles/ssl_pool_200k/part-00148.parquet,4532592,1786894805851295969,fcb2d7914467c492480173b1457ba1d2085bf3f992c01e0b2115f8ae80e2f0c1
datasets/cristinakaufalt/finaldatafreeze/phreshphish_FINAL_DATA_FREEZE_v3/roles/ssl_pool_200k/part-00149.parquet,5522272,1786894807446589643,a154c680a6410d3635ca77235e63cee69fccecf933e6b0722559635863c3ba66
datasets/cristinakaufalt/finaldatafreeze/phreshphish_FINAL_DATA_FREEZE_v3/roles/ssl_pool_200k/part-00150.parquet,5451899,1786894807518958425,d14fc8ea22d6494cc2a3f4f60b616a86d9b2289a2abc60034b77d231c8e11d07
datasets/cristinakaufalt/finaldatafreeze/phreshphish_FINAL_DATA_FREEZE_v3/roles/ssl_pool_200k/part-00151.parquet,5839644,1786894807867547898,94015f490e160f6782eafa638aab3127c4e7d43874cef4d73e4aabce954c56d4
datasets/cristinakaufalt/finaldatafreeze/phreshphish_FINAL_DATA_FREEZE_v3/roles/ssl_pool_200k/part-00152.parquet,4490062,1786894809747120164,f9dd079ef9fd75b527a32cced036f3daa9157ff2d9d454c01e7bb2d77febfe92
datasets/cristinakaufalt/finaldatafreeze/phreshphish_FINAL_DATA_FREEZE_v3/roles/ssl_pool_200k/part-00153.parquet,5590205,1786894807550966832,3cf963cf852dfc6b902fb9cf21f7bf679e04e14efd379d20fdadfaa5eba4ae7d
datasets/cristinakaufalt/finaldatafreeze/phreshphish_FINAL_DATA_FREEZE_v3/roles/ssl_pool_200k/part-00154.parquet,5939859,1786894806863371811,e5ee4b506ec7b2da0ec3e70753d76fdcad7db3b62a7475d5faa394fd4341e57e
datasets/cristinakaufalt/finaldatafreeze/phreshphish_FINAL_DATA_FREEZE_v3/roles/ssl_pool_200k/part-00155.parquet,5281002,1786894806185876749,b4ad9580204e1a7cb02d10f0284ba8e463501f333720de7cfcd06fd04dea702d
datasets/cristinakaufalt/finaldatafreeze/phreshphish_FINAL_DATA_FREEZE_v3/roles/ssl_pool_200k/part-00156.parquet,4916137,1786894805917557577,b390df37dd3399c419924e0933aafb488e6a06a0b9edaa987550c69e78ecb208
datasets/cristinakaufalt/finaldatafreeze/phreshphish_FINAL_DATA_FREEZE_v3/roles/ssl_pool_200k/part-00157.parquet,5162458,1786894806816009164,45a40f24760f9c529e639d2f2bb41591803bb864202366c6a78aa744b78604ed
datasets/cristinakaufalt/finaldatafreeze/phreshphish_FINAL_DATA_FREEZE_v3/roles/ssl_pool_200k/part-00158.parquet,5417388,1786894806427942758,2352856142ddccc9fe5b2ae9d86b8c81f6040074c97966cea3fadf490fdcbd8f
datasets/cristinakaufalt/finaldatafreeze/phreshphish_FINAL_DATA_FREEZE_v3/roles/ssl_pool_200k/part-00159.parquet,5579058,1786894807656123446,120a55a5bee9e33e2ff14bba50e66a9cdbb1ef9ebc65f50bf880e36c29fbc2af
datasets/cristinakaufalt/finaldatafreeze/phreshphish_FINAL_DATA_FREEZE_v3/roles/ssl_pool_200k/part-00160.parquet,4283862,1786894804508151169,12405b19123adfe4ca7284f413522f5fe0810dba15324e343e145df586ccbfde
datasets/cristinakaufalt/finaldatafreeze/phreshphish_FINAL_DATA_FREEZE_v3/roles/ssl_pool_200k/part-00161.parquet,5806793,1786894807706488484,67a418287c5f272f7d4ba3d43dc9c6f8b4f769cace33bb6e53db28ac67aa776d
datasets/cristinakaufalt/finaldatafreeze/phreshphish_FINAL_DATA_FREEZE_v3/roles/ssl_pool_200k/part-00162.parquet,5454083,1786894807590146225,da996b781894cc0319e609048aac74b0ee760b219fd95cb9e3d20fe062870ac3
datasets/cristinakaufalt/finaldatafreeze/phreshphish_FINAL_DATA_FREEZE_v3/roles/ssl_pool_200k/part-00163.parquet,5602278,1786894806725328353,04376b3f13f6c3a92a50c934a757905b35632210b926235ef2c916bc2ce2daf8
datasets/cristinakaufalt/finaldatafreeze/phreshphish_FINAL_DATA_FREEZE_v3/roles/ssl_pool_200k/part-00164.parquet,4352028,1786894806585190158,b78c91a7a9c81bd0d5389a1adf997bb5b041619cdb596016a56f74746b80ed95
datasets/cristinakaufalt/finaldatafreeze/phreshphish_FINAL_DATA_FREEZE_v3/roles/ssl_pool_200k/part-00165.parquet,5372136,1786894807462289018,2730b90b0e3b7f28bc243ac62ee5120d9db053f804f82df0931e9116fee603e7
datasets/cristinakaufalt/finaldatafreeze/phreshphish_FINAL_DATA_FREEZE_v3/roles/ssl_pool_200k/part-00166.parquet,5753101,1786894807774537135,24cb9357202337f679e3b51cdc3b7a6ec46a09f5f0fd61c50762a46825dd5594
datasets/cristinakaufalt/finaldatafreeze/phreshphish_FINAL_DATA_FREEZE_v3/roles/ssl_pool_200k/part-00167.parquet,5512409,1786894807489368750,e650c5cb1537058896c1c1b7a04057de469c57fc77d0dde289e6bfafaa05fcc9
datasets/cristinakaufalt/finaldatafreeze/phreshphish_FINAL_DATA_FREEZE_v3/roles/ssl_pool_200k/part-00168.parquet,4221720,1786894805531067990,a4f217c735385ac46c8543345ff50b9ceb7ba23bbc8ca02768dce14c1149d13f
datasets/cristinakaufalt/finaldatafreeze/phreshphish_FINAL_DATA_FREEZE_v3/roles/ssl_pool_200k/part-00169.parquet,5254966,1786894807610359053,72e861edb228fb62b55511848ca718077551546cc227ce15dd3509aabf4ec4b9
datasets/cristinakaufalt/finaldatafreeze/phreshphish_FINAL_DATA_FREEZE_v3/roles/ssl_pool_200k/part-00170.parquet,6009588,1786894808058690369,64bfdffef5c4b35ae186e36d5d44d194126d4c298e6207f21fb02e19c5834a95
datasets/cristinakaufalt/finaldatafreeze/phreshphish_FINAL_DATA_FREEZE_v3/roles/ssl_pool_200k/part-00171.parquet,5856930,1786894807968015922,38fbd28b3a8b57744b120847f3d8fe784621655f176af78b0eb17638d90037f1
datasets/cristinakaufalt/finaldatafreeze/phreshphish_FINAL_DATA_FREEZE_v3/roles/ssl_pool_200k/part-00172.parquet,4423556,1786894806492574842,17f044c7c67c7a838ab18b326b3154ba942be2cfd89b21e6831cbb74a377cfc7
datasets/cristinakaufalt/finaldatafreeze/phreshphish_FINAL_DATA_FREEZE_v3/roles/ssl_pool_200k/part-00173.parquet,4980553,1786894807163554774,72fda376587bd2b512764c1579186c30ba551b1d403effbb04913026917adb33
datasets/cristinakaufalt/finaldatafreeze/phreshphish_FINAL_DATA_FREEZE_v3/roles/ssl_pool_200k/part-00174.parquet,5823012,1786894807957359128,78d65ce29e0df188b2d7dbb898abc815e5ffa6f9412619dbe7125c2ab086a6ab
datasets/cristinakaufalt/finaldatafreeze/phreshphish_FINAL_DATA_FREEZE_v3/roles/ssl_pool_200k/part-00175.parquet,5420546,1786894800526361583,d64e4e7ecd7d5727113febfa6cbdc329d0fee91313c9a77a85c59972e6538649
datasets/cristinakaufalt/finaldatafreeze/phreshphish_FINAL_DATA_FREEZE_v3/roles/ssl_pool_200k/part-00176.parquet,4859652,1786894807570571885,c6b528329d5e5658017a4d1f2d7bfdcb8aeb10423b620016858f407fde1a2d6b
datasets/cristinakaufalt/finaldatafreeze/phreshphish_FINAL_DATA_FREEZE_v3/roles/ssl_pool_200k/part-00177.parquet,5403435,1786894800495370602,feceba7cb8a20b359433da03889379b7310ae7ba732364e2d807ce746cb0bfb8
datasets/cristinakaufalt/finaldatafreeze/phreshphish_FINAL_DATA_FREEZE_v3/roles/ssl_pool_200k/part-00178.parquet,5692962,1786894807740970790,1d75349f090788554ccc94b8d02bfc9feddf1b20f694aed86d4791747058e118
datasets/cristinakaufalt/finaldatafreeze/phreshphish_FINAL_DATA_FREEZE_v3/roles/ssl_pool_200k/part-00179.parquet,5693891,1786894800580310561,57f82d98cab8edbd66fccdb368a58109778962a187e94054dab205cc959a94a5
datasets/cristinakaufalt/finaldatafreeze/phreshphish_FINAL_DATA_FREEZE_v3/roles/ssl_pool_200k/part-00180.parquet,4738850,1786894806152821570,403b0db440b93962c4e832da5e7cd6e97e4b2a639c51817a5c0619e6312e0ebe
datasets/cristinakaufalt/finaldatafreeze/phreshphish_FINAL_DATA_FREEZE_v3/roles/ssl_pool_200k/part-00181.parquet,5821248,1786894807721635352,1630e735cdd7e73a25843f4eaccafe3d954fca299eb6475d2ff98f3819830147
datasets/cristinakaufalt/finaldatafreeze/phreshphish_FINAL_DATA_FREEZE_v3/roles/ssl_pool_200k/part-00182.parquet,5142381,1786894807065207955,b95c800245456ca62fb1014bed7fd972ecd2bd966dec8fec39c2a562078d5076
datasets/cristinakaufalt/finaldatafreeze/phreshphish_FINAL_DATA_FREEZE_v3/roles/ssl_pool_200k/part-00183.parquet,5539651,1786894806918042333,20fa369a8b064d2ab5a58f812220abbf7ea3bf5f2e369d4f9596264742781a93
datasets/cristinakaufalt/finaldatafreeze/phreshphish_FINAL_DATA_FREEZE_v3/roles/ssl_pool_200k/part-00184.parquet,4842314,1786894806794240107,f1b7273f0032f19f6c67797d53634b8d97f45797ee0fe4c61eecd3abb48f7e5d
datasets/cristinakaufalt/finaldatafreeze/phreshphish_FINAL_DATA_FREEZE_v3/roles/ssl_pool_200k/part-00185.parquet,5456674,1786894806600719060,6e32b12ce2864a18024a5dd053c30d363744b9d70bcc998df5e33db8b0959d9e
datasets/cristinakaufalt/finaldatafreeze/phreshphish_FINAL_DATA_FREEZE_v3/roles/ssl_pool_200k/part-00186.parquet,5353750,1786894806612841998,0ce4ee43a067006874774dec381178d89599b2b1f33639fecbf38a63652d3a8a
datasets/cristinakaufalt/finaldatafreeze/phreshphish_FINAL_DATA_FREEZE_v3/roles/ssl_pool_200k/part-00187.parquet,5546829,1786894800519301949,e80317a3d3b9dc529541ac10ae4d4e14c959fb3c7b91a2d69569cb47760b299f
datasets/cristinakaufalt/finaldatafreeze/phreshphish_FINAL_DATA_FREEZE_v3/roles/ssl_pool_200k/part-00188.parquet,4745812,1786894806160100984,aab8f4d8efe6233cb4951fab2b82faba865db53c4be7a6fa44c3dd8e320a1954
datasets/cristinakaufalt/finaldatafreeze/phreshphish_FINAL_DATA_FREEZE_v3/roles/ssl_pool_200k/part-00189.parquet,5894076,1786894808451236058,26b517399f39134160410ca6225ab97c3f335e8bcce21f92649ffc9d23e7263f
datasets/cristinakaufalt/finaldatafreeze/phreshphish_FINAL_DATA_FREEZE_v3/roles/ssl_pool_200k/part-00190.parquet,5411720,1786894808384277903,16a709707fd879fb6c3e1aa08fc4af60dcd8579d5f15df4a2d9dcf4d02e35fc8
datasets/cristinakaufalt/finaldatafreeze/phreshphish_FINAL_DATA_FREEZE_v3/roles/ssl_pool_200k/part-00191.parquet,5484910,1786894808309781126,5a2f1d379de756fba4abe110f2a2623ccb8a5cefc219c59281d6f8aeb9982ca9
datasets/cristinakaufalt/finaldatafreeze/phreshphish_FINAL_DATA_FREEZE_v3/roles/ssl_pool_200k/part-00192.parquet,4419613,1786894806009750685,b780ecc87cae411b16fc389a187fe013183966a55f2dd8a36a69f5fab54d3f1d
datasets/cristinakaufalt/finaldatafreeze/phreshphish_FINAL_DATA_FREEZE_v3/roles/ssl_pool_200k/part-00193.parquet,5215970,1786894807452021091,50296e6fd4219ffc533d1458b0d2a1810ab24dcc840f6e5d0f672b20b7078d8f
datasets/cristinakaufalt/finaldatafreeze/phreshphish_FINAL_DATA_FREEZE_v3/roles/ssl_pool_200k/part-00194.parquet,5617710,1786894807901600635,5b68d767c1d0296b0a45d1a95bc27dfac31d50b266e05a244a02fbdd2dc2dc15
datasets/cristinakaufalt/finaldatafreeze/phreshphish_FINAL_DATA_FREEZE_v3/roles/ssl_pool_200k/part-00195.parquet,5608609,1786894807857911385,31fffa1ec0f115be6d7dad84dc66e20c3c598e5dda57cda4b8b336d268e0c9df
datasets/cristinakaufalt/finaldatafreeze/phreshphish_FINAL_DATA_FREEZE_v3/roles/ssl_pool_200k/part-00196.parquet,4401486,1786894805929109989,1b7a126024fb0a190920ba8a3a244ea870b06a4b02b5f2408126c7bd1dea8cf5
datasets/cristinakaufalt/finaldatafreeze/phreshphish_FINAL_DATA_FREEZE_v3/roles/ssl_pool_200k/part-00197.parquet,5230304,1786894812046879947,5bff529514e25282c84f6fbf23f1f872e0aabae21b6213f677a946b7e90cfe08
datasets/cristinakaufalt/finaldatafreeze/phreshphish_FINAL_DATA_FREEZE_v3/roles/ssl_pool_200k/part-00198.parquet,5477604,1786894807418458158,d6e83babff9f01ce2c3c54ea5796775785a859e8e59fe23cf16db774d2ad9eab
datasets/cristinakaufalt/finaldatafreeze/phreshphish_FINAL_DATA_FREEZE_v3/roles/ssl_pool_200k/part-00199.parquet,5491921,1786894808373567088,b34fd2d162dbc29c72030e53eabdd37e33f29166c7c07a4aff76ad34c3499199
datasets/cristinakaufalt/finaldatafreeze/phreshphish_FINAL_DATA_FREEZE_v3/roles/ssl_pool_200k/part-00200.parquet,4535930,1786894809950368626,d7a61ff49c57d8ac84705b8686bc6843941a249c2422b5c33120709b01ffd929
datasets/cristinakaufalt/finaldatafreeze/phreshphish_FINAL_DATA_FREEZE_v3/roles/ssl_pool_200k/part-00201.parquet,5484958,1786894808402711297,b914706bb9a6af93769ce33fea4135a2dee3c6fe7746085a68da6e56a6e7a897
datasets/cristinakaufalt/finaldatafreeze/phreshphish_FINAL_DATA_FREEZE_v3/roles/ssl_pool_200k/part-00202.parquet,5478583,1786894806813051255,449478f3f95b78c2255b6ff5d3112816d26b941fd6b36aa60f3a557ab6cdf973
datasets/cristinakaufalt/finaldatafreeze/phreshphish_FINAL_DATA_FREEZE_v3/roles/ssl_pool_200k/part-00203.parquet,5787266,1786894807078749642,1ef7b8a60ad651c00a56d224deb723cc4bb9be65dee41014267ef5dfef5d45dd
datasets/cristinakaufalt/finaldatafreeze/phreshphish_FINAL_DATA_FREEZE_v3/roles/ssl_pool_200k/part-00204.parquet,4581097,1786894806001175563,7169ea9333fa5596054ae13935a98fd62fdcdc7333a25fe2f5338ea9e6cb9eab
datasets/cristinakaufalt/finaldatafreeze/phreshphish_FINAL_DATA_FREEZE_v3/roles/ssl_pool_200k/part-00205.parquet,5297248,1786894806804637149,1cced8f97f8a71c2c4d194d94204325bbe3d287d871c7d8781d64ef325113c4c
datasets/cristinakaufalt/finaldatafreeze/phreshphish_FINAL_DATA_FREEZE_v3/roles/ssl_pool_200k/part-00206.parquet,5350161,1786894812030008009,03b0d6771ed2b7c2e27c65c7df690964650b3b60c68377fb2cc25ff915fdc298
datasets/cristinakaufalt/finaldatafreeze/phreshphish_FINAL_DATA_FREEZE_v3/roles/ssl_pool_200k/part-00207.parquet,5388319,1786894806886704596,4b9834da3b86543c643b20821dc2b902c6c2e4e145ad6007f6ed3dd141a99848
datasets/cristinakaufalt/finaldatafreeze/phreshphish_FINAL_DATA_FREEZE_v3/roles/ssl_pool_200k/part-00208.parquet,4561140,1786894811833852228,d64be140a1e1eb12fa9c06312c4905950e445e115c02f94462640443568d28ff
datasets/cristinakaufalt/finaldatafreeze/phreshphish_FINAL_DATA_FREEZE_v3/roles/ssl_pool_200k/part-00209.parquet,6073126,1786894808657873227,989df9a6595fee82ee7f987ab2bd72343508f4c0855f22ea99130eb4b5a03e92
datasets/cristinakaufalt/finaldatafreeze/phreshphish_FINAL_DATA_FREEZE_v3/roles/ssl_pool_200k/part-00210.parquet,5432423,1786894807362078117,bffecd268c86830bcd8ad7e34002cdc67934e03f227fbdc2f5ff894cf8b0fef0
datasets/cristinakaufalt/finaldatafreeze/phreshphish_FINAL_DATA_FREEZE_v3/roles/ssl_pool_200k/part-00211.parquet,5577955,1786894807898620015,2812dd592ac82285b29e222034625401a5647df10ed47c7ca3ace5c4a0122e6a
datasets/cristinakaufalt/finaldatafreeze/phreshphish_FINAL_DATA_FREEZE_v3/roles/ssl_pool_200k/part-00212.parquet,4474423,1786894800196840629,264fdf456dfd2b86ee347d0ab3b31c1ecdc712280754dbd863b1447c6c0f8add
datasets/cristinakaufalt/finaldatafreeze/phreshphish_FINAL_DATA_FREEZE_v3/roles/ssl_pool_200k/part-00213.parquet,904516,1786894800103158900,71064c2c06e35810739d6994b8544acca17ed2d6e7ca2468266e3f1e877919e1
datasets/cristinakaufalt/finaldatafreeze/phreshphish_FINAL_DATA_FREEZE_v3/roles/supervised_pool/part-00000.parquet,142384,1786894798892259835,28830288e1097a07f9a3d9f133552dca987fa485565fbe4b913a9146b9175f68
datasets/cristinakaufalt/finaldatafreeze/phreshphish_FINAL_DATA_FREEZE_v3/roles/supervised_pool/part-00001.parquet,303515,1786894799444136964,983f774a10507847db4d637a133057bb2e5401e439dd0446423352dcb5fb9735
datasets/cristinakaufalt/finaldatafreeze/phreshphish_FINAL_DATA_FREEZE_v3/roles/supervised_pool/part-00002.parquet,463617,1786894799658446649,ffdd99be25acf73b1b3622d720ab235651f805aa73975488d18c3fd6467c865c
datasets/cristinakaufalt/finaldatafreeze/phreshphish_FINAL_DATA_FREEZE_v3/roles/supervised_pool/part-00003.parquet,93795,1786894799173272569,ae35dea62685ea53225513e0bcdf0b887124ac7d4adb0dd9972131b85ac94391
datasets/cristinakaufalt/finaldatafreeze/phreshphish_FINAL_DATA_FREEZE_v3/roles/supervised_pool/part-00004.parquet,254593,1786894799454499562,b00d72ef179254327667ed079eed2ec2b1c78cb6b6ce7add03c10ded7cbba643
datasets/cristinakaufalt/finaldatafreeze/phreshphish_FINAL_DATA_FREEZE_v3/roles/supervised_pool/part-00005.parquet,446822,1786894799679461467,c8a18c33dceed6fd5bfab990d7670a2e9ab04037358bf2e5dceb51f8209136e1
datasets/cristinakaufalt/finaldatafreeze/phreshphish_FINAL_DATA_FREEZE_v3/roles/supervised_pool/part-00006.parquet,125593,1786894799196178972,f667b22835addf8482a2854e12d665db2240cbf939ac9d6e8da314bb7102b93a
datasets/cristinakaufalt/finaldatafreeze/phreshphish_FINAL_DATA_FREEZE_v3/roles/supervised_pool/part-00007.parquet,329664,1786894799206894961,822fa2702af41a36c994b7aedbea66740c74282821be4a5b20dbf740583fdba3
datasets/cristinakaufalt/finaldatafreeze/phreshphish_FINAL_DATA_FREEZE_v3/roles/supervised_pool/part-00008.parquet,286807,1786894799499702449,066871a7698f28d113d10454afd3b14bd08ebbcb139b2c5ac6d97bb706007880
datasets/cristinakaufalt/finaldatafreeze/phreshphish_FINAL_DATA_FREEZE_v3/roles/supervised_pool/part-00009.parquet,273951,1786894799207752317,bea6fe8115b43d16b72ee858bdd77da526ca5304aba36dd09d23520f2189c124
datasets/cristinakaufalt/finaldatafreeze/phreshphish_FINAL_DATA_FREEZE_v3/roles/supervised_pool/part-00010.parquet,481663,1786894799788581154,0dead4fa3e93fd8e9c24a8e43c8b3825f3211e2587dca6a7cb473bc9d2ac12c0
datasets/cristinakaufalt/finaldatafreeze/phreshphish_FINAL_DATA_FREEZE_v3/roles/supervised_pool/part-00011.parquet,310611,1786894800068770936,4c9acb9097695d04a393360aa350e48a3af9b5b069d7c0720582edb82cb69799
datasets/cristinakaufalt/finaldatafreeze/phreshphish_FINAL_DATA_FREEZE_v3/roles/supervised_pool/part-00012.parquet,300003,1786894799590208460,92cd50e4dba1ff6b4222fc0f2e399b4f7471fc70b3558f8fad33acf52fd7deed
datasets/cristinakaufalt/finaldatafreeze/phreshphish_FINAL_DATA_FREEZE_v3/roles/supervised_pool/part-00013.parquet,388217,1786894799514839896,19ea62ba3f3fa64ec2a547aadea42c0ea3e280dabd641e7485a05eb043737f46
datasets/cristinakaufalt/finaldatafreeze/phreshphish_FINAL_DATA_FREEZE_v3/roles/supervised_pool/part-00014.parquet,345450,1786894799685355921,a5994c852d4f0d7c8980eb24a6b322556da9e8f22f64bbd2a5e38daff4795d7d
datasets/cristinakaufalt/finaldatafreeze/phreshphish_FINAL_DATA_FREEZE_v3/roles/supervised_pool/part-00015.parquet,338800,1786894800078759827,8597f381b8457fc0a7c9ce7bafa7565aa784c55e334001a8d5428b203c9b5d47
datasets/cristinakaufalt/finaldatafreeze/phreshphish_FINAL_DATA_FREEZE_v3/roles/supervised_pool/part-00016.parquet,91476,1786894799334704878,d57f545c0687334e06b2c99af7f17dcc30790012af5755ba5db3da5c5fb00acc
datasets/cristinakaufalt/finaldatafreeze/phreshphish_FINAL_DATA_FREEZE_v3/roles/supervised_pool/part-00017.parquet,406420,1786894799995182775,47c20021ae5d35804f58a48ff602a64bec9014bc972b71571eee6b0a58838b98
datasets/cristinakaufalt/finaldatafreeze/phreshphish_FINAL_DATA_FREEZE_v3/roles/supervised_pool/part-00018.parquet,342180,1786894799671681321,7d20797c6cc82611202e9a977443bf8504f817c8b46bd1b2ad75c12bb4f6c9a4
datasets/cristinakaufalt/finaldatafreeze/phreshphish_FINAL_DATA_FREEZE_v3/roles/supervised_pool/part-00019.parquet,521246,1786894800538689833,7261ebf8a961975a9bc65d06656da1abd3d553a1ea7563e393ac9861b35f7ce0
datasets/cristinakaufalt/finaldatafreeze/phreshphish_FINAL_DATA_FREEZE_v3/roles/supervised_pool/part-00020.parquet,78339,1786894799206259019,23d7e99b16206e4b61ceb3e68dc823b9d302ff4ed276c8eb85259e725beff2d0
datasets/cristinakaufalt/finaldatafreeze/phreshphish_FINAL_DATA_FREEZE_v3/roles/supervised_pool/part-00021.parquet,415522,1786894799616434582,e41e60fcb4274a318098c7f22eba6af4a51b99bc5db94a5b0a4a87192dd49c7e
datasets/cristinakaufalt/finaldatafreeze/phreshphish_FINAL_DATA_FREEZE_v3/roles/supervised_pool/part-00022.parquet,311384,1786894799561008217,ff5e90a115bcfb0621295bfd1aac7726be277a8a29fcc2b6cf1433a171521b97
datasets/cristinakaufalt/finaldatafreeze/phreshphish_FINAL_DATA_FREEZE_v3/roles/supervised_pool/part-00023.parquet,316983,1786894799556704865,ec2f6fe8ee4dfe37c0d9dbf8bedaa7a97170b7f0cd68160029a6072968344b8f
datasets/cristinakaufalt/finaldatafreeze/phreshphish_FINAL_DATA_FREEZE_v3/roles/supervised_pool/part-00024.parquet,100724,1786894799449870359,095f40f1138b8c905e6fa9efaad508827015355bed2be273d7874eff3e191f67
datasets/cristinakaufalt/finaldatafreeze/phreshphish_FINAL_DATA_FREEZE_v3/roles/supervised_pool/part-00025.parquet,393860,1786894799678999961,cda3a857c67cd4403b74a7ae04894c9a95de1f43e7cc0bb8324c6323e4baa099
datasets/cristinakaufalt/finaldatafreeze/phreshphish_FINAL_DATA_FREEZE_v3/roles/supervised_pool/part-00026.parquet,423817,1786894799986872488,54a92b09cdd41cff9c211bcb8c4447fcbab2aeaa10e7117677aad9f0047e421e
datasets/cristinakaufalt/finaldatafreeze/phreshphish_FINAL_DATA_FREEZE_v3/roles/supervised_pool/part-00027.parquet,265973,1786894799686233035,8b5212ddc891d91320ae41701c08abd7d980c11a1c7dc9a79f1d9cc4217e9f97
datasets/cristinakaufalt/finaldatafreeze/phreshphish_FINAL_DATA_FREEZE_v3/roles/supervised_pool/part-00028.parquet,81684,1786894799549226578,07c06b381fbc537ca1ccf71ff5f376fa879f8a7328bec713d8676a945ef54423
datasets/cristinakaufalt/finaldatafreeze/phreshphish_FINAL_DATA_FREEZE_v3/roles/supervised_pool/part-00029.parquet,374717,1786894799087203643,b66c13b47bbb9839aef38301dce79ad4270da50a2073e9127673799320ae0391
datasets/cristinakaufalt/finaldatafreeze/phreshphish_FINAL_DATA_FREEZE_v3/roles/supervised_pool/part-00030.parquet,314399,1786894799704443038,c75b8fe6b8251105e287b5e8f32f29c6831e83a77d06f63ea021abf033ec7608
datasets/cristinakaufalt/finaldatafreeze/phreshphish_FINAL_DATA_FREEZE_v3/roles/supervised_pool/part-00031.parquet,239389,1786894799454464871,e2db53d12edefafd9ae4cca249d329fa22fca4477f809d1646ce9f9c07d0cd72
datasets/cristinakaufalt/finaldatafreeze/phreshphish_FINAL_DATA_FREEZE_v3/roles/supervised_pool/part-00032.parquet,251292,1786894799552253529,69f7f87f4c9fb59743f5d7e1d7d0f78b2782c8908ca9ae915247f3cae7d3fd29
datasets/cristinakaufalt/finaldatafreeze/phreshphish_FINAL_DATA_FREEZE_v3/roles/supervised_pool/part-00033.parquet,311053,1786894800179108402,82b50dccc841010b0f931f3e377e10db0e623a215a4739f6990adf0c6cc3acaf
datasets/cristinakaufalt/finaldatafreeze/phreshphish_FINAL_DATA_FREEZE_v3/roles/supervised_pool/part-00034.parquet,398392,1786894799470272546,78b8db0695574edcdb98406028324831ad1cf2cecc7fcac387868f2d61afe83f
datasets/cristinakaufalt/finaldatafreeze/phreshphish_FINAL_DATA_FREEZE_v3/roles/supervised_pool/part-00035.parquet,315451,1786894799423157886,65c7e57e445ec14ad48e37028528718c61e1485dcb632699d8e43db135988aa1
datasets/cristinakaufalt/finaldatafreeze/phreshphish_FINAL_DATA_FREEZE_v3/roles/supervised_pool/part-00036.parquet,318132,1786894799995323336,5e97e8b7c376dfeb5794a24bae26d476deb65231341bd80edd058aa45bd12552
datasets/cristinakaufalt/finaldatafreeze/phreshphish_FINAL_DATA_FREEZE_v3/roles/supervised_pool/part-00037.parquet,302297,1786894799544900676,548c63baf39cbd733224f74de6c4266fcfe926ef00b3016df29b41a91eb8b157
datasets/cristinakaufalt/finaldatafreeze/phreshphish_FINAL_DATA_FREEZE_v3/roles/supervised_pool/part-00038.parquet,303577,1786894800079052494,444e11e658d921107d384d6a115123ad60d6efe1d76b89708bf18152058702ba
datasets/cristinakaufalt/finaldatafreeze/phreshphish_FINAL_DATA_FREEZE_v3/roles/supervised_pool/part-00039.parquet,291334,1786894799765648766,cd34876f282a33541246f0d048520adc1cac7a09e0e61af858f454e3d30580e8
datasets/cristinakaufalt/finaldatafreeze/phreshphish_FINAL_DATA_FREEZE_v3/roles/supervised_pool/part-00040.parquet,216754,1786894799623435634,34148b19dfc4560218ce3254d38eb3da8290ee810df60890071531b5cf672d5d
datasets/cristinakaufalt/finaldatafreeze/phreshphish_FINAL_DATA_FREEZE_v3/roles/supervised_pool/part-00041.parquet,508017,1786894799674464388,90e7853c09897ff769acf6e9c599ca2226a5c221eb545e1e57b24733c9c04a30
datasets/cristinakaufalt/finaldatafreeze/phreshphish_FINAL_DATA_FREEZE_v3/roles/supervised_pool/part-00042.parquet,390141,1786894799967919359,cb0a7671a23c0de735ea449b7524c16ae70184b8bbeaca604cd2badbe1a06308
datasets/cristinakaufalt/finaldatafreeze/phreshphish_FINAL_DATA_FREEZE_v3/roles/supervised_pool/part-00043.parquet,534271,1786894799637045782,d7a84600fefe7199f6524a4b7f83548a4edaa18d82df5dfd61cca92006009d2d
datasets/cristinakaufalt/finaldatafreeze/phreshphish_FINAL_DATA_FREEZE_v3/roles/supervised_pool/part-00044.parquet,255323,1786894799585040393,3912f1c40a79436232ef0275fbc214700d9dd4a58166d3debe2260e09647e878
datasets/cristinakaufalt/finaldatafreeze/phreshphish_FINAL_DATA_FREEZE_v3/roles/supervised_pool/part-00045.parquet,335702,1786894800068178071,2883158f6c518bd785b0b84b098473d23ac3f73c8c21ec82fcccdbf860df516d
datasets/cristinakaufalt/finaldatafreeze/phreshphish_FINAL_DATA_FREEZE_v3/roles/supervised_pool/part-00046.parquet,459535,1786894800403467082,59d88415cab2edd2516b29f34c0e7d2090cbd57cb5dd8372402e90f55c509873
datasets/cristinakaufalt/finaldatafreeze/phreshphish_FINAL_DATA_FREEZE_v3/roles/supervised_pool/part-00047.parquet,347967,1786894800255596803,49d15d796ab1c14aa857b92eee945eb936c0bfe354f02d8a9af0aaf496d6f1f5
datasets/cristinakaufalt/finaldatafreeze/phreshphish_FINAL_DATA_FREEZE_v3/roles/supervised_pool/part-00048.parquet,345366,1786894800601075686,8d2a2c89a4dd5707227a4f71cbe9834af74cb846dd4bdb4fe929a038fbf5d96f
datasets/cristinakaufalt/finaldatafreeze/phreshphish_FINAL_DATA_FREEZE_v3/roles/supervised_pool/part-00049.parquet,411237,1786894800445923496,f9384ef90a997f55ae8da9616425de019d5678f0c47a68265875bfa1da91567a
datasets/cristinakaufalt/finaldatafreeze/phreshphish_FINAL_DATA_FREEZE_v3/roles/supervised_pool/part-00050.parquet,285878,1786894800270440143,d06a4a9d1c147bfa74c53d2bd3f59271d16099fc4a38c26a10586523d981e87c
datasets/cristinakaufalt/finaldatafreeze/phreshphish_FINAL_DATA_FREEZE_v3/roles/supervised_pool/part-00051.parquet,274953,1786894799799150175,6c8f9be5465c649a09ef5d05e098eb1eb5e0f4e35de4cc77df48644216eb8aac
datasets/cristinakaufalt/finaldatafreeze/phreshphish_FINAL_DATA_FREEZE_v3/roles/supervised_pool/part-00052.parquet,275534,1786894800179454284,b98ad7ecdef0600cc3f2fc0a5ffe1a8bb413aef1ac7b4f7210b8187b1bfc2734
datasets/cristinakaufalt/finaldatafreeze/phreshphish_FINAL_DATA_FREEZE_v3/roles/supervised_pool/part-00053.parquet,431918,1786894800360162358,9dd5abaae94e1a5cb622632a13ce42193cde40b7d2952f7d963fbebd3c7f4127
datasets/cristinakaufalt/finaldatafreeze/phreshphish_FINAL_DATA_FREEZE_v3/roles/supervised_pool/part-00054.parquet,401576,1786894800528035582,18e580b9013971ee3a469fbeb2b3cad33bd8d1048f89c7910f68c1080666fb86
datasets/cristinakaufalt/finaldatafreeze/phreshphish_FINAL_DATA_FREEZE_v3/roles/supervised_pool/part-00055.parquet,255846,1786894799832427970,b2968101ce4ef0b02d20633071d5bc00762cfc54182ebf59ed18445e52463207
datasets/cristinakaufalt/finaldatafreeze/phreshphish_FINAL_DATA_FREEZE_v3/roles/supervised_pool/part-00056.parquet,226424,1786894799996498425,1315874aeb5448f52353bcdfe47670d9f0c1df63a16111057b080230b2d60dc9
datasets/cristinakaufalt/finaldatafreeze/phreshphish_FINAL_DATA_FREEZE_v3/roles/supervised_pool/part-00057.parquet,459239,1786894800646727293,219de28e1692d30c5e6bf4cf2c1bcd0c3659e9f3a67337cfc4a6d89b4fcc2b6d
datasets/cristinakaufalt/finaldatafreeze/phreshphish_FINAL_DATA_FREEZE_v3/roles/supervised_pool/part-00058.parquet,426522,1786894800530976181,dcb5fc202e8249836ce56bd712a68c3f02b533971f4e97eac365b25510314e71
datasets/cristinakaufalt/finaldatafreeze/phreshphish_FINAL_DATA_FREEZE_v3/roles/supervised_pool/part-00059.parquet,404454,1786894800453927432,3b858c2db7ccfbb160cad3a1174e49d3ad1f2df2dbb0b582066a66977d90a553
datasets/cristinakaufalt/finaldatafreeze/phreshphish_FINAL_DATA_FREEZE_v3/roles/supervised_pool/part-00060.parquet,272047,1786894800265751838,2b1dff75695c77ceeb73df88f93713451be8fc13976bf22b014634ffff43991e
datasets/cristinakaufalt/finaldatafreeze/phreshphish_FINAL_DATA_FREEZE_v3/roles/supervised_pool/part-00061.parquet,377782,1786894800408311055,533d5804a389e19863e4df3bd49895ceb1e65c27792ebec223fc343d34028a51
datasets/cristinakaufalt/finaldatafreeze/phreshphish_FINAL_DATA_FREEZE_v3/roles/supervised_pool/part-00062.parquet,315309,1786894800158710170,ec1edbab2092b506788f4344f1620012e559669c532162ead41e1ef13b4ab445
datasets/cristinakaufalt/finaldatafreeze/phreshphish_FINAL_DATA_FREEZE_v3/roles/supervised_pool/part-00063.parquet,341305,1786894800309125567,2f305061cb0e46abe11e700964fbae999c554cb83f047707b77cba1d04f6fc47
datasets/cristinakaufalt/finaldatafreeze/phreshphish_FINAL_DATA_FREEZE_v3/roles/supervised_pool/part-00064.parquet,375768,1786894800351717093,4dfcaff1c46756fc13a523de2d0a423cf27a5eed66700b1aa4402f4269dc0617
datasets/cristinakaufalt/finaldatafreeze/phreshphish_FINAL_DATA_FREEZE_v3/roles/supervised_pool/part-00065.parquet,372183,1786894800360985079,ec5fd7752e7a6949d2bc59d001caab95772d64ed1cbf2d9c381a53ed618ef602
datasets/cristinakaufalt/finaldatafreeze/phreshphish_FINAL_DATA_FREEZE_v3/roles/supervised_pool/part-00066.parquet,340490,1786894800355013004,12d6c3a7ee790d829328eadc081b6f4688cf4bc9f68bfd7dbe5cb1b581522627
datasets/cristinakaufalt/finaldatafreeze/phreshphish_FINAL_DATA_FREEZE_v3/roles/supervised_pool/part-00067.parquet,437034,1786894800542608547,110b2cb7fba3f6aed4dcdf4b6bd308470478941363a061a9e307f82821c26c2c
datasets/cristinakaufalt/finaldatafreeze/phreshphish_FINAL_DATA_FREEZE_v3/roles/supervised_pool/part-00068.parquet,284372,1786894800253397788,33662cef0ce3a1aee5459b86419d2aa0214a5e90d7dfd3e36579e2365662e5b5
datasets/cristinakaufalt/finaldatafreeze/phreshphish_FINAL_DATA_FREEZE_v3/roles/supervised_pool/part-00069.parquet,410719,1786894800589818125,2677ec6dfce0db32b2f7e76f86e71b282fe42dc3d66fd77596641237f3f06ff3
datasets/cristinakaufalt/finaldatafreeze/phreshphish_FINAL_DATA_FREEZE_v3/roles/supervised_pool/part-00070.parquet,338085,1786894800345669452,79fca26e8940ab968bb69be7d8420959cd0033a7bba1e88812680743dbb0f291
datasets/cristinakaufalt/finaldatafreeze/phreshphish_FINAL_DATA_FREEZE_v3/roles/supervised_pool/part-00071.parquet,212809,1786894799994829894,16791eb145bfe6b51c963e9eec7e10a024e337760a8e7a1858cd2b9cf22b0e85
datasets/cristinakaufalt/freezeresume/FINAL_DATA_FREEZE_COMPLETE.json,898,1786894780977897071,7e6c3162653e4265fe8c5dc546b599bd1c3c85630a87bfc89cea4c6208b686a8
datasets/cristinakaufalt/freezeresume/audit/ACTIVE_LEARNING_NOTE.txt,186,1786894781003181562,24e8c955d9c1d084d795549c7a26c578f9b162a5b14d3adc9b78ef44a559fe01
datasets/cristinakaufalt/freezeresume/audit/DATA_FREEZE_SPEC.json,874,1786894780991961569,836d784381fb98a03d8879cdafa34d8cf834a78694bbe5ef791157d4b49bba4a
datasets/cristinakaufalt/freezeresume/audit/DOM_PARSER_PROVENANCE.json,368,1786894780998338525,9d9b3a297e42ef359d6e504ec01fcc99a2cfb3f070e3e1d3f50e86e479b618d8
datasets/cristinakaufalt/freezeresume/audit/EXACT_OOD_METADATA_COUNTS.json,209,1786894780969319155,3d8419a8d988d52f1bfcb22564cb8d919537f6ffb3e0beeaf6b88e9d5301ecb2
datasets/cristinakaufalt/freezeresume/audit/LABELSET_AUDIT.csv,2633,1786894780921819476,efc8fc6cc20ff610aac72b9d3bd98a2318dbb317dc3ae542c7a2a6459f3ef7b1
datasets/cristinakaufalt/freezeresume/audit/LEGACY_ANCHOR_AUDIT.json,185,1786894780961406748,85799a7ccabe74870bd308a873e4e4944da18e46ebbc6116cecb0e298963c0ba
datasets/cristinakaufalt/freezeresume/audit/LOW_FPR_RESOLUTION.csv,810,1786894780975381384,59189c023cd268f5a59aa441e5b20c92654e8bda75f3709c9372a8f12b1efa08
datasets/cristinakaufalt/freezeresume/audit/MATERIALIZED_ROLE_INTEGRITY.json,3257,1786894780973465148,923a9df3b001e0e4971943161f78eb5374a619b14d07168d948a0a99ef482bed
datasets/cristinakaufalt/freezeresume/audit/ROLE_CLASS_COUNTS.csv,240,1786894780980048416,c5687e71697d731686be47cae2a48554c09b99da73b340d8cb7551ce2d765fcf
datasets/cristinakaufalt/freezeresume/audit/ROLE_FILE_MANIFEST.csv,41894,1786894780988532072,57b943d1bea9c48c37556afd77fbc00c11ae228228709d1e82eec4ba59dc74ec
datasets/cristinakaufalt/freezeresume/audit/SMALL_ARTIFACT_SHA256.csv,4523,1786894780971991622,ac649a4ad505fe0f9b182a3cd6fdef255260703eb16d9767c613e866e7526227
datasets/cristinakaufalt/freezeresume/audit/SOURCE_PROVENANCE.json,2511,1786894780918277252,1f1620076e5f49e89d423337e0ef7fb7d7aaf35a8dea92d69e2fe5ccc157ec06
datasets/cristinakaufalt/freezeresume/labelsets/B100_seed242.npy,16128,1786894781152565672,3cc8086783ed30461ae98f2926867d8c94e57226760c76ef7d307ce312c4fe1a
datasets/cristinakaufalt/freezeresume/labelsets/B100_seed252.npy,16128,1786894780983023483,3cc8086783ed30461ae98f2926867d8c94e57226760c76ef7d307ce312c4fe1a
datasets/cristinakaufalt/freezeresume/labelsets/B100_seed262.npy,16128,1786894780979396434,3cc8086783ed30461ae98f2926867d8c94e57226760c76ef7d307ce312c4fe1a
datasets/cristinakaufalt/freezeresume/labelsets/B100_seed272.npy,16128,1786894780976006781,3cc8086783ed30461ae98f2926867d8c94e57226760c76ef7d307ce312c4fe1a
datasets/cristinakaufalt/freezeresume/labelsets/B100_seed282.npy,16128,1786894780978291321,3cc8086783ed30461ae98f2926867d8c94e57226760c76ef7d307ce312c4fe1a
datasets/cristinakaufalt/freezeresume/labelsets/B100_seed42.npy,16128,1786894780978754311,3cc8086783ed30461ae98f2926867d8c94e57226760c76ef7d307ce312c4fe1a
datasets/cristinakaufalt/freezeresume/labelsets/B100_seed52.npy,16128,1786894780978904749,3cc8086783ed30461ae98f2926867d8c94e57226760c76ef7d307ce312c4fe1a
datasets/cristinakaufalt/freezeresume/labelsets/B100_seed62.npy,16128,1786894780982777121,3cc8086783ed30461ae98f2926867d8c94e57226760c76ef7d307ce312c4fe1a
datasets/cristinakaufalt/freezeresume/labelsets/B100_seed72.npy,16128,1786894780982324487,3cc8086783ed30461ae98f2926867d8c94e57226760c76ef7d307ce312c4fe1a
datasets/cristinakaufalt/freezeresume/labelsets/B100_seed82.npy,16128,1786894780982125295,3cc8086783ed30461ae98f2926867d8c94e57226760c76ef7d307ce312c4fe1a
datasets/cristinakaufalt/freezeresume/labelsets/B10_seed242.npy,1728,1786894781008366923,8369d9ce134f19c1fa21a43da0b7ca1ca05de3b940685774f42e0d0a9cdd44db
datasets/cristinakaufalt/freezeresume/labelsets/B10_seed252.npy,1728,1786894781193275545,2a71bdd2e7f5afc4a9830a89c56e2d9ed230f0fba82837b056f298bb73a40d11
datasets/cristinakaufalt/freezeresume/labelsets/B10_seed262.npy,1728,1786894781254486459,0b97ff4ad6e03240ce3a4edea9df225588c283a283f2fe74fa4288c7b5d2e438
datasets/cristinakaufalt/freezeresume/labelsets/B10_seed272.npy,1728,1786894781179554246,e69a978a5415c4ce9bd14d0956268b35542be5b37de4a0cd15576928edd5300f
datasets/cristinakaufalt/freezeresume/labelsets/B10_seed282.npy,1728,1786894781189445257,d081be936ba730f13c2b66e554f1485a0889b147c1580a059595ac51f63edace
datasets/cristinakaufalt/freezeresume/labelsets/B10_seed42.npy,1728,1786894781236487695,ff3064c832a826d70409abf30cee0a106a15777de3c2b24dc12253a57978bb4a
datasets/cristinakaufalt/freezeresume/labelsets/B10_seed52.npy,1728,1786894781247010166,35cc6b64009a1b0e8ee8e520d20a4219981744207b25a6f0869a7a27467de13a
datasets/cristinakaufalt/freezeresume/labelsets/B10_seed62.npy,1728,1786894780991801301,9427ef2ae12e7686775f5ad842ee2b0936d548862dde5d3e9206c460af8ebeb1
datasets/cristinakaufalt/freezeresume/labelsets/B10_seed72.npy,1728,1786894781189654711,8a8343fd9a8f2b07511114108a77b67e0b3997d411c1a3d08b75b89124e8a4e1
datasets/cristinakaufalt/freezeresume/labelsets/B10_seed82.npy,1728,1786894780999529493,bfe627cfaccf12a2bd61cc1dc57f6c6e253d9bdfe49c256efcecb90f94f6f368
datasets/cristinakaufalt/freezeresume/labelsets/B25R_seed242.npy,4128,1786894780967229887,368a2300e2a3cbf9a636b74db07703f4938933030fed64f436ee47e8d84330ad
datasets/cristinakaufalt/freezeresume/labelsets/B25R_seed252.npy,4128,1786894780966668506,072797dbfee03671c93a68296d33bb2b13a1b47ab9aca58a5d711de6f24289e5
datasets/cristinakaufalt/freezeresume/labelsets/B25R_seed262.npy,4128,1786894781195390507,56bec17e1bb5bffe327a55b099169c2d597691fcc2769a1c00cc2ee847190dcd
datasets/cristinakaufalt/freezeresume/labelsets/B25R_seed272.npy,4128,1786894781000039214,86f94ed65375ecb9378a7327a3164bd24a0ada1232dfb8d776b118522731b3f6
datasets/cristinakaufalt/freezeresume/labelsets/B25R_seed282.npy,4128,1786894780973083580,a0f1cc1e0ebe9a8335cfdfb2917a102e92c320b258b7be5880bd23933e73d169
datasets/cristinakaufalt/freezeresume/labelsets/B25R_seed42.npy,4128,1786894780994439680,53f9bef82263bcfd3f88580b92d86ce65366eaa0fc4480a886445941448f6d3b
datasets/cristinakaufalt/freezeresume/labelsets/B25R_seed52.npy,4128,1786894781188191542,44ffa83c091080279db34e7568f61184480f751beb055d513f6030321f8f27f7
datasets/cristinakaufalt/freezeresume/labelsets/B25R_seed62.npy,4128,1786894780991828908,befc67f383682fb10275bcc336bf4fcf25b57c69c47e3f6414fa3c5a9474008d
datasets/cristinakaufalt/freezeresume/labelsets/B25R_seed72.npy,4128,1786894781167352431,ff49cf410ad02a22f609fb5b566757f7501c2463d4a206bb13b302bd194d0382
datasets/cristinakaufalt/freezeresume/labelsets/B25R_seed82.npy,4128,1786894780960648088,07754532ee8fb3a7109a37dc34858777ad17eef47077ed1198e96ca81d78b36c
datasets/cristinakaufalt/freezeresume/manifests/final_test_exact_ood_flags_SEALED.parquet,5799606,1786894782656749820,90ea71030a11e8c7b56b2471cdf8fa5788846ceb3e5e9bc1c5340f2bddb1720c
datasets/cristinakaufalt/freezeresume/manifests/final_test_manifest_SEALED.parquet,18156403,1786894790685008388,b5686034b6468dd4a00378f30b5381a4608280cb6fccaa3cba5787803c9c815e
datasets/cristinakaufalt/freezeresume/manifests/official_train_metadata.parquet,34522128,1786894793206234853,1897b32d9704cb8c4860178795b85944106f587955786514af17e4059d500ab7
datasets/cristinakaufalt/freezeresume/manifests/supervised_pool_manifest.parquet,308177,1786894781071951247,ad03a26f3b688994db43c4592f4a1c62caaad5f6c89e39c207590a7ba71e6b86
datasets/cristinakaufalt/freezeresume/manifests/train_role_manifest_PRIVATE_WITH_LABELS.parquet,35894051,1786894793329564971,0f9659c0de7f90e8140b9212b50f67451cc839782c6ac606405b3f87c3b0dbe9
datasets/cristinakaufalt/geileresultsvorseeds/__huggingface_repos__.json,230,1786894781460922059,3e5a490155fd99868a2f904f83a2638772855c75f9d4f78e15dfe8b271e69f75
datasets/cristinakaufalt/geileresultsvorseeds/phreshphish_FINAL_RQ_CLOSURE_20K_200K_v7_2_FINAL/FINAL_V7_2_RQ_CLOSURE_COMPLETE.json,301,1786894781556510495,33e0602dae1f4e0fa043d41d96788f8b98637f2f514b222dc7e2076134827d1b
datasets/cristinakaufalt/geileresultsvorseeds/phreshphish_FINAL_RQ_CLOSURE_20K_200K_v7_2_FINAL/audit/DATA_PROTOCOL.json,309,1786894781550767241,41cf0fe0fd91836811f1ef23a715f451a8d380feb0ae5413fad050358690aba2
datasets/cristinakaufalt/geileresultsvorseeds/phreshphish_FINAL_RQ_CLOSURE_20K_200K_v7_2_FINAL/audit/DOM_20K_200K_GATE_FREEZE.json,682,1786894781409656459,531e79c4aadee99009530f51d4a866474fe7cd3bce92fe125d203bd78350bf7c
datasets/cristinakaufalt/geileresultsvorseeds/phreshphish_FINAL_RQ_CLOSURE_20K_200K_v7_2_FINAL/audit/EXPERIMENT_REGISTRY.json,2237,1786894781280370198,2af549eb86b38e81c2ca1726ff86f5cc15cfe820cbef291bbf9e1176d3c90938
datasets/cristinakaufalt/geileresultsvorseeds/phreshphish_FINAL_RQ_CLOSURE_20K_200K_v7_2_FINAL/audit/INPUT_RESOLUTION.json,755,1786894781378380729,7c3cc8f437ef3ed6a9bd8d538bb31ccbde302934a14b3c92bd1fa84e6074fb80
datasets/cristinakaufalt/geileresultsvorseeds/phreshphish_FINAL_RQ_CLOSURE_20K_200K_v7_2_FINAL/audit/SSL20_REPRESENTATION_FREEZE.json,281,1786894781550962738,1cc91203d58e86fc0c9ece2e2aa1048afba904336923bcb51c053ede9964f22b
datasets/cristinakaufalt/geileresultsvorseeds/phreshphish_FINAL_RQ_CLOSURE_20K_200K_v7_2_FINAL/audit/SSL_REPRESENTATION_SOURCES.json,1027,1786894781389351895,77682d2f8f90fbd8ff1b2c174cdc07068bb3a0b8651e9d95807f0f5803d06e7c
datasets/cristinakaufalt/geileresultsvorseeds/phreshphish_FINAL_RQ_CLOSURE_20K_200K_v7_2_FINAL/audit/V7_2_SYSTEM_FREEZE.json,1567,1786894781435531653,a3e27c5b919b560d8851da7df7ceeb70ae7907b524583f3c0acb08092b535165
datasets/cristinakaufalt/geileresultsvorseeds/phreshphish_FINAL_RQ_CLOSURE_20K_200K_v7_2_FINAL/audit/V7_PROTOCOL_FREEZE.json,661,1786894781147411488,b541749e28621c7d4c30b67315e834b65782ee73a9bfd6b95c49ee4005033d1c
datasets/cristinakaufalt/geileresultsvorseeds/phreshphish_FINAL_RQ_CLOSURE_20K_200K_v7_2_FINAL/checkpoints/CSAME_R1_CONTRASTIVE/COMPLETE.json,122,1786894781442107959,72c59ef9e2f3f319eb2b945ce52836ac7db4d932d37cbd6c900b678af64c853c
datasets/cristinakaufalt/geileresultsvorseeds/phreshphish_FINAL_RQ_CLOSURE_20K_200K_v7_2_FINAL/checkpoints/CSAME_R1_CONTRASTIVE/text/config.json,669,1786894781715637638,cc27102b35c8289aa9776b479358da8907472353b8c5036a9bebb080316a5796
datasets/cristinakaufalt/geileresultsvorseeds/phreshphish_FINAL_RQ_CLOSURE_20K_200K_v7_2_FINAL/checkpoints/CSAME_R1_CONTRASTIVE/text/model.safetensors,498604880,1786894789849201950,6fabcd44a652b0d07747251d748fc26889e25ced155db64484eaddec2eaf2ed3
datasets/cristinakaufalt/geileresultsvorseeds/phreshphish_FINAL_RQ_CLOSURE_20K_200K_v7_2_FINAL/checkpoints/CSAME_R1_CONTRASTIVE/text/tokenizer.json,3558895,1786894782512077211,8489c8643e13c2b20c07d15dd8650f8d010e4f1e49b89b31710833cf729cf043
datasets/cristinakaufalt/geileresultsvorseeds/phreshphish_FINAL_RQ_CLOSURE_20K_200K_v7_2_FINAL/checkpoints/CSAME_R1_CONTRASTIVE/text/tokenizer_config.json,358,1786894781457696832,bb5706f71e3d5cb4bf9878ad9b14a2079e6fbd618fc0a0ba2ac1b257d7824cc9
datasets/cristinakaufalt/geileresultsvorseeds/phreshphish_FINAL_RQ_CLOSURE_20K_200K_v7_2_FINAL/checkpoints/CSAME_R1_CONTRASTIVE/url/config.json,745,1786894781266580257,252e46a9e2bd7a7fafa84eafb94f99e73f3bc0cb46e4cae147e7c7311e1940a8
datasets/cristinakaufalt/geileresultsvorseeds/phreshphish_FINAL_RQ_CLOSURE_20K_200K_v7_2_FINAL/checkpoints/CSAME_R1_CONTRASTIVE/url/model.safetensors,437951304,1786894850747374476,652cfadf98cc1d8c65eafb6eb35551dcad6331cd2698070539f63c47ec83b642
datasets/cristinakaufalt/geileresultsvorseeds/phreshphish_FINAL_RQ_CLOSURE_20K_200K_v7_2_FINAL/checkpoints/CSAME_R1_CONTRASTIVE/url/tokenizer.json,711649,1786894781976549853,2fc687b11de0bc1b3d8348f92e3b49ef1089a621506c7661fbf3248fcd54947e
datasets/cristinakaufalt/geileresultsvorseeds/phreshphish_FINAL_RQ_CLOSURE_20K_200K_v7_2_FINAL/checkpoints/CSAME_R1_CONTRASTIVE/url/tokenizer_config.json,322,1786894781665554841,797ed9ba72b500001971b827b0040b8743def8ec38f9cd4cda4c4945734d3596
datasets/cristinakaufalt/geileresultsvorseeds/phreshphish_FINAL_RQ_CLOSURE_20K_200K_v7_2_FINAL/checkpoints/DEEP/DUAL_R0_200K/COMPLETE.json,194,1786894781566530526,7e4ba7dc685eb48bf983cb747a772bfb076c089f3cd8569b6655dc5eb44922ea
datasets/cristinakaufalt/geileresultsvorseeds/phreshphish_FINAL_RQ_CLOSURE_20K_200K_v7_2_FINAL/checkpoints/DEEP/DUAL_R0_200K/model_state.pt,940161097,1786894882940522223,15cf4dd1b9f3084ebbb1db0fa30429cd9bee38627d07bbd794f37f25100d1153
datasets/cristinakaufalt/geileresultsvorseeds/phreshphish_FINAL_RQ_CLOSURE_20K_200K_v7_2_FINAL/checkpoints/DEEP/DUAL_R0_20K/COMPLETE.json,192,1786894781523686359,fe80b2d79541399ee560ea08f91a336ef65039997df7466ab387e0213c727f40
datasets/cristinakaufalt/geileresultsvorseeds/phreshphish_FINAL_RQ_CLOSURE_20K_200K_v7_2_FINAL/checkpoints/DEEP/DUAL_R0_20K/model_state.pt,940161097,1786894896866168937,af3382728c48694e5a23808dbe56eb690a7739d100f4a7f23337065de6b725dc
datasets/cristinakaufalt/geileresultsvorseeds/phreshphish_FINAL_RQ_CLOSURE_20K_200K_v7_2_FINAL/checkpoints/DEEP/DUAL_R1_200K/COMPLETE.json,194,1786894781540533005,27a68ef9e8dbeba13bd0cd838c669cc417dd6923f820194623f735c166ab6779
datasets/cristinakaufalt/geileresultsvorseeds/phreshphish_FINAL_RQ_CLOSURE_20K_200K_v7_2_FINAL/checkpoints/DEEP/DUAL_R1_200K/model_state.pt,940161097,1786894891070057826,c94629523b6f529d95889beccadf947ef9415d8b2c0413a0f971da04ea988e81
datasets/cristinakaufalt/geileresultsvorseeds/phreshphish_FINAL_RQ_CLOSURE_20K_200K_v7_2_FINAL/checkpoints/DEEP/DUAL_R1_20K/COMPLETE.json,192,1786894781541791394,71173aec6ee7b0d1aaad437ebab6763a5ae0f4b29ea4502a26283699e4e1767d
datasets/cristinakaufalt/geileresultsvorseeds/phreshphish_FINAL_RQ_CLOSURE_20K_200K_v7_2_FINAL/checkpoints/DEEP/DUAL_R1_20K/model_state.pt,940161097,1786894887372286923,10fcea203974eaa22a0d87f52cd5f33b8f2acb5f03df7dd2c02c331350b55999
datasets/cristinakaufalt/geileresultsvorseeds/phreshphish_FINAL_RQ_CLOSURE_20K_200K_v7_2_FINAL/checkpoints/DEEP/TRI_R1_200K/COMPLETE.json,191,1786894781422169920,f231a600bd4a4ad7b3edb6cd530966e6ff27c2d3a21f1ba2c5dc90860684fff1
datasets/cristinakaufalt/geileresultsvorseeds/phreshphish_FINAL_RQ_CLOSURE_20K_200K_v7_2_FINAL/checkpoints/DEEP/TRI_R1_200K/model_state.pt,941691935,1786894800616846338,1a318c76bfb512a55b06d1f681813cb6a59e5ac69758dc59c940b46058ae5de5
datasets/cristinakaufalt/geileresultsvorseeds/phreshphish_FINAL_RQ_CLOSURE_20K_200K_v7_2_FINAL/checkpoints/DEEP/TRI_R1_20K/COMPLETE.json,188,1786894781484905793,dac81fd33366f36e740f7660f86532d3eec7ef4c862feef556fc1500f57bdfcd
datasets/cristinakaufalt/geileresultsvorseeds/phreshphish_FINAL_RQ_CLOSURE_20K_200K_v7_2_FINAL/checkpoints/DEEP/TRI_R1_20K/model_state.pt,941691935,1786894886725856239,bb456cbb00211047dec90001905e6f7be727344661b92946f5f97612f6113049
datasets/cristinakaufalt/geileresultsvorseeds/phreshphish_FINAL_RQ_CLOSURE_20K_200K_v7_2_FINAL/checkpoints/PROBES_20K/CSAME/LINEAR_seed102.npz,6660,1786894781287111589,bc1d32c196386140d9500c6d7c488cebfe9d1dbe8d4e31f34249f81aec8650e5
datasets/cristinakaufalt/geileresultsvorseeds/phreshphish_FINAL_RQ_CLOSURE_20K_200K_v7_2_FINAL/checkpoints/PROBES_20K/CSAME/LINEAR_seed122.npz,6660,1786894781302243733,bc1d32c196386140d9500c6d7c488cebfe9d1dbe8d4e31f34249f81aec8650e5
datasets/cristinakaufalt/geileresultsvorseeds/phreshphish_FINAL_RQ_CLOSURE_20K_200K_v7_2_FINAL/checkpoints/PROBES_20K/CSAME/LINEAR_seed42.npz,6660,1786894781410961538,bc1d32c196386140d9500c6d7c488cebfe9d1dbe8d4e31f34249f81aec8650e5
datasets/cristinakaufalt/geileresultsvorseeds/phreshphish_FINAL_RQ_CLOSURE_20K_200K_v7_2_FINAL/checkpoints/PROBES_20K/CSAME/LINEAR_seed62.npz,6660,1786894781512359077,bc1d32c196386140d9500c6d7c488cebfe9d1dbe8d4e31f34249f81aec8650e5
datasets/cristinakaufalt/geileresultsvorseeds/phreshphish_FINAL_RQ_CLOSURE_20K_200K_v7_2_FINAL/checkpoints/PROBES_20K/CSAME/LINEAR_seed82.npz,6660,1786894781569010831,bc1d32c196386140d9500c6d7c488cebfe9d1dbe8d4e31f34249f81aec8650e5
datasets/cristinakaufalt/geileresultsvorseeds/phreshphish_FINAL_RQ_CLOSURE_20K_200K_v7_2_FINAL/checkpoints/PROBES_20K/CSAME/MLP_seed102.pt,1577571,1786894781868492541,b3ae61d4a1387e01930209f3caeb16e70cf4b6842b325be9722087c644bf4c55
datasets/cristinakaufalt/geileresultsvorseeds/phreshphish_FINAL_RQ_CLOSURE_20K_200K_v7_2_FINAL/checkpoints/PROBES_20K/CSAME/MLP_seed122.pt,1577571,1786894781905248036,6ab6c09194b75d46efb55d4ecfa38ee9f20c099e172480009c3ba4271fdaf993
datasets/cristinakaufalt/geileresultsvorseeds/phreshphish_FINAL_RQ_CLOSURE_20K_200K_v7_2_FINAL/checkpoints/PROBES_20K/CSAME/MLP_seed42.pt,1577561,1786894781897252073,adf005fc1f2868419bb2b886f2ab8ffe57960cf1d088732379084178b8de94c3
datasets/cristinakaufalt/geileresultsvorseeds/phreshphish_FINAL_RQ_CLOSURE_20K_200K_v7_2_FINAL/checkpoints/PROBES_20K/CSAME/MLP_seed62.pt,1577561,1786894781882328658,ee45b937f76a74111dd48d8ca82b8ee903f8cc365f0bb880379c33e3bda1c1fa
datasets/cristinakaufalt/geileresultsvorseeds/phreshphish_FINAL_RQ_CLOSURE_20K_200K_v7_2_FINAL/checkpoints/PROBES_20K/CSAME/MLP_seed82.pt,1577561,1786894781888592096,406630f50c490d85a3685c3a03582140c5378bea28591cbecf5548b163bbb2d5
datasets/cristinakaufalt/geileresultsvorseeds/phreshphish_FINAL_RQ_CLOSURE_20K_200K_v7_2_FINAL/checkpoints/PROBES_20K/R0/LINEAR_seed102.npz,6660,1786894781324017097,aa73d5fd3645f150f307a8ad26c23978798aa8e796c55ab74cb37c772abb3aaa
datasets/cristinakaufalt/geileresultsvorseeds/phreshphish_FINAL_RQ_CLOSURE_20K_200K_v7_2_FINAL/checkpoints/PROBES_20K/R0/LINEAR_seed122.npz,6660,1786894781575929101,aa73d5fd3645f150f307a8ad26c23978798aa8e796c55ab74cb37c772abb3aaa
datasets/cristinakaufalt/geileresultsvorseeds/phreshphish_FINAL_RQ_CLOSURE_20K_200K_v7_2_FINAL/checkpoints/PROBES_20K/R0/LINEAR_seed42.npz,6660,1786894781411504146,aa73d5fd3645f150f307a8ad26c23978798aa8e796c55ab74cb37c772abb3aaa
datasets/cristinakaufalt/geileresultsvorseeds/phreshphish_FINAL_RQ_CLOSURE_20K_200K_v7_2_FINAL/checkpoints/PROBES_20K/R0/LINEAR_seed62.npz,6660,1786894781578396756,aa73d5fd3645f150f307a8ad26c23978798aa8e796c55ab74cb37c772abb3aaa
datasets/cristinakaufalt/geileresultsvorseeds/phreshphish_FINAL_RQ_CLOSURE_20K_200K_v7_2_FINAL/checkpoints/PROBES_20K/R0/LINEAR_seed82.npz,6660,1786894781600210922,aa73d5fd3645f150f307a8ad26c23978798aa8e796c55ab74cb37c772abb3aaa
datasets/cristinakaufalt/geileresultsvorseeds/phreshphish_FINAL_RQ_CLOSURE_20K_200K_v7_2_FINAL/checkpoints/PROBES_20K/R0/MLP_seed102.pt,1577571,1786894781856170683,c4d0dfc72a084d147289005fe4973dcf4a6eaca51ee0010cfcc3098bd0acc393
datasets/cristinakaufalt/geileresultsvorseeds/phreshphish_FINAL_RQ_CLOSURE_20K_200K_v7_2_FINAL/checkpoints/PROBES_20K/R0/MLP_seed122.pt,1577571,1786894782206310387,20941324f997b9fa6a4f9e08b83c46a24e052f70d320f83cf18d272c6a18586a
datasets/cristinakaufalt/geileresultsvorseeds/phreshphish_FINAL_RQ_CLOSURE_20K_200K_v7_2_FINAL/checkpoints/PROBES_20K/R0/MLP_seed42.pt,1577561,1786894782183814792,08c5c6afb9861d94b31e774763226fba70b1d258735d8ab67167293983098310
datasets/cristinakaufalt/geileresultsvorseeds/phreshphish_FINAL_RQ_CLOSURE_20K_200K_v7_2_FINAL/checkpoints/PROBES_20K/R0/MLP_seed62.pt,1577561,1786894781942387601,3b17dc3a51d980091b8edbc629a3049f6937951aa972d7d471d7d579afe62df4
datasets/cristinakaufalt/geileresultsvorseeds/phreshphish_FINAL_RQ_CLOSURE_20K_200K_v7_2_FINAL/checkpoints/PROBES_20K/R0/MLP_seed82.pt,1577561,1786894782303967333,ab5a76a89186a5354c45d4f3732a42fe25567c3a58429906552044d4498d82a7
datasets/cristinakaufalt/geileresultsvorseeds/phreshphish_FINAL_RQ_CLOSURE_20K_200K_v7_2_FINAL/checkpoints/PROBES_20K/R1/LINEAR_seed102.npz,6660,1786894781465277359,a317b9c498eb4223350f469d7791884d1e228d313312797f54efaeacf7251867
datasets/cristinakaufalt/geileresultsvorseeds/phreshphish_FINAL_RQ_CLOSURE_20K_200K_v7_2_FINAL/checkpoints/PROBES_20K/R1/LINEAR_seed122.npz,6660,1786894781484876168,a317b9c498eb4223350f469d7791884d1e228d313312797f54efaeacf7251867
datasets/cristinakaufalt/geileresultsvorseeds/phreshphish_FINAL_RQ_CLOSURE_20K_200K_v7_2_FINAL/checkpoints/PROBES_20K/R1/LINEAR_seed42.npz,6660,1786894781561822072,a317b9c498eb4223350f469d7791884d1e228d313312797f54efaeacf7251867
datasets/cristinakaufalt/geileresultsvorseeds/phreshphish_FINAL_RQ_CLOSURE_20K_200K_v7_2_FINAL/checkpoints/PROBES_20K/R1/LINEAR_seed62.npz,6660,1786894781541450470,a317b9c498eb4223350f469d7791884d1e228d313312797f54efaeacf7251867
datasets/cristinakaufalt/geileresultsvorseeds/phreshphish_FINAL_RQ_CLOSURE_20K_200K_v7_2_FINAL/checkpoints/PROBES_20K/R1/LINEAR_seed82.npz,6660,1786894781526997332,a317b9c498eb4223350f469d7791884d1e228d313312797f54efaeacf7251867
datasets/cristinakaufalt/geileresultsvorseeds/phreshphish_FINAL_RQ_CLOSURE_20K_200K_v7_2_FINAL/checkpoints/PROBES_20K/R1/MLP_seed102.pt,1577571,1786894781919596550,ced6e4c8d87faf62652187b92b1f6a1e50c54e6ed0fa88584234587fbd924405
datasets/cristinakaufalt/geileresultsvorseeds/phreshphish_FINAL_RQ_CLOSURE_20K_200K_v7_2_FINAL/checkpoints/PROBES_20K/R1/MLP_seed122.pt,1577571,1786894782168885281,1529e857eae84c413f9038d0a071e0a34a0f667bcff16dda7326210e733e7a00
datasets/cristinakaufalt/geileresultsvorseeds/phreshphish_FINAL_RQ_CLOSURE_20K_200K_v7_2_FINAL/checkpoints/PROBES_20K/R1/MLP_seed42.pt,1577561,1786894782317124178,a98a49042529f97a870a75c5da8fd257dddcaca14deb6a31f029f12dcf3b89f1
datasets/cristinakaufalt/geileresultsvorseeds/phreshphish_FINAL_RQ_CLOSURE_20K_200K_v7_2_FINAL/checkpoints/PROBES_20K/R1/MLP_seed62.pt,1577561,1786894782358158687,94feb9c86f61ff2d2479b712f51b6795d4f6f8b6aa718c8f5c1f906ea7b10022
datasets/cristinakaufalt/geileresultsvorseeds/phreshphish_FINAL_RQ_CLOSURE_20K_200K_v7_2_FINAL/checkpoints/PROBES_20K/R1/MLP_seed82.pt,1577561,1786894782432351731,5a374ba4f556bddb28df20bbd6d96bd3da103879b5a98481ed2b3f1c91900eb0
datasets/cristinakaufalt/geileresultsvorseeds/phreshphish_FINAL_RQ_CLOSURE_20K_200K_v7_2_FINAL/checkpoints/PROBES_20K/R2C/LINEAR_seed102.npz,6660,1786894781692848528,a5b2693e4f48234d7df42227263e81ebb23f4ad904ba5b719f1bec40ab843f2f
datasets/cristinakaufalt/geileresultsvorseeds/phreshphish_FINAL_RQ_CLOSURE_20K_200K_v7_2_FINAL/checkpoints/PROBES_20K/R2C/LINEAR_seed122.npz,6660,1786894781700155668,a5b2693e4f48234d7df42227263e81ebb23f4ad904ba5b719f1bec40ab843f2f
datasets/cristinakaufalt/geileresultsvorseeds/phreshphish_FINAL_RQ_CLOSURE_20K_200K_v7_2_FINAL/checkpoints/PROBES_20K/R2C/LINEAR_seed42.npz,6660,1786894781746745288,a5b2693e4f48234d7df42227263e81ebb23f4ad904ba5b719f1bec40ab843f2f
datasets/cristinakaufalt/geileresultsvorseeds/phreshphish_FINAL_RQ_CLOSURE_20K_200K_v7_2_FINAL/checkpoints/PROBES_20K/R2C/LINEAR_seed62.npz,6660,1786894781801433870,a5b2693e4f48234d7df42227263e81ebb23f4ad904ba5b719f1bec40ab843f2f
datasets/cristinakaufalt/geileresultsvorseeds/phreshphish_FINAL_RQ_CLOSURE_20K_200K_v7_2_FINAL/checkpoints/PROBES_20K/R2C/LINEAR_seed82.npz,6660,1786894781460254827,a5b2693e4f48234d7df42227263e81ebb23f4ad904ba5b719f1bec40ab843f2f
datasets/cristinakaufalt/geileresultsvorseeds/phreshphish_FINAL_RQ_CLOSURE_20K_200K_v7_2_FINAL/checkpoints/PROBES_20K/R2C/MLP_seed102.pt,1577571,1786894781828277682,45c8d8a29ae382fc2d4fdf886a0f3f54382ac7779105dba330b38b842c962150
datasets/cristinakaufalt/geileresultsvorseeds/phreshphish_FINAL_RQ_CLOSURE_20K_200K_v7_2_FINAL/checkpoints/PROBES_20K/R2C/MLP_seed122.pt,1577571,1786894782129462968,f76d539d98a0fa4a776f5e2756d31c9abf2083502e03f38ea7e51c5f7c921843
datasets/cristinakaufalt/geileresultsvorseeds/phreshphish_FINAL_RQ_CLOSURE_20K_200K_v7_2_FINAL/checkpoints/PROBES_20K/R2C/MLP_seed42.pt,1577561,1786894782174286524,196ef6bd27afcd60bc79782b765520cdb24e9a6c5446103d55b9200f3c4eee45
datasets/cristinakaufalt/geileresultsvorseeds/phreshphish_FINAL_RQ_CLOSURE_20K_200K_v7_2_FINAL/checkpoints/PROBES_20K/R2C/MLP_seed62.pt,1577561,1786894782150544104,90353888b1cf21a637c505588120df65ab8a87ca6b5357fb1d52f879e074adbf
datasets/cristinakaufalt/geileresultsvorseeds/phreshphish_FINAL_RQ_CLOSURE_20K_200K_v7_2_FINAL/checkpoints/PROBES_20K/R2C/MLP_seed82.pt,1577561,1786894781878340226,9889fecd196c5f1a7c2d32eec66a753570d7790bb1f260cc03fb7cb450a0a323
datasets/cristinakaufalt/geileresultsvorseeds/phreshphish_FINAL_RQ_CLOSURE_20K_200K_v7_2_FINAL/checkpoints/PROBES_20K/R3C/LINEAR_seed102.npz,6660,1786894781437398358,97b84b540b8c53dc289f7739c5f5a9e2416739168ea408f860ab3a3333a5b91b
datasets/cristinakaufalt/geileresultsvorseeds/phreshphish_FINAL_RQ_CLOSURE_20K_200K_v7_2_FINAL/checkpoints/PROBES_20K/R3C/LINEAR_seed122.npz,6660,1786894781399420288,97b84b540b8c53dc289f7739c5f5a9e2416739168ea408f860ab3a3333a5b91b
datasets/cristinakaufalt/geileresultsvorseeds/phreshphish_FINAL_RQ_CLOSURE_20K_200K_v7_2_FINAL/checkpoints/PROBES_20K/R3C/LINEAR_seed42.npz,6660,1786894781312492295,97b84b540b8c53dc289f7739c5f5a9e2416739168ea408f860ab3a3333a5b91b
datasets/cristinakaufalt/geileresultsvorseeds/phreshphish_FINAL_RQ_CLOSURE_20K_200K_v7_2_FINAL/checkpoints/PROBES_20K/R3C/LINEAR_seed62.npz,6660,1786894781351049309,97b84b540b8c53dc289f7739c5f5a9e2416739168ea408f860ab3a3333a5b91b
datasets/cristinakaufalt/geileresultsvorseeds/phreshphish_FINAL_RQ_CLOSURE_20K_200K_v7_2_FINAL/checkpoints/PROBES_20K/R3C/LINEAR_seed82.npz,6660,1786894781376150412,97b84b540b8c53dc289f7739c5f5a9e2416739168ea408f860ab3a3333a5b91b
datasets/cristinakaufalt/geileresultsvorseeds/phreshphish_FINAL_RQ_CLOSURE_20K_200K_v7_2_FINAL/checkpoints/PROBES_20K/R3C/MLP_seed102.pt,1577571,1786894781841404473,755981c29e6d739fb92423512c134c8e65a76f313165a3de408043c4ca914b57
datasets/cristinakaufalt/geileresultsvorseeds/phreshphish_FINAL_RQ_CLOSURE_20K_200K_v7_2_FINAL/checkpoints/PROBES_20K/R3C/MLP_seed122.pt,1577571,1786894781864009316,a78d13adc0a816ad6cc7c1cd7fc1554c62bfc9a4bbd7e474e5a84e8b9b3309f3
datasets/cristinakaufalt/geileresultsvorseeds/phreshphish_FINAL_RQ_CLOSURE_20K_200K_v7_2_FINAL/checkpoints/PROBES_20K/R3C/MLP_seed42.pt,1577561,1786894781838544653,61aa762c265a6238f861199d4c7810c9cf0bc334222544d7a43db5f2c98f127f
datasets/cristinakaufalt/geileresultsvorseeds/phreshphish_FINAL_RQ_CLOSURE_20K_200K_v7_2_FINAL/checkpoints/PROBES_20K/R3C/MLP_seed62.pt,1577561,1786894781886922650,53889c3ce1c5f9c81c9c650abc0e958ee7e59926364bc1b9cfbbf25c9e22b2ed
datasets/cristinakaufalt/geileresultsvorseeds/phreshphish_FINAL_RQ_CLOSURE_20K_200K_v7_2_FINAL/checkpoints/PROBES_20K/R3C/MLP_seed82.pt,1577561,1786894782038897819,51ca8cff37115aa74dc20393224712f3845c27831153fdb2dc1d27351981dfe3
datasets/cristinakaufalt/geileresultsvorseeds/phreshphish_FINAL_RQ_CLOSURE_20K_200K_v7_2_FINAL/checkpoints/R2C_CONTRASTIVE_REPAIRED/COMPLETE.json,206,1786894781302081802,e8671c3dce9d82103cc7fa8ffb8cf4ad3cab42cb0a634929af14b07ddaebf27a
datasets/cristinakaufalt/geileresultsvorseeds/phreshphish_FINAL_RQ_CLOSURE_20K_200K_v7_2_FINAL/checkpoints/R2C_CONTRASTIVE_REPAIRED/text/config.json,669,1786894781550536039,cc27102b35c8289aa9776b479358da8907472353b8c5036a9bebb080316a5796
datasets/cristinakaufalt/geileresultsvorseeds/phreshphish_FINAL_RQ_CLOSURE_20K_200K_v7_2_FINAL/checkpoints/R2C_CONTRASTIVE_REPAIRED/text/model.safetensors,498604880,1786894793131868520,acac04bfbb60c2c15f4a7224a77683e3368e223bb1c979603ac01dfc5dd87003
datasets/cristinakaufalt/geileresultsvorseeds/phreshphish_FINAL_RQ_CLOSURE_20K_200K_v7_2_FINAL/checkpoints/R2C_CONTRASTIVE_REPAIRED/text/tokenizer.json,3558895,1786894781990096295,8489c8643e13c2b20c07d15dd8650f8d010e4f1e49b89b31710833cf729cf043
datasets/cristinakaufalt/geileresultsvorseeds/phreshphish_FINAL_RQ_CLOSURE_20K_200K_v7_2_FINAL/checkpoints/R2C_CONTRASTIVE_REPAIRED/text/tokenizer_config.json,358,1786894781547868935,bb5706f71e3d5cb4bf9878ad9b14a2079e6fbd618fc0a0ba2ac1b257d7824cc9
datasets/cristinakaufalt/geileresultsvorseeds/phreshphish_FINAL_RQ_CLOSURE_20K_200K_v7_2_FINAL/checkpoints/R2C_CONTRASTIVE_REPAIRED/url/config.json,745,1786894781249815585,252e46a9e2bd7a7fafa84eafb94f99e73f3bc0cb46e4cae147e7c7311e1940a8
datasets/cristinakaufalt/geileresultsvorseeds/phreshphish_FINAL_RQ_CLOSURE_20K_200K_v7_2_FINAL/checkpoints/R2C_CONTRASTIVE_REPAIRED/url/model.safetensors,437951304,1786894851751482086,86a2019d74b8643deb760a7d3c2ce7cf5839d0f952e9da1b5b3232442b70fa73
datasets/cristinakaufalt/geileresultsvorseeds/phreshphish_FINAL_RQ_CLOSURE_20K_200K_v7_2_FINAL/checkpoints/R2C_CONTRASTIVE_REPAIRED/url/tokenizer.json,711649,1786894781694299969,2fc687b11de0bc1b3d8348f92e3b49ef1089a621506c7661fbf3248fcd54947e
datasets/cristinakaufalt/geileresultsvorseeds/phreshphish_FINAL_RQ_CLOSURE_20K_200K_v7_2_FINAL/checkpoints/R2C_CONTRASTIVE_REPAIRED/url/tokenizer_config.json,322,1786894781185084793,797ed9ba72b500001971b827b0040b8743def8ec38f9cd4cda4c4945734d3596
datasets/cristinakaufalt/geileresultsvorseeds/phreshphish_FINAL_RQ_CLOSURE_20K_200K_v7_2_FINAL/checkpoints/R3C_DAPT_CONTRASTIVE_REPAIRED/COMPLETE.json,206,1786894781186443060,2dbc9a57c87c234d5f76c17e465daa5d6005449f3e55d41be3184013339d011b
datasets/cristinakaufalt/geileresultsvorseeds/phreshphish_FINAL_RQ_CLOSURE_20K_200K_v7_2_FINAL/checkpoints/R3C_DAPT_CONTRASTIVE_REPAIRED/text/config.json,669,1786894781199817644,cc27102b35c8289aa9776b479358da8907472353b8c5036a9bebb080316a5796
datasets/cristinakaufalt/geileresultsvorseeds/phreshphish_FINAL_RQ_CLOSURE_20K_200K_v7_2_FINAL/checkpoints/R3C_DAPT_CONTRASTIVE_REPAIRED/text/model.safetensors,498604880,1786894854121384008,77e8ddb6e3ad4a5d3104afa92e9fc167b587aab7834273615766bb1ac5f50207
datasets/cristinakaufalt/geileresultsvorseeds/phreshphish_FINAL_RQ_CLOSURE_20K_200K_v7_2_FINAL/checkpoints/R3C_DAPT_CONTRASTIVE_REPAIRED/text/tokenizer.json,3558895,1786894782920421158,8489c8643e13c2b20c07d15dd8650f8d010e4f1e49b89b31710833cf729cf043
datasets/cristinakaufalt/geileresultsvorseeds/phreshphish_FINAL_RQ_CLOSURE_20K_200K_v7_2_FINAL/checkpoints/R3C_DAPT_CONTRASTIVE_REPAIRED/text/tokenizer_config.json,358,1786894781269106022,bb5706f71e3d5cb4bf9878ad9b14a2079e6fbd618fc0a0ba2ac1b257d7824cc9
datasets/cristinakaufalt/geileresultsvorseeds/phreshphish_FINAL_RQ_CLOSURE_20K_200K_v7_2_FINAL/checkpoints/R3C_DAPT_CONTRASTIVE_REPAIRED/url/config.json,745,1786894781269639681,252e46a9e2bd7a7fafa84eafb94f99e73f3bc0cb46e4cae147e7c7311e1940a8
datasets/cristinakaufalt/geileresultsvorseeds/phreshphish_FINAL_RQ_CLOSURE_20K_200K_v7_2_FINAL/checkpoints/R3C_DAPT_CONTRASTIVE_REPAIRED/url/model.safetensors,437951304,1786894850103844539,bbec20aea55d7f00d5a0e992eba5666091bacbe1851611ee1ec60fccc715a807
datasets/cristinakaufalt/geileresultsvorseeds/phreshphish_FINAL_RQ_CLOSURE_20K_200K_v7_2_FINAL/checkpoints/R3C_DAPT_CONTRASTIVE_REPAIRED/url/tokenizer.json,711649,1786894781690975088,2fc687b11de0bc1b3d8348f92e3b49ef1089a621506c7661fbf3248fcd54947e
datasets/cristinakaufalt/geileresultsvorseeds/phreshphish_FINAL_RQ_CLOSURE_20K_200K_v7_2_FINAL/checkpoints/R3C_DAPT_CONTRASTIVE_REPAIRED/url/tokenizer_config.json,322,1786894781379022393,797ed9ba72b500001971b827b0040b8743def8ec38f9cd4cda4c4945734d3596
datasets/cristinakaufalt/geileresultsvorseeds/phreshphish_FINAL_RQ_CLOSURE_20K_200K_v7_2_FINAL/embeddings/CSAME_DEV.npy,61440128,1786894784750526113,22b8423eaf2fb0cc1cfa71188ad3623b89e3e49b3180902b9f79497647de4d8f
datasets/cristinakaufalt/geileresultsvorseeds/phreshphish_FINAL_RQ_CLOSURE_20K_200K_v7_2_FINAL/embeddings/CSAME_DEV.npy.complete.json,64,1786894781491310011,d94126911ccb7fe3827b8bc5a879a45fa67a473a8422858c566fc4fdc7a1ce1f
datasets/cristinakaufalt/geileresultsvorseeds/phreshphish_FINAL_RQ_CLOSURE_20K_200K_v7_2_FINAL/embeddings/CSAME_SCI20.npy,61440128,1786894800929591564,5d1d0eb0b3a5113c7df17f9c43c5239cfe0e72f497efe2617b7dc5cb5e8c2ed4
datasets/cristinakaufalt/geileresultsvorseeds/phreshphish_FINAL_RQ_CLOSURE_20K_200K_v7_2_FINAL/embeddings/CSAME_SCI20.npy.complete.json,64,1786894781470826432,d94126911ccb7fe3827b8bc5a879a45fa67a473a8422858c566fc4fdc7a1ce1f
datasets/cristinakaufalt/geileresultsvorseeds/phreshphish_FINAL_RQ_CLOSURE_20K_200K_v7_2_FINAL/embeddings/R0_DEV.npy,61440128,1786894784898205985,1eff9f064121eee797d6444be499037e4987ba3f4942efd1b77d99cee2a1cef4
datasets/cristinakaufalt/geileresultsvorseeds/phreshphish_FINAL_RQ_CLOSURE_20K_200K_v7_2_FINAL/embeddings/R0_DEV.npy.complete.json,64,1786894781326989594,d94126911ccb7fe3827b8bc5a879a45fa67a473a8422858c566fc4fdc7a1ce1f
datasets/cristinakaufalt/geileresultsvorseeds/phreshphish_FINAL_RQ_CLOSURE_20K_200K_v7_2_FINAL/embeddings/R0_SCI20.npy,61440128,1786894783956306756,7e000df7b34df2a248923fd2b288fb90d9b6b0429532e3d9408edeeb27fa56ca
datasets/cristinakaufalt/geileresultsvorseeds/phreshphish_FINAL_RQ_CLOSURE_20K_200K_v7_2_FINAL/embeddings/R0_SCI20.npy.complete.json,64,1786894781452490630,d94126911ccb7fe3827b8bc5a879a45fa67a473a8422858c566fc4fdc7a1ce1f
datasets/cristinakaufalt/geileresultsvorseeds/phreshphish_FINAL_RQ_CLOSURE_20K_200K_v7_2_FINAL/embeddings/R1_DEV.npy,61440128,1786894784619849513,3419512273e2e1c6286e298aeb9d07337c5e76e75bd5dd66b7fa82ae0c42847e
datasets/cristinakaufalt/geileresultsvorseeds/phreshphish_FINAL_RQ_CLOSURE_20K_200K_v7_2_FINAL/embeddings/R1_DEV.npy.complete.json,64,1786894781547058180,d94126911ccb7fe3827b8bc5a879a45fa67a473a8422858c566fc4fdc7a1ce1f
datasets/cristinakaufalt/geileresultsvorseeds/phreshphish_FINAL_RQ_CLOSURE_20K_200K_v7_2_FINAL/embeddings/R1_SCI20.npy,61440128,1786894783289514614,89f4ac7ca782ec0973b8614797eceb870e06c434aca91404bb86e9e9e687f872
datasets/cristinakaufalt/geileresultsvorseeds/phreshphish_FINAL_RQ_CLOSURE_20K_200K_v7_2_FINAL/embeddings/R1_SCI20.npy.complete.json,64,1786894781602935942,d94126911ccb7fe3827b8bc5a879a45fa67a473a8422858c566fc4fdc7a1ce1f
datasets/cristinakaufalt/geileresultsvorseeds/phreshphish_FINAL_RQ_CLOSURE_20K_200K_v7_2_FINAL/embeddings/R2C_DEV.npy,61440128,1786894783267090878,fa539a27086dc3de54df41dd1aa338f0aa5d3f92c81a4d9b8cbff34cf575c94d
datasets/cristinakaufalt/geileresultsvorseeds/phreshphish_FINAL_RQ_CLOSURE_20K_200K_v7_2_FINAL/embeddings/R2C_DEV.npy.complete.json,64,1786894781603866188,d94126911ccb7fe3827b8bc5a879a45fa67a473a8422858c566fc4fdc7a1ce1f
datasets/cristinakaufalt/geileresultsvorseeds/phreshphish_FINAL_RQ_CLOSURE_20K_200K_v7_2_FINAL/embeddings/R2C_SCI20.npy,61440128,1786894784347886342,cc29f5dd4bf9ae8e89e1413f248146343eef0b14d3b77b576ebf60fe7ccc338b
datasets/cristinakaufalt/geileresultsvorseeds/phreshphish_FINAL_RQ_CLOSURE_20K_200K_v7_2_FINAL/embeddings/R2C_SCI20.npy.complete.json,64,1786894781414491929,d94126911ccb7fe3827b8bc5a879a45fa67a473a8422858c566fc4fdc7a1ce1f
datasets/cristinakaufalt/geileresultsvorseeds/phreshphish_FINAL_RQ_CLOSURE_20K_200K_v7_2_FINAL/embeddings/R3C_DEV.npy,61440128,1786894791136041249,819e27b811ea5f873360ab9e35d68b9c39b2d2e8b252e09b4e964ee810a2607d
datasets/cristinakaufalt/geileresultsvorseeds/phreshphish_FINAL_RQ_CLOSURE_20K_200K_v7_2_FINAL/embeddings/R3C_DEV.npy.complete.json,64,1786894781327629057,d94126911ccb7fe3827b8bc5a879a45fa67a473a8422858c566fc4fdc7a1ce1f
datasets/cristinakaufalt/geileresultsvorseeds/phreshphish_FINAL_RQ_CLOSURE_20K_200K_v7_2_FINAL/embeddings/R3C_SCI20.npy,61440128,1786894789954752711,d092ef177c4eee6a3facb5a03c04a1da078ff24579a7f05980b8cff063d2a108
datasets/cristinakaufalt/geileresultsvorseeds/phreshphish_FINAL_RQ_CLOSURE_20K_200K_v7_2_FINAL/embeddings/R3C_SCI20.npy.complete.json,64,1786894781333342693,d94126911ccb7fe3827b8bc5a879a45fa67a473a8422858c566fc4fdc7a1ce1f
datasets/cristinakaufalt/geileresultsvorseeds/phreshphish_FINAL_RQ_CLOSURE_20K_200K_v7_2_FINAL/results/RESEARCH_QUESTION_EVIDENCE_v7_2.json,2416,1786894781425952785,ba89d57ee7dbabff31b2875f2c58ee275dc1b85888ca3f2d75733d47b2675f54
datasets/cristinakaufalt/geileresultsvorseeds/phreshphish_FINAL_RQ_CLOSURE_20K_200K_v7_2_FINAL/results/RQ_FF1_20K_REPRESENTATION_AGG.csv,49184,1786894781413720338,95b7530042a25fecc2bb03edab488b9876beb1bf53b3beec51aacc97d99806cb
datasets/cristinakaufalt/geileresultsvorseeds/phreshphish_FINAL_RQ_CLOSURE_20K_200K_v7_2_FINAL/results/RQ_FF1_20K_REPRESENTATION_ALL_SEEDS.csv,512457,1786894781760038980,b5fed05f267cb4c19c84fa0d2338f03c701c7cba32e66e0a1604a0aef0a0d3df
datasets/cristinakaufalt/geileresultsvorseeds/phreshphish_FINAL_RQ_CLOSURE_20K_200K_v7_2_FINAL/results/RQ_FF1_PAIRED_STATS_20K.csv,5026,1786894781184665897,38926ff712a208cd497a4064b38d9f30d8607bcb71dc63883de7834306f06104
datasets/cristinakaufalt/geileresultsvorseeds/phreshphish_FINAL_RQ_CLOSURE_20K_200K_v7_2_FINAL/results/RQ_FF1_PRIMARY_20K.csv,1129,1786894781422143098,1c14c567739323cc86da628a78d95a71782dbb76f65e3156820f8978a684c5d2
datasets/cristinakaufalt/geileresultsvorseeds/phreshphish_FINAL_RQ_CLOSURE_20K_200K_v7_2_FINAL/results/RQ_FF2_DOWNSTREAM_MECHANISM_20K.csv,1129,1786894781415665098,1c14c567739323cc86da628a78d95a71782dbb76f65e3156820f8978a684c5d2
datasets/cristinakaufalt/geileresultsvorseeds/phreshphish_FINAL_RQ_CLOSURE_20K_200K_v7_2_FINAL/results/RQ_FF2_FF3_DEEP_20K_200K_FINAL.csv,55893,1786894781411769544,cddd0325ad8a569752464d1d3dfa2aebcf7879452fc3e52394000edc39d2429d
datasets/cristinakaufalt/geileresultsvorseeds/phreshphish_FINAL_RQ_CLOSURE_20K_200K_v7_2_FINAL/results/RQ_FF2_LABEL_SCALE_DEV.csv,1184,1786894781413792978,ba2e582a25b445e58955f725158a97fb71c0d46cd9f866bf7baca46806967f51
datasets/cristinakaufalt/geileresultsvorseeds/phreshphish_FINAL_RQ_CLOSURE_20K_200K_v7_2_FINAL/results/RQ_FF2_LABEL_SCALE_R0_R1_20K_200K.csv,1116,1786894781571569782,e3ccc724672c5bffbb1d85feb343b52eabd0fe4425e01d4fc8c88a073e3c25b8
datasets/cristinakaufalt/geileresultsvorseeds/phreshphish_FINAL_RQ_CLOSURE_20K_200K_v7_2_FINAL/results/RQ_FF2_R0_R1_DIRECT_DELTAS.csv,351,1786894781604686016,c2254229b329d476bedb1548fbb90b5d05d9b9082a69fca7b6026f115494b5fb
datasets/cristinakaufalt/geileresultsvorseeds/phreshphish_FINAL_RQ_CLOSURE_20K_200K_v7_2_FINAL/results/RQ_FF3_20K_REPRESENTATIONS_SHIFT_LOWFPR.csv,444734,1786894781873331696,db0bc999a31a6ff4197beb3c81dc0af0bc22a15f2eaf9a43a7d1e0c48a5332fd
datasets/cristinakaufalt/geileresultsvorseeds/phreshphish_FINAL_RQ_CLOSURE_20K_200K_v7_2_FINAL/results/RQ_FF3_20K_REPRESENTATIONS_SHIFT_LOWFPR_AGG.csv,40356,1786894781577950832,a7ee2df6fd556771a247b5369667bca9387ca2a56b70e847887f03b2511e46e5
datasets/cristinakaufalt/geileresultsvorseeds/phreshphish_FINAL_RQ_CLOSURE_20K_200K_v7_2_FINAL/results/RQ_FF3_SECONDARY_200K_SYSTEM_SHIFT_LOWFPR.csv,9481,1786894781633636495,cdf9ae4edb1a0364a7c3de8a7c4a1028883dd0de9f9cbe2e927665100c72da79
datasets/cristinakaufalt/geileresultsvorseeds/phreshphish_FINAL_RQ_CLOSURE_20K_200K_v7_2_FINAL/results/RQ_FF4_DOM_20K_200K_DEV.csv,1242,1786894781684014963,f2472a0e8726df6bdf743cbb81badcdf8d1281933651e6c0382d88debf2d3d82
datasets/cristinakaufalt/geileresultsvorseeds/phreshphish_FINAL_RQ_CLOSURE_20K_200K_v7_2_FINAL/results/RQ_FF4_DOM_FUSION_20K_200K_AND_CASCADE_FINAL.csv,176610,1786894781640378337,a038c5afe5271a5d11a9263097001294be2c9652fc1cd1d1f43d73cad960eda3
datasets/cristinakaufalt/geileresultsvorseeds/phreshphish_FINAL_RQ_CLOSURE_20K_200K_v7_2_FINAL/results/RQ_FF4_DOM_PRIMARY_20K_200K.csv,1108,1786894781482388718,0f4ba86b57de1eb704344553d18e20b0dffeea53123b4f79093466fca8b0ee0c
datasets/cristinakaufalt/geileresultsvorseeds/phreshphish_FINAL_RQ_CLOSURE_20K_200K_v7_2_FINAL/results/RQ_FF4_FUSION_BRANCH_20K_200K_DEV.csv,4157,1786894781336569215,f01e4223dad91e1c1571f01c75b670d6516d2f0c616835ab16dbccaa67c21fe2
datasets/cristinakaufalt/geileresultsvorseeds/phreshphish_FINAL_RQ_CLOSURE_20K_200K_v7_2_FINAL/results/RQ_FF4_FUSION_PRIMARY_20K_200K.csv,4659,1786894781358271217,f736010a7fceb6c10896ea301faad139744055fc18b6db741ac34d7153238879
datasets/cristinakaufalt/geileresultsvorseeds/phreshphish_FINAL_RQ_CLOSURE_20K_200K_v7_2_FINAL/results/SSL20_REPRESENTATION_SELECTION_DEV.csv,411,1786894781424704936,27704a9fa6a79ad63441e8d5904d318b6b7c08b480818579b3d7074f91798970
datasets/cristinakaufalt/geileresultsvorseeds/phreshphish_FINAL_RQ_CLOSURE_20K_200K_v7_2_FINAL/scores/DEEP/DUAL_R0_200K/CAL.complete.json,70,1786894781606682381,8b8563c499529e5cc1a40be362e0db7d81a1003cbbc9e7071edbfbb3f83f9e3f
datasets/cristinakaufalt/geileresultsvorseeds/phreshphish_FINAL_RQ_CLOSURE_20K_200K_v7_2_FINAL/scores/DEEP/DUAL_R0_200K/CAL_equal_logit.npy,200128,1786894781610813924,8d320861b4bcc661e3bb5265f59ade28aaaf75018c61b1864e5278cdf32145a4
datasets/cristinakaufalt/geileresultsvorseeds/phreshphish_FINAL_RQ_CLOSURE_20K_200K_v7_2_FINAL/scores/DEEP/DUAL_R0_200K/CAL_gated_logit.npy,200128,1786894781548265119,87f755ddc3755992680025b683646ac586a1d055adb58e14811d57e479865805
datasets/cristinakaufalt/geileresultsvorseeds/phreshphish_FINAL_RQ_CLOSURE_20K_200K_v7_2_FINAL/scores/DEEP/DUAL_R0_200K/CAL_text_logit.npy,200128,1786894781382285613,5d6eb645891b2689a398d5e52aeaac9769e2c38ec447f1fe0f9389e5561f3dd6
datasets/cristinakaufalt/geileresultsvorseeds/phreshphish_FINAL_RQ_CLOSURE_20K_200K_v7_2_FINAL/scores/DEEP/DUAL_R0_200K/CAL_url_logit.npy,200128,1786894781753957897,044125d5028d4553fe941479d5872167812ea509719c0fab378e88072a9befc2
datasets/cristinakaufalt/geileresultsvorseeds/phreshphish_FINAL_RQ_CLOSURE_20K_200K_v7_2_FINAL/scores/DEEP/DUAL_R0_200K/FINAL.complete.json,71,1786894781272061757,26c62033f17a001110ef5b6cb165abf079bbcd36dd2a98b016f96c08b85c8c67
datasets/cristinakaufalt/geileresultsvorseeds/phreshphish_FINAL_RQ_CLOSURE_20K_200K_v7_2_FINAL/scores/DEEP/DUAL_R0_200K/FINAL_equal_logit.npy,672368,1786894781788160108,11cf41d17a7bb154b0218da6033eaa8b2b15b436fbc9eee6a3b19965c10fd7fb
datasets/cristinakaufalt/geileresultsvorseeds/phreshphish_FINAL_RQ_CLOSURE_20K_200K_v7_2_FINAL/scores/DEEP/DUAL_R0_200K/FINAL_gated_logit.npy,672368,1786894781892731864,dde01f502c0744fd63432844c6101d191dc6553e98172179c823b86126be14ae
datasets/cristinakaufalt/geileresultsvorseeds/phreshphish_FINAL_RQ_CLOSURE_20K_200K_v7_2_FINAL/scores/DEEP/DUAL_R0_200K/FINAL_text_logit.npy,672368,1786894781915911380,7826f9b4d6ebcb13240e6a798d60cf36c3ce584548596515a9114eb9fea2d094
datasets/cristinakaufalt/geileresultsvorseeds/phreshphish_FINAL_RQ_CLOSURE_20K_200K_v7_2_FINAL/scores/DEEP/DUAL_R0_200K/FINAL_url_logit.npy,672368,1786894781925516724,827fb5c21b251667e4ef6728d6f6a37edb9c9ce1f17f46e799dc0ab8912862ef
datasets/cristinakaufalt/geileresultsvorseeds/phreshphish_FINAL_RQ_CLOSURE_20K_200K_v7_2_FINAL/scores/DEEP/DUAL_R0_20K/CAL.complete.json,70,1786894781522348181,8b8563c499529e5cc1a40be362e0db7d81a1003cbbc9e7071edbfbb3f83f9e3f
datasets/cristinakaufalt/geileresultsvorseeds/phreshphish_FINAL_RQ_CLOSURE_20K_200K_v7_2_FINAL/scores/DEEP/DUAL_R0_20K/CAL_equal_logit.npy,200128,1786894781702021556,1cb4616c14da74a98a52b6a95fab3d395dcbfda37da28f594cfce42496799223
datasets/cristinakaufalt/geileresultsvorseeds/phreshphish_FINAL_RQ_CLOSURE_20K_200K_v7_2_FINAL/scores/DEEP/DUAL_R0_20K/CAL_gated_logit.npy,200128,1786894781830808192,e100a63c0a2506572ac90f8a3e9823d215f7732d2c5716861781bfbaac3d2abc
datasets/cristinakaufalt/geileresultsvorseeds/phreshphish_FINAL_RQ_CLOSURE_20K_200K_v7_2_FINAL/scores/DEEP/DUAL_R0_20K/CAL_text_logit.npy,200128,1786894781817656562,25e37f605405d44fd48ba062c67fcb3ecb7029ce5d1c24751df7f6bc56694649
datasets/cristinakaufalt/geileresultsvorseeds/phreshphish_FINAL_RQ_CLOSURE_20K_200K_v7_2_FINAL/scores/DEEP/DUAL_R0_20K/CAL_url_logit.npy,200128,1786894781741081017,e63cc3d44e997a0731c5cc0d98347aaee8b8f603ce619157e5b8ee6ab0c5436f
datasets/cristinakaufalt/geileresultsvorseeds/phreshphish_FINAL_RQ_CLOSURE_20K_200K_v7_2_FINAL/scores/DEEP/DUAL_R0_20K/FINAL.complete.json,71,1786894781506773876,26c62033f17a001110ef5b6cb165abf079bbcd36dd2a98b016f96c08b85c8c67
datasets/cristinakaufalt/geileresultsvorseeds/phreshphish_FINAL_RQ_CLOSURE_20K_200K_v7_2_FINAL/scores/DEEP/DUAL_R0_20K/FINAL_equal_logit.npy,672368,1786894782057692233,e66e5337f3a740ab18b1e76fe786bb37f1b5e95b7bd612eac99b630dafca2b3f
datasets/cristinakaufalt/geileresultsvorseeds/phreshphish_FINAL_RQ_CLOSURE_20K_200K_v7_2_FINAL/scores/DEEP/DUAL_R0_20K/FINAL_gated_logit.npy,672368,1786894781810399589,13d5fe43fb8e8f7b6c536fdd098b3ced37c13ace4b1ef0a2ba2214ccdb8a52ec
datasets/cristinakaufalt/geileresultsvorseeds/phreshphish_FINAL_RQ_CLOSURE_20K_200K_v7_2_FINAL/scores/DEEP/DUAL_R0_20K/FINAL_text_logit.npy,672368,1786894782052274589,02c048dd4741b3dbc9e18e5aa7b37f1db66a4211ed6c199b6bc957c5b5130edd
datasets/cristinakaufalt/geileresultsvorseeds/phreshphish_FINAL_RQ_CLOSURE_20K_200K_v7_2_FINAL/scores/DEEP/DUAL_R0_20K/FINAL_url_logit.npy,672368,1786894782022142716,fd08d58384a7ef17a6e43d4d9f327070087b0626d1c50cadb83bac585bdf9912
datasets/cristinakaufalt/geileresultsvorseeds/phreshphish_FINAL_RQ_CLOSURE_20K_200K_v7_2_FINAL/scores/DEEP/DUAL_R1_200K/CAL.complete.json,70,1786894781592463268,8b8563c499529e5cc1a40be362e0db7d81a1003cbbc9e7071edbfbb3f83f9e3f
datasets/cristinakaufalt/geileresultsvorseeds/phreshphish_FINAL_RQ_CLOSURE_20K_200K_v7_2_FINAL/scores/DEEP/DUAL_R1_200K/CAL_equal_logit.npy,200128,1786894781828685485,4307b63143ce40ce4535fe6219798b7aae8db06f1bab4b05bbda35315a7a658a
datasets/cristinakaufalt/geileresultsvorseeds/phreshphish_FINAL_RQ_CLOSURE_20K_200K_v7_2_FINAL/scores/DEEP/DUAL_R1_200K/CAL_gated_logit.npy,200128,1786894781439653498,b7e1fe5f9d0a289a332e6bed70c9be41c87d799b03b300d4601ecbdd5ce23842
datasets/cristinakaufalt/geileresultsvorseeds/phreshphish_FINAL_RQ_CLOSURE_20K_200K_v7_2_FINAL/scores/DEEP/DUAL_R1_200K/CAL_text_logit.npy,200128,1786894781409944851,088d500718f6bd91dc92c2bbc90ba48986d598d38366bfd78c09e09a2db6148a
datasets/cristinakaufalt/geileresultsvorseeds/phreshphish_FINAL_RQ_CLOSURE_20K_200K_v7_2_FINAL/scores/DEEP/DUAL_R1_200K/CAL_url_logit.npy,200128,1786894781605912261,fcf8482fe799d1fa03f082197299a35216328c5cad9b0c0da6e3f8f77e812bcf
datasets/cristinakaufalt/geileresultsvorseeds/phreshphish_FINAL_RQ_CLOSURE_20K_200K_v7_2_FINAL/scores/DEEP/DUAL_R1_200K/FINAL.complete.json,71,1786894781424940737,26c62033f17a001110ef5b6cb165abf079bbcd36dd2a98b016f96c08b85c8c67
datasets/cristinakaufalt/geileresultsvorseeds/phreshphish_FINAL_RQ_CLOSURE_20K_200K_v7_2_FINAL/scores/DEEP/DUAL_R1_200K/FINAL_equal_logit.npy,672368,1786894781726888225,6b06e3740f22f36f9f7cf27888e8a3d203294b3cf8671dac9279a023c00af5a7
datasets/cristinakaufalt/geileresultsvorseeds/phreshphish_FINAL_RQ_CLOSURE_20K_200K_v7_2_FINAL/scores/DEEP/DUAL_R1_200K/FINAL_gated_logit.npy,672368,1786894781758208875,54c090986021f57aa9e53e38f84b52f2b14f41cf6e837a9691a0ad2575cf143a
datasets/cristinakaufalt/geileresultsvorseeds/phreshphish_FINAL_RQ_CLOSURE_20K_200K_v7_2_FINAL/scores/DEEP/DUAL_R1_200K/FINAL_text_logit.npy,672368,1786894781781625458,e80c6afdd6da696160e6de121bad6fc7b3871ccc25f1aa66b4068967c49740b2
datasets/cristinakaufalt/geileresultsvorseeds/phreshphish_FINAL_RQ_CLOSURE_20K_200K_v7_2_FINAL/scores/DEEP/DUAL_R1_200K/FINAL_url_logit.npy,672368,1786894781803981488,d0367a83ccbfca6a95a3f8dc9cad1bb02f8f670ae2d02069b6788ae2e9c2bd60
datasets/cristinakaufalt/geileresultsvorseeds/phreshphish_FINAL_RQ_CLOSURE_20K_200K_v7_2_FINAL/scores/DEEP/DUAL_R1_20K/CAL.complete.json,70,1786894781231843614,8b8563c499529e5cc1a40be362e0db7d81a1003cbbc9e7071edbfbb3f83f9e3f
datasets/cristinakaufalt/geileresultsvorseeds/phreshphish_FINAL_RQ_CLOSURE_20K_200K_v7_2_FINAL/scores/DEEP/DUAL_R1_20K/CAL_equal_logit.npy,200128,1786894781458219864,2b4c16101a0b6b5e67c7e4a073a4e72b86f5a543d21a430e51b2d3d665f34753
datasets/cristinakaufalt/geileresultsvorseeds/phreshphish_FINAL_RQ_CLOSURE_20K_200K_v7_2_FINAL/scores/DEEP/DUAL_R1_20K/CAL_gated_logit.npy,200128,1786894781465718845,cd9fd203be72bd8331e8d204e8cde9e58446949d15a5d6ce57234c976a23ea0d
datasets/cristinakaufalt/geileresultsvorseeds/phreshphish_FINAL_RQ_CLOSURE_20K_200K_v7_2_FINAL/scores/DEEP/DUAL_R1_20K/CAL_text_logit.npy,200128,1786894781438358579,b20821ff7fd5b0fda1f7be4fa6226b0ed14f92c150c8e8e897229fe2026b85ba
datasets/cristinakaufalt/geileresultsvorseeds/phreshphish_FINAL_RQ_CLOSURE_20K_200K_v7_2_FINAL/scores/DEEP/DUAL_R1_20K/CAL_url_logit.npy,200128,1786894781504444255,21e50faec07b8de677917b9da819454fa41e7e58fe23e1bbf22678322de92ecf
datasets/cristinakaufalt/geileresultsvorseeds/phreshphish_FINAL_RQ_CLOSURE_20K_200K_v7_2_FINAL/scores/DEEP/DUAL_R1_20K/FINAL.complete.json,71,1786894781305719155,26c62033f17a001110ef5b6cb165abf079bbcd36dd2a98b016f96c08b85c8c67
datasets/cristinakaufalt/geileresultsvorseeds/phreshphish_FINAL_RQ_CLOSURE_20K_200K_v7_2_FINAL/scores/DEEP/DUAL_R1_20K/FINAL_equal_logit.npy,672368,1786894781723535506,a8149b93d21c20d72b4250cf5b5df145615323762f475aed98a76d97b67b6ed3
datasets/cristinakaufalt/geileresultsvorseeds/phreshphish_FINAL_RQ_CLOSURE_20K_200K_v7_2_FINAL/scores/DEEP/DUAL_R1_20K/FINAL_gated_logit.npy,672368,1786894781687694079,06cfad08a1b6f9efe32e2cb0e955d0020ee6b854cb20c19057b4325a1f48900a
datasets/cristinakaufalt/geileresultsvorseeds/phreshphish_FINAL_RQ_CLOSURE_20K_200K_v7_2_FINAL/scores/DEEP/DUAL_R1_20K/FINAL_text_logit.npy,672368,1786894781690679701,e9a217c9f26782be7ee28e5bb25da14dbd5d2969525d83d26eb311354c07dda8
datasets/cristinakaufalt/geileresultsvorseeds/phreshphish_FINAL_RQ_CLOSURE_20K_200K_v7_2_FINAL/scores/DEEP/DUAL_R1_20K/FINAL_url_logit.npy,672368,1786894781687929013,47c084959b1dfc07acce1cb80a948f2d934e6a0689b5a4731ca666385ed3e52f
datasets/cristinakaufalt/geileresultsvorseeds/phreshphish_FINAL_RQ_CLOSURE_20K_200K_v7_2_FINAL/scores/DEEP/TRI_R1_200K/CAL.complete.json,70,1786894781304189747,8b8563c499529e5cc1a40be362e0db7d81a1003cbbc9e7071edbfbb3f83f9e3f
datasets/cristinakaufalt/geileresultsvorseeds/phreshphish_FINAL_RQ_CLOSURE_20K_200K_v7_2_FINAL/scores/DEEP/TRI_R1_200K/CAL_dom_logit.npy,200128,1786894781482274118,41d4f9c8099d605fa5e9ac487c24297d3a0b37fea7177b95bf683b606153f22d
datasets/cristinakaufalt/geileresultsvorseeds/phreshphish_FINAL_RQ_CLOSURE_20K_200K_v7_2_FINAL/scores/DEEP/TRI_R1_200K/CAL_equal_logit.npy,200128,1786894781453771687,e4147d6b55322f82ba2c0553c01ce6833319ae6dbaf3b327a2c7b78cbada3813
datasets/cristinakaufalt/geileresultsvorseeds/phreshphish_FINAL_RQ_CLOSURE_20K_200K_v7_2_FINAL/scores/DEEP/TRI_R1_200K/CAL_gated_logit.npy,200128,1786894781454782730,0cbd558722d13b61abcb4dd846e2d5a6df5aee972a6cefce65eff7616f67c232
datasets/cristinakaufalt/geileresultsvorseeds/phreshphish_FINAL_RQ_CLOSURE_20K_200K_v7_2_FINAL/scores/DEEP/TRI_R1_200K/CAL_text_logit.npy,200128,1786894781419574159,38147126bd320629b0dfe4e25c75f3efc71fe54c0f0e2315270405b9656e4340
datasets/cristinakaufalt/geileresultsvorseeds/phreshphish_FINAL_RQ_CLOSURE_20K_200K_v7_2_FINAL/scores/DEEP/TRI_R1_200K/CAL_url_logit.npy,200128,1786894781451476351,c80454af989cc9f2639a0d47a76dd6fe7d1657dfabd9daffe63c5b04bf15a154
datasets/cristinakaufalt/geileresultsvorseeds/phreshphish_FINAL_RQ_CLOSURE_20K_200K_v7_2_FINAL/scores/DEEP/TRI_R1_200K/FINAL.complete.json,71,1786894781250071552,26c62033f17a001110ef5b6cb165abf079bbcd36dd2a98b016f96c08b85c8c67
datasets/cristinakaufalt/geileresultsvorseeds/phreshphish_FINAL_RQ_CLOSURE_20K_200K_v7_2_FINAL/scores/DEEP/TRI_R1_200K/FINAL_dom_logit.npy,672368,1786894781744158248,5b7ab42a8ed14c4a459763406f257df611ced338a88fab17262e966d23ed8abb
datasets/cristinakaufalt/geileresultsvorseeds/phreshphish_FINAL_RQ_CLOSURE_20K_200K_v7_2_FINAL/scores/DEEP/TRI_R1_200K/FINAL_equal_logit.npy,672368,1786894781749919094,91d0e0564c02e2199619e32bfc2502b8d0d6dcddf26ec80f502ead7c5b445a18
datasets/cristinakaufalt/geileresultsvorseeds/phreshphish_FINAL_RQ_CLOSURE_20K_200K_v7_2_FINAL/scores/DEEP/TRI_R1_200K/FINAL_gated_logit.npy,672368,1786894781766779397,78d485b02d5320a853f7a964167621467dfedceefd24a726d54b581ca775c478
datasets/cristinakaufalt/geileresultsvorseeds/phreshphish_FINAL_RQ_CLOSURE_20K_200K_v7_2_FINAL/scores/DEEP/TRI_R1_200K/FINAL_text_logit.npy,672368,1786894781708705593,3000997ad2dca8c0fcf96de0b3d8082ab9108f0dafa9de13129a3e48fb528908
datasets/cristinakaufalt/geileresultsvorseeds/phreshphish_FINAL_RQ_CLOSURE_20K_200K_v7_2_FINAL/scores/DEEP/TRI_R1_200K/FINAL_url_logit.npy,672368,1786894781682302255,e6fb2acca863e95ca9e4ae2c60b447ead29ef3b4c26e30f23c2d4341d51fff8a
datasets/cristinakaufalt/geileresultsvorseeds/phreshphish_FINAL_RQ_CLOSURE_20K_200K_v7_2_FINAL/scores/DEEP/TRI_R1_20K/CAL.complete.json,70,1786894781497915293,8b8563c499529e5cc1a40be362e0db7d81a1003cbbc9e7071edbfbb3f83f9e3f
datasets/cristinakaufalt/geileresultsvorseeds/phreshphish_FINAL_RQ_CLOSURE_20K_200K_v7_2_FINAL/scores/DEEP/TRI_R1_20K/CAL_dom_logit.npy,200128,1786894781654202737,34f3ebdf0665b0f6de09d2a4d05745e038ed8f9cb7eda7130988bf718606d7c7
datasets/cristinakaufalt/geileresultsvorseeds/phreshphish_FINAL_RQ_CLOSURE_20K_200K_v7_2_FINAL/scores/DEEP/TRI_R1_20K/CAL_equal_logit.npy,200128,1786894781494838502,e29e489a66b996fdb27c038b15e21d7b44a8729408451db70c40ea63a9d39fc5
datasets/cristinakaufalt/geileresultsvorseeds/phreshphish_FINAL_RQ_CLOSURE_20K_200K_v7_2_FINAL/scores/DEEP/TRI_R1_20K/CAL_gated_logit.npy,200128,1786894781589717561,12d67eba27de5f625595669d6428d6155d9a1ff1866ba7c2186a55f584775730
datasets/cristinakaufalt/geileresultsvorseeds/phreshphish_FINAL_RQ_CLOSURE_20K_200K_v7_2_FINAL/scores/DEEP/TRI_R1_20K/CAL_text_logit.npy,200128,1786894781498046237,eb85f4037d83311d9b7d833ce3d973f75713d6e68cce120e75aa75cf41b2d8e5
datasets/cristinakaufalt/geileresultsvorseeds/phreshphish_FINAL_RQ_CLOSURE_20K_200K_v7_2_FINAL/scores/DEEP/TRI_R1_20K/CAL_url_logit.npy,200128,1786894781604002257,e68dbdc0107c1e9b2bd39c2b8f7d100028f1dd7085984089f61baa5277d48b26
datasets/cristinakaufalt/geileresultsvorseeds/phreshphish_FINAL_RQ_CLOSURE_20K_200K_v7_2_FINAL/scores/DEEP/TRI_R1_20K/FINAL.complete.json,71,1786894781266678552,26c62033f17a001110ef5b6cb165abf079bbcd36dd2a98b016f96c08b85c8c67
datasets/cristinakaufalt/geileresultsvorseeds/phreshphish_FINAL_RQ_CLOSURE_20K_200K_v7_2_FINAL/scores/DEEP/TRI_R1_20K/FINAL_dom_logit.npy,672368,1786894781807127552,f9f2c6702b9bb9d315559c534f8ffd088c6c2b42a6da7bdf4f0a9941282792ed
datasets/cristinakaufalt/geileresultsvorseeds/phreshphish_FINAL_RQ_CLOSURE_20K_200K_v7_2_FINAL/scores/DEEP/TRI_R1_20K/FINAL_equal_logit.npy,672368,1786894781659269653,b56f69cad8eb3284b45702b5f8b3ea84f49d143ffa752c07146b57a25ffad5d3
datasets/cristinakaufalt/geileresultsvorseeds/phreshphish_FINAL_RQ_CLOSURE_20K_200K_v7_2_FINAL/scores/DEEP/TRI_R1_20K/FINAL_gated_logit.npy,672368,1786894781846687929,47550a5c885bd9fcafcc7d80f39beccb03b86bfff3eef4c532b9b45f9071c9d7
datasets/cristinakaufalt/geileresultsvorseeds/phreshphish_FINAL_RQ_CLOSURE_20K_200K_v7_2_FINAL/scores/DEEP/TRI_R1_20K/FINAL_text_logit.npy,672368,1786894781848094718,2e1ad6bfda67372a9444600fe7a0164ab0aaeece41dd58259b62a18fe49c2174
datasets/cristinakaufalt/geileresultsvorseeds/phreshphish_FINAL_RQ_CLOSURE_20K_200K_v7_2_FINAL/scores/DEEP/TRI_R1_20K/FINAL_url_logit.npy,672368,1786894781721736359,7b1209a10b443ccb3c0a08d664388c94b9d3f4c75223f965b0b1bc6d104be715
datasets/cristinakaufalt/geileresultsvorseeds/phreshphish_FINAL_RQ_CLOSURE_20K_200K_v7_2_FINAL/scores/FF1_20K/CSAME/CAL.complete.json,65,1786894781280077998,eb0f35333915d6bd0c20b4e9bdac62a375d5003f076f3946afa770c78dd024da
datasets/cristinakaufalt/geileresultsvorseeds/phreshphish_FINAL_RQ_CLOSURE_20K_200K_v7_2_FINAL/scores/FF1_20K/CSAME/CAL_LINEAR_seed102.npy,200128,1786894781668391829,4fd7dbd81831d6e5792cc69df379d42c195bc866aea0bee3b98bd9d15ad5000b
datasets/cristinakaufalt/geileresultsvorseeds/phreshphish_FINAL_RQ_CLOSURE_20K_200K_v7_2_FINAL/scores/FF1_20K/CSAME/CAL_LINEAR_seed122.npy,200128,1786894781735700789,4fd7dbd81831d6e5792cc69df379d42c195bc866aea0bee3b98bd9d15ad5000b
datasets/cristinakaufalt/geileresultsvorseeds/phreshphish_FINAL_RQ_CLOSURE_20K_200K_v7_2_FINAL/scores/FF1_20K/CSAME/CAL_LINEAR_seed42.npy,200128,1786894781439346280,4fd7dbd81831d6e5792cc69df379d42c195bc866aea0bee3b98bd9d15ad5000b
datasets/cristinakaufalt/geileresultsvorseeds/phreshphish_FINAL_RQ_CLOSURE_20K_200K_v7_2_FINAL/scores/FF1_20K/CSAME/CAL_LINEAR_seed62.npy,200128,1786894781410253623,4fd7dbd81831d6e5792cc69df379d42c195bc866aea0bee3b98bd9d15ad5000b
datasets/cristinakaufalt/geileresultsvorseeds/phreshphish_FINAL_RQ_CLOSURE_20K_200K_v7_2_FINAL/scores/FF1_20K/CSAME/CAL_LINEAR_seed82.npy,200128,1786894781751710076,4fd7dbd81831d6e5792cc69df379d42c195bc866aea0bee3b98bd9d15ad5000b
datasets/cristinakaufalt/geileresultsvorseeds/phreshphish_FINAL_RQ_CLOSURE_20K_200K_v7_2_FINAL/scores/FF1_20K/CSAME/CAL_MLP_seed102.npy,200128,1786894781459185428,cf3a0dfbd7f5a8ca64164e4256d4ca35c21d4d50c47127921f17b4bc70fc32e7
datasets/cristinakaufalt/geileresultsvorseeds/phreshphish_FINAL_RQ_CLOSURE_20K_200K_v7_2_FINAL/scores/FF1_20K/CSAME/CAL_MLP_seed122.npy,200128,1786894781439449217,b8e87ee19e920a9ffbecff6911c7ac12025f4b17b7dc4815c135e631c0e84da3
datasets/cristinakaufalt/geileresultsvorseeds/phreshphish_FINAL_RQ_CLOSURE_20K_200K_v7_2_FINAL/scores/FF1_20K/CSAME/CAL_MLP_seed42.npy,200128,1786894781644862513,aec05232bd374db67fbb5a379c3331a8e83ff38a0cc1573c7066a588684f112c
datasets/cristinakaufalt/geileresultsvorseeds/phreshphish_FINAL_RQ_CLOSURE_20K_200K_v7_2_FINAL/scores/FF1_20K/CSAME/CAL_MLP_seed62.npy,200128,1786894781416567424,92cb7b8e9940cc52d412bd6b0218973d7a821ac9be24cd803269aec3c70af6a8
datasets/cristinakaufalt/geileresultsvorseeds/phreshphish_FINAL_RQ_CLOSURE_20K_200K_v7_2_FINAL/scores/FF1_20K/CSAME/CAL_MLP_seed82.npy,200128,1786894781413917861,a2961558462efbdcd82c35a912686b55db42e32838acc6d44974ebb6152e1583
datasets/cristinakaufalt/geileresultsvorseeds/phreshphish_FINAL_RQ_CLOSURE_20K_200K_v7_2_FINAL/scores/FF1_20K/CSAME/FINAL.complete.json,66,1786894781249470077,b2281bc0e47e238682c23050584bf05151a29a8dd9578220fb9be24584307d8a
datasets/cristinakaufalt/geileresultsvorseeds/phreshphish_FINAL_RQ_CLOSURE_20K_200K_v7_2_FINAL/scores/FF1_20K/CSAME/FINAL_LINEAR_seed102.npy,672368,1786894781622362453,dbef3f51a97f7d7072a925e0c62e9b3a48aff496258843a70f6e80063f843f9a
datasets/cristinakaufalt/geileresultsvorseeds/phreshphish_FINAL_RQ_CLOSURE_20K_200K_v7_2_FINAL/scores/FF1_20K/CSAME/FINAL_LINEAR_seed122.npy,672368,1786894781730527659,dbef3f51a97f7d7072a925e0c62e9b3a48aff496258843a70f6e80063f843f9a
datasets/cristinakaufalt/geileresultsvorseeds/phreshphish_FINAL_RQ_CLOSURE_20K_200K_v7_2_FINAL/scores/FF1_20K/CSAME/FINAL_LINEAR_seed42.npy,672368,1786894781912557164,dbef3f51a97f7d7072a925e0c62e9b3a48aff496258843a70f6e80063f843f9a
datasets/cristinakaufalt/geileresultsvorseeds/phreshphish_FINAL_RQ_CLOSURE_20K_200K_v7_2_FINAL/scores/FF1_20K/CSAME/FINAL_LINEAR_seed62.npy,672368,1786894781782834346,dbef3f51a97f7d7072a925e0c62e9b3a48aff496258843a70f6e80063f843f9a
datasets/cristinakaufalt/geileresultsvorseeds/phreshphish_FINAL_RQ_CLOSURE_20K_200K_v7_2_FINAL/scores/FF1_20K/CSAME/FINAL_LINEAR_seed82.npy,672368,1786894781850084404,dbef3f51a97f7d7072a925e0c62e9b3a48aff496258843a70f6e80063f843f9a
datasets/cristinakaufalt/geileresultsvorseeds/phreshphish_FINAL_RQ_CLOSURE_20K_200K_v7_2_FINAL/scores/FF1_20K/CSAME/FINAL_MLP_seed102.npy,672368,1786894781850488278,e535672d09469e65ede69eec5841b09c94159c3d6e7c412c4d771600a058728d
datasets/cristinakaufalt/geileresultsvorseeds/phreshphish_FINAL_RQ_CLOSURE_20K_200K_v7_2_FINAL/scores/FF1_20K/CSAME/FINAL_MLP_seed122.npy,672368,1786894781727787007,a1b37171fa2d05b7fe7df1a58d7c02090b3fe078fdd9236cedf493068dc33a10
datasets/cristinakaufalt/geileresultsvorseeds/phreshphish_FINAL_RQ_CLOSURE_20K_200K_v7_2_FINAL/scores/FF1_20K/CSAME/FINAL_MLP_seed42.npy,672368,1786894781813401541,ac9cb50141e7b589204d89b53ed1e379219551e04b1054cf08f50468136a2796
datasets/cristinakaufalt/geileresultsvorseeds/phreshphish_FINAL_RQ_CLOSURE_20K_200K_v7_2_FINAL/scores/FF1_20K/CSAME/FINAL_MLP_seed62.npy,672368,1786894781673894480,254616d6565534990dcd5c3879160919f195c7f860782416074f21c5c5b396b3
datasets/cristinakaufalt/geileresultsvorseeds/phreshphish_FINAL_RQ_CLOSURE_20K_200K_v7_2_FINAL/scores/FF1_20K/CSAME/FINAL_MLP_seed82.npy,672368,1786894781643084321,b6b82da51fe4d96128733c76db056ec0ec5ad335f86de5748084e1386e74f6c9
datasets/cristinakaufalt/geileresultsvorseeds/phreshphish_FINAL_RQ_CLOSURE_20K_200K_v7_2_FINAL/scores/FF1_20K/R0/CAL.complete.json,65,1786894781422707678,eb0f35333915d6bd0c20b4e9bdac62a375d5003f076f3946afa770c78dd024da
datasets/cristinakaufalt/geileresultsvorseeds/phreshphish_FINAL_RQ_CLOSURE_20K_200K_v7_2_FINAL/scores/FF1_20K/R0/CAL_LINEAR_seed102.npy,200128,1786894781410185700,c965c23c83289913c49cce253e6437c9adfc9048ff457d4b99d7dee16588a2b7
datasets/cristinakaufalt/geileresultsvorseeds/phreshphish_FINAL_RQ_CLOSURE_20K_200K_v7_2_FINAL/scores/FF1_20K/R0/CAL_LINEAR_seed122.npy,200128,1786894781502631360,c965c23c83289913c49cce253e6437c9adfc9048ff457d4b99d7dee16588a2b7
datasets/cristinakaufalt/geileresultsvorseeds/phreshphish_FINAL_RQ_CLOSURE_20K_200K_v7_2_FINAL/scores/FF1_20K/R0/CAL_LINEAR_seed42.npy,200128,1786894781465666898,c965c23c83289913c49cce253e6437c9adfc9048ff457d4b99d7dee16588a2b7
datasets/cristinakaufalt/geileresultsvorseeds/phreshphish_FINAL_RQ_CLOSURE_20K_200K_v7_2_FINAL/scores/FF1_20K/R0/CAL_LINEAR_seed62.npy,200128,1786894781607041101,c965c23c83289913c49cce253e6437c9adfc9048ff457d4b99d7dee16588a2b7
datasets/cristinakaufalt/geileresultsvorseeds/phreshphish_FINAL_RQ_CLOSURE_20K_200K_v7_2_FINAL/scores/FF1_20K/R0/CAL_LINEAR_seed82.npy,200128,1786894781595351021,c965c23c83289913c49cce253e6437c9adfc9048ff457d4b99d7dee16588a2b7
datasets/cristinakaufalt/geileresultsvorseeds/phreshphish_FINAL_RQ_CLOSURE_20K_200K_v7_2_FINAL/scores/FF1_20K/R0/CAL_MLP_seed102.npy,200128,1786894781596739956,99c5b772115e84215fc804ed80551d2d7dcbd1fcde3ba1f8ce8f03193b639800
datasets/cristinakaufalt/geileresultsvorseeds/phreshphish_FINAL_RQ_CLOSURE_20K_200K_v7_2_FINAL/scores/FF1_20K/R0/CAL_MLP_seed122.npy,200128,1786894781659650590,b3efedc582c806762f0666eb65fa135a9690db66677c85b366e75b6201a03bc7
datasets/cristinakaufalt/geileresultsvorseeds/phreshphish_FINAL_RQ_CLOSURE_20K_200K_v7_2_FINAL/scores/FF1_20K/R0/CAL_MLP_seed42.npy,200128,1786894781482720262,9ee7d5ba8634f9a18825c0fe09fbb5e7b8ec9d7c24b0155eeb53086895b3c813
datasets/cristinakaufalt/geileresultsvorseeds/phreshphish_FINAL_RQ_CLOSURE_20K_200K_v7_2_FINAL/scores/FF1_20K/R0/CAL_MLP_seed62.npy,200128,1786894781480092983,c490c3adf06de3dd609bea214ef9431540a3b766d4e1ea3b744115c68083cd06
datasets/cristinakaufalt/geileresultsvorseeds/phreshphish_FINAL_RQ_CLOSURE_20K_200K_v7_2_FINAL/scores/FF1_20K/R0/CAL_MLP_seed82.npy,200128,1786894781582742943,fc63dc96ca79703b40ea132acd5692896c92954fc65db3883ba738888874c07e
datasets/cristinakaufalt/geileresultsvorseeds/phreshphish_FINAL_RQ_CLOSURE_20K_200K_v7_2_FINAL/scores/FF1_20K/R0/FINAL.complete.json,66,1786894781411957464,b2281bc0e47e238682c23050584bf05151a29a8dd9578220fb9be24584307d8a
datasets/cristinakaufalt/geileresultsvorseeds/phreshphish_FINAL_RQ_CLOSURE_20K_200K_v7_2_FINAL/scores/FF1_20K/R0/FINAL_LINEAR_seed102.npy,672368,1786894781752945763,f5f559a0985770effea4c355cc197cf86ce76212294b1c00633b34c739698877
datasets/cristinakaufalt/geileresultsvorseeds/phreshphish_FINAL_RQ_CLOSURE_20K_200K_v7_2_FINAL/scores/FF1_20K/R0/FINAL_LINEAR_seed122.npy,672368,1786894781684065674,f5f559a0985770effea4c355cc197cf86ce76212294b1c00633b34c739698877
datasets/cristinakaufalt/geileresultsvorseeds/phreshphish_FINAL_RQ_CLOSURE_20K_200K_v7_2_FINAL/scores/FF1_20K/R0/FINAL_LINEAR_seed42.npy,672368,1786894781702134326,f5f559a0985770effea4c355cc197cf86ce76212294b1c00633b34c739698877
datasets/cristinakaufalt/geileresultsvorseeds/phreshphish_FINAL_RQ_CLOSURE_20K_200K_v7_2_FINAL/scores/FF1_20K/R0/FINAL_LINEAR_seed62.npy,672368,1786894781696827557,f5f559a0985770effea4c355cc197cf86ce76212294b1c00633b34c739698877
datasets/cristinakaufalt/geileresultsvorseeds/phreshphish_FINAL_RQ_CLOSURE_20K_200K_v7_2_FINAL/scores/FF1_20K/R0/FINAL_LINEAR_seed82.npy,672368,1786894781663239299,f5f559a0985770effea4c355cc197cf86ce76212294b1c00633b34c739698877
datasets/cristinakaufalt/geileresultsvorseeds/phreshphish_FINAL_RQ_CLOSURE_20K_200K_v7_2_FINAL/scores/FF1_20K/R0/FINAL_MLP_seed102.npy,672368,1786894781700582454,7dbc2f783a44bb68f2da62aa822285853f7e8c3bcfa2f0e557ee57a6ee2bf899
datasets/cristinakaufalt/geileresultsvorseeds/phreshphish_FINAL_RQ_CLOSURE_20K_200K_v7_2_FINAL/scores/FF1_20K/R0/FINAL_MLP_seed122.npy,672368,1786894781668714748,de3aa8e1e1d52af93a1c2726ce008f6befcc7ac0ba2444be61a7549bd0620787
datasets/cristinakaufalt/geileresultsvorseeds/phreshphish_FINAL_RQ_CLOSURE_20K_200K_v7_2_FINAL/scores/FF1_20K/R0/FINAL_MLP_seed42.npy,672368,1786894781796211022,962d2b78d33886cd4e5437bcdecea27a83bc36c8b6978d82a41efa150f575a90
datasets/cristinakaufalt/geileresultsvorseeds/phreshphish_FINAL_RQ_CLOSURE_20K_200K_v7_2_FINAL/scores/FF1_20K/R0/FINAL_MLP_seed62.npy,672368,1786894781780910339,9f3f2d389d030dc36bd12f91d6137ad4322524e65ba2018432eb3c39d8256c04
datasets/cristinakaufalt/geileresultsvorseeds/phreshphish_FINAL_RQ_CLOSURE_20K_200K_v7_2_FINAL/scores/FF1_20K/R0/FINAL_MLP_seed82.npy,672368,1786894781772005164,e525e9e7a53a908c94fe5d8c6dbb778cf8b01bb08f1a7aacf57dfd8c6e648273
datasets/cristinakaufalt/geileresultsvorseeds/phreshphish_FINAL_RQ_CLOSURE_20K_200K_v7_2_FINAL/scores/FF1_20K/R1/CAL.complete.json,65,1786894781512035183,eb0f35333915d6bd0c20b4e9bdac62a375d5003f076f3946afa770c78dd024da
datasets/cristinakaufalt/geileresultsvorseeds/phreshphish_FINAL_RQ_CLOSURE_20K_200K_v7_2_FINAL/scores/FF1_20K/R1/CAL_LINEAR_seed102.npy,200128,1786894781709367241,ac49e181a668708435eb91dd224db908b02f462d186ae9e7738ed557c28e7487
datasets/cristinakaufalt/geileresultsvorseeds/phreshphish_FINAL_RQ_CLOSURE_20K_200K_v7_2_FINAL/scores/FF1_20K/R1/CAL_LINEAR_seed122.npy,200128,1786894781591387349,ac49e181a668708435eb91dd224db908b02f462d186ae9e7738ed557c28e7487
datasets/cristinakaufalt/geileresultsvorseeds/phreshphish_FINAL_RQ_CLOSURE_20K_200K_v7_2_FINAL/scores/FF1_20K/R1/CAL_LINEAR_seed42.npy,200128,1786894781703288613,ac49e181a668708435eb91dd224db908b02f462d186ae9e7738ed557c28e7487
datasets/cristinakaufalt/geileresultsvorseeds/phreshphish_FINAL_RQ_CLOSURE_20K_200K_v7_2_FINAL/scores/FF1_20K/R1/CAL_LINEAR_seed62.npy,200128,1786894781695771138,ac49e181a668708435eb91dd224db908b02f462d186ae9e7738ed557c28e7487
datasets/cristinakaufalt/geileresultsvorseeds/phreshphish_FINAL_RQ_CLOSURE_20K_200K_v7_2_FINAL/scores/FF1_20K/R1/CAL_LINEAR_seed82.npy,200128,1786894781641691622,ac49e181a668708435eb91dd224db908b02f462d186ae9e7738ed557c28e7487
datasets/cristinakaufalt/geileresultsvorseeds/phreshphish_FINAL_RQ_CLOSURE_20K_200K_v7_2_FINAL/scores/FF1_20K/R1/CAL_MLP_seed102.npy,200128,1786894781544011256,10715dccdd8d17cf47506675a71f717602aba3b53c0b63b6d964d3ba806d5811
datasets/cristinakaufalt/geileresultsvorseeds/phreshphish_FINAL_RQ_CLOSURE_20K_200K_v7_2_FINAL/scores/FF1_20K/R1/CAL_MLP_seed122.npy,200128,1786894781834689939,ec9af3f684f0d38f8ffef66bcc1883367e61bce093f7da157051f601aac2ef38
datasets/cristinakaufalt/geileresultsvorseeds/phreshphish_FINAL_RQ_CLOSURE_20K_200K_v7_2_FINAL/scores/FF1_20K/R1/CAL_MLP_seed42.npy,200128,1786894781495672475,078bbff896ddafc345b0a6f928273c61be85422d7957c574d57544bf0c6097fe
datasets/cristinakaufalt/geileresultsvorseeds/phreshphish_FINAL_RQ_CLOSURE_20K_200K_v7_2_FINAL/scores/FF1_20K/R1/CAL_MLP_seed62.npy,200128,1786894781357377239,4ff1f87fc7e672d59b4dff5e34b3d23d6ae136b19cfffcb702f7d404b5fbb4f1
datasets/cristinakaufalt/geileresultsvorseeds/phreshphish_FINAL_RQ_CLOSURE_20K_200K_v7_2_FINAL/scores/FF1_20K/R1/CAL_MLP_seed82.npy,200128,1786894781700742780,dc1621758256ebf774df38e3e9738b97662ccd8ab8d525e3b6509cb14a10decd
datasets/cristinakaufalt/geileresultsvorseeds/phreshphish_FINAL_RQ_CLOSURE_20K_200K_v7_2_FINAL/scores/FF1_20K/R1/FINAL.complete.json,66,1786894781329650144,b2281bc0e47e238682c23050584bf05151a29a8dd9578220fb9be24584307d8a
datasets/cristinakaufalt/geileresultsvorseeds/phreshphish_FINAL_RQ_CLOSURE_20K_200K_v7_2_FINAL/scores/FF1_20K/R1/FINAL_LINEAR_seed102.npy,672368,1786894781837210301,b955a2f30bbc30708ff44c813b56c9936d211e594f0e75f357116a7a717ff890
datasets/cristinakaufalt/geileresultsvorseeds/phreshphish_FINAL_RQ_CLOSURE_20K_200K_v7_2_FINAL/scores/FF1_20K/R1/FINAL_LINEAR_seed122.npy,672368,1786894781699386933,b955a2f30bbc30708ff44c813b56c9936d211e594f0e75f357116a7a717ff890
datasets/cristinakaufalt/geileresultsvorseeds/phreshphish_FINAL_RQ_CLOSURE_20K_200K_v7_2_FINAL/scores/FF1_20K/R1/FINAL_LINEAR_seed42.npy,672368,1786894781732297773,b955a2f30bbc30708ff44c813b56c9936d211e594f0e75f357116a7a717ff890
datasets/cristinakaufalt/geileresultsvorseeds/phreshphish_FINAL_RQ_CLOSURE_20K_200K_v7_2_FINAL/scores/FF1_20K/R1/FINAL_LINEAR_seed62.npy,672368,1786894781854099330,b955a2f30bbc30708ff44c813b56c9936d211e594f0e75f357116a7a717ff890
datasets/cristinakaufalt/geileresultsvorseeds/phreshphish_FINAL_RQ_CLOSURE_20K_200K_v7_2_FINAL/scores/FF1_20K/R1/FINAL_LINEAR_seed82.npy,672368,1786894781740475739,b955a2f30bbc30708ff44c813b56c9936d211e594f0e75f357116a7a717ff890
datasets/cristinakaufalt/geileresultsvorseeds/phreshphish_FINAL_RQ_CLOSURE_20K_200K_v7_2_FINAL/scores/FF1_20K/R1/FINAL_MLP_seed102.npy,672368,1786894781820058611,9bfd019f29ae1bcc2d9de31f50af4e5c79345dbdb43007886e2b41fe1f2ce947
datasets/cristinakaufalt/geileresultsvorseeds/phreshphish_FINAL_RQ_CLOSURE_20K_200K_v7_2_FINAL/scores/FF1_20K/R1/FINAL_MLP_seed122.npy,672368,1786894781730107658,d4937a54dd8abdeb7c99da133fa551b1846d9e5f79f0b146ae2ee807d4ebc98a
datasets/cristinakaufalt/geileresultsvorseeds/phreshphish_FINAL_RQ_CLOSURE_20K_200K_v7_2_FINAL/scores/FF1_20K/R1/FINAL_MLP_seed42.npy,672368,1786894781873704989,df8ecf55e3af40ceb781346336581616f3737236cf966be93b412ff61f393e0f
datasets/cristinakaufalt/geileresultsvorseeds/phreshphish_FINAL_RQ_CLOSURE_20K_200K_v7_2_FINAL/scores/FF1_20K/R1/FINAL_MLP_seed62.npy,672368,1786894781895294356,ff9ec22e286050dd8e4af3bdcb10371c5e3192db5a4f859f714d5d5fedb987ae
datasets/cristinakaufalt/geileresultsvorseeds/phreshphish_FINAL_RQ_CLOSURE_20K_200K_v7_2_FINAL/scores/FF1_20K/R1/FINAL_MLP_seed82.npy,672368,1786894781756578973,b4c97386a4ffd5ad86593b2b79e6af52ba9d839c8fca0f67f0c6fc62be0853ad
datasets/cristinakaufalt/geileresultsvorseeds/phreshphish_FINAL_RQ_CLOSURE_20K_200K_v7_2_FINAL/scores/FF1_20K/R2C/CAL.complete.json,65,1786894781390632794,eb0f35333915d6bd0c20b4e9bdac62a375d5003f076f3946afa770c78dd024da
datasets/cristinakaufalt/geileresultsvorseeds/phreshphish_FINAL_RQ_CLOSURE_20K_200K_v7_2_FINAL/scores/FF1_20K/R2C/CAL_LINEAR_seed102.npy,200128,1786894781739295933,db11be1c8717b73524f94142abfa8b088fca103bfd05adf2ea75598275871e8e
datasets/cristinakaufalt/geileresultsvorseeds/phreshphish_FINAL_RQ_CLOSURE_20K_200K_v7_2_FINAL/scores/FF1_20K/R2C/CAL_LINEAR_seed122.npy,200128,1786894781409593316,db11be1c8717b73524f94142abfa8b088fca103bfd05adf2ea75598275871e8e
datasets/cristinakaufalt/geileresultsvorseeds/phreshphish_FINAL_RQ_CLOSURE_20K_200K_v7_2_FINAL/scores/FF1_20K/R2C/CAL_LINEAR_seed42.npy,200128,1786894781479585186,db11be1c8717b73524f94142abfa8b088fca103bfd05adf2ea75598275871e8e
datasets/cristinakaufalt/geileresultsvorseeds/phreshphish_FINAL_RQ_CLOSURE_20K_200K_v7_2_FINAL/scores/FF1_20K/R2C/CAL_LINEAR_seed62.npy,200128,1786894781645828022,db11be1c8717b73524f94142abfa8b088fca103bfd05adf2ea75598275871e8e
datasets/cristinakaufalt/geileresultsvorseeds/phreshphish_FINAL_RQ_CLOSURE_20K_200K_v7_2_FINAL/scores/FF1_20K/R2C/CAL_LINEAR_seed82.npy,200128,1786894781549202181,db11be1c8717b73524f94142abfa8b088fca103bfd05adf2ea75598275871e8e
datasets/cristinakaufalt/geileresultsvorseeds/phreshphish_FINAL_RQ_CLOSURE_20K_200K_v7_2_FINAL/scores/FF1_20K/R2C/CAL_MLP_seed102.npy,200128,1786894781713893416,bd0dc75001c67a798482725a1481ab57aa94bceebe8c54b516c57b4ad0409384
datasets/cristinakaufalt/geileresultsvorseeds/phreshphish_FINAL_RQ_CLOSURE_20K_200K_v7_2_FINAL/scores/FF1_20K/R2C/CAL_MLP_seed122.npy,200128,1786894781784126102,a59e74287688a5e5637a55760f19be0e2a5cb9fec18a724f5909149c2eee6d48
datasets/cristinakaufalt/geileresultsvorseeds/phreshphish_FINAL_RQ_CLOSURE_20K_200K_v7_2_FINAL/scores/FF1_20K/R2C/CAL_MLP_seed42.npy,200128,1786894781774679443,63f0922579f5c1bd9eac619958c8477d53b300ae3e712860a04ccbe6ab2f95b0
datasets/cristinakaufalt/geileresultsvorseeds/phreshphish_FINAL_RQ_CLOSURE_20K_200K_v7_2_FINAL/scores/FF1_20K/R2C/CAL_MLP_seed62.npy,200128,1786894781645667932,a345d223da19879e8693e5431339d39522bafa2baaa24d8153c4d613bff6afe5
datasets/cristinakaufalt/geileresultsvorseeds/phreshphish_FINAL_RQ_CLOSURE_20K_200K_v7_2_FINAL/scores/FF1_20K/R2C/CAL_MLP_seed82.npy,200128,1786894781385030255,d62986275f2d44ae4a9591c3e7826b8c31609a8c19c5b015af695f3231b46aa6
datasets/cristinakaufalt/geileresultsvorseeds/phreshphish_FINAL_RQ_CLOSURE_20K_200K_v7_2_FINAL/scores/FF1_20K/R2C/FINAL.complete.json,66,1786894781422257360,b2281bc0e47e238682c23050584bf05151a29a8dd9578220fb9be24584307d8a
datasets/cristinakaufalt/geileresultsvorseeds/phreshphish_FINAL_RQ_CLOSURE_20K_200K_v7_2_FINAL/scores/FF1_20K/R2C/FINAL_LINEAR_seed102.npy,672368,1786894781825261497,6aa55baedbc807d8ba780b5f27eb8e2d944e01250874908b4284cbc425162aca
datasets/cristinakaufalt/geileresultsvorseeds/phreshphish_FINAL_RQ_CLOSURE_20K_200K_v7_2_FINAL/scores/FF1_20K/R2C/FINAL_LINEAR_seed122.npy,672368,1786894781838018201,6aa55baedbc807d8ba780b5f27eb8e2d944e01250874908b4284cbc425162aca
datasets/cristinakaufalt/geileresultsvorseeds/phreshphish_FINAL_RQ_CLOSURE_20K_200K_v7_2_FINAL/scores/FF1_20K/R2C/FINAL_LINEAR_seed42.npy,672368,1786894781649691863,6aa55baedbc807d8ba780b5f27eb8e2d944e01250874908b4284cbc425162aca
datasets/cristinakaufalt/geileresultsvorseeds/phreshphish_FINAL_RQ_CLOSURE_20K_200K_v7_2_FINAL/scores/FF1_20K/R2C/FINAL_LINEAR_seed62.npy,672368,1786894781784174852,6aa55baedbc807d8ba780b5f27eb8e2d944e01250874908b4284cbc425162aca
datasets/cristinakaufalt/geileresultsvorseeds/phreshphish_FINAL_RQ_CLOSURE_20K_200K_v7_2_FINAL/scores/FF1_20K/R2C/FINAL_LINEAR_seed82.npy,672368,1786894781898035263,6aa55baedbc807d8ba780b5f27eb8e2d944e01250874908b4284cbc425162aca
datasets/cristinakaufalt/geileresultsvorseeds/phreshphish_FINAL_RQ_CLOSURE_20K_200K_v7_2_FINAL/scores/FF1_20K/R2C/FINAL_MLP_seed102.npy,672368,1786894781745895007,db623d0fec663437694619371ade7c2cd04ffbda92289da723cefdbba4b6487e
datasets/cristinakaufalt/geileresultsvorseeds/phreshphish_FINAL_RQ_CLOSURE_20K_200K_v7_2_FINAL/scores/FF1_20K/R2C/FINAL_MLP_seed122.npy,672368,1786894781704242856,9ac88df06826e6182accab126ce2c1d10474eacbe77f2cc3f2a7d42f19782b5a
datasets/cristinakaufalt/geileresultsvorseeds/phreshphish_FINAL_RQ_CLOSURE_20K_200K_v7_2_FINAL/scores/FF1_20K/R2C/FINAL_MLP_seed42.npy,672368,1786894781721646114,35fe2f5b175e6d9437c1356b198c15b12f9835372d091b078ecd7e0149909bbd
datasets/cristinakaufalt/geileresultsvorseeds/phreshphish_FINAL_RQ_CLOSURE_20K_200K_v7_2_FINAL/scores/FF1_20K/R2C/FINAL_MLP_seed62.npy,672368,1786894781627500958,0abdc7a939a597747225efba02db35188fe76c7b6f3960ca77cbd99fdc2c5847
datasets/cristinakaufalt/geileresultsvorseeds/phreshphish_FINAL_RQ_CLOSURE_20K_200K_v7_2_FINAL/scores/FF1_20K/R2C/FINAL_MLP_seed82.npy,672368,1786894781768401392,f662d04180b437d3d2523ce3d253889c6ea3fac70e2ca4899fabcdcdcef5f0b4
datasets/cristinakaufalt/geileresultsvorseeds/phreshphish_FINAL_RQ_CLOSURE_20K_200K_v7_2_FINAL/scores/FF1_20K/R3C/CAL.complete.json,65,1786894781558656311,eb0f35333915d6bd0c20b4e9bdac62a375d5003f076f3946afa770c78dd024da
datasets/cristinakaufalt/geileresultsvorseeds/phreshphish_FINAL_RQ_CLOSURE_20K_200K_v7_2_FINAL/scores/FF1_20K/R3C/CAL_LINEAR_seed102.npy,200128,1786894781404232282,ff354e2419e5f49d542ce525807c5c2093c4ed0aa15e8089a7d9929622a26cee
datasets/cristinakaufalt/geileresultsvorseeds/phreshphish_FINAL_RQ_CLOSURE_20K_200K_v7_2_FINAL/scores/FF1_20K/R3C/CAL_LINEAR_seed122.npy,200128,1786894781662484352,ff354e2419e5f49d542ce525807c5c2093c4ed0aa15e8089a7d9929622a26cee
datasets/cristinakaufalt/geileresultsvorseeds/phreshphish_FINAL_RQ_CLOSURE_20K_200K_v7_2_FINAL/scores/FF1_20K/R3C/CAL_LINEAR_seed42.npy,200128,1786894781800269807,ff354e2419e5f49d542ce525807c5c2093c4ed0aa15e8089a7d9929622a26cee
datasets/cristinakaufalt/geileresultsvorseeds/phreshphish_FINAL_RQ_CLOSURE_20K_200K_v7_2_FINAL/scores/FF1_20K/R3C/CAL_LINEAR_seed62.npy,200128,1786894781590109129,ff354e2419e5f49d542ce525807c5c2093c4ed0aa15e8089a7d9929622a26cee
datasets/cristinakaufalt/geileresultsvorseeds/phreshphish_FINAL_RQ_CLOSURE_20K_200K_v7_2_FINAL/scores/FF1_20K/R3C/CAL_LINEAR_seed82.npy,200128,1786894781622940318,ff354e2419e5f49d542ce525807c5c2093c4ed0aa15e8089a7d9929622a26cee
datasets/cristinakaufalt/geileresultsvorseeds/phreshphish_FINAL_RQ_CLOSURE_20K_200K_v7_2_FINAL/scores/FF1_20K/R3C/CAL_MLP_seed102.npy,200128,1786894781659632911,cc2ce2e1df41e6ea6a0455eb65d472343582e632e1d880253f058f5ed14f4a92
datasets/cristinakaufalt/geileresultsvorseeds/phreshphish_FINAL_RQ_CLOSURE_20K_200K_v7_2_FINAL/scores/FF1_20K/R3C/CAL_MLP_seed122.npy,200128,1786894781620477782,84b6a7a66f636a1051ccfcbdfb39e70290ea50ebe0585543b11ba183354e8cb0
datasets/cristinakaufalt/geileresultsvorseeds/phreshphish_FINAL_RQ_CLOSURE_20K_200K_v7_2_FINAL/scores/FF1_20K/R3C/CAL_MLP_seed42.npy,200128,1786894781642505330,2004144c7ea8e0cdc05f4e0099d21354541693a5670e3a0f9dcc6aeb1bf5cb3a
datasets/cristinakaufalt/geileresultsvorseeds/phreshphish_FINAL_RQ_CLOSURE_20K_200K_v7_2_FINAL/scores/FF1_20K/R3C/CAL_MLP_seed62.npy,200128,1786894781750679243,49cd95c8c66319152fd8c216f2d1a73c1618c472e05bb1a95cefe7485fc53a31
datasets/cristinakaufalt/geileresultsvorseeds/phreshphish_FINAL_RQ_CLOSURE_20K_200K_v7_2_FINAL/scores/FF1_20K/R3C/CAL_MLP_seed82.npy,200128,1786894781622870283,f02d1fcea3ca0303c4e65be0df3e9afef19b5c019f0d91bb296acff7d222a8eb
datasets/cristinakaufalt/geileresultsvorseeds/phreshphish_FINAL_RQ_CLOSURE_20K_200K_v7_2_FINAL/scores/FF1_20K/R3C/FINAL.complete.json,66,1786894781412757781,b2281bc0e47e238682c23050584bf05151a29a8dd9578220fb9be24584307d8a
datasets/cristinakaufalt/geileresultsvorseeds/phreshphish_FINAL_RQ_CLOSURE_20K_200K_v7_2_FINAL/scores/FF1_20K/R3C/FINAL_LINEAR_seed102.npy,672368,1786894781809115248,c5b6bb317c73fd54f69ebc11c5c99be402bf9bbb01221fdf6b43814a2c6f636e
datasets/cristinakaufalt/geileresultsvorseeds/phreshphish_FINAL_RQ_CLOSURE_20K_200K_v7_2_FINAL/scores/FF1_20K/R3C/FINAL_LINEAR_seed122.npy,672368,1786894781804488340,c5b6bb317c73fd54f69ebc11c5c99be402bf9bbb01221fdf6b43814a2c6f636e
datasets/cristinakaufalt/geileresultsvorseeds/phreshphish_FINAL_RQ_CLOSURE_20K_200K_v7_2_FINAL/scores/FF1_20K/R3C/FINAL_LINEAR_seed42.npy,672368,1786894781725129334,c5b6bb317c73fd54f69ebc11c5c99be402bf9bbb01221fdf6b43814a2c6f636e
datasets/cristinakaufalt/geileresultsvorseeds/phreshphish_FINAL_RQ_CLOSURE_20K_200K_v7_2_FINAL/scores/FF1_20K/R3C/FINAL_LINEAR_seed62.npy,672368,1786894781837731438,c5b6bb317c73fd54f69ebc11c5c99be402bf9bbb01221fdf6b43814a2c6f636e
datasets/cristinakaufalt/geileresultsvorseeds/phreshphish_FINAL_RQ_CLOSURE_20K_200K_v7_2_FINAL/scores/FF1_20K/R3C/FINAL_LINEAR_seed82.npy,672368,1786894781802782982,c5b6bb317c73fd54f69ebc11c5c99be402bf9bbb01221fdf6b43814a2c6f636e
datasets/cristinakaufalt/geileresultsvorseeds/phreshphish_FINAL_RQ_CLOSURE_20K_200K_v7_2_FINAL/scores/FF1_20K/R3C/FINAL_MLP_seed102.npy,672368,1786894781746236656,1a9f399029e2b374a9688cfeaed696b7b35967467ef20d2194b5b0f0f51e31bd
datasets/cristinakaufalt/geileresultsvorseeds/phreshphish_FINAL_RQ_CLOSURE_20K_200K_v7_2_FINAL/scores/FF1_20K/R3C/FINAL_MLP_seed122.npy,672368,1786894781793483443,1e408034f5cddb7a1d99c381455d5285dcc389cc3cf157ad446e1494b9d5c405
datasets/cristinakaufalt/geileresultsvorseeds/phreshphish_FINAL_RQ_CLOSURE_20K_200K_v7_2_FINAL/scores/FF1_20K/R3C/FINAL_MLP_seed42.npy,672368,1786894781814468047,93e74b0a2200fbf565bd809c02df4ef5ff626fc17eda6c88c7a937289453cd18
datasets/cristinakaufalt/geileresultsvorseeds/phreshphish_FINAL_RQ_CLOSURE_20K_200K_v7_2_FINAL/scores/FF1_20K/R3C/FINAL_MLP_seed62.npy,672368,1786894781815835903,a1046b098a7692ca22640c54f4e214485f5cf19ecf39f135b4cb7b6f88491139
datasets/cristinakaufalt/geileresultsvorseeds/phreshphish_FINAL_RQ_CLOSURE_20K_200K_v7_2_FINAL/scores/FF1_20K/R3C/FINAL_MLP_seed82.npy,672368,1786894781819739015,00af56de2f7c10b3b3f7ac7dd29a1f1b79da4e7bed6c748913c69b92a187f1fb
datasets/cristinakaufalt/geileresultsvorseeds/phreshphish_FINAL_RQ_CLOSURE_20K_200K_v7_2_RESULTS/FINAL_V7_2_RQ_CLOSURE_COMPLETE.json,301,1786894781368156913,33e0602dae1f4e0fa043d41d96788f8b98637f2f514b222dc7e2076134827d1b
datasets/cristinakaufalt/geileresultsvorseeds/phreshphish_FINAL_RQ_CLOSURE_20K_200K_v7_2_RESULTS/audit/DATA_PROTOCOL.json,309,1786894781504703540,41cf0fe0fd91836811f1ef23a715f451a8d380feb0ae5413fad050358690aba2
datasets/cristinakaufalt/geileresultsvorseeds/phreshphish_FINAL_RQ_CLOSURE_20K_200K_v7_2_RESULTS/audit/DOM_20K_200K_GATE_FREEZE.json,682,1786894781440589157,531e79c4aadee99009530f51d4a866474fe7cd3bce92fe125d203bd78350bf7c
datasets/cristinakaufalt/geileresultsvorseeds/phreshphish_FINAL_RQ_CLOSURE_20K_200K_v7_2_RESULTS/audit/EXPERIMENT_REGISTRY.json,2237,1786894781341152400,2af549eb86b38e81c2ca1726ff86f5cc15cfe820cbef291bbf9e1176d3c90938
datasets/cristinakaufalt/geileresultsvorseeds/phreshphish_FINAL_RQ_CLOSURE_20K_200K_v7_2_RESULTS/audit/INPUT_RESOLUTION.json,755,1786894781344998669,7c3cc8f437ef3ed6a9bd8d538bb31ccbde302934a14b3c92bd1fa84e6074fb80
datasets/cristinakaufalt/geileresultsvorseeds/phreshphish_FINAL_RQ_CLOSURE_20K_200K_v7_2_RESULTS/audit/SSL20_REPRESENTATION_FREEZE.json,281,1786894781354293838,1cc91203d58e86fc0c9ece2e2aa1048afba904336923bcb51c053ede9964f22b
datasets/cristinakaufalt/geileresultsvorseeds/phreshphish_FINAL_RQ_CLOSURE_20K_200K_v7_2_RESULTS/audit/SSL_REPRESENTATION_SOURCES.json,1027,1786894781401417046,77682d2f8f90fbd8ff1b2c174cdc07068bb3a0b8651e9d95807f0f5803d06e7c
datasets/cristinakaufalt/geileresultsvorseeds/phreshphish_FINAL_RQ_CLOSURE_20K_200K_v7_2_RESULTS/audit/V7_2_SYSTEM_FREEZE.json,1567,1786894781536579665,a3e27c5b919b560d8851da7df7ceeb70ae7907b524583f3c0acb08092b535165
datasets/cristinakaufalt/geileresultsvorseeds/phreshphish_FINAL_RQ_CLOSURE_20K_200K_v7_2_RESULTS/audit/V7_PROTOCOL_FREEZE.json,661,1786894781526223694,b541749e28621c7d4c30b67315e834b65782ee73a9bfd6b95c49ee4005033d1c
datasets/cristinakaufalt/geileresultsvorseeds/phreshphish_FINAL_RQ_CLOSURE_20K_200K_v7_2_RESULTS/results/RESEARCH_QUESTION_EVIDENCE_v7_2.json,2416,1786894781410215270,ba89d57ee7dbabff31b2875f2c58ee275dc1b85888ca3f2d75733d47b2675f54
datasets/cristinakaufalt/geileresultsvorseeds/phreshphish_FINAL_RQ_CLOSURE_20K_200K_v7_2_RESULTS/results/RQ_FF1_20K_REPRESENTATION_AGG.csv,49184,1786894781408350579,95b7530042a25fecc2bb03edab488b9876beb1bf53b3beec51aacc97d99806cb
datasets/cristinakaufalt/geileresultsvorseeds/phreshphish_FINAL_RQ_CLOSURE_20K_200K_v7_2_RESULTS/results/RQ_FF1_20K_REPRESENTATION_ALL_SEEDS.csv,512457,1786894781770682115,b5fed05f267cb4c19c84fa0d2338f03c701c7cba32e66e0a1604a0aef0a0d3df
datasets/cristinakaufalt/geileresultsvorseeds/phreshphish_FINAL_RQ_CLOSURE_20K_200K_v7_2_RESULTS/results/RQ_FF1_PAIRED_STATS_20K.csv,5026,1786894781546766346,38926ff712a208cd497a4064b38d9f30d8607bcb71dc63883de7834306f06104
datasets/cristinakaufalt/geileresultsvorseeds/phreshphish_FINAL_RQ_CLOSURE_20K_200K_v7_2_RESULTS/results/RQ_FF1_PRIMARY_20K.csv,1129,1786894781396507160,1c14c567739323cc86da628a78d95a71782dbb76f65e3156820f8978a684c5d2
datasets/cristinakaufalt/geileresultsvorseeds/phreshphish_FINAL_RQ_CLOSURE_20K_200K_v7_2_RESULTS/results/RQ_FF2_DOWNSTREAM_MECHANISM_20K.csv,1129,1786894781571579475,1c14c567739323cc86da628a78d95a71782dbb76f65e3156820f8978a684c5d2
datasets/cristinakaufalt/geileresultsvorseeds/phreshphish_FINAL_RQ_CLOSURE_20K_200K_v7_2_RESULTS/results/RQ_FF2_FF3_DEEP_20K_200K_FINAL.csv,55893,1786894781604625434,cddd0325ad8a569752464d1d3dfa2aebcf7879452fc3e52394000edc39d2429d
datasets/cristinakaufalt/geileresultsvorseeds/phreshphish_FINAL_RQ_CLOSURE_20K_200K_v7_2_RESULTS/results/RQ_FF2_LABEL_SCALE_DEV.csv,1184,1786894781574050653,ba2e582a25b445e58955f725158a97fb71c0d46cd9f866bf7baca46806967f51
datasets/cristinakaufalt/geileresultsvorseeds/phreshphish_FINAL_RQ_CLOSURE_20K_200K_v7_2_RESULTS/results/RQ_FF2_LABEL_SCALE_R0_R1_20K_200K.csv,1116,1786894781569999177,e3ccc724672c5bffbb1d85feb343b52eabd0fe4425e01d4fc8c88a073e3c25b8
datasets/cristinakaufalt/geileresultsvorseeds/phreshphish_FINAL_RQ_CLOSURE_20K_200K_v7_2_RESULTS/results/RQ_FF2_R0_R1_DIRECT_DELTAS.csv,351,1786894781629066693,c2254229b329d476bedb1548fbb90b5d05d9b9082a69fca7b6026f115494b5fb
datasets/cristinakaufalt/geileresultsvorseeds/phreshphish_FINAL_RQ_CLOSURE_20K_200K_v7_2_RESULTS/results/RQ_FF3_20K_REPRESENTATIONS_SHIFT_LOWFPR.csv,444734,1786894781731945465,db0bc999a31a6ff4197beb3c81dc0af0bc22a15f2eaf9a43a7d1e0c48a5332fd
datasets/cristinakaufalt/geileresultsvorseeds/phreshphish_FINAL_RQ_CLOSURE_20K_200K_v7_2_RESULTS/results/RQ_FF3_20K_REPRESENTATIONS_SHIFT_LOWFPR_AGG.csv,40356,1786894781347429474,a7ee2df6fd556771a247b5369667bca9387ca2a56b70e847887f03b2511e46e5
datasets/cristinakaufalt/geileresultsvorseeds/phreshphish_FINAL_RQ_CLOSURE_20K_200K_v7_2_RESULTS/results/RQ_FF3_SECONDARY_200K_SYSTEM_SHIFT_LOWFPR.csv,9481,1786894781346120249,cdf9ae4edb1a0364a7c3de8a7c4a1028883dd0de9f9cbe2e927665100c72da79
datasets/cristinakaufalt/geileresultsvorseeds/phreshphish_FINAL_RQ_CLOSURE_20K_200K_v7_2_RESULTS/results/RQ_FF4_DOM_20K_200K_DEV.csv,1242,1786894781381547368,f2472a0e8726df6bdf743cbb81badcdf8d1281933651e6c0382d88debf2d3d82
datasets/cristinakaufalt/geileresultsvorseeds/phreshphish_FINAL_RQ_CLOSURE_20K_200K_v7_2_RESULTS/results/RQ_FF4_DOM_FUSION_20K_200K_AND_CASCADE_FINAL.csv,176610,1786894781764253689,a038c5afe5271a5d11a9263097001294be2c9652fc1cd1d1f43d73cad960eda3
datasets/cristinakaufalt/geileresultsvorseeds/phreshphish_FINAL_RQ_CLOSURE_20K_200K_v7_2_RESULTS/results/RQ_FF4_DOM_PRIMARY_20K_200K.csv,1108,1786894781358791711,0f4ba86b57de1eb704344553d18e20b0dffeea53123b4f79093466fca8b0ee0c
datasets/cristinakaufalt/geileresultsvorseeds/phreshphish_FINAL_RQ_CLOSURE_20K_200K_v7_2_RESULTS/results/RQ_FF4_FUSION_BRANCH_20K_200K_DEV.csv,4157,1786894781588411861,f01e4223dad91e1c1571f01c75b670d6516d2f0c616835ab16dbccaa67c21fe2
datasets/cristinakaufalt/geileresultsvorseeds/phreshphish_FINAL_RQ_CLOSURE_20K_200K_v7_2_RESULTS/results/RQ_FF4_FUSION_PRIMARY_20K_200K.csv,4659,1786894781551078644,f736010a7fceb6c10896ea301faad139744055fc18b6db741ac34d7153238879
datasets/cristinakaufalt/geileresultsvorseeds/phreshphish_FINAL_RQ_CLOSURE_20K_200K_v7_2_RESULTS/results/SSL20_REPRESENTATION_SELECTION_DEV.csv,411,1786894781369917535,27704a9fa6a79ad63441e8d5904d318b6b7c08b480818579b3d7074f91798970
datasets/cristinakaufalt/jajidiad/FINAL_RUN_COMPLETE.json,2171,1786894786655430867,682651de6f8c2068fc10fcb5dde3e9bc570afa07b105f027275eb52856bd9149
datasets/cristinakaufalt/jajidiad/audit/ARCHITECTURE_FREEZE.json,195,1786894787556671050,b20d776b58afc2fb317dc275bb2b522bf8795539783f9658163007f2403fd1b3
datasets/cristinakaufalt/jajidiad/audit/AUTOGRAD_PREFLIGHT.json,22,1786894787544589212,98fc0a30989189de77288f40c865f109138cf91a23ddab064bb293fd6c1448f6
datasets/cristinakaufalt/jajidiad/audit/DATA_FREEZE_LINK.json,1737,1786894787639363539,99bf57d8501db57ba8cad99ef7d06b1cdb4b44470f8e205aa4163656dc71a530
datasets/cristinakaufalt/jajidiad/audit/DEV_PARTITIONS.npz,161024,1786894787685506814,96dbd49143ad125e545398e555fc01bb7498deb73d33a41266b9645471db100d
datasets/cristinakaufalt/jajidiad/audit/DOM_VOCAB.json,24464,1786894787576606866,454ec696aa2060a7e53d246a921243470195199b28fef6f3b7b40f2217258506
datasets/cristinakaufalt/jajidiad/audit/EXPERIMENT_CONFIG.json,972,1786894787603303591,d78a919a6adc78a9fe89506cdd4801160774a363604b889530e69345a2552441
datasets/cristinakaufalt/jajidiad/audit/FAIR_ENGINEERING_FREEZE.json,379,1786894787579149310,137154d90744aa2d324ef7846342a9808ef6b537aa6ca206253e233474544869
datasets/cristinakaufalt/jajidiad/audit/FINAL_SCENARIOS.json,542,1786894787555409253,03d74cfbfce12f3562ac4f9cccbfbbd3e89483e65ff8b6aa019155cf6f216567
datasets/cristinakaufalt/jajidiad/audit/LABELSET_RUNTIME_VALIDATION.json,6005,1786894787468017963,da5a2fc95650d7473c9d78b11e65d4c7fa27b0a20c18ef7c9412749136d210d7
datasets/cristinakaufalt/jajidiad/audit/METHODOLOGY_PATCH_v5.json,668,1786894787514193269,475dfe17e10713dd1e51b1e49552e11854e4e1538605479c6f60386558295024
datasets/cristinakaufalt/jajidiad/audit/MODEL_PROVENANCE.json,304,1786894787096010044,524725933063317cf03cb1082aa5822f076a7a813c982631ba49b4426fe6139a
datasets/cristinakaufalt/jajidiad/audit/OFFICIAL_BENCHMARK_COVERAGE.json,174,1786894787478972049,9c1c85f639a199bd758d26f7ed66bae76793e3f0a51e53df7784cd333e42fa2c
datasets/cristinakaufalt/jajidiad/audit/RUNTIME_PLAN.json,511,1786894787570259245,bc9ea9e863e7add57785d95c26218a11a2ab5a9fb496732c4524ce62e3e57f38
datasets/cristinakaufalt/jajidiad/audit/SCIENTIFIC_RESUME_IMPORT.json,426,1786894787599115713,8305bb459f0a52e3146c8dbd192665b922b210bdfc57fecfd9a86d5d34538b5b
datasets/cristinakaufalt/jajidiad/audit/STARTUP_SELFTEST.json,304,1786894787607943694,ea3cbc97266077206dc2eeb31726ab4dba9d6a3664d8d984dccc79ef68275233
datasets/cristinakaufalt/jajidiad/audit/SUPERVISED_INDEX_ALIGNMENT.json,356,1786894787563355320,429e3dd9112aafb726e34631a45250532d7345aa6ac611f8e2e0668afc2b6db2
datasets/cristinakaufalt/jajidiad/audit/SYSTEM_FREEZE.json,1363,1786894787525858251,0f406e87a9ffcc368a504fdd63829b2eabb4b68cbbc101bfce3084d8717e69d2
datasets/cristinakaufalt/jajidiad/results/CASCADE_GATE.json,807,1786894787519927125,3f47345a26b8df9a36c6b243a80a41f4c278a06a0caf891de06977141797d14c
datasets/cristinakaufalt/jajidiad/results/DECISION_MATRIX_RAW_INPUTS.csv,543,1786894787322208022,4bc07143931e9ccaac362d75f88be5e142817c82d4ea4e9f9254c0e428c320b8
datasets/cristinakaufalt/jajidiad/results/DEEP_ENGINEERING_FAIR_META_AGGREGATE.csv,1037,1786894787544951056,bd9fca195f6ad6712dcb0f39e0629f3d54eb33d35f0a8f4b64c7c835b7fa7814
datasets/cristinakaufalt/jajidiad/results/DEEP_ENGINEERING_FAIR_SEED_RESULTS.csv,10029,1786894787466254309,71a3303067ca510dcb03a54c6d368b56458bcfeb719f948606adb86b7b063d69
datasets/cristinakaufalt/jajidiad/results/ENGINEERING_FINAL_METRICS_FULL_AND_CASCADE.csv,19763,1786894787496671871,7fbd4ca1bb3a5b434ba9372f77f9c4a93921962d19ac6c6d68af2e836c5535df
datasets/cristinakaufalt/jajidiad/results/FINAL_SYSTEM_BOOTSTRAP_CI.json,292,1786894787542700065,b6f3d09a6058afcaadddf04453dd3fb6313dac924349a068b6514d21395adabb
datasets/cristinakaufalt/jajidiad/results/OFFICIAL_BENCHMARK_BASE_RATE_SUMMARY.csv,656,1786894787336718157,5e055f97cc2eca1b7a65473d4633948ee1c3016fa389ad52edde6290b1411d6b
datasets/cristinakaufalt/jajidiad/results/OFFICIAL_BENCHMARK_INSTANCE_METRICS.csv,123128,1786894787666466397,bfea07db96a21247a7f273e65c4f0d8da3f8de39cf22a21e84e84f5450c1686b
datasets/cristinakaufalt/jajidiad/results/REPRESENTATION_SCREEN.csv,2515,1786894787576694219,03d1e25bbb0196d8a70179f465d4173e49fb6f009e52853126d44e62fdbb15da
datasets/cristinakaufalt/jajidiad/results/RESEARCH_QUESTION_EVIDENCE.json,3605,1786894787512739641,87fff0e7e8be674454f532b50c2e79125a84c4ec073831345e503b77cd2aed2f
datasets/cristinakaufalt/jajidiad/results/RESEARCH_QUESTION_EVIDENCE_INDEX.md,947,1786894787427634186,c2e9106f6debcdb5b8d873ad342ef6756dc19451736d68173870cb9967c17602
datasets/cristinakaufalt/jajidiad/results/RQ_FF1_FF2_REPRESENTATION_LABEL_PROBE.csv,43500,1786894787466687941,2db26ada26a02d531836d22392cb3af5bad30d0f1b06f1d861cf20c5312b9798
datasets/cristinakaufalt/jajidiad/results/RQ_FF3_GENERALIZATION_SHIFT.csv,9634,1786894787593967329,3d72f2de61dcabf0cb1d0b8222554593f623032913c3a56787b4fb6f91a49999
datasets/cristinakaufalt/jajidiad/results/RQ_FF3_LOW_FPR_GRID.csv,107434,1786894787731426158,bdd349ed3dd8bfbdd0d732b1b33d107bf6d119a10ab065ee501a0e45d0165185
datasets/cristinakaufalt/jajidiad/results/RQ_FF4_ENGINEERING_DEVELOPMENT.csv,1512,1786894787537036220,9362c972f7d94af6601c5203ca3f0d95bcd406da6b992ee8654bfa07f1de5ef1
datasets/cristinakaufalt/jajidiad/results/RQ_FF4_FINAL_SYSTEM.csv,24652,1786894787647338037,c4300f474a1cd5967efa53bf4226fd538f471e4f9903682e44fd5f5e367d4944
datasets/cristinakaufalt/jajidiad/results/SCIENTIFIC_N10_ALL_METRICS.csv,2284878,1786894789738720980,b9d8159a3d86b902e785b6da588b8b18d858df163d95597a633e0e36310e59da
datasets/cristinakaufalt/jajidiad/results/SCIENTIFIC_N10_PAIRED_STATS_ALL_SCENARIOS.csv,16072,1786894787581172815,63756a34afb4893365e0dc29fbf78092ad48975a8544192f343f6a0c79250e49
datasets/cristinakaufalt/jajidiad/results/SCIENTIFIC_N10_PRIMARY_SUMMARY.csv,2132,1786894787568056513,935a9ac5dd4a0e0059f98c488853e8fc4921a59224726775d71545fd3981729a
datasets/cristinakaufalt/jajidiad/results/bootstrap_parts/boot_0000_0049.npy,928,1786894787541600475,cddf5af7675c5f927d8932158e95333485c30ee93c2361ae9db2f1ff8fc3ad3a
datasets/cristinakaufalt/jajidiad/results/bootstrap_parts/boot_0050_0099.npy,928,1786894787479404505,71dd7f33c88f41483c625976ec35823ed05c2584fbc655ec84f7e2d480de139c
datasets/cristinakaufalt/jajidiad/results/bootstrap_parts/boot_0100_0149.npy,928,1786894787540746798,8ab1d904f8c67681444ecd6ccd586ce9080f6b892efe9418c0e2c1868a9e47cd
datasets/cristinakaufalt/jajidiad/results/bootstrap_parts/boot_0150_0199.npy,928,1786894787569665129,16f82aaf8c30fe682ef35e57e6f0bc8d66f1d3422c272caa5d8687eed18cb441
datasets/cristinakaufalt/jajidiad/results/bootstrap_parts/boot_0200_0249.npy,928,1786894787506028874,fa04f8a73b10256f58ec50ab5b9cb52e30de8320f4085a8a06fca4ea5f225d62
datasets/cristinakaufalt/jajidiad/results/bootstrap_parts/boot_0250_0299.npy,928,1786894787528861171,034d4fcee1cca8cef36374168fc6eef91c102a4914235ecd319d0e90c6dd16c2
datasets/cristinakaufalt/jajidiad/results/bootstrap_parts/boot_0300_0349.npy,928,1786894787508139710,ad1591e0103eba51cdc687758afcc3f529fa2dd9b6753f857b954884e47b06f6
datasets/cristinakaufalt/jajidiad/results/bootstrap_parts/boot_0350_0399.npy,928,1786894787324441916,8507947b411e22fcbb02e9bbd73e764005bad6d7cf039a5a85fe412925f8984a
datasets/cristinakaufalt/jajidiad/results/bootstrap_parts/boot_0400_0449.npy,928,1786894787601635758,aaa6bc0d6bd01ab9500125d5b1f63b01a67857b538929daeef95e7a0c72a18f0
datasets/cristinakaufalt/jajidiad/results/bootstrap_parts/boot_0450_0499.npy,928,1786894787673641626,7a55cc752f876e3a454b5f98b88cd5d286fe975374a35c013f83feb5faf29c45
datasets/cristinakaufalt/jajidiad/results/bootstrap_parts/boot_0500_0549.npy,928,1786894787646933574,610ea9c59fa13943a4561188cdd31c7d4e8654528e2f5e859206a97bc6a61e09
datasets/cristinakaufalt/jajidiad/results/bootstrap_parts/boot_0550_0599.npy,928,1786894787465143877,5893969b5f7382399aa6b2eaf5dee9b2ec9d27483c9ce84509475e0cd03cc8ef
datasets/cristinakaufalt/jajidiad/results/bootstrap_parts/boot_0600_0649.npy,928,1786894787572411250,1d26f762032b6a7ff221a2004b37f487b39df5c57b07a9e2b3f3e4292d2af9c9
datasets/cristinakaufalt/jajidiad/results/bootstrap_parts/boot_0650_0699.npy,928,1786894787533422715,be1ce73ec59686002e6d53bcce9664a70f89661724ffe515a46f6f6a7b344bea
datasets/cristinakaufalt/jajidiad/results/bootstrap_parts/boot_0700_0749.npy,928,1786894787665873666,ffc4396b34d380ba2d0f2ab1dccdfa8557c7a40bdf372ae79c223bffaee7ab86
datasets/cristinakaufalt/jajidiad/results/bootstrap_parts/boot_0750_0799.npy,928,1786894787435978466,dfcaf76ad103b6954f864c1adeebb832912e4417125451e9b0aeb6c046ed1a5a
datasets/cristinakaufalt/jajidiad/results/bootstrap_parts/boot_0800_0849.npy,928,1786894787667723695,d8f1b12d3d23f9bf303b674560a4a4b2bd91e8c545867431b6a4584643585229
datasets/cristinakaufalt/jajidiad/results/bootstrap_parts/boot_0850_0899.npy,928,1786894787480912288,41811102f1184b7b898adcf17455550b71d4fd8420c656b78fb158a3dee5fd47
datasets/cristinakaufalt/jajidiad/results/bootstrap_parts/boot_0900_0949.npy,928,1786894787275905205,c04abfa96c385f64bdc30c0b6b99cdd6d262fd0d04593517805c8c8004828e98
datasets/cristinakaufalt/jajidiad/results/bootstrap_parts/boot_0950_0999.npy,928,1786894787665544285,d428c0a620017d46843d5ae640176987a32cb0d1840abd708166f0ce384e5477
datasets/cristinakaufalt/jajidiad/results/science_parts/R0_LINEAR_B100_seed242.csv,10375,1786894787610880853,12a71882e32d69282dd8a12b4c671c34272924d8cc61982bbcd86e553474536d
datasets/cristinakaufalt/jajidiad/results/science_parts/R0_LINEAR_B100_seed252.csv,10375,1786894787666356968,70324b8b327142c9f80c6e4a9fbd155924fa45ef1176119e96eb505aba375cc1
datasets/cristinakaufalt/jajidiad/results/science_parts/R0_LINEAR_B100_seed262.csv,10375,1786894787464756965,87435a5399e2ab37129856181ac0726415a6a7fd890dfc807edebdca4a9f47ad
datasets/cristinakaufalt/jajidiad/results/science_parts/R0_LINEAR_B100_seed272.csv,10375,1786894787666566867,76c5da6b03e5161d8a88df254c06c43cab1970cd2f0f44f837fd0b5856690227
datasets/cristinakaufalt/jajidiad/results/science_parts/R0_LINEAR_B100_seed282.csv,10375,1786894787468813731,ccd68fd1294e438752b3315bd143c2b6855859f9348fc56c646a7518b0b0806c
datasets/cristinakaufalt/jajidiad/results/science_parts/R0_LINEAR_B100_seed42.csv,10335,1786894787461146936,278ac92700fedacfb972385b9602f81d7cd13a397463599014ae488607e992d1
datasets/cristinakaufalt/jajidiad/results/science_parts/R0_LINEAR_B100_seed52.csv,10335,1786894787475379997,77e740c9c1ff8b472a99168c5371db5aa95b818e8681a3ba2c5f5142cf7fba43
datasets/cristinakaufalt/jajidiad/results/science_parts/R0_LINEAR_B100_seed62.csv,10335,1786894787513929233,f6607d480e45ae3cbfb03329b134dcfdcb52d87f710243d85199892b9254ecf1
datasets/cristinakaufalt/jajidiad/results/science_parts/R0_LINEAR_B100_seed72.csv,10335,1786894787534692367,df17c1553d67aefa7cd9953a4f6f7c8e1d70236305017eb3014790d5b3a60d91
datasets/cristinakaufalt/jajidiad/results/science_parts/R0_LINEAR_B100_seed82.csv,10335,1786894787546945610,20d09050119a477a9c002979c116388af2c9940f723727f98434a13d5404a30b
datasets/cristinakaufalt/jajidiad/results/science_parts/R0_LINEAR_B10_seed242.csv,10366,1786894787576302687,f663809fc89858faede3fc03f53344f1b016c1ff31aa922c956aa7aefbf57d36
datasets/cristinakaufalt/jajidiad/results/science_parts/R0_LINEAR_B10_seed252.csv,10385,1786894787642782256,cc89598d9128acdfa00e4164d10764c44d45ac1a23566f671c75e73de2df5663
datasets/cristinakaufalt/jajidiad/results/science_parts/R0_LINEAR_B10_seed262.csv,10371,1786894787669464360,ba960b9e56a5cf7d535a82322fda94347761c421922b06aa6cea99ee61b822d0
datasets/cristinakaufalt/jajidiad/results/science_parts/R0_LINEAR_B10_seed272.csv,10384,1786894787677558576,237b4728e3d84c530bf1b84b9c9b3db1f84e730aea509eea90c40e648539caa0
datasets/cristinakaufalt/jajidiad/results/science_parts/R0_LINEAR_B10_seed282.csv,10399,1786894787666978706,7f9b87aff66abed92f3b627e52c5804845d322741a7799b45368b19aa96ad7dc
datasets/cristinakaufalt/jajidiad/results/science_parts/R0_LINEAR_B10_seed42.csv,10359,1786894787747471660,3f835b40ac65bb0fd3f86930d50607a45f7751fd373c0f3f2e0663f5fc088277
datasets/cristinakaufalt/jajidiad/results/science_parts/R0_LINEAR_B10_seed52.csv,10349,1786894787690670662,1a9a0405dfd5a6db2577694a2e40e797b13a983a7cd983b07cc56743bf358dad
datasets/cristinakaufalt/jajidiad/results/science_parts/R0_LINEAR_B10_seed62.csv,10365,1786894787655641423,cfd5a4f610ad33cd6d11164d6c803b1efc23094fcf3469676a6b8130e9d30573
datasets/cristinakaufalt/jajidiad/results/science_parts/R0_LINEAR_B10_seed72.csv,10362,1786894787684769883,ed9ec00eb122cb71fcf062ec083fe96915de4cbe6efceeabb978731c80bed17b
datasets/cristinakaufalt/jajidiad/results/science_parts/R0_LINEAR_B10_seed82.csv,10293,1786894787666726138,7f4dba514055d43ec01c784ba71e5a776d3594087845bdd318374f86a41cd1c1
datasets/cristinakaufalt/jajidiad/results/science_parts/R0_LINEAR_B25R_seed242.csv,10353,1786894787947540098,71c4caaeed6f100b0f996cfa92125038dbad903582453e83eb0fbf274f38aaad
datasets/cristinakaufalt/jajidiad/results/science_parts/R0_LINEAR_B25R_seed252.csv,10364,1786894787833479088,6500d81ce6ac3276615c84af7762a226dfb1007b4c128b186f1814bf4f6bc337
datasets/cristinakaufalt/jajidiad/results/science_parts/R0_LINEAR_B25R_seed262.csv,10348,1786894787735696300,3400d80d3d2ca8d13aa5a114ad93ed4208d81be905bdbc46926b3acff088d356
datasets/cristinakaufalt/jajidiad/results/science_parts/R0_LINEAR_B25R_seed272.csv,10438,1786894787840022886,cfe1a79f40e0555ca6f6fa78ec8be20cff2a3c7de9804c40412f001c73067622
datasets/cristinakaufalt/jajidiad/results/science_parts/R0_LINEAR_B25R_seed282.csv,10439,1786894787704551214,255a087dd14149943c8db0061e5fb0548ba8e1f42bc5706e27d2c0cf6ffe7b09
datasets/cristinakaufalt/jajidiad/results/science_parts/R0_LINEAR_B25R_seed42.csv,10324,1786894787838168414,3bac91b7416af690df591c9c04294a88f0f14a431e90e3168ce00d44ba68a586
datasets/cristinakaufalt/jajidiad/results/science_parts/R0_LINEAR_B25R_seed52.csv,10404,1786894787766290934,1b321bc753f1f76f45885eee0b2e216d22c7a2df52e5b68f6b890d61939591c3
datasets/cristinakaufalt/jajidiad/results/science_parts/R0_LINEAR_B25R_seed62.csv,10387,1786894787813205979,21be4cca38dfb1b0678292e581eb0398af4ab6b3e63cce19fc495dd15580cd3d
datasets/cristinakaufalt/jajidiad/results/science_parts/R0_LINEAR_B25R_seed72.csv,10350,1786894787899903421,ff3b89940d59f27d1143f3900ad58591358debde3bc433c14ab07e8749d3cb0f
datasets/cristinakaufalt/jajidiad/results/science_parts/R0_LINEAR_B25R_seed82.csv,10329,1786894787887227672,6fad63652bf432bfad454c64e60f4addc0de94eef08dd5cd76c588ba8727bcd0
datasets/cristinakaufalt/jajidiad/results/science_parts/R0_MLP_B100_seed242.csv,10260,1786894787980217393,9adcc2310143a923e9c60c7dfccab25d78e3f50572e6021d360e4592ee7ade83
datasets/cristinakaufalt/jajidiad/results/science_parts/R0_MLP_B100_seed252.csv,10264,1786894787886994790,be7fbba8f5b0b8bbc43429de76bf69fc8dfcba6ee094513f16131ccbf49f6a63
datasets/cristinakaufalt/jajidiad/results/science_parts/R0_MLP_B100_seed262.csv,10263,1786894788007167141,d34d36f1d9271347b8ae278f72814462cc65addc0526b24ac216e2af6424ae23
datasets/cristinakaufalt/jajidiad/results/science_parts/R0_MLP_B100_seed272.csv,10265,1786894788011947635,a0b3935f6c0f23270c95cd8c9b2d083460c03ee5d5562605701e5677f101d872
datasets/cristinakaufalt/jajidiad/results/science_parts/R0_MLP_B100_seed282.csv,10249,1786894788007301409,5ae16c6637bbed9db131f68859623ca86a29baee8a2946a4a372338d6e3a84bf
datasets/cristinakaufalt/jajidiad/results/science_parts/R0_MLP_B100_seed42.csv,10231,1786894787805045022,0c3cf846f09e65dbf1769c327cb3a61139c4ffddf47b2c76d7de04185d33f6d2
datasets/cristinakaufalt/jajidiad/results/science_parts/R0_MLP_B100_seed52.csv,10235,1786894787919882257,f5f0c3145b2ad1f71d8bb530fe731a6d38ac24d93a6f6be66422ed0a04b54efe
datasets/cristinakaufalt/jajidiad/results/science_parts/R0_MLP_B100_seed62.csv,10216,1786894788207642810,2e0b10ab337ca802466e9d813c82ba87cf3700e837412ce8f323d63adf04445f
datasets/cristinakaufalt/jajidiad/results/science_parts/R0_MLP_B100_seed72.csv,10232,1786894788204378935,e68a0efe5f7e4e0b2a8c4fb795cfd631fc2f6ebf0d3e6596919530ec2ff4540f
datasets/cristinakaufalt/jajidiad/results/science_parts/R0_MLP_B100_seed82.csv,10254,1786894788001277774,fd6ecabddf1e4d57f2f7fec61bc8c32d362bad775ca725321a047d30cbfd223e
datasets/cristinakaufalt/jajidiad/results/science_parts/R0_MLP_B10_seed242.csv,10206,1786894787795079028,7dff8255570c38f2c9f4885e7409b36c8872934c308a004cc550e0b062e95c4e
datasets/cristinakaufalt/jajidiad/results/science_parts/R0_MLP_B10_seed252.csv,10207,1786894787826787166,6d381bd608fa762002bd7b3731f6081d17afc41c3450d5785283f081300e57b9
datasets/cristinakaufalt/jajidiad/results/science_parts/R0_MLP_B10_seed262.csv,10264,1786894787806989726,9625f3662f3e92699bc56544f37d60e3b6367c315486113750a340d60a9e68e5
datasets/cristinakaufalt/jajidiad/results/science_parts/R0_MLP_B10_seed272.csv,10132,1786894787820213771,e1b72721b0ae7a00f8d6bf0b3aea79af8fdf95c2dee692d0179200a407c9efbb
datasets/cristinakaufalt/jajidiad/results/science_parts/R0_MLP_B10_seed282.csv,9880,1786894787819873667,c5dd33b5ac4d2d4693459b0d86c3db1dc24efaf4b33915218ed00deb8a23bcf9
datasets/cristinakaufalt/jajidiad/results/science_parts/R0_MLP_B10_seed42.csv,10151,1786894787919242940,7f6221347b5f63fa0d49c2b8b52403de397db394de2cd586d5febe2d3a156187
datasets/cristinakaufalt/jajidiad/results/science_parts/R0_MLP_B10_seed52.csv,10171,1786894787982579421,054dbb419c09d225b781965a5b9c2147cc1c2c4beaa493d479d45a0d08a34f59
datasets/cristinakaufalt/jajidiad/results/science_parts/R0_MLP_B10_seed62.csv,10140,1786894787897549694,333d00377eea2cdabb55c8f47bff16c3b472b802952de0ee1258f89a8965c43c
datasets/cristinakaufalt/jajidiad/results/science_parts/R0_MLP_B10_seed72.csv,10153,1786894788029023422,fdbcce6af55e74dab237b4b101c422fd341ed5b3f8d6bb564f8083c684cbfc2c
datasets/cristinakaufalt/jajidiad/results/science_parts/R0_MLP_B10_seed82.csv,10150,1786894787907842941,ae2eb7d411eff9a6db33046a68982d70552f0e0376edf1ff53581168913f2964
datasets/cristinakaufalt/jajidiad/results/science_parts/R0_MLP_B25R_seed242.csv,10298,1786894788210359366,9696e6fa4b8c8ef4bded40bfb817d64c667e55bf615e6cfd270c04fbd718bc63
datasets/cristinakaufalt/jajidiad/results/science_parts/R0_MLP_B25R_seed252.csv,10191,1786894788081496626,8b994a49e02bda42b84563ed81fc7e88b27a38ad05301693b64aa20144b5e862
datasets/cristinakaufalt/jajidiad/results/science_parts/R0_MLP_B25R_seed262.csv,10262,1786894787963334581,edfa7dba708d6ddea7b316358cfcc465f40089e252141e5806d55842cf056887
datasets/cristinakaufalt/jajidiad/results/science_parts/R0_MLP_B25R_seed272.csv,10207,1786894788203647758,6dcdc4920f9c096e195eac1a9c53bb297bb620f3e9f8ba41a5098840b8733145
datasets/cristinakaufalt/jajidiad/results/science_parts/R0_MLP_B25R_seed282.csv,10262,1786894788064074129,403c53d5ecbcf4315f7d1468e5cdb9cbe595547f7760ba6405fefe074cf6acb5
datasets/cristinakaufalt/jajidiad/results/science_parts/R0_MLP_B25R_seed42.csv,10153,1786894788013058908,45f8de8d5bef4a1fd0ebd703db6799f981b7e54bae4cc00bf278862b3c936573
datasets/cristinakaufalt/jajidiad/results/science_parts/R0_MLP_B25R_seed52.csv,10178,1786894788117336661,4746d4b1e34e18904ba140f531b1cb0732510fa47222e825236ee7a94843b4c3
datasets/cristinakaufalt/jajidiad/results/science_parts/R0_MLP_B25R_seed62.csv,10161,1786894788136338526,49f9e71253f05a9112460f0098d8986d63563fc034461d4db120af20f79e3086
datasets/cristinakaufalt/jajidiad/results/science_parts/R0_MLP_B25R_seed72.csv,10222,1786894788211558974,803de65d406ecf1204e6274150b9549cbb417c957ff9cb6f35bf84aba07d53b8
datasets/cristinakaufalt/jajidiad/results/science_parts/R0_MLP_B25R_seed82.csv,10238,1786894788099759295,9bd1dbdd263f3c0a2df6ae175adff779e14b60b8ae645b0876e0493895be80a8
datasets/cristinakaufalt/jajidiad/results/science_parts/R1_LINEAR_B100_seed242.csv,10337,1786894788257206234,bfbe0110745f2984aed944f2e9382a646386a88d86cbdc8ead6ec08ffd3be150
datasets/cristinakaufalt/jajidiad/results/science_parts/R1_LINEAR_B100_seed252.csv,10337,1786894788095863103,90f834d01cd72f459cb3c18ed8dedd7637941c5e7d2e3e14b280597cd62f598d
datasets/cristinakaufalt/jajidiad/results/science_parts/R1_LINEAR_B100_seed262.csv,10337,1786894788254825313,861f45919ff2c7eba8b4705cf319809b91910b459fa32780811e0aa96f70b4d6
datasets/cristinakaufalt/jajidiad/results/science_parts/R1_LINEAR_B100_seed272.csv,10337,1786894788242435150,18ceab0696755614a40822e7eafe9c463c8564c2829af6e35bf4edc391464d11
datasets/cristinakaufalt/jajidiad/results/science_parts/R1_LINEAR_B100_seed282.csv,10337,1786894788418549584,6950f5070156edc2bde8aeb97e2c4e6cb48283c93225df7c0711cfa80d95e790
datasets/cristinakaufalt/jajidiad/results/science_parts/R1_LINEAR_B100_seed42.csv,10297,1786894788237776543,0d6e8f943be334cd0bec5349dc1a5fc03dc848a11b0d6f2c17724f46a226f1f9
datasets/cristinakaufalt/jajidiad/results/science_parts/R1_LINEAR_B100_seed52.csv,10297,1786894788258867750,5263c8a1c9770384f1cb564ac203b21d5f53d0bf3c7ce813aa905a230242e946
datasets/cristinakaufalt/jajidiad/results/science_parts/R1_LINEAR_B100_seed62.csv,10297,1786894788490556854,052a12585ba9ba0c6bcd84d5d6fd88b8bae651606dc2571dfff8d8104414fb20
datasets/cristinakaufalt/jajidiad/results/science_parts/R1_LINEAR_B100_seed72.csv,10297,1786894788241054216,87d3a4af22e33ec78a284e3b6016ee8cfc26b9d1bbb682929f9489c33689f71d
datasets/cristinakaufalt/jajidiad/results/science_parts/R1_LINEAR_B100_seed82.csv,10297,1786894788236461903,069c49d1ad27b073621cdb0b7398d486d7f481c896d76b212ec16b2ac92f1404
datasets/cristinakaufalt/jajidiad/results/science_parts/R1_LINEAR_B10_seed242.csv,10396,1786894788421418173,274961c2f2d3b84a99c79bf3a6de1d4cf088479e01ef191964df5977a99e98a8
datasets/cristinakaufalt/jajidiad/results/science_parts/R1_LINEAR_B10_seed252.csv,10377,1786894788420226066,d93fac25d261f54e51c398cc33f295e774fbd6641a48bcf27b5a86248c67629d
datasets/cristinakaufalt/jajidiad/results/science_parts/R1_LINEAR_B10_seed262.csv,10402,1786894788422846308,656ecdb7ffd8b4fe8389faee8fa1ed2f1ca361373c5adc96c7a9dac5772a1dd5
datasets/cristinakaufalt/jajidiad/results/science_parts/R1_LINEAR_B10_seed272.csv,10383,1786894788424120802,5c8c05da63b17509220dce38171b55d45d795742d0e17612547a67a1a8c96c49
datasets/cristinakaufalt/jajidiad/results/science_parts/R1_LINEAR_B10_seed282.csv,10404,1786894788422491503,0a41e0769845ae5b82f0da4a4407e2deca1150fd1f78eb98a338ccc18f49a0b3
datasets/cristinakaufalt/jajidiad/results/science_parts/R1_LINEAR_B10_seed42.csv,10349,1786894788260204813,8207362d96ca3e4579602ee91392975f491aee46c6d5f77784ab76ab0eb49396
datasets/cristinakaufalt/jajidiad/results/science_parts/R1_LINEAR_B10_seed52.csv,10386,1786894788432404497,6008062dcf8dfb90671fe8eca3c30bd89887c08cd18a6de8b3dcea50ba123a57
datasets/cristinakaufalt/jajidiad/results/science_parts/R1_LINEAR_B10_seed62.csv,10361,1786894788476081317,16ebcc3ef23ae1451cc45158756681dcd611248bc766652fc9664cb365eb2e1e
datasets/cristinakaufalt/jajidiad/results/science_parts/R1_LINEAR_B10_seed72.csv,10367,1786894788491918456,55e1889d93f4737c6eb9c6599171d8e7a832eacc308b9a85b136215d40015fd7
datasets/cristinakaufalt/jajidiad/results/science_parts/R1_LINEAR_B10_seed82.csv,10302,1786894788221592751,7785f0b62936ecc66f50326ff31dbbe91a993e980f2b696293e309101a8f02f5
datasets/cristinakaufalt/jajidiad/results/science_parts/R1_LINEAR_B25R_seed242.csv,10456,1786894788232163538,9ced69d27df768e85267b0fda5383b7e7b56b499c1c9760dc32d07b0e76d3241
datasets/cristinakaufalt/jajidiad/results/science_parts/R1_LINEAR_B25R_seed252.csv,10344,1786894788218344011,5664375b6872b1b37600e97cfcbba2de0f3d654421e3668763a6e68d833dee3e
datasets/cristinakaufalt/jajidiad/results/science_parts/R1_LINEAR_B25R_seed262.csv,10356,1786894788254280901,05f77c33548c92d1def2e5a7f16b2cbbc558b52adf18a253a202196aa948351f
datasets/cristinakaufalt/jajidiad/results/science_parts/R1_LINEAR_B25R_seed272.csv,10438,1786894788269694389,88d00482c4b3674d0d0faa1ad5743f99fac72cf7633f6766418da31c64e2d131
datasets/cristinakaufalt/jajidiad/results/science_parts/R1_LINEAR_B25R_seed282.csv,10431,1786894788304215377,cb3ca106e2a0a0cd007e20c28291ec08aaf13b6f05c2f562558f6a9ef3a028ee
datasets/cristinakaufalt/jajidiad/results/science_parts/R1_LINEAR_B25R_seed42.csv,10377,1786894788544674755,6a597667cd38b307ac44bcca6ec2c84709ac9275419cb656219b25f26e98dc1d
datasets/cristinakaufalt/jajidiad/results/science_parts/R1_LINEAR_B25R_seed52.csv,10396,1786894788628419332,f5d8c1f18955f8897310a34ee1a178a126b317b9d5947603461146fd2f6d35de
datasets/cristinakaufalt/jajidiad/results/science_parts/R1_LINEAR_B25R_seed62.csv,10401,1786894788545010214,1370799c3cd086e2a61d4e28358022c6b14d0162a2885edd6a000e47d9b6cd07
datasets/cristinakaufalt/jajidiad/results/science_parts/R1_LINEAR_B25R_seed72.csv,10396,1786894788519984592,e7256ef9574d3d42de3cd25f84f31bc4fc532d1a01453b9840cb34df985df351
datasets/cristinakaufalt/jajidiad/results/science_parts/R1_LINEAR_B25R_seed82.csv,10366,1786894788288612948,625b6a24fc7a6aa345e7c1d51eff39ba8eff80d86e12ef365f4fbe9cbae6f7b5
datasets/cristinakaufalt/jajidiad/results/science_parts/R1_MLP_B100_seed242.csv,10286,1786894788487408101,3e8cdaa42815987c246ad48c2a5208140397e52937355fece3e271e6c73f1437
datasets/cristinakaufalt/jajidiad/results/science_parts/R1_MLP_B100_seed252.csv,10285,1786894788798404891,34c8f7fd3c5deacc8cd825a826556841870918b0cf84cbc898d1d7938c423518
datasets/cristinakaufalt/jajidiad/results/science_parts/R1_MLP_B100_seed262.csv,10289,1786894788752574149,84c658e774b67e24ad44f310ccddf177d68cba9c7265933f13d8adce34cdbb08
datasets/cristinakaufalt/jajidiad/results/science_parts/R1_MLP_B100_seed272.csv,10279,1786894788493297091,649c7eb2feaf92609a7f4f5a0227f9b95ad5136129ac52283f41d0fe4acc7cab
datasets/cristinakaufalt/jajidiad/results/science_parts/R1_MLP_B100_seed282.csv,10297,1786894788463091327,3d1284502f2d2920da776760b66cd6b6cf4cef10af692dd243ce327841054772
datasets/cristinakaufalt/jajidiad/results/science_parts/R1_MLP_B100_seed42.csv,10245,1786894788532475431,49fa7e93896fe66239a2ea9bc09e5e4b22490639ffd993356f94f25818e61bd5
datasets/cristinakaufalt/jajidiad/results/science_parts/R1_MLP_B100_seed52.csv,10227,1786894788502940673,3ec87754fcbd457b395e27e15f25d59c49fab99446b9959cb42926d7b420a735
datasets/cristinakaufalt/jajidiad/results/science_parts/R1_MLP_B100_seed62.csv,10260,1786894788661303541,6490059521b2dabed192b2ac28136c861c54354e49efc5ea1b2c13b5b8e777ba
datasets/cristinakaufalt/jajidiad/results/science_parts/R1_MLP_B100_seed72.csv,10253,1786894788667080550,0cd8e1006d73c2c37914c5410dbd84b1258ddaf7dc947cd90c60ddc91b4a1af3
datasets/cristinakaufalt/jajidiad/results/science_parts/R1_MLP_B100_seed82.csv,10248,1786894788503179016,c23d26f0d8979a7d09066f5cc7b624ccdb3abcb718498c6c6bb5075422af5b0a
datasets/cristinakaufalt/jajidiad/results/science_parts/R1_MLP_B10_seed242.csv,10145,1786894788345790341,7e194ab93499639425037b172e0e7de10258081382eda0afe5f54c2dee718af2
datasets/cristinakaufalt/jajidiad/results/science_parts/R1_MLP_B10_seed252.csv,10142,1786894788480480707,4b6271cee3d0316b9acc2848f38c1d29def48efa93b5ceb0149bf9abb98f3f77
datasets/cristinakaufalt/jajidiad/results/science_parts/R1_MLP_B10_seed262.csv,10194,1786894788473433458,7ee4b68889d0c799abda3b4d72256bb2c7071b69cb7431153bbfb14f98db5e14
datasets/cristinakaufalt/jajidiad/results/science_parts/R1_MLP_B10_seed272.csv,10143,1786894788368561020,9377b41b68e9679606551f3aca42e7efb6fcc107ee01d8c64ebe15b007a68f7d
datasets/cristinakaufalt/jajidiad/results/science_parts/R1_MLP_B10_seed282.csv,10211,1786894788610745950,14a4ccd02adde1644df1aa0c15c3641df224f4f6a7dd86354c58fc29d67d6cfe
datasets/cristinakaufalt/jajidiad/results/science_parts/R1_MLP_B10_seed42.csv,10163,1786894788618703270,347a4e7e5a555f5dd5a3c966cd840357d91074e5141d98e5da5c09c8fcbc976d
datasets/cristinakaufalt/jajidiad/results/science_parts/R1_MLP_B10_seed52.csv,10145,1786894788615682970,11761cdb1214442adae68364f0ba52b7ce5adb087a3b73d047af8ab3eb47588f
datasets/cristinakaufalt/jajidiad/results/science_parts/R1_MLP_B10_seed62.csv,10130,1786894788376124095,8f11cdd3b28eef840af1f020f192ef4e4db6fe5c86d91960c2e6ba2efaf316ed
datasets/cristinakaufalt/jajidiad/results/science_parts/R1_MLP_B10_seed72.csv,10173,1786894788548559403,69dd72d4dfc034c43c0e599e5af29f15354c071f2f2c9bf072378aed58dbeb12
datasets/cristinakaufalt/jajidiad/results/science_parts/R1_MLP_B10_seed82.csv,10081,1786894788406815129,df14ff38b719dd8531ae23fe22abd814f390374182e9db412494c7507df25268
datasets/cristinakaufalt/jajidiad/results/science_parts/R1_MLP_B25R_seed242.csv,10250,1786894788501728445,8f16955ea43a6e9c1f26ad20343dd3e71297b08316f6ba8d20f00c1d41fbe6e6
datasets/cristinakaufalt/jajidiad/results/science_parts/R1_MLP_B25R_seed252.csv,10216,1786894788490162920,ec5e438d030cf5fe324196507fc2e5e9b2ca191057d467ef672b56ad7b8da11c
datasets/cristinakaufalt/jajidiad/results/science_parts/R1_MLP_B25R_seed262.csv,10308,1786894788583178133,babe9c709ba23b6a6de0ba3d09837317d637d857ba2108929c103a256c33a9e0
datasets/cristinakaufalt/jajidiad/results/science_parts/R1_MLP_B25R_seed272.csv,10208,1786894788739224947,cd6e79720cd8ce27b2133fdc467a1a07b1c00fd49b6191f2c4220e9dbc0c28d4
datasets/cristinakaufalt/jajidiad/results/science_parts/R1_MLP_B25R_seed282.csv,10274,1786894788714884008,5f692eeec6bc47e9520eb458d436d19c4ec6dff77058d1dc9b1963150f22eb28
datasets/cristinakaufalt/jajidiad/results/science_parts/R1_MLP_B25R_seed42.csv,10274,1786894788733169173,cdc631e3494d94929a9a8c50389f4f08c81bd6bcf21c86b03a191e1a803839a0
datasets/cristinakaufalt/jajidiad/results/science_parts/R1_MLP_B25R_seed52.csv,10251,1786894788840990711,7b9549ad07a4df2e4e3a8553f01e07d2a6ed1e4ab366623e35b42a1319420244
datasets/cristinakaufalt/jajidiad/results/science_parts/R1_MLP_B25R_seed62.csv,10176,1786894788920711121,b5a67936e5bf00d90f240c1c6c882e418df62a9c5f2b3441c6ad7b8e7cfb8ca7
datasets/cristinakaufalt/jajidiad/results/science_parts/R1_MLP_B25R_seed72.csv,10158,1786894788779135156,8f81639141736d2d729d55f11d8635231bb22874ffe0d21a0dee47f05a622583
datasets/cristinakaufalt/jajidiad/results/science_parts/R1_MLP_B25R_seed82.csv,10232,1786894788921990256,2563bceb56441933a609941cf2a4eb229050f396827a384669550ca2c1d06380
datasets/cristinakaufalt/jajidiad/results/science_parts/R2_LINEAR_B100_seed242.csv,9994,1786894789136230151,b4d1af2c2c43bca8366bd90509e4d8bd126e0005f908ab7703b7bff0fde466cb
datasets/cristinakaufalt/jajidiad/results/science_parts/R2_LINEAR_B100_seed252.csv,9994,1786894788906675570,ac8a7215d539dce5116e9934cb59db256063b791c92e5d73a39a9b528919a93e
datasets/cristinakaufalt/jajidiad/results/science_parts/R2_LINEAR_B100_seed262.csv,9994,1786894788798016993,513ff3093d9aef3da4c418e27a4afad860c1fb7a1eb7417eeeeadfca39c21a7a
datasets/cristinakaufalt/jajidiad/results/science_parts/R2_LINEAR_B100_seed272.csv,9994,1786894788906838737,ff0c09aeb058307586ab2323078f688e32b6358e8af9d12a34164c26d70d81e0
datasets/cristinakaufalt/jajidiad/results/science_parts/R2_LINEAR_B100_seed282.csv,9994,1786894788835908120,ba82fe3b5cd02a28aa9ca064417b0a939fe8099e0635e42caf4ff3b10289da59
datasets/cristinakaufalt/jajidiad/results/science_parts/R2_LINEAR_B100_seed42.csv,9954,1786894789051929394,67732b6fe0234e6105829c64cf842aaf7c9e5f8357b26d200ea6956362303eee
datasets/cristinakaufalt/jajidiad/results/science_parts/R2_LINEAR_B100_seed52.csv,9954,1786894789294744278,b758ba110c1d6282f65c2fa523e2d16dfa4d2bac8050126458203d0b15c46f30
datasets/cristinakaufalt/jajidiad/results/science_parts/R2_LINEAR_B100_seed62.csv,9954,1786894789230159609,ee19ddf2b97bd640f635b13d33f63a8bfde71085c6e146153d36d272c4bd78a0
datasets/cristinakaufalt/jajidiad/results/science_parts/R2_LINEAR_B100_seed72.csv,9954,1786894789137224573,69fb90a74757559fbbea34f311f29e4b2cbfa0efdde2c10154a4c740a8da74df
datasets/cristinakaufalt/jajidiad/results/science_parts/R2_LINEAR_B100_seed82.csv,9954,1786894789032968887,494660fd25b0e2559bb6693558d23f65033af4267fb73fe31297b65fdc5cfb4b
datasets/cristinakaufalt/jajidiad/results/science_parts/R2_LINEAR_B10_seed242.csv,9970,1786894789279121965,baaa9dc05804d97e47fc91ebe15f0839c2b75a0008a75b8260ba1f4e514c6fa7
datasets/cristinakaufalt/jajidiad/results/science_parts/R2_LINEAR_B10_seed252.csv,9959,1786894788975111526,6d4b019e70d55241da104480aee52aaaf0b4689629231600594f3cb9f226bb21
datasets/cristinakaufalt/jajidiad/results/science_parts/R2_LINEAR_B10_seed262.csv,9965,1786894788993767697,e438a03177c0076f3c634577d5e7abbbf5e86c791c7f736c56979f462730534b
datasets/cristinakaufalt/jajidiad/results/science_parts/R2_LINEAR_B10_seed272.csv,9960,1786894789020098285,5e515cb51e022a966bf980a6250bee06787639f84e9efd624d8ba62ea576f867
datasets/cristinakaufalt/jajidiad/results/science_parts/R2_LINEAR_B10_seed282.csv,9964,1786894789133651589,42d19d05256ff418959d94a6529b97f5bc008fd3916cd4fad721b2c2790c6237
datasets/cristinakaufalt/jajidiad/results/science_parts/R2_LINEAR_B10_seed42.csv,9917,1786894789343604788,6856f53ef4b9e56d82fbfff8206da5f4e6de44d3e8d3da96b9da6ff83bc6976d
datasets/cristinakaufalt/jajidiad/results/science_parts/R2_LINEAR_B10_seed52.csv,9916,1786894789024040811,0d6a7c16e1f5e5fe9b999bd2655343984d2a782071296ce525df935c87d51365
datasets/cristinakaufalt/jajidiad/results/science_parts/R2_LINEAR_B10_seed62.csv,9929,1786894789392437505,442254b2dd764673b1fc63e461d3d0d7038326f8f88bc46dff85e89603b6319c
datasets/cristinakaufalt/jajidiad/results/science_parts/R2_LINEAR_B10_seed72.csv,9920,1786894789143276103,201f708ee0acd6621d6dd05812bf5fcfc7fec8459f6456331c19f3a39f809b80
datasets/cristinakaufalt/jajidiad/results/science_parts/R2_LINEAR_B10_seed82.csv,9927,1786894789124504261,68add71678b89b03a7e2a26ef44088d78dee37385a24950246d6c00f53e1cf74
datasets/cristinakaufalt/jajidiad/results/science_parts/R2_LINEAR_B25R_seed242.csv,10005,1786894789133160269,cf563960786bca6a89913a81838ff437382d54f560f869dc4e510a5766467c51
datasets/cristinakaufalt/jajidiad/results/science_parts/R2_LINEAR_B25R_seed252.csv,10023,1786894789346059359,53e448f3686e1aaae6e42cebeb5473311bafdea94c1c75ffe095ad5693a8d72a
datasets/cristinakaufalt/jajidiad/results/science_parts/R2_LINEAR_B25R_seed262.csv,9999,1786894789134266457,3d909dd0f5a48f80755f29e26b583051f4513ff0f7f19219513526fd014d2c7b
datasets/cristinakaufalt/jajidiad/results/science_parts/R2_LINEAR_B25R_seed272.csv,10003,1786894789131412372,1f6d481156679043bc1a55a836b1e6d1310f339a8ad6d540e08df26391ca15ea
datasets/cristinakaufalt/jajidiad/results/science_parts/R2_LINEAR_B25R_seed282.csv,9998,1786894789126824065,f21273b6971832997131b7a81e48ad8c8e3b3a4135b984879b13a934a3b90bcb
datasets/cristinakaufalt/jajidiad/results/science_parts/R2_LINEAR_B25R_seed42.csv,9965,1786894788923073089,23762d3ddee748a78fd2154a96b05acaf3cd1ef4be4d6f95999ca46675049b8d
datasets/cristinakaufalt/jajidiad/results/science_parts/R2_LINEAR_B25R_seed52.csv,9958,1786894789399752038,880d51437ae622086efee98ac80b351ece1dd7d9cdc409c14d16147e67c3c732
datasets/cristinakaufalt/jajidiad/results/science_parts/R2_LINEAR_B25R_seed62.csv,9959,1786894789472965941,04606e06c90879827db2b3a16ce45d3ada371c0d103bac0b0488aad8a1249895
datasets/cristinakaufalt/jajidiad/results/science_parts/R2_LINEAR_B25R_seed72.csv,9958,1786894789394602193,cd73d5ab8668ae4e4578bdaee73a2c2ce0b2981ed48464b260658087fb650eb9
datasets/cristinakaufalt/jajidiad/results/science_parts/R2_LINEAR_B25R_seed82.csv,9961,1786894789417320130,8e3c932e36b80d50981f2226f8169b0a80d90f26f73640c8457ee9e9492743db
datasets/cristinakaufalt/jajidiad/results/science_parts/R2_MLP_B100_seed242.csv,9880,1786894789468981347,e7a6e1d72662ea6f1eed88a69a10db15ff996b3089bb3fc9675e51ed4bce65a1
datasets/cristinakaufalt/jajidiad/results/science_parts/R2_MLP_B100_seed252.csv,9887,1786894789301134143,c31038af10ed7ab4773d0f2debd5760ee629b13ff996b085da11edcadf232821
datasets/cristinakaufalt/jajidiad/results/science_parts/R2_MLP_B100_seed262.csv,9872,1786894789301315561,1f6714b4c47c5a79365dddbf17c58df93090edbc9cc044e2a6a37d94efe56e96
datasets/cristinakaufalt/jajidiad/results/science_parts/R2_MLP_B100_seed272.csv,9863,1786894789181444871,8bf0dc1c4867516c8cd7f056e1f4878bd414c94a3589d1bf00931b07314eb897
datasets/cristinakaufalt/jajidiad/results/science_parts/R2_MLP_B100_seed282.csv,9873,1786894789182099235,0f676e8714a881ce28d42946f6c1396e1cc1d5b0d517e6d8bfa5d7beac9152bf
datasets/cristinakaufalt/jajidiad/results/science_parts/R2_MLP_B100_seed42.csv,9832,1786894789182196872,35e3c734e9f8a7b879b839047774cca94d7d82184e93600f1d51874360db68d0
datasets/cristinakaufalt/jajidiad/results/science_parts/R2_MLP_B100_seed52.csv,9835,1786894789370707002,6af020f3f02f9a6447973475651029cbaca9e10e45ca6c84a21c823191327aa9
datasets/cristinakaufalt/jajidiad/results/science_parts/R2_MLP_B100_seed62.csv,9829,1786894789290191752,b91aa67831e481f82784e2c1c3bc52a1fc495ecdc9da249832cc9414b314f42e
datasets/cristinakaufalt/jajidiad/results/science_parts/R2_MLP_B100_seed72.csv,9838,1786894789165212540,8d93df2cb086d36119badf3e31dcbbbaf9e910ebeb7de2f3e9077b364f5b28c1
datasets/cristinakaufalt/jajidiad/results/science_parts/R2_MLP_B100_seed82.csv,9838,1786894789469406976,c3e9e0de7be412c60e94fd7bcfdc44911b76cad346e70a26a736826c0d42d8eb
datasets/cristinakaufalt/jajidiad/results/science_parts/R2_MLP_B10_seed242.csv,9857,1786894789426288020,0f3f6171ca10f0204e13b1df1bc34de0e8fe987baa802a91d7869b77cfce9292
datasets/cristinakaufalt/jajidiad/results/science_parts/R2_MLP_B10_seed252.csv,9837,1786894789425927368,10d11b1e9237357f58ccb08ac8aa1838f66d312b620d0b1b6065d31cd3eda408
datasets/cristinakaufalt/jajidiad/results/science_parts/R2_MLP_B10_seed262.csv,9830,1786894789552962372,a9c570861a8cfcde2743a31a3a83405970bd284023113818c1a4c95cd923dbdc
datasets/cristinakaufalt/jajidiad/results/science_parts/R2_MLP_B10_seed272.csv,9845,1786894789546866226,7722c6239853d00d729c4a25c958499f6ee61ca5ef1c65a8a949f5de52d8aa2d
datasets/cristinakaufalt/jajidiad/results/science_parts/R2_MLP_B10_seed282.csv,9853,1786894789300786703,631d02ed8bdda8776aecf395ff502a3eef4d92c0956e13632977145e5f5eb977
datasets/cristinakaufalt/jajidiad/results/science_parts/R2_MLP_B10_seed42.csv,9787,1786894789361285577,78ec62744df03b5082d8c9a2c661381bb853a495dc0fc106f695a6eacb80695c
datasets/cristinakaufalt/jajidiad/results/science_parts/R2_MLP_B10_seed52.csv,9781,1786894789383170102,aea79715e8f94cc9af25b0264e1723f7144c898c5f92268d6811fc04eab5656d
datasets/cristinakaufalt/jajidiad/results/science_parts/R2_MLP_B10_seed62.csv,9809,1786894789391135641,d88de912a5026b927b5dd23bc82d88fdb111bc546f796cac14a1b97308825d7a
datasets/cristinakaufalt/jajidiad/results/science_parts/R2_MLP_B10_seed72.csv,9804,1786894789620373299,36dc91cf38cba9c6ac4165b9de42128ec678ed8f2d2e537e4b9095fd0a7d7f9e
datasets/cristinakaufalt/jajidiad/results/science_parts/R2_MLP_B10_seed82.csv,9798,1786894789349567309,8df0455d3270cc4dd753d5a79bfdfea6d4937b2997b008c98c7dbbc52d9b20b0
datasets/cristinakaufalt/jajidiad/results/science_parts/R2_MLP_B25R_seed242.csv,9883,1786894789346283871,e51d8d3890d2c57ada79181341587cdf52b42cb7a6b42b4355d85e2fc7402a92
datasets/cristinakaufalt/jajidiad/results/science_parts/R2_MLP_B25R_seed252.csv,9881,1786894789608454187,1e828b5dc0bd56fc3c58d35af725f799658f7999b0490381dd17a67abeeb07da
datasets/cristinakaufalt/jajidiad/results/science_parts/R2_MLP_B25R_seed262.csv,9873,1786894789579739684,c12780b0ff7213077ac1bcd6e6d47fa98bc8286610b6988ee1f2650971d7b431
datasets/cristinakaufalt/jajidiad/results/science_parts/R2_MLP_B25R_seed272.csv,9859,1786894789384731084,a0f0d3ca8c72691f7e6ada22706490eefa71e277e9752ad98374213c48c8668b
datasets/cristinakaufalt/jajidiad/results/science_parts/R2_MLP_B25R_seed282.csv,9876,1786894789258416326,b51728a355e88e26aef2b88fbed6a95002ac91524bbedd034f206f5746874d05
datasets/cristinakaufalt/jajidiad/results/science_parts/R2_MLP_B25R_seed42.csv,9837,1786894789391646061,0cb41a0e4bb9af30ac1fc2124ea45f114143c3de2623b05eb256b5f15d87e39d
datasets/cristinakaufalt/jajidiad/results/science_parts/R2_MLP_B25R_seed52.csv,9835,1786894789427307523,7e2943b1ccdf67330ab19cdd875709449fd1a298e9e3fcacde9ee6db49bcea5e
datasets/cristinakaufalt/jajidiad/results/science_parts/R2_MLP_B25R_seed62.csv,9820,1786894789601019468,45859230fb8ed551c038a0e70b4bf5056b21a6ea3dba2eed1a5139d70a7df4a7
datasets/cristinakaufalt/jajidiad/results/science_parts/R2_MLP_B25R_seed72.csv,9832,1786894789473738497,3a07e6eea26c78ead87c3f78f086a5cee8dd77d9e761ef86ea725d01a3f9d356
datasets/cristinakaufalt/jajidiad/results/science_parts/R2_MLP_B25R_seed82.csv,9837,1786894789386534134,d68263b20784fd6c99f064721a848d0b0fc5bc105667a33b985b9b02d2ee31d6
datasets/cristinakaufalt/jajidiad/results/science_parts/R3_LINEAR_B100_seed242.csv,10365,1786894789590110709,116b87a31416bc9cfbfc76cf1405f4afca958ea9b149b0f995dc8c13cf7cdab2
datasets/cristinakaufalt/jajidiad/results/science_parts/R3_LINEAR_B100_seed252.csv,10365,1786894789449159121,93ad31dd05e154f144690667dc8e05191b1142f81f6ceef853582cac8ca83593
datasets/cristinakaufalt/jajidiad/results/science_parts/R3_LINEAR_B100_seed262.csv,10365,1786894789483036697,c7d3d5e2514f236f437443f8dcbd502dce713b3c5afd6de7064d4103650d6ca9
datasets/cristinakaufalt/jajidiad/results/science_parts/R3_LINEAR_B100_seed272.csv,10365,1786894789690482990,a30157e502e2318c6171831ef6bb7c6bdf0f1672d9bd116f870c7b42ba398c2f
datasets/cristinakaufalt/jajidiad/results/science_parts/R3_LINEAR_B100_seed282.csv,10365,1786894789455160522,6b071352c61e369126aa52053984c1b6c51b16cf5a331d519e7e6f97d96b0802
datasets/cristinakaufalt/jajidiad/results/science_parts/R3_LINEAR_B100_seed42.csv,10325,1786894789585881605,3714322d254d2e890840121347bd25adb150290205a96329e92e089139ff0bab
datasets/cristinakaufalt/jajidiad/results/science_parts/R3_LINEAR_B100_seed52.csv,10325,1786894789688887640,e1eb4ee4bec23a9d92b65b024d7d87ac28963cc5d87f8de233a84c14da405932
datasets/cristinakaufalt/jajidiad/results/science_parts/R3_LINEAR_B100_seed62.csv,10325,1786894789573225990,297655c8cd6e4e205cbd870826a85c31cead62cda6c81ece90482d8f3a1ac863
datasets/cristinakaufalt/jajidiad/results/science_parts/R3_LINEAR_B100_seed72.csv,10325,1786894789345159638,a7bd054f70deaa9a1fb73cfc97f1bd71aa55ea581f954982978f421185a18305
datasets/cristinakaufalt/jajidiad/results/science_parts/R3_LINEAR_B100_seed82.csv,10325,1786894789668516880,fae9ab8d40039148a3f15b10b55c2ce275b285a0a8457b97a920115dad775eac
datasets/cristinakaufalt/jajidiad/results/science_parts/R3_LINEAR_B10_seed242.csv,10264,1786894789662158981,35bdc1989b2792c53c30574a3edaeece973b463279204783f3f88f730c6dfe7d
datasets/cristinakaufalt/jajidiad/results/science_parts/R3_LINEAR_B10_seed252.csv,10235,1786894789484547961,0bf41245486ab78897d888a808320d30e20df4bf194ef93196a1b13ef9c9ccb1
datasets/cristinakaufalt/jajidiad/results/science_parts/R3_LINEAR_B10_seed262.csv,10402,1786894789483925246,94e301913c3d38a1be8b5bbe2e34133d22ff7be8c4edb2fd8817d3fb87a524a0
datasets/cristinakaufalt/jajidiad/results/science_parts/R3_LINEAR_B10_seed272.csv,10308,1786894789640817984,7323922898cc26e8fa265341488d60050d1f95128d8e431393d8be97964e6c39
datasets/cristinakaufalt/jajidiad/results/science_parts/R3_LINEAR_B10_seed282.csv,10261,1786894789698846057,46c8b10d044ace3c5edd3c6fd110bc03382205c09ba78b7992efd81bd1827d66
datasets/cristinakaufalt/jajidiad/results/science_parts/R3_LINEAR_B10_seed42.csv,10299,1786894789636585141,7906ff259d9ebea45ac5101eba74cad82ae8e0dc51d26e19521a434e09e58cd6
datasets/cristinakaufalt/jajidiad/results/science_parts/R3_LINEAR_B10_seed52.csv,10305,1786894789635917236,384b0562e83511bfcfc661ae01d901ffb44c0a5290c483514c989694a18ca464
datasets/cristinakaufalt/jajidiad/results/science_parts/R3_LINEAR_B10_seed62.csv,10027,1786894789477825156,9c2fa9b245c0d5d23d340444049a5e6abdccdde38e0f7d424a2356757e439ed3
datasets/cristinakaufalt/jajidiad/results/science_parts/R3_LINEAR_B10_seed72.csv,10276,1786894789572565302,4c8a8abda9af05afa03071326ca555aeb2f6e5d53bb9c4f3f05debfc1a938966
datasets/cristinakaufalt/jajidiad/results/science_parts/R3_LINEAR_B10_seed82.csv,10246,1786894789962825452,8dfa5e906e09cbb135fddc613583abb67ea538618e7ae03ddeaec6b79b897509
datasets/cristinakaufalt/jajidiad/results/science_parts/R3_LINEAR_B25R_seed242.csv,10358,1786894789725056697,f74160c47f975d321141d9bcac4219b0512bb3b3b4ede1e9957fe6c56cb52bc1
datasets/cristinakaufalt/jajidiad/results/science_parts/R3_LINEAR_B25R_seed252.csv,10340,1786894789851401313,3f770cf12ed7cbc150d93d1826fecb897755d14053819a53d84d7f1e5aab5a43
datasets/cristinakaufalt/jajidiad/results/science_parts/R3_LINEAR_B25R_seed262.csv,10321,1786894789991593667,8e5f2e18c64e1a03e0e9ccd60e3fe4b2a137db331de4a1f4cf6d6f71076347af
datasets/cristinakaufalt/jajidiad/results/science_parts/R3_LINEAR_B25R_seed272.csv,10325,1786894789662012129,27b28d214b4a0746cabe776100c0e8016270ad178bda470599cd16e419a01506
datasets/cristinakaufalt/jajidiad/results/science_parts/R3_LINEAR_B25R_seed282.csv,10345,1786894789463304822,a71c95203fb44d927432d027d990854e86c6ac5f77446064f66e0b52368820f9
datasets/cristinakaufalt/jajidiad/results/science_parts/R3_LINEAR_B25R_seed42.csv,10297,1786894789460878096,00d7bcf883043e060b8ae8977721ccdac1f8ccffd0291196cd0c2288fec9139f
datasets/cristinakaufalt/jajidiad/results/science_parts/R3_LINEAR_B25R_seed52.csv,10203,1786894789848585371,3899a18e568bd1098356e3769bae613089f589e82fdfd9577893aecb5806edd4
datasets/cristinakaufalt/jajidiad/results/science_parts/R3_LINEAR_B25R_seed62.csv,10277,1786894789852706157,14008c1de691cd5c79a6b9f44ced76c7c7c91a8a0628710cebdaa58b8c1e65e1
datasets/cristinakaufalt/jajidiad/results/science_parts/R3_LINEAR_B25R_seed72.csv,10296,1786894789985569469,bc3ad11bf674bd4bb887130a31400c8153a3692b056c44aef0fbda7d6de7adcc
datasets/cristinakaufalt/jajidiad/results/science_parts/R3_LINEAR_B25R_seed82.csv,10314,1786894789710799919,7c52dc5f17cf710f3837c3c47d978904d81085ccfb442f8ce8433ff3d378e44d
datasets/cristinakaufalt/jajidiad/results/science_parts/R3_MLP_B100_seed242.csv,10213,1786894789769795182,eaac1c6b61c8927501ad00dcd8f8bcf4226d68b218b8603119f41304a850d099
datasets/cristinakaufalt/jajidiad/results/science_parts/R3_MLP_B100_seed252.csv,10336,1786894789837784650,2fc43140ee2ad65a97602e03fb746d5991cdadd70bb638fc571222ca30ca49dd
datasets/cristinakaufalt/jajidiad/results/science_parts/R3_MLP_B100_seed262.csv,10315,1786894789801104540,4f20ce3523e7fbf6ced7161f9c8588182169c84676ebb8ad3e42012419c7d199
datasets/cristinakaufalt/jajidiad/results/science_parts/R3_MLP_B100_seed272.csv,10211,1786894789840360712,a8cc7e5c0615f7ce0e07997855ae3c88aeb823198c360adb01a42f52e547848e
datasets/cristinakaufalt/jajidiad/results/science_parts/R3_MLP_B100_seed282.csv,10335,1786894789957427414,d95e903ec59e6dd42302f393e90e94f48bb4054e3eb79d258afc266338ee4839
datasets/cristinakaufalt/jajidiad/results/science_parts/R3_MLP_B100_seed42.csv,10255,1786894789816114132,ba2fbe50738d198658c03a46ee0b367be6175b4c1a73746f6b8b2ec6bb4104cf
datasets/cristinakaufalt/jajidiad/results/science_parts/R3_MLP_B100_seed52.csv,10220,1786894790005314196,59ce572f75e73263eaee0c6ff53c9a21920096790c1fbd8ff8eef10c2b768914
datasets/cristinakaufalt/jajidiad/results/science_parts/R3_MLP_B100_seed62.csv,9983,1786894789810338558,755aab3008e0814f3f4f22cf2a19dd64e14b23a33e971dfcafd316e84b2234eb
datasets/cristinakaufalt/jajidiad/results/science_parts/R3_MLP_B100_seed72.csv,10213,1786894789812910847,56bb61a8d0ac61d987d2bec488619b50837ca0ab95f7d1514747af15bcbb1143
datasets/cristinakaufalt/jajidiad/results/science_parts/R3_MLP_B100_seed82.csv,9756,1786894789792048771,c9f906c027dfc4235dd48aa8b9a9a2526c6b51d817f7b7bae4fc0ed70111ec78
datasets/cristinakaufalt/jajidiad/results/science_parts/R3_MLP_B10_seed242.csv,10207,1786894789621078114,1cb960f4e88627aaca817424e0cdc1ce38f72bfa982490b03c199f73828b3af9
datasets/cristinakaufalt/jajidiad/results/science_parts/R3_MLP_B10_seed252.csv,10295,1786894789840235206,5b4dd24c9157b5945b21c76d39c8b9bc9df2c51bab3014ef578b2a5c352ab1f1
datasets/cristinakaufalt/jajidiad/results/science_parts/R3_MLP_B10_seed262.csv,10268,1786894789785252629,b364c642ce29a59665b4dda27fef6e0eac6b3fcf179e35f6dccf34ed40e1a860
datasets/cristinakaufalt/jajidiad/results/science_parts/R3_MLP_B10_seed272.csv,10276,1786894790084331484,50b39804796ab32ede6c8fc37172a985f8983561372ea7dfd814223a6fc55b7a
datasets/cristinakaufalt/jajidiad/results/science_parts/R3_MLP_B10_seed282.csv,10274,1786894789961973716,8b431a3521807d4fdb2e83cbf80f22b89861e95c8031b7c8b338615c3f85a75c
datasets/cristinakaufalt/jajidiad/results/science_parts/R3_MLP_B10_seed42.csv,10133,1786894790085291438,2d6e2c633b08208223050e02d8ae78c3f8b2579bb8df19b65d62a55df7e1f340
datasets/cristinakaufalt/jajidiad/results/science_parts/R3_MLP_B10_seed52.csv,9619,1786894790082535254,cfa161d1f6acdd151356dcedff609e0ad22ca367d09ac1cfbeb7fcaa6e0d981a
datasets/cristinakaufalt/jajidiad/results/science_parts/R3_MLP_B10_seed62.csv,9477,1786894789867166870,2985d16061313e2a4065aed9c0eb3dd0338183874ee370b2e1d8e3aa91799715
datasets/cristinakaufalt/jajidiad/results/science_parts/R3_MLP_B10_seed72.csv,10137,1786894790085000813,8171930eefd4cc1ae08e8b3e413b41b2409dcaec12f9634ab9100328abb83759
datasets/cristinakaufalt/jajidiad/results/science_parts/R3_MLP_B10_seed82.csv,9682,1786894789791648881,d05d38524f0d8162ad38dd2231dc1d4d8f487e9a8fc738bab66e07c6ecbd3150
datasets/cristinakaufalt/jajidiad/results/science_parts/R3_MLP_B25R_seed242.csv,10213,1786894789851354617,29f86f82a76c04577d61da1895d9af699cd76a315c4e1069b82b91267daf0e36
datasets/cristinakaufalt/jajidiad/results/science_parts/R3_MLP_B25R_seed252.csv,10239,1786894790005444077,28ee03df0c01a20abfbbfaae9208d03daa0cc5b69e7970db025c8205f5aafd4f
datasets/cristinakaufalt/jajidiad/results/science_parts/R3_MLP_B25R_seed262.csv,10262,1786894789956193936,8e5d42d0524eef91a63f2707ba7e5493bace03ecaf59461e6d3d948d0db4cde7
datasets/cristinakaufalt/jajidiad/results/science_parts/R3_MLP_B25R_seed272.csv,10308,1786894790134930966,83126250b23128211b92065cedb5865bb3a11ab31e74bce91e85af2a589683aa
datasets/cristinakaufalt/jajidiad/results/science_parts/R3_MLP_B25R_seed282.csv,10197,1786894790135801985,0ec0c9ad753c9045495a61db84129c6654d08dc8560b5b0453fe1ca3f3876ff6
datasets/cristinakaufalt/jajidiad/results/science_parts/R3_MLP_B25R_seed42.csv,10238,1786894789943000339,0a0b6b0a816dc50735e35da8a84d569f5c09b71028e7ac98fa6ef668d8c8df03
datasets/cristinakaufalt/jajidiad/results/science_parts/R3_MLP_B25R_seed52.csv,10251,1786894790025671042,5086edd302b1ad2e51588daf70cb8ca55d3300340fd28e4b861cc040d5bd47e9
datasets/cristinakaufalt/jajidiad/results/science_parts/R3_MLP_B25R_seed62.csv,10092,1786894789951002958,f99d5414c72344aa91b4ed9226b7a2abc60e7e685744e7a2d6e765012e6bd4e8
datasets/cristinakaufalt/jajidiad/results/science_parts/R3_MLP_B25R_seed72.csv,10202,1786894789985021139,0b15b2a71c178154299753cf05ed4b79992599762b10f11051818aa94664e1f4
datasets/cristinakaufalt/jajidiad/results/science_parts/R3_MLP_B25R_seed82.csv,9931,1786894789955748280,6be1ffe78f1c49ef516d741688a856201e101489ad214c05658e6fa465605778
datasets/cristinakaufalt/jajidiad/software_artifact/SOFTWARE_ARTIFACT_MANIFEST.json,811,1786894790114192754,9063afacc54f57e47b7e0b4dc28932a177b8d33a43022bbd3e29a3d4cba00709
datasets/cristinakaufalt/jajidiad/software_artifact/api_contract.json,251,1786894789944038102,21afe38e5ed45e9a0d1958f1b1869a8813daed33b4d86f70812c83c05c7d5404
datasets/cristinakaufalt/kleineergebnisse/FINAL_V7_2_RQ_CLOSURE_COMPLETE.json,301,1786894780904360648,33e0602dae1f4e0fa043d41d96788f8b98637f2f514b222dc7e2076134827d1b
datasets/cristinakaufalt/kleineergebnisse/audit/DATA_PROTOCOL.json,309,1786894780975625423,41cf0fe0fd91836811f1ef23a715f451a8d380feb0ae5413fad050358690aba2
datasets/cristinakaufalt/kleineergebnisse/audit/DOM_20K_200K_GATE_FREEZE.json,682,1786894780975424754,531e79c4aadee99009530f51d4a866474fe7cd3bce92fe125d203bd78350bf7c
datasets/cristinakaufalt/kleineergebnisse/audit/EXPERIMENT_REGISTRY.json,2237,1786894780979592929,2af549eb86b38e81c2ca1726ff86f5cc15cfe820cbef291bbf9e1176d3c90938
datasets/cristinakaufalt/kleineergebnisse/audit/INPUT_RESOLUTION.json,755,1786894781001540843,7c3cc8f437ef3ed6a9bd8d538bb31ccbde302934a14b3c92bd1fa84e6074fb80
datasets/cristinakaufalt/kleineergebnisse/audit/SSL20_REPRESENTATION_FREEZE.json,281,1786894780902042758,1cc91203d58e86fc0c9ece2e2aa1048afba904336923bcb51c053ede9964f22b
datasets/cristinakaufalt/kleineergebnisse/audit/SSL_REPRESENTATION_SOURCES.json,1027,1786894781150262170,77682d2f8f90fbd8ff1b2c174cdc07068bb3a0b8651e9d95807f0f5803d06e7c
datasets/cristinakaufalt/kleineergebnisse/audit/V7_2_SYSTEM_FREEZE.json,1567,1786894781007595906,a3e27c5b919b560d8851da7df7ceeb70ae7907b524583f3c0acb08092b535165
datasets/cristinakaufalt/kleineergebnisse/audit/V7_PROTOCOL_FREEZE.json,661,1786894781161788560,b541749e28621c7d4c30b67315e834b65782ee73a9bfd6b95c49ee4005033d1c
datasets/cristinakaufalt/kleineergebnisse/results/RESEARCH_QUESTION_EVIDENCE_v7_2.json,2416,1786894781003392238,ba89d57ee7dbabff31b2875f2c58ee275dc1b85888ca3f2d75733d47b2675f54
datasets/cristinakaufalt/kleineergebnisse/results/RQ_FF1_20K_REPRESENTATION_AGG.csv,49184,1786894781240380727,95b7530042a25fecc2bb03edab488b9876beb1bf53b3beec51aacc97d99806cb
datasets/cristinakaufalt/kleineergebnisse/results/RQ_FF1_20K_REPRESENTATION_ALL_SEEDS.csv,512457,1786894781644403107,b5fed05f267cb4c19c84fa0d2338f03c701c7cba32e66e0a1604a0aef0a0d3df
datasets/cristinakaufalt/kleineergebnisse/results/RQ_FF1_PAIRED_STATS_20K.csv,5026,1786894780974060657,38926ff712a208cd497a4064b38d9f30d8607bcb71dc63883de7834306f06104
datasets/cristinakaufalt/kleineergebnisse/results/RQ_FF1_PRIMARY_20K.csv,1129,1786894780988235710,1c14c567739323cc86da628a78d95a71782dbb76f65e3156820f8978a684c5d2
datasets/cristinakaufalt/kleineergebnisse/results/RQ_FF2_DOWNSTREAM_MECHANISM_20K.csv,1129,1786894781184241404,1c14c567739323cc86da628a78d95a71782dbb76f65e3156820f8978a684c5d2
datasets/cristinakaufalt/kleineergebnisse/results/RQ_FF2_FF3_DEEP_20K_200K_FINAL.csv,55893,1786894781006410607,cddd0325ad8a569752464d1d3dfa2aebcf7879452fc3e52394000edc39d2429d
datasets/cristinakaufalt/kleineergebnisse/results/RQ_FF2_LABEL_SCALE_DEV.csv,1184,1786894781161340077,ba2e582a25b445e58955f725158a97fb71c0d46cd9f866bf7baca46806967f51
datasets/cristinakaufalt/kleineergebnisse/results/RQ_FF2_LABEL_SCALE_R0_R1_20K_200K.csv,1116,1786894780980003369,e3ccc724672c5bffbb1d85feb343b52eabd0fe4425e01d4fc8c88a073e3c25b8
datasets/cristinakaufalt/kleineergebnisse/results/RQ_FF2_R0_R1_DIRECT_DELTAS.csv,351,1786894781180407053,c2254229b329d476bedb1548fbb90b5d05d9b9082a69fca7b6026f115494b5fb
datasets/cristinakaufalt/kleineergebnisse/results/RQ_FF3_20K_REPRESENTATIONS_SHIFT_LOWFPR.csv,444734,1786894781027157400,db0bc999a31a6ff4197beb3c81dc0af0bc22a15f2eaf9a43a7d1e0c48a5332fd
datasets/cristinakaufalt/kleineergebnisse/results/RQ_FF3_20K_REPRESENTATIONS_SHIFT_LOWFPR_AGG.csv,40356,1786894781006090413,a7ee2df6fd556771a247b5369667bca9387ca2a56b70e847887f03b2511e46e5
datasets/cristinakaufalt/kleineergebnisse/results/RQ_FF3_SECONDARY_200K_SYSTEM_SHIFT_LOWFPR.csv,9481,1786894781166447002,cdf9ae4edb1a0364a7c3de8a7c4a1028883dd0de9f9cbe2e927665100c72da79
datasets/cristinakaufalt/kleineergebnisse/results/RQ_FF4_DOM_20K_200K_DEV.csv,1242,1786894780970083673,f2472a0e8726df6bdf743cbb81badcdf8d1281933651e6c0382d88debf2d3d82
datasets/cristinakaufalt/kleineergebnisse/results/RQ_FF4_DOM_FUSION_20K_200K_AND_CASCADE_FINAL.csv,176610,1786894781006440728,a038c5afe5271a5d11a9263097001294be2c9652fc1cd1d1f43d73cad960eda3
datasets/cristinakaufalt/kleineergebnisse/results/RQ_FF4_DOM_PRIMARY_20K_200K.csv,1108,1786894780972894339,0f4ba86b57de1eb704344553d18e20b0dffeea53123b4f79093466fca8b0ee0c
datasets/cristinakaufalt/kleineergebnisse/results/RQ_FF4_FUSION_BRANCH_20K_200K_DEV.csv,4157,1786894780921787823,f01e4223dad91e1c1571f01c75b670d6516d2f0c616835ab16dbccaa67c21fe2
datasets/cristinakaufalt/kleineergebnisse/results/RQ_FF4_FUSION_PRIMARY_20K_200K.csv,4659,1786894780970018723,f736010a7fceb6c10896ea301faad139744055fc18b6db741ac34d7153238879
datasets/cristinakaufalt/kleineergebnisse/results/SSL20_REPRESENTATION_SELECTION_DEV.csv,411,1786894781159128917,27704a9fa6a79ad63441e8d5904d318b6b7c08b480818579b3d7074f91798970
datasets/cristinakaufalt/mulitmodaldeep/FINAL_DEEPMULTI_EVIDENCE.json,311,1786894784769857877,cb37d820166653fde56be3053eed8d3165018788920e87494a8b75e9dbbd198d
datasets/cristinakaufalt/mulitmodaldeep/FINAL_DEEPMULTI_EVIDENCE.md,5071,1786894787070610858,edf2bc152d52fc625c376896aed90e78839d2876070e91c1101688240970e0a1
datasets/cristinakaufalt/mulitmodaldeep/audit/AL25_LABEL_AUDIT.csv,849,1786894787533745596,6bfc4c6b10629fa8b71ab0ca151bf2402d25607bf6d0615deba54faae137e95a
datasets/cristinakaufalt/mulitmodaldeep/audit/COMPLETE.json,50,1786894787503701329,b6bd5fa7d5d42ab38d884d50df72a05f92d16696810837474bffeaa3610f55b2
datasets/cristinakaufalt/mulitmodaldeep/audit/DEEPMULTI_SCORE_MANIFEST.csv,697,1786894787567279071,12d293f6bd4e12af2843903c048d8c21e5dbe9fd10bbf2e2fbf3d84bd26c88c9
datasets/cristinakaufalt/mulitmodaldeep/audit/FROZEN_FUSION_WEIGHTS.json,265,1786894787459779198,2689d8ebf9315cfe377f862e00e2839a878bec246b9e34b9aeddd522de7f26ea
datasets/cristinakaufalt/mulitmodaldeep/audit/INPUT_PROVENANCE_SHA256.csv,393,1786894787673939027,775d089afab1aeab2782b0c5fe31e07eb58c38b933c74a0116ddfdf12822a692
datasets/cristinakaufalt/mulitmodaldeep/audit/SCENARIO_AUDIT.csv,140,1786894787498687199,9c1e86ad1f3e59476343b62c9f9c1e6aecaf098fbc3606fc133af91f08e7bc33
datasets/cristinakaufalt/mulitmodaldeep/audit/STRUCT_FEATURE_COLUMNS.csv,656,1786894787534827585,9b63ff91c7d642205ff6f06bf2063b50c3c6f3899bca637098ac19a4ce91f512
datasets/cristinakaufalt/mulitmodaldeep/audit/TEXT_REPRESENTATION_AUDIT.csv,206,1786894787530406935,d36cd154f0460b691620b5473e83b0cdd032a376f55eb168e224465d9343bbc3
datasets/cristinakaufalt/mulitmodaldeep/cache/calibration_seq.npz,174056,1786894787867471839,f5f8c59cb5cb068c102b6fff12f1388f8ddc7a34e38e55f458f5569891b6a623
datasets/cristinakaufalt/mulitmodaldeep/cache/holdout_seq.npz,980414,1786894790110780030,8106b75e39ea31ec38b98567217fa745e20720989b6f318fdea121733d649bff
datasets/cristinakaufalt/mulitmodaldeep/cache/iid_seq.npz,398470,1786894787350666820,f7228210d4f0d1cd2284ce02d70edf064e2ee43d7cf12eb602814e45ff62b039
datasets/cristinakaufalt/mulitmodaldeep/cache/train_seq.npz,534760,1786894787981369602,f9a15a9cda2f187c96ab2beef2c7ec88cabbc907d45e820d3fc697006d7b2076
datasets/cristinakaufalt/mulitmodaldeep/figures/FIG01_DEEPMULTI_RECALL.png,111111,1786894787108586738,a6af9eef19fa22ee87c171defab8cf2637d7f76331e7e1d5d50700c0aa31a744
datasets/cristinakaufalt/mulitmodaldeep/models/DEEPMULTI_AL25_seed242.pt,729501,1786894788453776992,02c8c7c0568e2d6e6b5e845dc6642a14fa45f1d0c9919fbce88d3e5c97dbcb0a
datasets/cristinakaufalt/mulitmodaldeep/models/DEEPMULTI_AL25_seed252.pt,729501,1786894789675747072,ca17016bf2a0c3e2b4c87e56155e0af5c2db5fd7405017eba37a0cca6d50e898
datasets/cristinakaufalt/mulitmodaldeep/models/DEEPMULTI_AL25_seed262.pt,729501,1786894788047190755,156e4843df2a9a4f88ed447807429f49e683b0b857fce1da8b3d43a7c95af0bd
datasets/cristinakaufalt/mulitmodaldeep/models/DEEPMULTI_AL25_seed272.pt,729437,1786894788473760835,173d493f8ffe9dfae37f9adefb26fadbac87700c4a3676f90e0f3684a192321e
datasets/cristinakaufalt/mulitmodaldeep/models/DEEPMULTI_AL25_seed282.pt,729501,1786894788025818273,95eaf5c2a0fdc6f1db6287cd1283c6011651f5028f4470edc8023873ec1ccf56
datasets/cristinakaufalt/mulitmodaldeep/models/DEEPMULTI_AL25_seed42.pt,729343,1786894788467966739,fd3ce7a2ea7781d71bb839d70c3d8d99d103f61e364bbd5c56751c0492aa97cd
datasets/cristinakaufalt/mulitmodaldeep/models/DEEPMULTI_AL25_seed52.pt,729343,1786894788033492196,d35eac8270b3168de000154e1004b507a8851ead8973374d5307bdd2095913f8
datasets/cristinakaufalt/mulitmodaldeep/models/DEEPMULTI_AL25_seed62.pt,729343,1786894787761663313,5cf6e8cfa34612bfa4d7d4f5759cb6ad8ac8adf96f0b813ac05f5570828af9c5
datasets/cristinakaufalt/mulitmodaldeep/models/DEEPMULTI_AL25_seed72.pt,729343,1786894787574131566,fe69bc2923331dbce4fef17ac49dc04a6564b5c80266204b4fe7dd174fbfa42d
datasets/cristinakaufalt/mulitmodaldeep/models/DEEPMULTI_AL25_seed82.pt,729407,1786894789564043879,6da6f29ed401a69eb4729def20dabe30536b3cab138da01895060b9f2479e910
datasets/cristinakaufalt/mulitmodaldeep/scores/DEEPMULTI_AL25_seed242.npz,45955,1786894787336766067,95fb0e8895b2a1f10313b8b1209ba85deb334c7816ad0d2fb386aaca2f4cffdb
datasets/cristinakaufalt/mulitmodaldeep/scores/DEEPMULTI_AL25_seed252.npz,46562,1786894787393998399,bc72163c68bcd7691a298be8d3fb4e889e7fa6120ebe5dc52b765812673553ab
datasets/cristinakaufalt/mulitmodaldeep/scores/DEEPMULTI_AL25_seed262.npz,46425,1786894787488680742,1e094be4fffd25d52233c2bbeef327e0b447b5571f50cb7cdae2c98392c4bd40
datasets/cristinakaufalt/mulitmodaldeep/scores/DEEPMULTI_AL25_seed272.npz,45032,1786894787501470691,236a0e165adc7cc94e1e5f6082106e85182736a85310f4e125d892762ef74965
datasets/cristinakaufalt/mulitmodaldeep/scores/DEEPMULTI_AL25_seed282.npz,45614,1786894787503526306,f0f563cb37b909282a33c1e8d8dfa0fc9702b17170e6f5ae3d05cd9abee4c594
datasets/cristinakaufalt/mulitmodaldeep/scores/DEEPMULTI_AL25_seed42.npz,44936,1786894787545727359,cd3d78eaa4e5061272a5728a132b57112d3acc929a7408ed4ff4892b0ca2af18
datasets/cristinakaufalt/mulitmodaldeep/scores/DEEPMULTI_AL25_seed52.npz,45771,1786894787533075163,07c87f19a82f8139d174ea9bba118c83da969c4f7fcf36cd01310c937f694bd5
datasets/cristinakaufalt/mulitmodaldeep/scores/DEEPMULTI_AL25_seed62.npz,45389,1786894787515742203,84ebe669b5db0766c38893636ea5bf0625cc0c99151024c485261abfb38842a6
datasets/cristinakaufalt/mulitmodaldeep/scores/DEEPMULTI_AL25_seed72.npz,45191,1786894787511541118,df74704cec662ab75c35cc16b1f6216620be596b76e2e56d80b68873ce1a8cb2
datasets/cristinakaufalt/mulitmodaldeep/scores/DEEPMULTI_AL25_seed82.npz,44355,1786894787488465173,9d59c14eb00e83b8a2eadc47f3f386a778ad896b6e1f7fa8ed8fcfc70b713c4d
datasets/cristinakaufalt/mulitmodaldeep/tables/DEEPMULTI_EPOCH_SELECTION.csv,8108,1786894787541386943,daed084055a8158a1eb4ce2f001a64053ffa810f6276ecd0bcf6ecb8c4dc66bd
datasets/cristinakaufalt/mulitmodaldeep/tables/DEEPMULTI_PERFORMANCE_LONG.csv,155316,1786894787751151667,845401a4d36c2d720af57e63e93fafbaaa6abb81dabbd418ce439f9d8be95162
datasets/cristinakaufalt/mulitmodaldeep/tables/DEEPMULTI_REPLICATION5_DIRECTION.csv,612,1786894787248750903,7389358212e6ec711cd49d63ba594e59fd10c285d6e6ab98847308aed5aca9b0
datasets/cristinakaufalt/mulitmodaldeep/tables/DEEPMULTI_RESOURCE_PROFILE.csv,88,1786894787491269325,57c652f886c569711bd0a00aee298f39ee42dd484630b6463310127d045cd1a1
datasets/cristinakaufalt/mulitmodaldeep/tables/DEEPMULTI_STATS_HOLM9.csv,1269,1786894787514937977,d9993bbcf8ecf5f39041bd90ef17d1e159c0beb6129e41ec7ef3f3ea246129e0
datasets/cristinakaufalt/mulitmodaldeep/tables/DEEPMULTI_STRESS_PER_SEED.csv,16884,1786894787527398768,4ecc69011b14a5871d87c9a04a51d1c0f906c7db383aa1ec93276d246170e7ea
datasets/cristinakaufalt/mulitmodaldeep/tables/DEEPMULTI_SYSTEM_SUMMARY.csv,1904,1786894787598455776,386db9ef151832b79a5acd09619c5ed54db465a2e73a9a3edaa36987b97238f8
datasets/cristinakaufalt/mulitmodaldeep/tables/DEEPMULTI_TRAIN_LOG.csv,704,1786894787552587322,a97d29ae6143f801d8936e1ead2a6f180b84a47eb599da75209bc311ca6d8ae7
datasets/cristinakaufalt/mulitmodaldeep/tables/FINAL_DEEP_ARCHITECTURE_DECISION.csv,322,1786894787649318502,335baf1987e8404d959f4ac2ad69420a0ac8c303190117c40a8dac7bcd9cdfe6
datasets/cristinakaufalt/mulitmodaldeep/tables/FUSION_WEIGHT_SELECTION_ORIGINAL5_IID_ONLY.csv,2418,1786894787514529912,4da9b3d9920e9a7c58de8cffd18b9b2faa8fc3f50a1ac016d0b50a7d37cd26b2
datasets/cristinakaufalt/newdataset/__huggingface_repos__.json,230,1786894786657937427,7ebe7bb279b6ef977910ef693128da76096b999934e0928a28b748c731584899
datasets/cristinakaufalt/newdataset/phreshphish_v8_4_FINAL/V8_3_WORKROOT_MARKER.json,87,1786894787529559245,2718e0a26d14792272321d617a2d23b6fd2982c93b93aa73c478063fd5597985
datasets/cristinakaufalt/newdataset/phreshphish_v8_4_FINAL/V8_4_RESUME_STATUS.json,351,1786894787465606909,3b3b714321090252e9edf8f3ecfecc7e3aafe2b9f8f3d8e1a0618d6957428247
datasets/cristinakaufalt/newdataset/phreshphish_v8_4_FINAL/V8_4_WORKROOT_MARKER.json,87,1786894787563880408,2718e0a26d14792272321d617a2d23b6fd2982c93b93aa73c478063fd5597985
datasets/cristinakaufalt/newdataset/phreshphish_v8_4_FINAL/audit/DATA_PROTOCOL.json,326,1786894787416140452,06919923ef483033c114f9a974ee720dc936c52203103885d765d3c5f4368e02
datasets/cristinakaufalt/newdataset/phreshphish_v8_4_FINAL/audit/DEEP_N3_SCORE_SOURCES.csv,929,1786894787485271139,e321f96156519b01e8eed0490b2d18c68ee79d544ff8c46acbfcaa32d65cba3a
datasets/cristinakaufalt/newdataset/phreshphish_v8_4_FINAL/audit/INPUT_RESOLUTION.json,870,1786894787493423297,18fbed743416fb7e85cdb398293833a9d9421c1b1883e31c6436b0950ef9eb56
datasets/cristinakaufalt/newdataset/phreshphish_v8_4_FINAL/audit/LABEL_BUDGET_PROTOCOL.json,433,1786894787460864165,1e31139372bd8e327033b5fa1eb62a4ff986529374ca07132a72cbff772803aa
datasets/cristinakaufalt/newdataset/phreshphish_v8_4_FINAL/audit/LABEL_REPLICATE_OVERLAP.csv,2135,1786894787502289709,81356bd81c45f8a396897fb5f71cf214800ff5b5e823057be7576d77c5c7e4f7
datasets/cristinakaufalt/newdataset/phreshphish_v8_4_FINAL/audit/STATISTICAL_INFERENCE_PROTOCOL.json,904,1786894787569571973,096c1b6bd76869b52df1e7b17dd0ce7d9c7ebd57445ca54cf54de8fd6e3a6397
datasets/cristinakaufalt/newdataset/phreshphish_v8_4_FINAL/audit/V8_PROTOCOL.json,1640,1786894787468997758,5823a7b2e4a059f6e5c19a41bd5c4167667bd8887a0f862c0d99d623daa769d8
datasets/cristinakaufalt/newdataset/phreshphish_v8_4_FINAL/audit/XGB_LOW_FPR_RESOLUTION_AUDIT.csv,10505,1786894787528769244,e04697449aa5de986f308ced074510b15c540004a17f90b63a029ab666f512ce
datasets/cristinakaufalt/newdataset/phreshphish_v8_4_FINAL/audit/XGB_TFIDF_FEATURE_AUDIT.json,482,1786894787488233533,91ebff3696a12ebf5d2e821a0b053c1b2c4cccc2fd4b03e4d2d21a35c95b17a8
datasets/cristinakaufalt/newdataset/phreshphish_v8_4_FINAL/checkpoints/CURVE/run0/R0/B10000/linear.npz,6660,1786894787619356037,8176bfea0a7ddfe24f58040d00dc887841efc165b7df98cebcaa2ad003287090
datasets/cristinakaufalt/newdataset/phreshphish_v8_4_FINAL/checkpoints/CURVE/run0/R0/B10000/mlp.pt,1577299,1786894788741633920,716edcb7da00857f8ab44ff5d00faa259ab3ec06623354cb53a10b4da422a035
datasets/cristinakaufalt/newdataset/phreshphish_v8_4_FINAL/checkpoints/CURVE/run0/R0/B100000/linear.npz,6660,1786894787520584119,caf5f60574032e33df853529049100b72d974994b83e26ab69e3b8ef2613fbe8
datasets/cristinakaufalt/newdataset/phreshphish_v8_4_FINAL/checkpoints/CURVE/run0/R0/B100000/mlp.pt,1577299,1786894788790196128,96d9b99a8b3dc5f55c8cfd121183a99f177ad41932668655e9ccf39c73a4dc82
datasets/cristinakaufalt/newdataset/phreshphish_v8_4_FINAL/checkpoints/CURVE/run0/R0/B2000/linear.npz,6660,1786894787681462587,36c44acc051b8c23e87d8dbe5d7944d675b8231fd9211b156324aad10aa21272
datasets/cristinakaufalt/newdataset/phreshphish_v8_4_FINAL/checkpoints/CURVE/run0/R0/B2000/mlp.pt,1577299,1786894789028226818,44e2dbe3848d5f21af53bfa1d914231135d7768be40351242ed56f443d83ab1c
datasets/cristinakaufalt/newdataset/phreshphish_v8_4_FINAL/checkpoints/CURVE/run0/R0/B20000/linear.npz,6660,1786894787531271820,81c0a2563b8b6b724101cb98846ea5bf51d947b71954d0fa4e1bcbe110ad262d
datasets/cristinakaufalt/newdataset/phreshphish_v8_4_FINAL/checkpoints/CURVE/run0/R0/B20000/mlp.pt,1577299,1786894788904337314,416aefda7f4216627d7b1de69ec57cf07dba2e6b7fe34266cd91b8796211e1fb
datasets/cristinakaufalt/newdataset/phreshphish_v8_4_FINAL/checkpoints/CURVE/run0/R0/B200000/linear.npz,6660,1786894787542995209,f0f2c7bc1f5191e544cfd2da951b43d94244299eab2dad52d02363a2f154a39e
datasets/cristinakaufalt/newdataset/phreshphish_v8_4_FINAL/checkpoints/CURVE/run0/R0/B200000/mlp.pt,1577299,1786894788952891551,4765cb73fac903d8be239aad09da63c19ec4753cafcbe938d7e9a738128d64f5
datasets/cristinakaufalt/newdataset/phreshphish_v8_4_FINAL/checkpoints/CURVE/run0/R0/B5000/linear.npz,6660,1786894787469760407,a7e6276721e92ac4211f84baa450bc69541fcbacfc1f9eb85b82c29f3d7fe174
datasets/cristinakaufalt/newdataset/phreshphish_v8_4_FINAL/checkpoints/CURVE/run0/R0/B5000/mlp.pt,1577299,1786894788994144295,bd8f8b821ec961e885b740ebb8aff46fd7fb2a5e821e68cb767b282b4c0de9ae
datasets/cristinakaufalt/newdataset/phreshphish_v8_4_FINAL/checkpoints/CURVE/run0/R0/B50000/linear.npz,6660,1786894787545050832,4dd6a498ac08629d990e140f92c510630cd1e04255e470d726cd80f8f526d33e
datasets/cristinakaufalt/newdataset/phreshphish_v8_4_FINAL/checkpoints/CURVE/run0/R0/B50000/mlp.pt,1577299,1786894789223020156,0656ea41cf684c5a574e29c6ee200b8fb9ccac1b1dd3f8730b31dfa04fd77909
datasets/cristinakaufalt/newdataset/phreshphish_v8_4_FINAL/checkpoints/CURVE/run0/R1/B10000/linear.npz,6660,1786894787643544295,ada4705736cf4661a2b1d92f8b06b0d781c19a9e1f4b83974f46a572194a2b5c
datasets/cristinakaufalt/newdataset/phreshphish_v8_4_FINAL/checkpoints/CURVE/run0/R1/B10000/mlp.pt,1577299,1786894792706002059,4e9daef10f46c260d4d79f703c27fccfd9d1d15880b5b44eae4b8d5b7e240487
datasets/cristinakaufalt/newdataset/phreshphish_v8_4_FINAL/checkpoints/CURVE/run0/R1/B100000/linear.npz,6660,1786894787508815150,8381b3dbe57279a56a35890095a4456558e55052c91fe7dabf5c94b08eee1a85
datasets/cristinakaufalt/newdataset/phreshphish_v8_4_FINAL/checkpoints/CURVE/run0/R1/B100000/mlp.pt,1577299,1786894789023644869,88b9b1cab50fc61149bc3ec251a863f5cfab078dfab6290771af84c375791f5d
datasets/cristinakaufalt/newdataset/phreshphish_v8_4_FINAL/checkpoints/CURVE/run0/R1/B2000/linear.npz,6660,1786894787622851915,26744d5815f67770e7ecd8fa8c6db1bd774f7bb05bdf1c6b4e0c1bedaf915fea
datasets/cristinakaufalt/newdataset/phreshphish_v8_4_FINAL/checkpoints/CURVE/run0/R1/B2000/mlp.pt,1577299,1786894788874280147,95be0ecd2dcff93027d8c2458dfa5d056817dc1c07054287d154de46c7268fb4
datasets/cristinakaufalt/newdataset/phreshphish_v8_4_FINAL/checkpoints/CURVE/run0/R1/B20000/linear.npz,6660,1786894787473663777,9350572794b21db68a7001cf55384c9b354b952b10ea38d239e5663ad31e57fb
datasets/cristinakaufalt/newdataset/phreshphish_v8_4_FINAL/checkpoints/CURVE/run0/R1/B20000/mlp.pt,1577299,1786894790140238305,23810cbf9f5620363935375a85df7b5bbb0e4f5fb20c95b87a13c59bc2378476
datasets/cristinakaufalt/newdataset/phreshphish_v8_4_FINAL/checkpoints/CURVE/run0/R1/B200000/linear.npz,6660,1786894787540746886,ece91fd9ba97a1e9fe770792d70bbf1279dee0f4d2c455c8be41ea27532c3cdb
datasets/cristinakaufalt/newdataset/phreshphish_v8_4_FINAL/checkpoints/CURVE/run0/R1/B200000/mlp.pt,1577299,1786894788746783702,a7e22fe868e8e293253392ca936c6bc570279968f294291438a5bf6ef32bfda6
datasets/cristinakaufalt/newdataset/phreshphish_v8_4_FINAL/checkpoints/CURVE/run0/R1/B5000/linear.npz,6660,1786894787577682535,a38a8285b07edb4602f233d096cebab3af2124fcd9c09b9704dc5f3e1e646920
datasets/cristinakaufalt/newdataset/phreshphish_v8_4_FINAL/checkpoints/CURVE/run0/R1/B5000/mlp.pt,1577299,1786894790815463610,1baa873c8c98e295bd6d78545402b29e7461366bd1a787f42ecd3eb2e60eeec9
datasets/cristinakaufalt/newdataset/phreshphish_v8_4_FINAL/checkpoints/CURVE/run0/R1/B50000/linear.npz,6660,1786894787533547868,03b4456cfbb6342a600c3f96fa15880ada7abde4df70eb3c2757c8e21f3c1730
datasets/cristinakaufalt/newdataset/phreshphish_v8_4_FINAL/checkpoints/CURVE/run0/R1/B50000/mlp.pt,1577299,1786894789038976576,0d88fa38ba093e28777a83368d7b66a0811bb981cfb78bcd7d78f244e176686d
datasets/cristinakaufalt/newdataset/phreshphish_v8_4_FINAL/checkpoints/CURVE/run1/R0/B10000/linear.npz,6660,1786894787582183288,45150c5dae0be481a5e54080cbe914f4b66162861d66aacb5e5f22eea9b66c40
datasets/cristinakaufalt/newdataset/phreshphish_v8_4_FINAL/checkpoints/CURVE/run1/R0/B10000/mlp.pt,1577299,1786894789021514393,18767a00323a14d48f51764e15c6d315a381836c83f1510b0ead86a9e49a2b38
datasets/cristinakaufalt/newdataset/phreshphish_v8_4_FINAL/checkpoints/CURVE/run1/R0/B100000/linear.npz,6660,1786894787556921437,c060e2f491f6f323b1ef67ecd387ff8648abb58bc759b2ceb29f1d4ba1abb760
datasets/cristinakaufalt/newdataset/phreshphish_v8_4_FINAL/checkpoints/CURVE/run1/R0/B100000/mlp.pt,1577299,1786894788879128038,99a59e37cc75072ee581fe417f2f76a692766eb6b6716d5d58bc365afe95a2c2
datasets/cristinakaufalt/newdataset/phreshphish_v8_4_FINAL/checkpoints/CURVE/run1/R0/B2000/linear.npz,6660,1786894787543186985,9fc4726f12d6d59fa6f233392a6a991dae5f75fbbf2a03bcccc7abcecf4fbdc5
datasets/cristinakaufalt/newdataset/phreshphish_v8_4_FINAL/checkpoints/CURVE/run1/R0/B2000/mlp.pt,1577299,1786894788864963300,efd9931a7bbd18ec2c59d4276056a01530450f8a55e3c29a3bafa634b1bfc4ae
datasets/cristinakaufalt/newdataset/phreshphish_v8_4_FINAL/checkpoints/CURVE/run1/R0/B20000/linear.npz,6660,1786894787571916318,3a67f7330b96da37433b7c7a8ec3ebe79a68a1cdbf77ad8b4bdeaa4f282f547f
datasets/cristinakaufalt/newdataset/phreshphish_v8_4_FINAL/checkpoints/CURVE/run1/R0/B20000/mlp.pt,1577299,1786894788950958677,67b20c940738b0ad3dd620d2b33a8b0fddf95bf5fd1ee303af5968038266c651
datasets/cristinakaufalt/newdataset/phreshphish_v8_4_FINAL/checkpoints/CURVE/run1/R0/B200000/linear.npz,6660,1786894787485549288,f0f2c7bc1f5191e544cfd2da951b43d94244299eab2dad52d02363a2f154a39e
datasets/cristinakaufalt/newdataset/phreshphish_v8_4_FINAL/checkpoints/CURVE/run1/R0/B200000/mlp.pt,1577299,1786894790328876665,e3923b94174a69bb2813cdbcba23254f8d96113189f23f50a5510c196585e7e0
datasets/cristinakaufalt/newdataset/phreshphish_v8_4_FINAL/checkpoints/CURVE/run1/R0/B5000/linear.npz,6660,1786894787532170061,8c0d932405cc5e9895cd795be02928e236ff12b5d21f4f536d18181036d5b5ea
datasets/cristinakaufalt/newdataset/phreshphish_v8_4_FINAL/checkpoints/CURVE/run1/R0/B5000/mlp.pt,1577299,1786894788847009986,63b91244a7aaa0f1e1c2864eccc918021e275eb8682bc2ba0c851f4547df5202
datasets/cristinakaufalt/newdataset/phreshphish_v8_4_FINAL/checkpoints/CURVE/run1/R0/B50000/linear.npz,6660,1786894787497128237,7cc9e271d3d334f4c5e785642aa2b919ae893d415338c31a19d47997755a68f2
datasets/cristinakaufalt/newdataset/phreshphish_v8_4_FINAL/checkpoints/CURVE/run1/R0/B50000/mlp.pt,1577299,1786894788926008611,2ed2a31ea07a1864171600f5a4f45c81d2297778e9069e020a31cc2531fa4a9e
datasets/cristinakaufalt/newdataset/phreshphish_v8_4_FINAL/checkpoints/CURVE/run1/R1/B10000/linear.npz,6660,1786894787595103338,b3f81e4f1c737cd2e5008e2d2fc6cb2aaf06fd2b1a34dde54908b198ca110a13
datasets/cristinakaufalt/newdataset/phreshphish_v8_4_FINAL/checkpoints/CURVE/run1/R1/B10000/mlp.pt,1577299,1786894788940853048,50945c630f7bef8f44947161e10cd4d6e422240bd833cebd72825ba4376a7ed9
datasets/cristinakaufalt/newdataset/phreshphish_v8_4_FINAL/checkpoints/CURVE/run1/R1/B100000/linear.npz,6660,1786894787578121032,2618020db921954065f921c6a2e42f83fa51d9e0e26e749af19f0b852649942a
datasets/cristinakaufalt/newdataset/phreshphish_v8_4_FINAL/checkpoints/CURVE/run1/R1/B100000/mlp.pt,1577299,1786894788879806402,a2728446af0ca410223fcc03f3966d1dc63afe0e92ba1192b00b737850d7649c
datasets/cristinakaufalt/newdataset/phreshphish_v8_4_FINAL/checkpoints/CURVE/run1/R1/B2000/linear.npz,6660,1786894787750514138,8947d4db3ebd15e732f268a1b557d5ea7241779e387b2362233f1d3028e7ee48
datasets/cristinakaufalt/newdataset/phreshphish_v8_4_FINAL/checkpoints/CURVE/run1/R1/B2000/mlp.pt,1577299,1786894788976960271,abe59faf6d8f3c79638991903ca7f4ad0e22bb963d80afcc90b0dd1d9eecb60a
datasets/cristinakaufalt/newdataset/phreshphish_v8_4_FINAL/checkpoints/CURVE/run1/R1/B20000/linear.npz,6660,1786894787638288675,c8119b318f50d01271f4af983fdaac83ba62a09a426372abba3226653be52803
datasets/cristinakaufalt/newdataset/phreshphish_v8_4_FINAL/checkpoints/CURVE/run1/R1/B20000/mlp.pt,1577299,1786894789332561343,a1a99905db47ccb329a8f115655e32eca19b9646a201d038f244c45efa13b679
datasets/cristinakaufalt/newdataset/phreshphish_v8_4_FINAL/checkpoints/CURVE/run1/R1/B200000/linear.npz,6660,1786894787608153118,ece91fd9ba97a1e9fe770792d70bbf1279dee0f4d2c455c8be41ea27532c3cdb
datasets/cristinakaufalt/newdataset/phreshphish_v8_4_FINAL/checkpoints/CURVE/run1/R1/B200000/mlp.pt,1577299,1786894790905354591,7dea026757e0f9effb5e12dffea5b459feb749b90623b662f772b5abe23c105e
datasets/cristinakaufalt/newdataset/phreshphish_v8_4_FINAL/checkpoints/CURVE/run1/R1/B5000/linear.npz,6660,1786894787486209797,a0e06f9c8a6d912406e2928e6e570262bcec594e33314986a9f6e689156ca316
datasets/cristinakaufalt/newdataset/phreshphish_v8_4_FINAL/checkpoints/CURVE/run1/R1/B5000/mlp.pt,1577299,1786894790452780719,6f4e8688fd00afff528a220084053b76ce37b66541edd4cdf9a88b21a1b69bb6
datasets/cristinakaufalt/newdataset/phreshphish_v8_4_FINAL/checkpoints/CURVE/run1/R1/B50000/linear.npz,6660,1786894787470458365,56d3d1f8f4d45316c433f4dbe1c2980bc0599978efac41ab6e78ac16c4f445eb
datasets/cristinakaufalt/newdataset/phreshphish_v8_4_FINAL/checkpoints/CURVE/run1/R1/B50000/mlp.pt,1577299,1786894792606941142,3f7da6a800956e0371317637fa7de9b94188a698f7e92a7aa8eb82a509181965
datasets/cristinakaufalt/newdataset/phreshphish_v8_4_FINAL/checkpoints/CURVE/run2/R0/B10000/linear.npz,6660,1786894787492895883,36a7904203fbe18af55e0dbfac0007e147209e47413c3b72a488639d75bf5052
datasets/cristinakaufalt/newdataset/phreshphish_v8_4_FINAL/checkpoints/CURVE/run2/R0/B10000/mlp.pt,1577299,1786894788965916216,5692ad6ea6fbd5a25d971ea37ff5eaf1b4b8dc5c2e1d131314840d9da78627b1
datasets/cristinakaufalt/newdataset/phreshphish_v8_4_FINAL/checkpoints/CURVE/run2/R0/B100000/linear.npz,6660,1786894787535991708,c59f60d2bcbdca789b863e1122391ab0d6619601d2916a69724ea8a925a3a59c
datasets/cristinakaufalt/newdataset/phreshphish_v8_4_FINAL/checkpoints/CURVE/run2/R0/B100000/mlp.pt,1577299,1786894789034853416,1abdd662c343d487743ad3e2664d3333d45b5085715029289ada3780857e3b33
datasets/cristinakaufalt/newdataset/phreshphish_v8_4_FINAL/checkpoints/CURVE/run2/R0/B2000/linear.npz,6660,1786894787647601929,cfc65031ea9586ce15a3e842240cfbeba3679f0795277199e28d2563d17432bf
datasets/cristinakaufalt/newdataset/phreshphish_v8_4_FINAL/checkpoints/CURVE/run2/R0/B2000/mlp.pt,1577299,1786894789537329485,82ecded219f667b3f4bff61bcbc5e35f3ec654a28136aaf3aeb665f22e739642
datasets/cristinakaufalt/newdataset/phreshphish_v8_4_FINAL/checkpoints/CURVE/run2/R0/B20000/linear.npz,6660,1786894787677988930,7d1ca1f377bfd3afce03a598cef66c6effe881ea20ec03bab4f2cb775c4c7a75
datasets/cristinakaufalt/newdataset/phreshphish_v8_4_FINAL/checkpoints/CURVE/run2/R0/B20000/mlp.pt,1577299,1786894789549364533,3b02276c0759d7ec90c5988e612b2d9d56f60467dbe5244ecde6980c13c55ebe
datasets/cristinakaufalt/newdataset/phreshphish_v8_4_FINAL/checkpoints/CURVE/run2/R0/B200000/linear.npz,6660,1786894787647042970,f0f2c7bc1f5191e544cfd2da951b43d94244299eab2dad52d02363a2f154a39e
datasets/cristinakaufalt/newdataset/phreshphish_v8_4_FINAL/checkpoints/CURVE/run2/R0/B200000/mlp.pt,1577299,1786894790963419530,77c56ab3b0fb637c2435694cf31eeb6f69c78e5e2950843174f7badb95fdf844
datasets/cristinakaufalt/newdataset/phreshphish_v8_4_FINAL/checkpoints/CURVE/run2/R0/B5000/linear.npz,6660,1786894787752858019,394007012debbc32831fbf5dfd7857227bd24213153b5e2ad6dd1f0f45d747cb
datasets/cristinakaufalt/newdataset/phreshphish_v8_4_FINAL/checkpoints/CURVE/run2/R0/B5000/mlp.pt,1577299,1786894791314994423,637aabacb5d5c53b6cb43d0d98d6aba48d233598d7a99bcf5a34238299bd75f5
datasets/cristinakaufalt/newdataset/phreshphish_v8_4_FINAL/checkpoints/CURVE/run2/R0/B50000/linear.npz,6660,1786894787641299760,d3e9a1145417d11f631ebefd3bcd3b695ee61cda4ca1923caddec8025b72e3d2
datasets/cristinakaufalt/newdataset/phreshphish_v8_4_FINAL/checkpoints/CURVE/run2/R0/B50000/mlp.pt,1577299,1786894789682349202,889d9659afd156a74799b8cef84b52c72982e4b11f3e815a9ded3573bf37f513
datasets/cristinakaufalt/newdataset/phreshphish_v8_4_FINAL/checkpoints/CURVE/run2/R1/B10000/linear.npz,6660,1786894787750870008,0bb85f4ffcc6a0c64713a48b60966586b41b920dcaeb27e3e584a8a4198a85a6
datasets/cristinakaufalt/newdataset/phreshphish_v8_4_FINAL/checkpoints/CURVE/run2/R1/B10000/mlp.pt,1577299,1786894789104506403,b861e04b37b8b0e9a58821fba4dabc89757228515b499d0109c9366f86723b69
datasets/cristinakaufalt/newdataset/phreshphish_v8_4_FINAL/checkpoints/CURVE/run2/R1/B100000/linear.npz,6660,1786894787745762306,0016e30b7411f812dc2a46ac4e9a9ad20ab8eb52e221bc5411a2902f5e6ab141
datasets/cristinakaufalt/newdataset/phreshphish_v8_4_FINAL/checkpoints/CURVE/run2/R1/B100000/mlp.pt,1577299,1786894791258988345,39811a6a5902af0d28815b092ce1c3e956a39fc86146c9dbb4b5ff941a8b9e8e
datasets/cristinakaufalt/newdataset/phreshphish_v8_4_FINAL/checkpoints/CURVE/run2/R1/B2000/linear.npz,6660,1786894787889510225,1d9865e47f08ee0bd691eb15fa09a3bd7734b2ac67f6a881f5eada405114bee1
datasets/cristinakaufalt/newdataset/phreshphish_v8_4_FINAL/checkpoints/CURVE/run2/R1/B2000/mlp.pt,1577299,1786894789075273899,ca078d56d65d094fbd2aafc028a5b8f3240c2de7288866d1c6e454c0dc5e0a41
datasets/cristinakaufalt/newdataset/phreshphish_v8_4_FINAL/checkpoints/CURVE/run2/R1/B20000/linear.npz,6660,1786894787999740819,0ba458ed1df8a52a96cd40b1ee21e638a5dbc00cd7f78809b238e24c53ec8a39
datasets/cristinakaufalt/newdataset/phreshphish_v8_4_FINAL/checkpoints/CURVE/run2/R1/B20000/mlp.pt,1577299,1786894789804019974,82a232f610b0c84c851a55838faf4b284447fe0484ae60a86693d9992d0ab79f
datasets/cristinakaufalt/newdataset/phreshphish_v8_4_FINAL/checkpoints/CURVE/run2/R1/B200000/linear.npz,6660,1786894787878498816,ece91fd9ba97a1e9fe770792d70bbf1279dee0f4d2c455c8be41ea27532c3cdb
datasets/cristinakaufalt/newdataset/phreshphish_v8_4_FINAL/checkpoints/CURVE/run2/R1/B200000/mlp.pt,1577299,1786894789810352068,ec38150c2df7c574fcd9a91a18748a51bdf4e5eda6d124296e35424a884d367e
datasets/cristinakaufalt/newdataset/phreshphish_v8_4_FINAL/checkpoints/CURVE/run2/R1/B5000/linear.npz,6660,1786894787984118318,cd6af6cadfc9581f79cdbe596730aee9ccb54737d748130b06dd6060c43a391e
datasets/cristinakaufalt/newdataset/phreshphish_v8_4_FINAL/checkpoints/CURVE/run2/R1/B5000/mlp.pt,1577299,1786894789450763801,61f5bf5958b48b9c93b69e9fd3c9d5acdbdbf342a6f64b669f5125dc6b6a1483
datasets/cristinakaufalt/newdataset/phreshphish_v8_4_FINAL/checkpoints/CURVE/run2/R1/B50000/linear.npz,6660,1786894787933586531,b75a31462a46896e89ec6f755b49d915c85f39a55d87341c870fbb8ab191ec83
datasets/cristinakaufalt/newdataset/phreshphish_v8_4_FINAL/checkpoints/CURVE/run2/R1/B50000/mlp.pt,1577299,1786894789379928605,e949662e1b13dca83b32cf37058d359a0f6ed3ac835127a6973ed4cca45f8656
datasets/cristinakaufalt/newdataset/phreshphish_v8_4_FINAL/checkpoints/CURVE/run3/R0/B10000/linear.npz,6660,1786894787787156135,91a16d5ef08164ded5873056d5101ce7d39c7ec245e74e4c57687910cbffda8b
datasets/cristinakaufalt/newdataset/phreshphish_v8_4_FINAL/checkpoints/CURVE/run3/R0/B10000/mlp.pt,1577299,1786894789562922568,907e916bb5dbf47451a5ed2d87fb2ddbb1438068d0ee42d3e74a1a7245c0b26a
datasets/cristinakaufalt/newdataset/phreshphish_v8_4_FINAL/checkpoints/CURVE/run3/R0/B100000/linear.npz,6660,1786894787968790815,f0d6b464e880b9e4fac7b6e62c9138bdb8aa7a59e549bd779789be95a1dcb5b6
datasets/cristinakaufalt/newdataset/phreshphish_v8_4_FINAL/checkpoints/CURVE/run3/R0/B100000/mlp.pt,1577299,1786894789487074877,35255ba2faad2d1066eb7b7a949ca2680364b82313d8d0b3525c0ce4b077778b
datasets/cristinakaufalt/newdataset/phreshphish_v8_4_FINAL/checkpoints/CURVE/run3/R0/B2000/linear.npz,6660,1786894787952815313,856cc553d58af607ee0aa08da841aed70117a3c0ed6aa4e46dd5c241095d5c9e
datasets/cristinakaufalt/newdataset/phreshphish_v8_4_FINAL/checkpoints/CURVE/run3/R0/B2000/mlp.pt,1577299,1786894789508152124,9afe67d822b6d3d27fffd6f853cb5c8ff826d9047b13250bf4d9c1ee02ba36da
datasets/cristinakaufalt/newdataset/phreshphish_v8_4_FINAL/checkpoints/CURVE/run3/R0/B20000/linear.npz,6660,1786894787882800016,57c08f6a3c0155a4d7fc4abd7bb3058b29efaa01ae16094b70750e0bfddc03c1
datasets/cristinakaufalt/newdataset/phreshphish_v8_4_FINAL/checkpoints/CURVE/run3/R0/B20000/mlp.pt,1577299,1786894789253307350,11bf321e63a8de3f9a81c1188057f2b607e2a464614cc8a9d6d1cde0df94d016
datasets/cristinakaufalt/newdataset/phreshphish_v8_4_FINAL/checkpoints/CURVE/run3/R0/B200000/linear.npz,6660,1786894787867998611,f0f2c7bc1f5191e544cfd2da951b43d94244299eab2dad52d02363a2f154a39e
datasets/cristinakaufalt/newdataset/phreshphish_v8_4_FINAL/checkpoints/CURVE/run3/R0/B200000/mlp.pt,1577299,1786894789571787350,465d971b3949836319e7be24ccea4edad3a650ceac41f74e0742ed6d67162a9c
datasets/cristinakaufalt/newdataset/phreshphish_v8_4_FINAL/checkpoints/CURVE/run3/R0/B5000/linear.npz,6660,1786894788173525411,e6fa418bf58dd65887847aba4dbd713bcbe576a5f559702d8102a7807b4432b2
datasets/cristinakaufalt/newdataset/phreshphish_v8_4_FINAL/checkpoints/CURVE/run3/R0/B5000/mlp.pt,1577299,1786894790489807682,71bcb32bae01979be8d9df3059239917f118bd70ad6013cb58836a4c702d3c54
datasets/cristinakaufalt/newdataset/phreshphish_v8_4_FINAL/checkpoints/CURVE/run3/R0/B50000/linear.npz,6660,1786894788007705505,b6fe3a80daf32bddfe2ad8c6eda99553f3571ffe14b96c7c9b500c0032077227
datasets/cristinakaufalt/newdataset/phreshphish_v8_4_FINAL/checkpoints/CURVE/run3/R0/B50000/mlp.pt,1577299,1786894790490917334,a18995475d0765e9137536210f43befb428d01f1462aaabc1f891eea81cc0a42
datasets/cristinakaufalt/newdataset/phreshphish_v8_4_FINAL/checkpoints/CURVE/run3/R1/B10000/linear.npz,6660,1786894788205471298,95e5e9483215ddab90de3e113ba454073bf40eb2c84256d358a14bcaff18a678
datasets/cristinakaufalt/newdataset/phreshphish_v8_4_FINAL/checkpoints/CURVE/run3/R1/B10000/mlp.pt,1577299,1786894790494469160,0bb72169317d6107a867a814e526841d92e5410d1f4c3bc7e900d730a9562f23
datasets/cristinakaufalt/newdataset/phreshphish_v8_4_FINAL/checkpoints/CURVE/run3/R1/B100000/linear.npz,6660,1786894788014096811,d88e28ba638358441f0cb4b83b24764821a10079ca0e715e45e86b90b3b7334e
datasets/cristinakaufalt/newdataset/phreshphish_v8_4_FINAL/checkpoints/CURVE/run3/R1/B100000/mlp.pt,1577299,1786894790496224618,3e18a552d1764fe4845809da89d1f99883384047f5e2cee8bca1363359f44ce0
datasets/cristinakaufalt/newdataset/phreshphish_v8_4_FINAL/checkpoints/CURVE/run3/R1/B2000/linear.npz,6660,1786894788186687032,915962c4416e7357c5718c6751ce76772e77b1b7a9abc076c3faea4fb72f235a
datasets/cristinakaufalt/newdataset/phreshphish_v8_4_FINAL/checkpoints/CURVE/run3/R1/B2000/mlp.pt,1577299,1786894790488847636,a2cf3d3852447c2ed9c1fec75ccac9bbda4fb1e02dae596348adcc992506e3d3
datasets/cristinakaufalt/newdataset/phreshphish_v8_4_FINAL/checkpoints/CURVE/run3/R1/B20000/linear.npz,6660,1786894788144850369,0045bb6d4bdac2ff1ba70df38e7b7c2677e31ed4dee864ccc68093314714450d
datasets/cristinakaufalt/newdataset/phreshphish_v8_4_FINAL/checkpoints/CURVE/run3/R1/B20000/mlp.pt,1577299,1786894789546743386,8bccb84dc92694035d70801d3ddff970ead04394e6519ff99cce708aebc22738
datasets/cristinakaufalt/newdataset/phreshphish_v8_4_FINAL/checkpoints/CURVE/run3/R1/B200000/linear.npz,6660,1786894788085361977,ece91fd9ba97a1e9fe770792d70bbf1279dee0f4d2c455c8be41ea27532c3cdb
datasets/cristinakaufalt/newdataset/phreshphish_v8_4_FINAL/checkpoints/CURVE/run3/R1/B200000/mlp.pt,1577299,1786894790921062132,16a6c2973b31337e13c1f02709eaa2b8670101e9e5f8144eab5f89f0d3f24f44
datasets/cristinakaufalt/newdataset/phreshphish_v8_4_FINAL/checkpoints/CURVE/run3/R1/B5000/linear.npz,6660,1786894788108443393,528cd6a99c1e942d7614b4d193a4c71e8550cac37aedbdac6f1abc1872e763db
datasets/cristinakaufalt/newdataset/phreshphish_v8_4_FINAL/checkpoints/CURVE/run3/R1/B5000/mlp.pt,1577299,1786894790265778461,8552aab888e9890f656193e042400f45f2906d5248af27cab811d3212b104ab6
datasets/cristinakaufalt/newdataset/phreshphish_v8_4_FINAL/checkpoints/CURVE/run3/R1/B50000/linear.npz,6660,1786894788114632629,395e1caeb48cfd6b7cb1efdc562e6ad748018c2af673316c3db3ebd77fe904c8
datasets/cristinakaufalt/newdataset/phreshphish_v8_4_FINAL/checkpoints/CURVE/run3/R1/B50000/mlp.pt,1577299,1786894793327359919,6fcc26a51870ddcac283c23a8284b850e32d9f2576024ac9b874e046d9cca61f
datasets/cristinakaufalt/newdataset/phreshphish_v8_4_FINAL/checkpoints/CURVE/run4/R0/B10000/linear.npz,6660,1786894788236891861,2606454849769e93ece004e6d8725e6a1e2bdb09c8bf46587002295c43473b31
datasets/cristinakaufalt/newdataset/phreshphish_v8_4_FINAL/checkpoints/CURVE/run4/R0/B10000/mlp.pt,1577299,1786894790733130748,5a0022ac439004c10a64e66e18225a7b79c23a901709f7da86d9960269646176
datasets/cristinakaufalt/newdataset/phreshphish_v8_4_FINAL/checkpoints/CURVE/run4/R0/B100000/linear.npz,6660,1786894788189921019,d831069350901526607bc21a6b4969554b587948f413318b5c12e72757e8db72
datasets/cristinakaufalt/newdataset/phreshphish_v8_4_FINAL/checkpoints/CURVE/run4/R0/B100000/mlp.pt,1577299,1786894789805485758,3ac3c735492b9522cf802ce90d8a1e10480965714af7d8dac5ac8018f847c071
datasets/cristinakaufalt/newdataset/phreshphish_v8_4_FINAL/checkpoints/CURVE/run4/R0/B2000/linear.npz,6660,1786894788481031899,000cf0b644788cd65517b42e3025ddb9891e66d6a496fa2979007499e6cd26f7
datasets/cristinakaufalt/newdataset/phreshphish_v8_4_FINAL/checkpoints/CURVE/run4/R0/B2000/mlp.pt,1577299,1786894790605441661,d538ebf0c43719ec897fcd002eabfe4c815a0bc9f5572223eafd1611996373dc
datasets/cristinakaufalt/newdataset/phreshphish_v8_4_FINAL/checkpoints/CURVE/run4/R0/B20000/linear.npz,6660,1786894788400176975,a26c8da8a8ebdeea07cfd368241b85d05b62d3bd23fbecd13d694f2212e92c5a
datasets/cristinakaufalt/newdataset/phreshphish_v8_4_FINAL/checkpoints/CURVE/run4/R0/B20000/mlp.pt,1577299,1786894790568231368,b89b21470055449116b101899d497c669ae854c6e98432b77ea6834a60f73500
datasets/cristinakaufalt/newdataset/phreshphish_v8_4_FINAL/checkpoints/CURVE/run4/R0/B200000/linear.npz,6660,1786894788515489722,f0f2c7bc1f5191e544cfd2da951b43d94244299eab2dad52d02363a2f154a39e
datasets/cristinakaufalt/newdataset/phreshphish_v8_4_FINAL/checkpoints/CURVE/run4/R0/B200000/mlp.pt,1577299,1786894788718874148,582c4962dd642c7eb01883bf1a89fe5fec56bb70c8132df8b5e010ff27541726
datasets/cristinakaufalt/newdataset/phreshphish_v8_4_FINAL/checkpoints/CURVE/run4/R0/B5000/linear.npz,6660,1786894788238430642,c11bcfe07a316fb47171a4263d77ea08c91b3abdb281d1343eb203042b858f89
datasets/cristinakaufalt/newdataset/phreshphish_v8_4_FINAL/checkpoints/CURVE/run4/R0/B5000/mlp.pt,1577299,1786894789990645023,8ff3fd8cdd7ca4436cadcd440b8b92d076655c9b775eebe294a9a74889bb53ef
datasets/cristinakaufalt/newdataset/phreshphish_v8_4_FINAL/checkpoints/CURVE/run4/R0/B50000/linear.npz,6660,1786894788274633528,0b4ef81c0b59fc3ccf68b92b601559ebb8aef10e709114b0cfc8b3a0cc2bc6c2
datasets/cristinakaufalt/newdataset/phreshphish_v8_4_FINAL/checkpoints/CURVE/run4/R0/B50000/mlp.pt,1577299,1786894790022468785,fabfe3a0adb7894e0e64a4233231dc8545f77b563f21a9f8d89a43b7ca9cb66a
datasets/cristinakaufalt/newdataset/phreshphish_v8_4_FINAL/checkpoints/CURVE/run4/R1/B10000/linear.npz,6660,1786894788206889621,78b19d9cd424a06b5520f980688a081379917457b1cc04d5491519e224ca6417
datasets/cristinakaufalt/newdataset/phreshphish_v8_4_FINAL/checkpoints/CURVE/run4/R1/B10000/mlp.pt,1577299,1786894790923188398,1852ed1c9f4fd96fd2f74871d621d380ce32c2261f1fb96a8c194ffb6f602b93
datasets/cristinakaufalt/newdataset/phreshphish_v8_4_FINAL/checkpoints/CURVE/run4/R1/B100000/linear.npz,6660,1786894788405880202,612e616b631f6ce2267d69cb26bf3ed34abc121b3c823bc07e2a6dc3b8e6091e
datasets/cristinakaufalt/newdataset/phreshphish_v8_4_FINAL/checkpoints/CURVE/run4/R1/B100000/mlp.pt,1577299,1786894788726490341,382de0ea7954f76618cbc5267753662fc37355e5b0900a8d37b1af5623f31e1c
datasets/cristinakaufalt/newdataset/phreshphish_v8_4_FINAL/checkpoints/CURVE/run4/R1/B2000/linear.npz,6660,1786894788208241157,5e612ce1cad74a3fc29e8189afb5d10669bc43b197c03d90a38ab1803013a3b6
datasets/cristinakaufalt/newdataset/phreshphish_v8_4_FINAL/checkpoints/CURVE/run4/R1/B2000/mlp.pt,1577299,1786894788711770224,29fd3298f8b201e2770c7a9f912ee74c7d82050dfbb9cdd5b5a58d13728e88c1
datasets/cristinakaufalt/newdataset/phreshphish_v8_4_FINAL/checkpoints/CURVE/run4/R1/B20000/linear.npz,6660,1786894788218985549,8d52682402eb6a747238e7518f0467351e49ba3c572d6203eb087bc8ca39fb6b
datasets/cristinakaufalt/newdataset/phreshphish_v8_4_FINAL/checkpoints/CURVE/run4/R1/B20000/mlp.pt,1577299,1786894789833390368,89fd8a92abfc36cf471758a8067f6feca3446a887fc70c280f5e529dfb95d764
datasets/cristinakaufalt/newdataset/phreshphish_v8_4_FINAL/checkpoints/CURVE/run4/R1/B200000/linear.npz,6660,1786894788515011548,ece91fd9ba97a1e9fe770792d70bbf1279dee0f4d2c455c8be41ea27532c3cdb
datasets/cristinakaufalt/newdataset/phreshphish_v8_4_FINAL/checkpoints/CURVE/run4/R1/B200000/mlp.pt,1577299,1786894789845612497,3ab7389e8e3b61401290b230b91ba121f090658b85743006b9e402c655e757a5
datasets/cristinakaufalt/newdataset/phreshphish_v8_4_FINAL/checkpoints/CURVE/run4/R1/B5000/linear.npz,6660,1786894788281819597,299dcf39543adfb7634ca11dab8b205e6d6d1932f33d71e198af0b18e71ec9df
datasets/cristinakaufalt/newdataset/phreshphish_v8_4_FINAL/checkpoints/CURVE/run4/R1/B5000/mlp.pt,1577299,1786894790096057027,d0e3355540339fdff5870cd842a4fa4f4801ac9bbc6e82df797f7c6e626e91ae
datasets/cristinakaufalt/newdataset/phreshphish_v8_4_FINAL/checkpoints/CURVE/run4/R1/B50000/linear.npz,6660,1786894788288697497,2447a170a87eaf32dcfe7aeb0a4c9125977c26d7e935cf08a0800c41ef68c807
datasets/cristinakaufalt/newdataset/phreshphish_v8_4_FINAL/checkpoints/CURVE/run4/R1/B50000/mlp.pt,1577299,1786894788973836136,85704ab4f1aec86d9bf77c4388df8960aa657be0dc5ac65d967281f21425a7f0
datasets/cristinakaufalt/newdataset/phreshphish_v8_4_FINAL/checkpoints/DEEP_N3/seed122/DUAL_R0_200K/COMPLETE.json,307,1786894788667129594,d41ad97be60672e2d9f7d44449d58356be1ecddef5d97ab74739051bf50ef526
datasets/cristinakaufalt/newdataset/phreshphish_v8_4_FINAL/checkpoints/DEEP_N3/seed122/DUAL_R0_200K/MODEL_STATE_REMOVED_AFTER_SCORING.json,162,1786894788750473044,6e36ae8faff048c875d943a784d43d01939dab26fd22b9490bc109d8e742a636
datasets/cristinakaufalt/newdataset/phreshphish_v8_4_FINAL/checkpoints/DEEP_N3/seed122/DUAL_R0_20K/COMPLETE.json,309,1786894788467748268,b745981826a64e22aa389e336a1e017d5f4eb4b33b81c4185957cbaf6d28a434
datasets/cristinakaufalt/newdataset/phreshphish_v8_4_FINAL/checkpoints/DEEP_N3/seed122/DUAL_R0_20K/MODEL_STATE_REMOVED_AFTER_SCORING.json,162,1786894788435476000,6e36ae8faff048c875d943a784d43d01939dab26fd22b9490bc109d8e742a636
datasets/cristinakaufalt/newdataset/phreshphish_v8_4_FINAL/checkpoints/DEEP_N3/seed122/DUAL_R1_200K/COMPLETE.json,307,1786894788422082803,d43f5a444058529b5f344038a63137c6d3284abe31f6ce1de62cae4f35a6fdca
datasets/cristinakaufalt/newdataset/phreshphish_v8_4_FINAL/checkpoints/DEEP_N3/seed122/DUAL_R1_200K/MODEL_STATE_REMOVED_AFTER_SCORING.json,162,1786894788328048604,6e36ae8faff048c875d943a784d43d01939dab26fd22b9490bc109d8e742a636
datasets/cristinakaufalt/newdataset/phreshphish_v8_4_FINAL/checkpoints/DEEP_N3/seed122/DUAL_R1_20K/COMPLETE.json,309,1786894788346317437,a29d2d934f43e2c5df98842a2b95d18dbc1965290bfbabd940c81d44afcbefb3
datasets/cristinakaufalt/newdataset/phreshphish_v8_4_FINAL/checkpoints/DEEP_N3/seed122/DUAL_R1_20K/MODEL_STATE_REMOVED_AFTER_SCORING.json,162,1786894788438141375,6e36ae8faff048c875d943a784d43d01939dab26fd22b9490bc109d8e742a636
datasets/cristinakaufalt/newdataset/phreshphish_v8_4_FINAL/checkpoints/DEEP_N3/seed42/DUAL_R0_200K/COMPLETE.json,306,1786894788459529668,aa0524f639ff1ef77dc6c4da5acdb2b58aafcbab33182b1132fcaed65d0d636d
datasets/cristinakaufalt/newdataset/phreshphish_v8_4_FINAL/checkpoints/DEEP_N3/seed42/DUAL_R0_200K/MODEL_STATE_REMOVED_AFTER_SCORING.json,162,1786894788423189632,6e36ae8faff048c875d943a784d43d01939dab26fd22b9490bc109d8e742a636
datasets/cristinakaufalt/newdataset/phreshphish_v8_4_FINAL/checkpoints/DEEP_N3/seed42/DUAL_R0_20K/COMPLETE.json,308,1786894788491364861,d35ec18fdd766d7e7a1f3f257b08988277bea0dbc668f8e73f5b8eb47f452ef1
datasets/cristinakaufalt/newdataset/phreshphish_v8_4_FINAL/checkpoints/DEEP_N3/seed42/DUAL_R0_20K/MODEL_STATE_REMOVED_AFTER_SCORING.json,162,1786894788504565523,6e36ae8faff048c875d943a784d43d01939dab26fd22b9490bc109d8e742a636
datasets/cristinakaufalt/newdataset/phreshphish_v8_4_FINAL/checkpoints/DEEP_N3/seed42/DUAL_R1_200K/COMPLETE.json,306,1786894788381455981,29aabdc704898596321898ed3a9afced6f05b62e3ab7c266d2c5a43f7c6b0c2f
datasets/cristinakaufalt/newdataset/phreshphish_v8_4_FINAL/checkpoints/DEEP_N3/seed42/DUAL_R1_200K/MODEL_STATE_REMOVED_AFTER_SCORING.json,162,1786894788613861920,6e36ae8faff048c875d943a784d43d01939dab26fd22b9490bc109d8e742a636
datasets/cristinakaufalt/newdataset/phreshphish_v8_4_FINAL/checkpoints/DEEP_N3/seed42/DUAL_R1_20K/COMPLETE.json,308,1786894788504289008,204ddb4f773a5595f369eccd2644dd7e59babbfb89ebcc51a04bd55636e76a54
datasets/cristinakaufalt/newdataset/phreshphish_v8_4_FINAL/checkpoints/DEEP_N3/seed42/DUAL_R1_20K/MODEL_STATE_REMOVED_AFTER_SCORING.json,162,1786894788547327071,6e36ae8faff048c875d943a784d43d01939dab26fd22b9490bc109d8e742a636
datasets/cristinakaufalt/newdataset/phreshphish_v8_4_FINAL/embeddings/TEXT_R0_CAL.complete.json,144,1786894788565239536,c26ebc9fc0c80fa0ec4d42b46775a7cad63e183ea224287503fb03ae4158548f
datasets/cristinakaufalt/newdataset/phreshphish_v8_4_FINAL/embeddings/TEXT_R0_CAL.npy,153600128,1786894812621100545,9a67c6ff56598c3b1f84daf0e26c2510d2a95e10b040a0d8b8e635f131b6f55f
datasets/cristinakaufalt/newdataset/phreshphish_v8_4_FINAL/embeddings/TEXT_R0_DEV.complete.json,144,1786894788414812203,1ad53660fde0149f501e9858b13268bc309f493860622e2c159d30dcbae6d839
datasets/cristinakaufalt/newdataset/phreshphish_v8_4_FINAL/embeddings/TEXT_R0_DEV.npy,61440128,1786894811671370985,e55d0a401c3b89a35d4a685f9c504a0de719580765a60e34ab1dfc0834945004
datasets/cristinakaufalt/newdataset/phreshphish_v8_4_FINAL/embeddings/TEXT_R0_FINAL.complete.json,145,1786894788504253409,91b59c8fb7498a5130dfe660a346434b5b5c3b44cfa8b117522efc041bc41003
datasets/cristinakaufalt/newdataset/phreshphish_v8_4_FINAL/embeddings/TEXT_R0_FINAL.npy,516280448,1786894816772937421,0ef47ec96421be1b15a280095d44bd2793a9f38d83532fec9454134e2d530309
datasets/cristinakaufalt/newdataset/phreshphish_v8_4_FINAL/embeddings/TEXT_R0_SSL.complete.json,145,1786894788717083195,00c743c4d948b7e2f0fbf7b35c8b5ac290d27cd0ac8163413316b01988ad8bcc
datasets/cristinakaufalt/newdataset/phreshphish_v8_4_FINAL/embeddings/TEXT_R0_SSL.npy,614400128,1786895013784237522,acd3b001872575bfe2e9be17ad6e5d7f20d9953f87061a542c7502acd57a48d6
datasets/cristinakaufalt/newdataset/phreshphish_v8_4_FINAL/embeddings/TEXT_R1_CAL.complete.json,219,1786894788902299129,6d0d1970bf8fd406f7e23c30d843389ed5818b336448db64fd19c1205909cdff
datasets/cristinakaufalt/newdataset/phreshphish_v8_4_FINAL/embeddings/TEXT_R1_CAL.npy,153600128,1786894812984640151,69b882a047c6120b1963187fe03aea3d2b95b80c956c217d6fde4e212d673feb
datasets/cristinakaufalt/newdataset/phreshphish_v8_4_FINAL/embeddings/TEXT_R1_DEV.complete.json,219,1786894788679740849,e68a525b8a1078aaf839db3fa73d748fb6b46e58205ba2c2d7e9986dcf94b976
datasets/cristinakaufalt/newdataset/phreshphish_v8_4_FINAL/embeddings/TEXT_R1_DEV.npy,61440128,1786894811783977987,b430a664dfc557f6cf90752cdd83a7abc02b3d8e622b1c692ea30882a13b0986
datasets/cristinakaufalt/newdataset/phreshphish_v8_4_FINAL/embeddings/TEXT_R1_FINAL.complete.json,220,1786894788729609599,8e02e0463b9b3fad2939f7dc91e235eac10e94f3ed795844f7a4ee4c4392ebb7
datasets/cristinakaufalt/newdataset/phreshphish_v8_4_FINAL/embeddings/TEXT_R1_FINAL.npy,516280448,1786894819747317493,1a95d06feb3cd3d45a30bd2182c89684fe750446c2e661f9f6fbdfcd6304b700
datasets/cristinakaufalt/newdataset/phreshphish_v8_4_FINAL/embeddings/TEXT_R1_SSL.complete.json,220,1786894788905486271,45e3cff171ef31da89e60a1fee41cde622d101a2277d1fada63c1cbeb46a5dcf
datasets/cristinakaufalt/newdataset/phreshphish_v8_4_FINAL/embeddings/TEXT_R1_SSL.npy,614400128,1786894832048998979,285630d2c6a8e694f95575031ed98eb968c153bee31b42e3567d2cc6471addef
datasets/cristinakaufalt/newdataset/phreshphish_v8_4_FINAL/embeddings/URL_CAL.complete.json,98,1786894788799511604,6caddf614359985e64dc94dec3c8f5b69f48f0c5c9c65f0599b5c68fc25dc19c
datasets/cristinakaufalt/newdataset/phreshphish_v8_4_FINAL/embeddings/URL_CAL.npy,153600128,1786894813575880734,86a7e9b5c27b0d96388172d23d43e1d69de3eff9edd7846a1de2e4a1a1f52ba0
datasets/cristinakaufalt/newdataset/phreshphish_v8_4_FINAL/embeddings/URL_DEV.complete.json,98,1786894788745673609,44c972290ffed07d3f262a3f5894690a9f71acb1c608db7ac475adb6d9fc6256
datasets/cristinakaufalt/newdataset/phreshphish_v8_4_FINAL/embeddings/URL_DEV.npy,61440128,1786894810819969137,59011e2d4446463647a93cf7be88c9324e6b71387533a64f4712e0bafeda84f2
datasets/cristinakaufalt/newdataset/phreshphish_v8_4_FINAL/embeddings/URL_FINAL.complete.json,99,1786894788820902296,92bd2661a3e450aeefebe9546af8c9cd4beef0c84bf333f5e67b49aafa2eb883
datasets/cristinakaufalt/newdataset/phreshphish_v8_4_FINAL/embeddings/URL_FINAL.npy,516280448,1786894823728582638,28531697b145e96fc0c50816ae80b0d1995eca28a88c673c4c23c385305b1eff
datasets/cristinakaufalt/newdataset/phreshphish_v8_4_FINAL/embeddings/URL_SSL.complete.json,99,1786894788825205186,88efc0be4a04c0d82729fcb1866c186f0d6d0fc886f2816d5d6f6fab0361c9c2
datasets/cristinakaufalt/newdataset/phreshphish_v8_4_FINAL/embeddings/URL_SSL.npy,614400128,1786894821535588586,d6d48b6f4beec15eb979761b315d0b26981acdc5d4c13525654b69fe06308743
datasets/cristinakaufalt/newdataset/phreshphish_v8_4_FINAL/figures/deep_n3_R0_R1_20K_200K.png,67995,1786894788922285653,ce48cd0cb4936dbed5befbc8c25d8e15539162853b1cb1b195581c1c285c5c96
datasets/cristinakaufalt/newdataset/phreshphish_v8_4_FINAL/figures/label_curve_DEV_LINEAR.png,62766,1786894789262090890,a134a7f287c8c10d8187866a6e94ffc8d6db53780f9e719e99759fede10c76bb
datasets/cristinakaufalt/newdataset/phreshphish_v8_4_FINAL/figures/label_curve_DEV_MLP.png,57339,1786894788768911084,1060f04e2b57d991cb296fd10a22e270bff100df0db1d4716a44e734253a1e0b
datasets/cristinakaufalt/newdataset/phreshphish_v8_4_FINAL/figures/ssl_delta_DEV.png,60776,1786894788854302226,1545d9786394c48582fc250b5610bd5672c5ac64aafa6f2a5e13278f6fa6d4bf
datasets/cristinakaufalt/newdataset/phreshphish_v8_4_FINAL/figures/system_reference_XGB_vs_DEEP_N3.png,80250,1786894788958880385,7a514a29645af30f78f6b33169d0b838292a6b81adf8298c0d41e1faaec91fdf
datasets/cristinakaufalt/newdataset/phreshphish_v8_4_FINAL/results/DEEP_N3_PRIMARY_OFFICIAL_0p5FPR.csv,820,1786894789234695509,75765a9a690c90b9ec698de33019a7d9f0b95f3c2da3752e4aa8dc61059bd0cc
datasets/cristinakaufalt/newdataset/phreshphish_v8_4_FINAL/results/DEEP_N3_R0_R1_20K_200K_AGG.csv,29876,1786894788918125638,2486b4f0cfacf4fd2f7b9d2cedee0d021ea90116cc5d23b70b0c0bf3fb4db527
datasets/cristinakaufalt/newdataset/phreshphish_v8_4_FINAL/results/DEEP_N3_R0_R1_20K_200K_ALL.csv,102424,1786894789297426859,276b646805820f014b6321a056f1dc133ad6bb893377e8656e09d40f55800a2c
datasets/cristinakaufalt/newdataset/phreshphish_v8_4_FINAL/results/DEEP_N3_SSL_DELTA_R1_MINUS_R0.csv,12651,1786894789266352651,687bd400462419b505aa4b57b7426d6d539c29532d6a4bba0c84af6332c9504d
datasets/cristinakaufalt/newdataset/phreshphish_v8_4_FINAL/results/LABEL_EFFICIENCY_R0_R1_N5_AGG.csv,209504,1786894789472699972,234bdcf9b24ffaf4edf32662b936eb1d4848fc46c735d5914f87671642470748
datasets/cristinakaufalt/newdataset/phreshphish_v8_4_FINAL/results/LABEL_EFFICIENCY_R0_R1_N5_ALL.csv,1296016,1786894789692850806,ddbd223008bd47dc5a09a94c6cb02de7a24cb4e905a77f92b954f519e52c6462
datasets/cristinakaufalt/newdataset/phreshphish_v8_4_FINAL/results/MARGINAL_LABEL_UTILITY_DEV.csv,1432,1786894788900321798,ca4c53331dd0099342fb503144e791eec2541eab67c1fb7b9c7b6b4015b342f1
datasets/cristinakaufalt/newdataset/phreshphish_v8_4_FINAL/results/SSL_DELTA_R1_MINUS_R0_N5.csv,91185,1786894789030889452,cd8643885199974996e237a62469ede095572cf193bc88ec87e8f2ceb5f43e23
datasets/cristinakaufalt/newdataset/phreshphish_v8_4_FINAL/results/STATISTICAL_DEEP_N3_HOLM_STABILITY.csv,1746,1786894789000172207,66ca6412ccd28088647859d0c5246c5d51d8b4aa8601fa729005e19da81afba3
datasets/cristinakaufalt/newdataset/phreshphish_v8_4_FINAL/results/STATISTICAL_N5_HOLM_FAMILIES.csv,3761,1786894788959008046,1017c70b889e82461a5a91d22c5377e7655c7c1df00c42ff3ca7413eb9a44d7f
datasets/cristinakaufalt/newdataset/phreshphish_v8_4_FINAL/results/SYSTEM_REFERENCE_XGB_VS_DEEP_N3_PRIMARY.csv,1911,1786894789024286211,6e218e7d91bad37f47aa07826c5860899984016d99c0c8ae557e02f053a37d4c
datasets/cristinakaufalt/newdataset/phreshphish_v8_4_FINAL/results/TECHNICAL_SWEETSPOT_DEV_CANDIDATES.csv,286,1786894789230122630,ce2346649863bc348c1700f75764feff0a4a15782c9111462b36b9bcda577c33
datasets/cristinakaufalt/newdataset/phreshphish_v8_4_FINAL/results/XGB_CLASSICAL_ALL.csv,189139,1786894789540340161,a51c14fbc9031656dd5f4f652d57ae36f21b8c5701548f608ff497c10c8b5b37
datasets/cristinakaufalt/newdataset/phreshphish_v8_4_FINAL/results/XGB_CLASSICAL_LABEL_CURVE_SEED82_PRIMARY.csv,1656,1786894789108733044,791ea65adc53d4b9b12b785d6142e4fce074a1c2186cd48633d85ae5346063b8
datasets/cristinakaufalt/newdataset/phreshphish_v8_4_FINAL/results/XGB_CLASSICAL_N3_ALL_BUDGETS_AGG.csv,51296,1786894789417955245,57a3e6296145d776f80ea3625760325e8215033cab1c2551e05336d5adb24f28
datasets/cristinakaufalt/newdataset/phreshphish_v8_4_FINAL/results/XGB_CLASSICAL_TRAINING_TIMING.csv,1580,1786894789148419834,7f951f61b8504fc247630368d89f6762544ceafb61eb9cfc5eccca9d440dab55
datasets/cristinakaufalt/newdataset/phreshphish_v8_4_FINAL/results/XGB_OPERATIONAL_BENCHMARK.csv,430,1786894789128474805,e0dbdfbe74650ad0029088674fc397e47c5e5d772da900ee91ddb5e50ec6fbab
datasets/cristinakaufalt/newdataset/phreshphish_v8_4_FINAL/results/curve_parts/run0_R0_LINEAR_10000.csv,9556,1786894789394036390,37e8fb0cef9f9fef67797c23e54ba3754a84d753a80b6046c4862098e8bc02ac
datasets/cristinakaufalt/newdataset/phreshphish_v8_4_FINAL/results/curve_parts/run0_R0_LINEAR_100000.csv,9618,1786894789142966283,6f3b7a71a878748d5a3fe02059ff836278a88ded1baf06e5ebf7df188f489c05
datasets/cristinakaufalt/newdataset/phreshphish_v8_4_FINAL/results/curve_parts/run0_R0_LINEAR_2000.csv,9499,1786894789288494669,98e7cd679845898578f3176b7f4d78ec2659c7327c4ea87f52b55a131a9c7ce8
datasets/cristinakaufalt/newdataset/phreshphish_v8_4_FINAL/results/curve_parts/run0_R0_LINEAR_20000.csv,9599,1786894789333988757,531e59457c2d51ab18336bb4aaf9c92cccb995615374d8c069c6107834dbb174
datasets/cristinakaufalt/newdataset/phreshphish_v8_4_FINAL/results/curve_parts/run0_R0_LINEAR_200000.csv,9595,1786894789117396924,9ddbfb9e63f4e6e040f7f4ebb5c598ece55cdd37ddd880a68c757b15ab288d31
datasets/cristinakaufalt/newdataset/phreshphish_v8_4_FINAL/results/curve_parts/run0_R0_LINEAR_5000.csv,9540,1786894789132006290,5ab8f8d823db173f2d17e1702916d29f16f519bb847bab04cb96541dafa38df0
datasets/cristinakaufalt/newdataset/phreshphish_v8_4_FINAL/results/curve_parts/run0_R0_LINEAR_50000.csv,9575,1786894789393362444,d084d21b7575fb5c69f581d37e41282ba653f9a2a3c1b9721045d944d87f07a7
datasets/cristinakaufalt/newdataset/phreshphish_v8_4_FINAL/results/curve_parts/run0_R0_MLP_10000.csv,9468,1786894789255706320,48acbbe8b0ccc2f777dbf657c86557eee02788f75909b54526f0e852b6ac2245
datasets/cristinakaufalt/newdataset/phreshphish_v8_4_FINAL/results/curve_parts/run0_R0_MLP_100000.csv,9494,1786894789395931165,1d05e56ee8267d6a0d74a532d72e56de58f59b40625f58ba4b3b4ab6eeca4184
datasets/cristinakaufalt/newdataset/phreshphish_v8_4_FINAL/results/curve_parts/run0_R0_MLP_2000.csv,9411,1786894789313265276,0313241d4977383e39b0f1a7686bf9644f97c01ed2e77bd39e27c6ef4a5b7e15
datasets/cristinakaufalt/newdataset/phreshphish_v8_4_FINAL/results/curve_parts/run0_R0_MLP_20000.csv,9454,1786894789422405180,257fd2b4eb71e7e5d0f5bf63f0bec0219d9af59aedad74a123f0c89896507023
datasets/cristinakaufalt/newdataset/phreshphish_v8_4_FINAL/results/curve_parts/run0_R0_MLP_200000.csv,9467,1786894789181391285,ef1abff33ead0698c784c1248a5b283c72b2305221cfb83945a47ab4ce0f86a0
datasets/cristinakaufalt/newdataset/phreshphish_v8_4_FINAL/results/curve_parts/run0_R0_MLP_5000.csv,9373,1786894789194064528,32de1c4c17b53c47b0b417414881327122cefa2b2e22b1b794ecc3ae7a846a84
datasets/cristinakaufalt/newdataset/phreshphish_v8_4_FINAL/results/curve_parts/run0_R0_MLP_50000.csv,9445,1786894789168953511,435a54b1d1d406e9fdae5578cd64555a171a1816ba72650fc5566941a5280887
datasets/cristinakaufalt/newdataset/phreshphish_v8_4_FINAL/results/curve_parts/run0_R1_LINEAR_10000.csv,9571,1786894789187655706,978bc2e4e65043aeefdf33eebf7b702a6f0c95b940bc58823dfd7e1a89fab8d9
datasets/cristinakaufalt/newdataset/phreshphish_v8_4_FINAL/results/curve_parts/run0_R1_LINEAR_100000.csv,9605,1786894789188627758,f9feb5979c7eaddcfe8be95fffb0e502b4a9870e43e6f48464a620af2c0ef020
datasets/cristinakaufalt/newdataset/phreshphish_v8_4_FINAL/results/curve_parts/run0_R1_LINEAR_2000.csv,9555,1786894789300684243,13fdd4502c24f7e170fae3c5927bd657f50ff0447ee4f993fc2101c44ceebc3e
datasets/cristinakaufalt/newdataset/phreshphish_v8_4_FINAL/results/curve_parts/run0_R1_LINEAR_20000.csv,9591,1786894789395271565,5a6b1e180c17b472f23028cba93fd536caafbcc12ac0b2d53304118452721975
datasets/cristinakaufalt/newdataset/phreshphish_v8_4_FINAL/results/curve_parts/run0_R1_LINEAR_200000.csv,9636,1786894789170099470,824d70d80195be0371f9d55ffb0ff10436bd5db8596d0895d2d06590f5dae5c9
datasets/cristinakaufalt/newdataset/phreshphish_v8_4_FINAL/results/curve_parts/run0_R1_LINEAR_5000.csv,9525,1786894789365875973,83edcd2e8e4a8e4ab6a7c63053f57056acbba6f5a9788122523ae135e453a560
datasets/cristinakaufalt/newdataset/phreshphish_v8_4_FINAL/results/curve_parts/run0_R1_LINEAR_50000.csv,9577,1786894789366820680,ffeeae78431dcec875f57a8f181b89a544d42a8c866be8848a9cf1b9c5f67622
datasets/cristinakaufalt/newdataset/phreshphish_v8_4_FINAL/results/curve_parts/run0_R1_MLP_10000.csv,9470,1786894789312038694,45bbbc54e287cf54abe4b6030e743c1a40e3214d580e146b54cb01ad710c0a1d
datasets/cristinakaufalt/newdataset/phreshphish_v8_4_FINAL/results/curve_parts/run0_R1_MLP_100000.csv,9519,1786894789343197236,b266635cc41e5838e6138b99ca16f5f748b94169941073c23825cb43a921e4c8
datasets/cristinakaufalt/newdataset/phreshphish_v8_4_FINAL/results/curve_parts/run0_R1_MLP_2000.csv,9420,1786894789427587438,e6c02f7247dc60686629e9c2f4a79b67d44429e20108205b12e6993802a94da1
datasets/cristinakaufalt/newdataset/phreshphish_v8_4_FINAL/results/curve_parts/run0_R1_MLP_20000.csv,9454,1786894789570290294,f0a41b740bc30908d644bf47a5d80d1ce5be352bde43958a85f7631e31aac32d
datasets/cristinakaufalt/newdataset/phreshphish_v8_4_FINAL/results/curve_parts/run0_R1_MLP_200000.csv,9531,1786894789259152135,ce1567698ff05b3e58b66f0fea4df16937768810d39049e025803a3d4cec2d20
datasets/cristinakaufalt/newdataset/phreshphish_v8_4_FINAL/results/curve_parts/run0_R1_MLP_5000.csv,9403,1786894789544685023,b45c7d80e2c9ba4b2b91c9ef3e3f06d35ba7eaf725e5c4b3e0a11e1bcf93e421
datasets/cristinakaufalt/newdataset/phreshphish_v8_4_FINAL/results/curve_parts/run0_R1_MLP_50000.csv,9468,1786894789590555420,e9da13b287c455452e97a08eed87a302a3f02cb6efefca50ffd779e4f9af0115
datasets/cristinakaufalt/newdataset/phreshphish_v8_4_FINAL/results/curve_parts/run1_R0_LINEAR_10000.csv,9564,1786894789479419731,aedd5b35eb5c2e4b3c0bba93be1f7f908a34601b46358daa86b9c1c9f87da2e8
datasets/cristinakaufalt/newdataset/phreshphish_v8_4_FINAL/results/curve_parts/run1_R0_LINEAR_100000.csv,9609,1786894789457877994,84a34058a9c788764b9678fd7b699ced097b44ce329aaf1e0dd2a6cec72ef5df
datasets/cristinakaufalt/newdataset/phreshphish_v8_4_FINAL/results/curve_parts/run1_R0_LINEAR_2000.csv,9556,1786894789477819680,367442b98f00f46276460ca0f4d719be6c8d0e252fe92adcf49293a6435dd7ef
datasets/cristinakaufalt/newdataset/phreshphish_v8_4_FINAL/results/curve_parts/run1_R0_LINEAR_20000.csv,9605,1786894789424143672,d24514482780fd89e3b6b0692613614e06fbc6f95c2b6c282c2b8760a03c988f
datasets/cristinakaufalt/newdataset/phreshphish_v8_4_FINAL/results/curve_parts/run1_R0_LINEAR_200000.csv,9595,1786894789430395850,cfe0c7ca4a52d3db12f027da46231826d73b8d951ae2643304d487fdb14233cf
datasets/cristinakaufalt/newdataset/phreshphish_v8_4_FINAL/results/curve_parts/run1_R0_LINEAR_5000.csv,9504,1786894789425667032,27817fe584afc18b91140def69522a3893d758f006154c69a0d304a003c172be
datasets/cristinakaufalt/newdataset/phreshphish_v8_4_FINAL/results/curve_parts/run1_R0_LINEAR_50000.csv,9574,1786894789685657579,7daf55997f612b61c445ec1c9f2d438def2303b517180acdbd545090d20129da
datasets/cristinakaufalt/newdataset/phreshphish_v8_4_FINAL/results/curve_parts/run1_R0_MLP_10000.csv,9385,1786894789680931991,feeb99e936bd9121c6935af4ee4f4a1a844179aa0b59b6cec68f11495bb45871
datasets/cristinakaufalt/newdataset/phreshphish_v8_4_FINAL/results/curve_parts/run1_R0_MLP_100000.csv,9508,1786894789571879987,2e57ea321f8f98412f8e17cd18179d262c1faaaa540e4d1a2474cfd999f81362
datasets/cristinakaufalt/newdataset/phreshphish_v8_4_FINAL/results/curve_parts/run1_R0_MLP_2000.csv,9440,1786894789347008722,7ebafeecf870a03febdafcf27624c57318f2c7d7a20fdd599ecabcb471b588a2
datasets/cristinakaufalt/newdataset/phreshphish_v8_4_FINAL/results/curve_parts/run1_R0_MLP_20000.csv,9474,1786894789478575041,0d2d714cde9b222ab66d8d1d5f75fb96f8d31beb8967a4240dec36426aef4c66
datasets/cristinakaufalt/newdataset/phreshphish_v8_4_FINAL/results/curve_parts/run1_R0_MLP_200000.csv,9453,1786894789349606380,7af7d67785f0dab1c5e55528414ba0a9506681d6a47d6c1d229c2286a82cb1c4
datasets/cristinakaufalt/newdataset/phreshphish_v8_4_FINAL/results/curve_parts/run1_R0_MLP_5000.csv,9390,1786894789540734084,363ba97d597db6ab55aa2b4e97533febbff1e825b53a46cf6dbbb9d3a26a1a36
datasets/cristinakaufalt/newdataset/phreshphish_v8_4_FINAL/results/curve_parts/run1_R0_MLP_50000.csv,9450,1786894789488635885,db21f1ad562cac48953d947cd8d6db092e201f782c8cf2b0d8701179b1a19053
datasets/cristinakaufalt/newdataset/phreshphish_v8_4_FINAL/results/curve_parts/run1_R1_LINEAR_10000.csv,9518,1786894789863215930,cb4f6a40075f6550595a382ae764311920964042618ddc16ac3792b711ccde85
datasets/cristinakaufalt/newdataset/phreshphish_v8_4_FINAL/results/curve_parts/run1_R1_LINEAR_100000.csv,9615,1786894789826330481,e156f350db72b69d00fc6feb5844cfb666dcc5cdcdd722833ee91ec6f6d62829
datasets/cristinakaufalt/newdataset/phreshphish_v8_4_FINAL/results/curve_parts/run1_R1_LINEAR_2000.csv,9425,1786894789608463129,03bfae58d17546e44322fec6e39f0a9c8857ea931df44402a7273dd057a73669
datasets/cristinakaufalt/newdataset/phreshphish_v8_4_FINAL/results/curve_parts/run1_R1_LINEAR_20000.csv,9589,1786894789890651231,5579d127c494eb86b37cc96d3d6c1a81677dc47683260b0622be3823940f8907
datasets/cristinakaufalt/newdataset/phreshphish_v8_4_FINAL/results/curve_parts/run1_R1_LINEAR_200000.csv,9636,1786894789796732745,2d2503bff81dba57d1ed4143638c8770d6d6949a1145e59c02bbd675ea11a755
datasets/cristinakaufalt/newdataset/phreshphish_v8_4_FINAL/results/curve_parts/run1_R1_LINEAR_5000.csv,9481,1786894790005690709,f759cf32c7ba744e0cc845550f54d53c8383d9358dcad6cae54d2442a182483f
datasets/cristinakaufalt/newdataset/phreshphish_v8_4_FINAL/results/curve_parts/run1_R1_LINEAR_50000.csv,9549,1786894789913380436,0349d8b43983014c9a090e5210454fbdeb3549171062fabd7d1382854c219a4a
datasets/cristinakaufalt/newdataset/phreshphish_v8_4_FINAL/results/curve_parts/run1_R1_MLP_10000.csv,9420,1786894789897658067,60a853a31ea143b35c5cf3eb129972ef0a435c41b96f21ecdf33dcc16e056409
datasets/cristinakaufalt/newdataset/phreshphish_v8_4_FINAL/results/curve_parts/run1_R1_MLP_100000.csv,9521,1786894789693981366,7c10ac5e5766f3997db1bbc98641820e08d1a39147fd10ecbd0f2947b4a426b6
datasets/cristinakaufalt/newdataset/phreshphish_v8_4_FINAL/results/curve_parts/run1_R1_MLP_2000.csv,9412,1786894789691085088,048ca1e7580dded8ab1109fe51ca21c456ef7999de0f3fcb099875fe6223264f
datasets/cristinakaufalt/newdataset/phreshphish_v8_4_FINAL/results/curve_parts/run1_R1_MLP_20000.csv,9452,1786894790003983390,8fc3c8b34b1cfa18e93a76821df042f462eb9b39f610a570afe81708f224ced2
datasets/cristinakaufalt/newdataset/phreshphish_v8_4_FINAL/results/curve_parts/run1_R1_MLP_200000.csv,9532,1786894789913184835,7c5e41ac6918b51a57752557b0c7925324eef6c10b1d7b11f26959a3adf5e166
datasets/cristinakaufalt/newdataset/phreshphish_v8_4_FINAL/results/curve_parts/run1_R1_MLP_5000.csv,9410,1786894789847307885,80ae448812965efc30a6112a145382739f621dfff1933d4ceddb5fa8abf17da5
datasets/cristinakaufalt/newdataset/phreshphish_v8_4_FINAL/results/curve_parts/run1_R1_MLP_50000.csv,9458,1786894789668825672,7e5f4c4e173ee53ffde444df282ae2b2e3ce89cbdff7d21c097fb843f2bb65ad
datasets/cristinakaufalt/newdataset/phreshphish_v8_4_FINAL/results/curve_parts/run2_R0_LINEAR_10000.csv,9502,1786894789981664526,28c30e4ebc619876bb209f9073ee4669eb007e88e68d8b0e328cb56c9fb87584
datasets/cristinakaufalt/newdataset/phreshphish_v8_4_FINAL/results/curve_parts/run2_R0_LINEAR_100000.csv,9659,1786894789778806053,c28371c17afcca83b4f732b5d7edc6a417a0e7214cddace12e1c70bee3cb79df
datasets/cristinakaufalt/newdataset/phreshphish_v8_4_FINAL/results/curve_parts/run2_R0_LINEAR_2000.csv,9522,1786894789988129195,c3fcbf9f7208bbff7c17008774f65f4d39edb182c79f45208ed15532b18deefd
datasets/cristinakaufalt/newdataset/phreshphish_v8_4_FINAL/results/curve_parts/run2_R0_LINEAR_20000.csv,9525,1786894789813148926,813d061398fb403dbda7dda8bec0dbb223a97869d7aa9bfdf0bd924c88b01c2d
datasets/cristinakaufalt/newdataset/phreshphish_v8_4_FINAL/results/curve_parts/run2_R0_LINEAR_200000.csv,9595,1786894790013375616,fbd8908f13541eae440611b8271c2d634b44be3d885aae8b942208b22c5fb05a
datasets/cristinakaufalt/newdataset/phreshphish_v8_4_FINAL/results/curve_parts/run2_R0_LINEAR_5000.csv,9525,1786894789827124048,8011ed58bb419f58ea510bb935bf14059f5c2c4b36bfc8a53831505138b6c6c1
datasets/cristinakaufalt/newdataset/phreshphish_v8_4_FINAL/results/curve_parts/run2_R0_LINEAR_50000.csv,9560,1786894789799284715,07582c35edadc44e36fdf58882ca4d0d6745801f7f78bfd4d91e4b789df449f1
datasets/cristinakaufalt/newdataset/phreshphish_v8_4_FINAL/results/curve_parts/run2_R0_MLP_10000.csv,9424,1786894789620030958,6f9ec52340bd9898086e9cd70e74246aaf6fa3bf045e0605029bda6db3502d7b
datasets/cristinakaufalt/newdataset/phreshphish_v8_4_FINAL/results/curve_parts/run2_R0_MLP_100000.csv,9545,1786894789810784815,18d32b9865f365add7b14691d74ecd43d508627b9ef48beeb83a3f44c942a0b0
datasets/cristinakaufalt/newdataset/phreshphish_v8_4_FINAL/results/curve_parts/run2_R0_MLP_2000.csv,9384,1786894789622942776,9dfa8f9e58d97ce3d1b1af58460d1ba76c3ef4037635de26b3794c899a112bbf
datasets/cristinakaufalt/newdataset/phreshphish_v8_4_FINAL/results/curve_parts/run2_R0_MLP_20000.csv,9481,1786894789622330195,e12b9ec0c396115c1a0aec36035b56627c8ffbbe222a246ee6f45718b938f37a
datasets/cristinakaufalt/newdataset/phreshphish_v8_4_FINAL/results/curve_parts/run2_R0_MLP_200000.csv,9521,1786894789790391547,d23d888179e2c336d070fcffb6335da5d51646ac74e40d8752767841315e621a
datasets/cristinakaufalt/newdataset/phreshphish_v8_4_FINAL/results/curve_parts/run2_R0_MLP_5000.csv,9404,1786894789650775456,637a7de0d321b33f027663dd843e8393e48afdc3f64bfed76d90ebadf8285da7
datasets/cristinakaufalt/newdataset/phreshphish_v8_4_FINAL/results/curve_parts/run2_R0_MLP_50000.csv,9467,1786894789791028259,786e2e16318777722f213dabd1db678ec2a2f820bce10e30235ce42e8ae8e55f
datasets/cristinakaufalt/newdataset/phreshphish_v8_4_FINAL/results/curve_parts/run2_R1_LINEAR_10000.csv,9455,1786894789787765427,e653f350f0a2ade8ce920b8c3c4ecb3ae8253f83abfcbfb358a234df51b492cc
datasets/cristinakaufalt/newdataset/phreshphish_v8_4_FINAL/results/curve_parts/run2_R1_LINEAR_100000.csv,9602,1786894790081745628,ddf032986680db949a9d06fba0c09239406da61ebc22df734e1bd7e0f3c2e784
datasets/cristinakaufalt/newdataset/phreshphish_v8_4_FINAL/results/curve_parts/run2_R1_LINEAR_2000.csv,9497,1786894790079315230,194f32c5ad99f68f5083e143645e7af57212326ca23e6e3f6ba9e65c03215b84
datasets/cristinakaufalt/newdataset/phreshphish_v8_4_FINAL/results/curve_parts/run2_R1_LINEAR_20000.csv,9522,1786894790085103097,473f7f6503ee8a92aae8656059e57e689c9a328ac7605925fea1b2a8d1582d3e
datasets/cristinakaufalt/newdataset/phreshphish_v8_4_FINAL/results/curve_parts/run2_R1_LINEAR_200000.csv,9636,1786894789828014182,dd8b9607012330623365d100d76184bf01442eb2694a5b37381e53348a710a54
datasets/cristinakaufalt/newdataset/phreshphish_v8_4_FINAL/results/curve_parts/run2_R1_LINEAR_5000.csv,9509,1786894789991443567,40e367b4b69ed694797bb68b59f5cc9ce001015356ff9f1c02dab37ede014e4c
datasets/cristinakaufalt/newdataset/phreshphish_v8_4_FINAL/results/curve_parts/run2_R1_LINEAR_50000.csv,9563,1786894790112646963,33a8ea2cf6ba79b44d089edcdfb2b883b2c9fc36dc9761f909ada735795f7113
datasets/cristinakaufalt/newdataset/phreshphish_v8_4_FINAL/results/curve_parts/run2_R1_MLP_10000.csv,9425,1786894789859666583,1f1ce0b9432c5c5e3a65888f2edc20f2cd39528bb15f7481ca82e12473b64e8a
datasets/cristinakaufalt/newdataset/phreshphish_v8_4_FINAL/results/curve_parts/run2_R1_MLP_100000.csv,9527,1786894790077733987,6219289abcd89d55d6fba1676946cb8c26ea6459ddaf7ff4c81bb554693aeca1
datasets/cristinakaufalt/newdataset/phreshphish_v8_4_FINAL/results/curve_parts/run2_R1_MLP_2000.csv,9442,1786894789791497918,c9c2d5c97537769cc066327208ef8066dc3f17e6012d8f5931b10098f9745ca9
datasets/cristinakaufalt/newdataset/phreshphish_v8_4_FINAL/results/curve_parts/run2_R1_MLP_20000.csv,9459,1786894789955796277,290aff5e93979cdd3d46ab0fa7c391daf5852ad359685ba8d19d836fabdee0c0
datasets/cristinakaufalt/newdataset/phreshphish_v8_4_FINAL/results/curve_parts/run2_R1_MLP_200000.csv,9522,1786894790136569103,eb2117a397bab1cfa23865af978f125ab4b65f46066f5286a2b8d3830849c281
datasets/cristinakaufalt/newdataset/phreshphish_v8_4_FINAL/results/curve_parts/run2_R1_MLP_5000.csv,9372,1786894789861688364,e6bd817f906396451ad836f37cad21f16291da5dbcabbe750e1ef306d8d98ced
datasets/cristinakaufalt/newdataset/phreshphish_v8_4_FINAL/results/curve_parts/run2_R1_MLP_50000.csv,9485,1786894789850984612,2638f9f6bc0a44212a2d0dc0c9dc9b082c422e242120a461fc4fd1e827b53d37
datasets/cristinakaufalt/newdataset/phreshphish_v8_4_FINAL/results/curve_parts/run3_R0_LINEAR_10000.csv,9647,1786894790177641972,fd103f0ea4c7c247bd7df8f34112fd841885cb2b63435fb07370cde3efe5b032
datasets/cristinakaufalt/newdataset/phreshphish_v8_4_FINAL/results/curve_parts/run3_R0_LINEAR_100000.csv,9656,1786894790176252827,11e4082fea5ad187ac4a472907df986a106b57c4b98d3cf46ad94f059deaad04
datasets/cristinakaufalt/newdataset/phreshphish_v8_4_FINAL/results/curve_parts/run3_R0_LINEAR_2000.csv,9553,1786894789920380099,ad864c6bff92e298ac2ef243231a8396263a9d5e99bfa14da1d366419385c7bf
datasets/cristinakaufalt/newdataset/phreshphish_v8_4_FINAL/results/curve_parts/run3_R0_LINEAR_20000.csv,9642,1786894789883776523,e002c9448890145730398494fe63ebf02224ac9eb3d42d68864b6508716c43a6
datasets/cristinakaufalt/newdataset/phreshphish_v8_4_FINAL/results/curve_parts/run3_R0_LINEAR_200000.csv,9637,1786894790106155923,8a4c8104404acb33cd364c08b760ce19a1b5f2aba2b90d32e0d4a9e5b2acf60b
datasets/cristinakaufalt/newdataset/phreshphish_v8_4_FINAL/results/curve_parts/run3_R0_LINEAR_5000.csv,9559,1786894790105892213,f87c2a26065efbcf04d87c585449884998d8df1b991ee6b45b93754499700457
datasets/cristinakaufalt/newdataset/phreshphish_v8_4_FINAL/results/curve_parts/run3_R0_LINEAR_50000.csv,9622,1786894789983354842,6cea4019451a710bc2c7c3765121864600ac97ba373a4fa614662dc2107cdb23
datasets/cristinakaufalt/newdataset/phreshphish_v8_4_FINAL/results/curve_parts/run3_R0_MLP_10000.csv,9461,1786894790018752534,8f7b2814fe2b152b217120aa93025a5bcc71d2797d9d4702c526a31f0f95d05c
datasets/cristinakaufalt/newdataset/phreshphish_v8_4_FINAL/results/curve_parts/run3_R0_MLP_100000.csv,9459,1786894789922910427,169cc2218560f43f094baf1c83d08a46657a8b41486ea25d0bcb4ef23276d2d1
datasets/cristinakaufalt/newdataset/phreshphish_v8_4_FINAL/results/curve_parts/run3_R0_MLP_2000.csv,9484,1786894790022109364,73d5e0ede38ae21d541326c66a95959942bd551e0d04481ec6c3d3faad67dcec
datasets/cristinakaufalt/newdataset/phreshphish_v8_4_FINAL/results/curve_parts/run3_R0_MLP_20000.csv,9515,1786894790014892805,d421fde2e644120180dad13e6ee7ed5cf260f8e93994592e084ba18a3b9ab53d
datasets/cristinakaufalt/newdataset/phreshphish_v8_4_FINAL/results/curve_parts/run3_R0_MLP_200000.csv,9535,1786894790130253106,82aa19184879935a04863aa2c730c8f7ea9a1b9d02e79cb89a285abc01756b8d
datasets/cristinakaufalt/newdataset/phreshphish_v8_4_FINAL/results/curve_parts/run3_R0_MLP_5000.csv,9390,1786894790027881429,d82d26f4519a23a31ff807fd72b8ed091c7c1462177147530e0629e271ab8d58
datasets/cristinakaufalt/newdataset/phreshphish_v8_4_FINAL/results/curve_parts/run3_R0_MLP_50000.csv,9515,1786894789971676071,c91eee77b5839937ec7b760a016002f5315b0a99fa22180bbde8c29e2a8648ae
datasets/cristinakaufalt/newdataset/phreshphish_v8_4_FINAL/results/curve_parts/run3_R1_LINEAR_10000.csv,9645,1786894790093782094,b99e87cc4d828f3180fb999e014a6226a3994441360e3cf8a6ca4cabfb0945ac
datasets/cristinakaufalt/newdataset/phreshphish_v8_4_FINAL/results/curve_parts/run3_R1_LINEAR_100000.csv,9652,1786894790143660972,3ce7bc26b0ee6d6b4b28b6b3a007bb152377c3a3eb6120c2471fadf1fea078c0
datasets/cristinakaufalt/newdataset/phreshphish_v8_4_FINAL/results/curve_parts/run3_R1_LINEAR_2000.csv,9560,1786894789953485255,66fd2e334e0a56798bed5d7fa4d7dae1126ccd89f9f00b13b2123c40ebf34fe4
datasets/cristinakaufalt/newdataset/phreshphish_v8_4_FINAL/results/curve_parts/run3_R1_LINEAR_20000.csv,9621,1786894790144765622,16443ddcdbc9d170929444daa23bd4caf7ed9306afd7c07d0f8ab3b0fd652d1d
datasets/cristinakaufalt/newdataset/phreshphish_v8_4_FINAL/results/curve_parts/run3_R1_LINEAR_200000.csv,9678,1786894790451254585,3900cedb1c217f323080a39e70736a7266a0761864cbf9c8e9836000f4978a2f
datasets/cristinakaufalt/newdataset/phreshphish_v8_4_FINAL/results/curve_parts/run3_R1_LINEAR_5000.csv,9630,1786894790438432032,9a056dd5f9b6d6e9493d33364fc0a55a17acb8071bdeb452b6319f5d40af27e4
datasets/cristinakaufalt/newdataset/phreshphish_v8_4_FINAL/results/curve_parts/run3_R1_LINEAR_50000.csv,9645,1786894790177852531,0e094499ceb355bcef4253b62a187c860d76ffa4d1f0ead3a32cf7d424d7bf3f
datasets/cristinakaufalt/newdataset/phreshphish_v8_4_FINAL/results/curve_parts/run3_R1_MLP_10000.csv,9512,1786894790150005979,353a2645cbc4ef34aa6235fc3149433f255cbb8d1b43d1a526911ead0caf491d
datasets/cristinakaufalt/newdataset/phreshphish_v8_4_FINAL/results/curve_parts/run3_R1_MLP_100000.csv,9527,1786894790177607010,faca4bd1ff0cb7910e960750b588e805e697d39d1756e60291ada9191b3903dc
datasets/cristinakaufalt/newdataset/phreshphish_v8_4_FINAL/results/curve_parts/run3_R1_MLP_2000.csv,9536,1786894790133280942,1d803305de77bb9cd6974d549df7afd317bf5199400e189c57b35b9d9716504c
datasets/cristinakaufalt/newdataset/phreshphish_v8_4_FINAL/results/curve_parts/run3_R1_MLP_20000.csv,9463,1786894790576904861,4c69c03af86f2b05e17a30208b3a62c1856f932197d0411ec75edb656640f0c0
datasets/cristinakaufalt/newdataset/phreshphish_v8_4_FINAL/results/curve_parts/run3_R1_MLP_200000.csv,9548,1786894790179046675,9b51ac5a215df27b45361caaaa3a788f5fa09b7ce33349aab4b5989131a24ed8
datasets/cristinakaufalt/newdataset/phreshphish_v8_4_FINAL/results/curve_parts/run3_R1_MLP_5000.csv,9492,1786894790600600418,83eb7fe49d938454cd461688f1b6419d11b70b1a911463bca7ad6952f23168ae
datasets/cristinakaufalt/newdataset/phreshphish_v8_4_FINAL/results/curve_parts/run3_R1_MLP_50000.csv,9466,1786894790450380268,17e6f3d9b8fc9eec48153b309f2c4dfa81bd5c35fe95a71d6bec655009e9954c
datasets/cristinakaufalt/newdataset/phreshphish_v8_4_FINAL/results/curve_parts/run4_R0_LINEAR_10000.csv,9621,1786894790174091408,2501aa1558997cbd80bdc65c876e111fa673d571906dc24ec4abad63f4d7d454
datasets/cristinakaufalt/newdataset/phreshphish_v8_4_FINAL/results/curve_parts/run4_R0_LINEAR_100000.csv,9659,1786894790343905085,f98ac19dd2a959ca3950ae4f84e29222020971613dd3c050af52b7536b6ef5df
datasets/cristinakaufalt/newdataset/phreshphish_v8_4_FINAL/results/curve_parts/run4_R0_LINEAR_2000.csv,9542,1786894790297066557,c726331bb17e0e957b8f0ab9da3801d25206d902f24e958bfbab05af60331da9
datasets/cristinakaufalt/newdataset/phreshphish_v8_4_FINAL/results/curve_parts/run4_R0_LINEAR_20000.csv,9566,1786894790302611730,f4cdf89d77f6d9e71969a3641ebf1b4434949dfca34b99f57ca60a07d2862122
datasets/cristinakaufalt/newdataset/phreshphish_v8_4_FINAL/results/curve_parts/run4_R0_LINEAR_200000.csv,9637,1786894790367281589,da4bbf4827c067ef287b608177d78e7a500b811378ba42b3340a4e9bf71c7397
datasets/cristinakaufalt/newdataset/phreshphish_v8_4_FINAL/results/curve_parts/run4_R0_LINEAR_5000.csv,9609,1786894790343729508,d6d9d7ee6a4f5f8b1909f06e84628f982b8e26e9d37f36f6bd2e86a198307fdf
datasets/cristinakaufalt/newdataset/phreshphish_v8_4_FINAL/results/curve_parts/run4_R0_LINEAR_50000.csv,9597,1786894790267127710,256e5ae13ccb4c77826b6bc0d7dce4fa2c12128e18eaa656563e22e95f3b7dcf
datasets/cristinakaufalt/newdataset/phreshphish_v8_4_FINAL/results/curve_parts/run4_R0_MLP_10000.csv,9532,1786894790452515686,adb21d94676b744a1a6ef6fbf0f33bd98dab2b53baa772befc0d7d829b905a1f
datasets/cristinakaufalt/newdataset/phreshphish_v8_4_FINAL/results/curve_parts/run4_R0_MLP_100000.csv,9530,1786894790335890267,823eac16818067a344a50696a783df566351c43b8dd627c97f59050296292402
datasets/cristinakaufalt/newdataset/phreshphish_v8_4_FINAL/results/curve_parts/run4_R0_MLP_2000.csv,9436,1786894790240271234,11bef1a4d0ec553099830ef09ceeec3f2298f9c61befa4ae88db1b2c49cb6a66
datasets/cristinakaufalt/newdataset/phreshphish_v8_4_FINAL/results/curve_parts/run4_R0_MLP_20000.csv,9514,1786894790364293305,0a9dd9659b2ac17bb6488cf92db939af118b7510c8b64b23a34636aa13021df7
datasets/cristinakaufalt/newdataset/phreshphish_v8_4_FINAL/results/curve_parts/run4_R0_MLP_200000.csv,9577,1786894790364982813,253d73dd10e91bd8f90aa13792becc6304519c9dcbc09dfa15282477f535229d
datasets/cristinakaufalt/newdataset/phreshphish_v8_4_FINAL/results/curve_parts/run4_R0_MLP_5000.csv,9463,1786894790345775674,c6ec1a4bc07aff777be1e142e20fc0be1ccdb0421ae0412d43a7c054ffbb9b02
datasets/cristinakaufalt/newdataset/phreshphish_v8_4_FINAL/results/curve_parts/run4_R0_MLP_50000.csv,9492,1786894790366515839,9ab30539a44516e51ab8d4d5c9072cfa44e63cbc8ebd31d5504ae57c1ce45a94
datasets/cristinakaufalt/newdataset/phreshphish_v8_4_FINAL/results/curve_parts/run4_R1_LINEAR_10000.csv,9637,1786894790350143712,1cb4180bc7bcb7c218263b5d0de055104797f3e5bda767ab8ccd5218bd60176e
datasets/cristinakaufalt/newdataset/phreshphish_v8_4_FINAL/results/curve_parts/run4_R1_LINEAR_100000.csv,9669,1786894790420818669,ccfc1e8e0f09faca0bb860bae9b4e4603d123e14b47091fab52bc6f5a1ebf946
datasets/cristinakaufalt/newdataset/phreshphish_v8_4_FINAL/results/curve_parts/run4_R1_LINEAR_2000.csv,9620,1786894790604905143,add42123b80a046c719377225c7d13245facf5910e75a9d2ef22edff79c2d5f8
datasets/cristinakaufalt/newdataset/phreshphish_v8_4_FINAL/results/curve_parts/run4_R1_LINEAR_20000.csv,9627,1786894790330657169,b7d98cba3b1b738234956bcfb08929fda21bef4dbbde331a92dc10b9dd0eebe8
datasets/cristinakaufalt/newdataset/phreshphish_v8_4_FINAL/results/curve_parts/run4_R1_LINEAR_200000.csv,9678,1786894790577365869,9bc4f6fe3e1905e7646ac3795ac353f334cac068e8de73c3aa233972a840f7e6
datasets/cristinakaufalt/newdataset/phreshphish_v8_4_FINAL/results/curve_parts/run4_R1_LINEAR_5000.csv,9572,1786894790363313785,aaae40bcd32d11c05f038258d8cc725f527fe9711408a719d56f978efcb65d07
datasets/cristinakaufalt/newdataset/phreshphish_v8_4_FINAL/results/curve_parts/run4_R1_LINEAR_50000.csv,9632,1786894790364052194,d349b7287a5564403b65323c6090bf210920ada3473a96205aa9a281d82a403c
datasets/cristinakaufalt/newdataset/phreshphish_v8_4_FINAL/results/curve_parts/run4_R1_MLP_10000.csv,9439,1786894790332793225,1d3861e10d0b541ed598cdb7885b2a04bbf4cdd7fa8a95e2f01e00510a7a454f
datasets/cristinakaufalt/newdataset/phreshphish_v8_4_FINAL/results/curve_parts/run4_R1_MLP_100000.csv,9558,1786894790662752138,db5011179915287e2cb6368e9cd2267041a40f03487f0aa398c5ad2cf64b0575
datasets/cristinakaufalt/newdataset/phreshphish_v8_4_FINAL/results/curve_parts/run4_R1_MLP_2000.csv,9433,1786894790370176525,190537059b5e241e89e796cc4acd84146dfc728c2c405e88743bdbbf7eccd175
datasets/cristinakaufalt/newdataset/phreshphish_v8_4_FINAL/results/curve_parts/run4_R1_MLP_20000.csv,9501,1786894790577018067,f3c118448234fa96cc8f699886d6735e2e8d029548d43aca3a56fbd9a28bef02
datasets/cristinakaufalt/newdataset/phreshphish_v8_4_FINAL/results/curve_parts/run4_R1_MLP_200000.csv,9560,1786894790662872984,1595c944edfda65dfbbd5f4c930efb2da63656372dc0802fc080302d86e7db27
datasets/cristinakaufalt/newdataset/phreshphish_v8_4_FINAL/results/curve_parts/run4_R1_MLP_5000.csv,9433,1786894790665331414,2c7abd00785f32991833a929555402c1f35ecf73bf3b4e9d9ec696187530b1ae
datasets/cristinakaufalt/newdataset/phreshphish_v8_4_FINAL/results/curve_parts/run4_R1_MLP_50000.csv,9491,1786894790665066603,3946614131768b2ec34688aafa1e7032c3f1358172dfe323e36b1ce3537b9fef
datasets/cristinakaufalt/newdataset/phreshphish_v8_4_FINAL/results/deep_n3_parts/seed122_R0_B20000.csv,8797,1786894790412627844,98441167efe6548d0b47863af14bfa59c39dfb3df06efb9179782a44f28439b4
datasets/cristinakaufalt/newdataset/phreshphish_v8_4_FINAL/results/deep_n3_parts/seed122_R0_B200000.csv,8825,1786894790412198317,910939103a1b31e24af0043e0fb702dc0d6a0b34acb0df40da219278dd1d9fc2
datasets/cristinakaufalt/newdataset/phreshphish_v8_4_FINAL/results/deep_n3_parts/seed122_R0_B200000_COMPLETE.json,547,1786894790469494985,f2952295abd67b4fbabc199f0a8081bb4a929e509e35409d4847fa687f68bfb0
datasets/cristinakaufalt/newdataset/phreshphish_v8_4_FINAL/results/deep_n3_parts/seed122_R0_B20000_COMPLETE.json,543,1786894790391703696,bdbbd4e782bd7dc49f7dfe50e96caf74668c583d06b343bfb2e82c8fec8df477
datasets/cristinakaufalt/newdataset/phreshphish_v8_4_FINAL/results/deep_n3_parts/seed122_R1_B20000.csv,8821,1786894790426842343,5a3cd86b2200f9d2867de444ba02d16766bb595f6e39754b068c3ea0389bb70e
datasets/cristinakaufalt/newdataset/phreshphish_v8_4_FINAL/results/deep_n3_parts/seed122_R1_B200000.csv,8839,1786894790597297654,312a1a1a6ded5215b7bc516a9a373cbd6cf0d85c9751fec21620b1189531071a
datasets/cristinakaufalt/newdataset/phreshphish_v8_4_FINAL/results/deep_n3_parts/seed122_R1_B200000_COMPLETE.json,547,1786894790649964179,d6a692dd953d7000d6f939fd73fcc337cc396be7ebdb3b066582f45bcccce72d
datasets/cristinakaufalt/newdataset/phreshphish_v8_4_FINAL/results/deep_n3_parts/seed122_R1_B20000_COMPLETE.json,543,1786894790655560139,5081bb1079dc59c8005a94f99d9fc1c5bc21483b483d66b06adfaedbc3f5b7ed
datasets/cristinakaufalt/newdataset/phreshphish_v8_4_FINAL/results/deep_n3_parts/seed42_R0_B20000.csv,8755,1786894790664205737,8ef2552431a83a8c25d90d4d20c770c113f37b9895c011e5c4d47a4beb89885c
datasets/cristinakaufalt/newdataset/phreshphish_v8_4_FINAL/results/deep_n3_parts/seed42_R0_B200000.csv,8829,1786894790665795191,557343ba397ab09b2fbde601562f072fc0ebe605b6d4a8d4085ed91ea3f57f9a
datasets/cristinakaufalt/newdataset/phreshphish_v8_4_FINAL/results/deep_n3_parts/seed42_R0_B200000_COMPLETE.json,543,1786894790517083262,c01c2dc4a71ddfd76dc117fdb9c9c89c3f879c089d1452118266b59aecc8192d
datasets/cristinakaufalt/newdataset/phreshphish_v8_4_FINAL/results/deep_n3_parts/seed42_R0_B20000_COMPLETE.json,539,1786894790381141780,1aa37e0f7905f9904cfb7a11c0e0b1d773bc8630c866e56fb49f01ad328bf5ea
datasets/cristinakaufalt/newdataset/phreshphish_v8_4_FINAL/results/deep_n3_parts/seed42_R1_B20000.csv,8775,1786894790579832123,ac5d379f13e33b2bc5f47ab260db401b8cfda6f2a6c7d0f7686ae29f194a6646
datasets/cristinakaufalt/newdataset/phreshphish_v8_4_FINAL/results/deep_n3_parts/seed42_R1_B200000.csv,8771,1786894790664176769,65fc566c73ab39612cfea29104910ba145d7e0e75d14ddf2370414d430cf5680
datasets/cristinakaufalt/newdataset/phreshphish_v8_4_FINAL/results/deep_n3_parts/seed42_R1_B200000_COMPLETE.json,543,1786894790528537579,c38840a702b9e4a8d0e019abbbe872babf5d4d6359e266d238eb99a3b772382a
datasets/cristinakaufalt/newdataset/phreshphish_v8_4_FINAL/results/deep_n3_parts/seed42_R1_B20000_COMPLETE.json,539,1786894790371961464,229cd17db2d147f5852d923d4a66a3793b319bcdb83648a29e99a8822fe10cbe
datasets/cristinakaufalt/newdataset/phreshphish_v8_4_FINAL/results/deep_n3_parts/seed82_R0_B20000.csv,8748,1786894790582026156,ced5b715a1e713833e81e633cf4ffe875af53ad08369e4437d67176224053699
datasets/cristinakaufalt/newdataset/phreshphish_v8_4_FINAL/results/deep_n3_parts/seed82_R0_B200000.csv,8808,1786894790542679117,b59d80aee502754fb2f6ac64feaa4dd891b44b8f0fad7838bf1ed33588503928
datasets/cristinakaufalt/newdataset/phreshphish_v8_4_FINAL/results/deep_n3_parts/seed82_R0_B200000_COMPLETE.json,543,1786894790340742056,63238252feaf896b09c93a47f5664d88077c94129508725a5f4b9b955a757656
datasets/cristinakaufalt/newdataset/phreshphish_v8_4_FINAL/results/deep_n3_parts/seed82_R0_B20000_COMPLETE.json,539,1786894790675451786,5b1825103b0da2c2e68f39900bf900bf38d232e6c6a64575b1565b2e6f0a46b5
datasets/cristinakaufalt/newdataset/phreshphish_v8_4_FINAL/results/deep_n3_parts/seed82_R1_B20000.csv,8768,1786894790306803481,4a9ed5ba568b358671c9cca170c9b70e2273868489b6c016e6c9860bdc94500f
datasets/cristinakaufalt/newdataset/phreshphish_v8_4_FINAL/results/deep_n3_parts/seed82_R1_B200000.csv,8768,1786894790605074984,f8d8d888f0fbbee7bc1621e20ed5a7b3bbc0af71c007169bd5d0926c3c799019
datasets/cristinakaufalt/newdataset/phreshphish_v8_4_FINAL/results/deep_n3_parts/seed82_R1_B200000_COMPLETE.json,543,1786894790293447506,89054f347b8280dfee3d65e835e2c94bbbc366b508c12e52700f7ec71670d2d9
datasets/cristinakaufalt/newdataset/phreshphish_v8_4_FINAL/results/deep_n3_parts/seed82_R1_B20000_COMPLETE.json,539,1786894790335997722,e42a33a57d37dda4989253b3df6bd799d2fa684b94ad243384c93100c7ad1b20
datasets/cristinakaufalt/newdataset/phreshphish_v8_4_FINAL/role_meta/CAL.parquet,3310240,1786894796609403147,66a220cc6e9a1bcd0e574d4f67c526167afd1d369a0acc2b8e698d7b7f9e619b
datasets/cristinakaufalt/newdataset/phreshphish_v8_4_FINAL/role_meta/DEV.parquet,1365784,1786894792998973093,06004e09ee424e88f077484be0167ae157e3e9a57994b0fd668f3de4846b6370
datasets/cristinakaufalt/newdataset/phreshphish_v8_4_FINAL/role_meta/FINAL.parquet,11201344,1786894808540651109,ce73a543b1554aae8c106c4d5ecf515cb42f6ee15331739a090e70d9ac369c78
datasets/cristinakaufalt/newdataset/phreshphish_v8_4_FINAL/role_meta/SSL.parquet,13229397,1786894808582113361,5c0ed3b1581acdc1c28a006309c5675397fd19891fe2865e9a60136936cf9124
datasets/cristinakaufalt/newdataset/phreshphish_v8_4_FINAL/scores/DEEP_N3/seed122/DUAL_R0_200K/CAL_logit.npy,200128,1786894791005333641,b248cce3622b53d53cd8ecfd857ee8aab7632757079884965af8f4e263250f8d
datasets/cristinakaufalt/newdataset/phreshphish_v8_4_FINAL/scores/DEEP_N3/seed122/DUAL_R0_200K/DEV_logit.npy,80128,1786894791132395149,a7f183fc2c43623d29d7d958dda57504023f177ac56ef8ee27bd65cd874eb6a4
datasets/cristinakaufalt/newdataset/phreshphish_v8_4_FINAL/scores/DEEP_N3/seed122/DUAL_R0_200K/FINAL_logit.npy,672368,1786894791707556157,37949a1aa39b36e0bdaa66c0d55669f6912a9b6797ac969692018934eb3e38fc
datasets/cristinakaufalt/newdataset/phreshphish_v8_4_FINAL/scores/DEEP_N3/seed122/DUAL_R0_20K/CAL_logit.npy,200128,1786894790984919999,4448847cdfc5fadb4388371eec24b769907eb09f34cf8f57a6f18fb512e56619
datasets/cristinakaufalt/newdataset/phreshphish_v8_4_FINAL/scores/DEEP_N3/seed122/DUAL_R0_20K/DEV_logit.npy,80128,1786894790883414925,610405b67b75f734cca3e575e33578026fcbc6fb8ed8ae99722098edaa3734b8
datasets/cristinakaufalt/newdataset/phreshphish_v8_4_FINAL/scores/DEEP_N3/seed122/DUAL_R0_20K/FINAL_logit.npy,672368,1786894792054054669,0f8a00b3c4a1c4f9891b092393d58709c0eb72021a91f410742319d5ee4660c5
datasets/cristinakaufalt/newdataset/phreshphish_v8_4_FINAL/scores/DEEP_N3/seed122/DUAL_R1_200K/CAL_logit.npy,200128,1786894791158280378,92c75c44bc5932db712bb36151328962ef620559548b0e634ed126fd72bbf2bc
datasets/cristinakaufalt/newdataset/phreshphish_v8_4_FINAL/scores/DEEP_N3/seed122/DUAL_R1_200K/DEV_logit.npy,80128,1786894791143995274,baaf4282fe6918637cdbc59fdbb62fe7231c9a60c3255d3dd1ef2a800b4c2c21
datasets/cristinakaufalt/newdataset/phreshphish_v8_4_FINAL/scores/DEEP_N3/seed122/DUAL_R1_200K/FINAL_logit.npy,672368,1786894791578871480,fc0917312d66d7bf7fb13061b1b920c5b3f62d2c4aaf4dace1d9b48ba323f39c
datasets/cristinakaufalt/newdataset/phreshphish_v8_4_FINAL/scores/DEEP_N3/seed122/DUAL_R1_20K/CAL_logit.npy,200128,1786894790941217383,db3f56670029bde715e593a1cc84f1cd9c873016846eab2f3eb9a975ac5cca88
datasets/cristinakaufalt/newdataset/phreshphish_v8_4_FINAL/scores/DEEP_N3/seed122/DUAL_R1_20K/DEV_logit.npy,80128,1786894790810384059,e8c633d6ed3d8568b0c3b77a2a693bd7159353f55597cca67c5e5289e8e95713
datasets/cristinakaufalt/newdataset/phreshphish_v8_4_FINAL/scores/DEEP_N3/seed122/DUAL_R1_20K/FINAL_logit.npy,672368,1786894791987315553,8ee28255fc8cf756ebccdb488d113e31260f77382e014a53b0dba0dccb18bf27
datasets/cristinakaufalt/newdataset/phreshphish_v8_4_FINAL/scores/DEEP_N3/seed42/DUAL_R0_200K/CAL_logit.npy,200128,1786894791529836408,af22dd77b076a42198a18bac3eb59322f615695a3c18c526f7c104343fd10c79
datasets/cristinakaufalt/newdataset/phreshphish_v8_4_FINAL/scores/DEEP_N3/seed42/DUAL_R0_200K/DEV_logit.npy,80128,1786894791053857233,81d02b4087d4177e7cd574ef915586d193a5facefc61e0ba9e0b670423c49ffc
datasets/cristinakaufalt/newdataset/phreshphish_v8_4_FINAL/scores/DEEP_N3/seed42/DUAL_R0_200K/FINAL_logit.npy,672368,1786894791571813450,d590dc5155112bbb435836ba7b606547149fae326d09a914c3970d767b287aab
datasets/cristinakaufalt/newdataset/phreshphish_v8_4_FINAL/scores/DEEP_N3/seed42/DUAL_R0_20K/CAL_logit.npy,200128,1786894791532623262,c5167b54226547c3a9424606e7b8728e86229af84cbd8fb48855e327ad6c89df
datasets/cristinakaufalt/newdataset/phreshphish_v8_4_FINAL/scores/DEEP_N3/seed42/DUAL_R0_20K/DEV_logit.npy,80128,1786894791245973499,a9a8f6614769f1d8baa0d4e475b091764ee66971605dd19287078187a3376ee4
datasets/cristinakaufalt/newdataset/phreshphish_v8_4_FINAL/scores/DEEP_N3/seed42/DUAL_R0_20K/FINAL_logit.npy,672368,1786894791734224569,8311d0dbd12993f4dc9ce22916d4d9f4d5bb5cef4789533eeece77714ccd8f37
datasets/cristinakaufalt/newdataset/phreshphish_v8_4_FINAL/scores/DEEP_N3/seed42/DUAL_R1_200K/CAL_logit.npy,200128,1786894791530471790,918308c906f0783ab2fe02403f3586b3d5c3d9d0d06d7674b3c8b93fa3f5e169
datasets/cristinakaufalt/newdataset/phreshphish_v8_4_FINAL/scores/DEEP_N3/seed42/DUAL_R1_200K/DEV_logit.npy,80128,1786894790995680716,1f7c8aca3a1d2639aa0d5dbf88de324896db5249d86b316055af259b39473398
datasets/cristinakaufalt/newdataset/phreshphish_v8_4_FINAL/scores/DEEP_N3/seed42/DUAL_R1_200K/FINAL_logit.npy,672368,1786894792061186021,f544414a2f228a5d6c04cd7bee3018fe4760cee97d90796d03439cf1c6af2890
datasets/cristinakaufalt/newdataset/phreshphish_v8_4_FINAL/scores/DEEP_N3/seed42/DUAL_R1_20K/CAL_logit.npy,200128,1786894791413859656,512115df2f19c3b59ee72dc14c4cc56ddb758426eecaaef8817d0baf094c7d91
datasets/cristinakaufalt/newdataset/phreshphish_v8_4_FINAL/scores/DEEP_N3/seed42/DUAL_R1_20K/DEV_logit.npy,80128,1786894791248851886,425a6dbe0485fd595a8c31a7507289f2340deeeae981433d4f692055338bbeb3
datasets/cristinakaufalt/newdataset/phreshphish_v8_4_FINAL/scores/DEEP_N3/seed42/DUAL_R1_20K/FINAL_logit.npy,672368,1786894792074710201,9dba3d97f838fc0ef85c992e3b59f767efba504c21165d65cacd83b7214ed5a4
datasets/cristinakaufalt/newdataset/phreshphish_v8_4_FINAL/scores/DEEP_N3/seed82/DUAL_R0_200K/CAL_logit.npy,200128,1786894791326036827,87f755ddc3755992680025b683646ac586a1d055adb58e14811d57e479865805
datasets/cristinakaufalt/newdataset/phreshphish_v8_4_FINAL/scores/DEEP_N3/seed82/DUAL_R0_200K/DEV_logit.npy,80128,1786894790943353219,0b84f26ffa534fc3f7724a8c5dac324b52f6954efb83dacc19405d8c143f0a04
datasets/cristinakaufalt/newdataset/phreshphish_v8_4_FINAL/scores/DEEP_N3/seed82/DUAL_R0_200K/FINAL_logit.npy,672368,1786894791842565028,dde01f502c0744fd63432844c6101d191dc6553e98172179c823b86126be14ae
datasets/cristinakaufalt/newdataset/phreshphish_v8_4_FINAL/scores/DEEP_N3/seed82/DUAL_R0_20K/CAL_logit.npy,200128,1786894791390996612,e100a63c0a2506572ac90f8a3e9823d215f7732d2c5716861781bfbaac3d2abc
datasets/cristinakaufalt/newdataset/phreshphish_v8_4_FINAL/scores/DEEP_N3/seed82/DUAL_R0_20K/DEV_logit.npy,80128,1786894791145324337,cb490585a072d0f5738a333473bf220f0f75f39236b9c41dd3a8df712ade3ee6
datasets/cristinakaufalt/newdataset/phreshphish_v8_4_FINAL/scores/DEEP_N3/seed82/DUAL_R0_20K/FINAL_logit.npy,672368,1786894791920797942,13d5fe43fb8e8f7b6c536fdd098b3ced37c13ace4b1ef0a2ba2214ccdb8a52ec
datasets/cristinakaufalt/newdataset/phreshphish_v8_4_FINAL/scores/DEEP_N3/seed82/DUAL_R1_200K/CAL_logit.npy,200128,1786894791447813024,b7e1fe5f9d0a289a332e6bed70c9be41c87d799b03b300d4601ecbdd5ce23842
datasets/cristinakaufalt/newdataset/phreshphish_v8_4_FINAL/scores/DEEP_N3/seed82/DUAL_R1_200K/DEV_logit.npy,80128,1786894791297838295,98d26003f3980ff5f2652e13289f847394385848eff863aa5c1004c26443d548
datasets/cristinakaufalt/newdataset/phreshphish_v8_4_FINAL/scores/DEEP_N3/seed82/DUAL_R1_200K/FINAL_logit.npy,672368,1786894791849395992,54c090986021f57aa9e53e38f84b52f2b14f41cf6e837a9691a0ad2575cf143a
datasets/cristinakaufalt/newdataset/phreshphish_v8_4_FINAL/scores/DEEP_N3/seed82/DUAL_R1_20K/CAL_logit.npy,200128,1786894791341999799,cd9fd203be72bd8331e8d204e8cde9e58446949d15a5d6ce57234c976a23ea0d
datasets/cristinakaufalt/newdataset/phreshphish_v8_4_FINAL/scores/DEEP_N3/seed82/DUAL_R1_20K/DEV_logit.npy,80128,1786894791227851323,3d5a508452a9ee9de48cbf13b29a1bf674a29e9e108dd47c16dcdcbc51970ced
datasets/cristinakaufalt/newdataset/phreshphish_v8_4_FINAL/scores/DEEP_N3/seed82/DUAL_R1_20K/FINAL_logit.npy,672368,1786894791953226793,06cfad08a1b6f9efe32e2cb0e955d0020ee6b854cb20c19057b4325a1f48900a
datasets/cristinakaufalt/newdataset/phreshphish_v8_4_FINAL/xgb_baseline/feature_cache/X_CAL.npz,230937392,1786894815383585410,4cdad07d1cc0d08e70e892aa07e99be0c7333403f8cdd4c16a9e0650f6866dcc
datasets/cristinakaufalt/newdataset/phreshphish_v8_4_FINAL/xgb_baseline/feature_cache/X_DEV.npz,61550925,1786894811512783606,1f9846875bf4fa546099f042eda877a1bc4c1a91562902b30b47d32b98a585ec
datasets/cristinakaufalt/newdataset/phreshphish_v8_4_FINAL/xgb_baseline/feature_cache/X_FINAL.npz,543162382,1786894825312144866,9a03ea0d66273bc944584415c92c43dc040c65ec22cc6b989b501cf1db2bb490
datasets/cristinakaufalt/newdataset/phreshphish_v8_4_FINAL/xgb_baseline/feature_cache/X_SSL.npz,669161100,1786894818939737860,52efa3305750bedf6ac92c6f62e0de8faa7071ecb7fac562ea262f5685974267
datasets/cristinakaufalt/newdataset/phreshphish_v8_4_FINAL/xgb_baseline/feature_cache/text_tfidf.joblib,636935,1786894791151355774,f7fdd14eb2591ba03641d62b61fb16f4af3eaf0cb473ddbbf017e1b40d70fe64
datasets/cristinakaufalt/newdataset/phreshphish_v8_4_FINAL/xgb_baseline/feature_cache/url_tfidf.joblib,230780,1786894791325055717,bda1ae6f6c09e3dc22ccab82d10cc2c6b068744466f85c1fd0985c8d37d8cb77
datasets/cristinakaufalt/newdataset/phreshphish_v8_4_FINAL/xgb_baseline/models/seed122_B10000/COMPLETE.json,549,1786894790986271653,49a6964cfd38007b2cce3b100237ace929a8a9cea385c1fc4bc80c04882b63bd
datasets/cristinakaufalt/newdataset/phreshphish_v8_4_FINAL/xgb_baseline/models/seed122_B10000/model.ubj,627800,1786894791730054721,b730e37661bb162ab6c8f69dc4e730b9fa22d5b322b8ee93f460f4ef7de1cf57
datasets/cristinakaufalt/newdataset/phreshphish_v8_4_FINAL/xgb_baseline/models/seed122_B100000/COMPLETE.json,552,1786894791184493333,5aaa2432b6f3324b5bfee85fa839ae108c5176b76cab644f7f8bc2bb7df4f660
datasets/cristinakaufalt/newdataset/phreshphish_v8_4_FINAL/xgb_baseline/models/seed122_B100000/model.ubj,856280,1786894791045995495,eac298f431ce47912f6d388bb27195f812ef28121c67ab1af26c8139b732a32e
datasets/cristinakaufalt/newdataset/phreshphish_v8_4_FINAL/xgb_baseline/models/seed122_B2000/COMPLETE.json,547,1786894791091728592,45de7e57b18405d65dcb7f6e35543f9ca4e382825ebf3c90bc8d94c76b61aefc
datasets/cristinakaufalt/newdataset/phreshphish_v8_4_FINAL/xgb_baseline/models/seed122_B2000/model.ubj,550756,1786894792970800927,7cab33e731078cf484aab955f388a1e633f6959a7f20ed84fb10e228e1ce572c
datasets/cristinakaufalt/newdataset/phreshphish_v8_4_FINAL/xgb_baseline/models/seed122_B20000/COMPLETE.json,550,1786894791208461317,338f0a61bf21b972c513306c09117df3aadf8c1a441f086eb511c7a6c82aae7f
datasets/cristinakaufalt/newdataset/phreshphish_v8_4_FINAL/xgb_baseline/models/seed122_B20000/model.ubj,689272,1786894792124003432,e457bbc14be0db82a51731263f63c0a22fd91b8a9a0fa2f06f8ec1a6a730b547
datasets/cristinakaufalt/newdataset/phreshphish_v8_4_FINAL/xgb_baseline/models/seed122_B200000/COMPLETE.json,552,1786894791116429746,41682fb4681fb50dd014eb5ac10ad9f84a0412e6af6d63fdaf978cf0b96cbc67
datasets/cristinakaufalt/newdataset/phreshphish_v8_4_FINAL/xgb_baseline/models/seed122_B200000/model.ubj,931700,1786894792085226623,f020c5e938cd5e595d48e62d32c1be740b2a4a613ac043db588ee907448e921e
datasets/cristinakaufalt/newdataset/phreshphish_v8_4_FINAL/xgb_baseline/models/seed122_B5000/COMPLETE.json,547,1786894791172751565,9950fe9aab827ce1cb8df329ac5f66b1f2288fb596bc93227c0cdff62272ba7f
datasets/cristinakaufalt/newdataset/phreshphish_v8_4_FINAL/xgb_baseline/models/seed122_B5000/model.ubj,585300,1786894791911156204,08ce21c00e64612195025e877afe616c597990bd7563d2ac2a1e7f9b7dbb800f
datasets/cristinakaufalt/newdataset/phreshphish_v8_4_FINAL/xgb_baseline/models/seed122_B50000/COMPLETE.json,550,1786894791384578861,c66bc7f1605b045d8d76b38b3042047a40da384e27edc95b8121754ccd4c9a14
datasets/cristinakaufalt/newdataset/phreshphish_v8_4_FINAL/xgb_baseline/models/seed122_B50000/model.ubj,776788,1786894792378096247,b050ca0e995e37e7ab56db5d4a6b3381d33962a76d743e29007e8cbd37ab15df
datasets/cristinakaufalt/newdataset/phreshphish_v8_4_FINAL/xgb_baseline/models/seed42_B10000/COMPLETE.json,547,1786894791243512385,de0479c3d730105c6e7a6d7651f05eed65cb6183dec1847ec04cba3787225b4c
datasets/cristinakaufalt/newdataset/phreshphish_v8_4_FINAL/xgb_baseline/models/seed42_B10000/model.ubj,631064,1786894791877988202,5500a043ca0719e9d980fc59b7d557c7c74f2fa8c4129f98c2b8ca58833edb20
datasets/cristinakaufalt/newdataset/phreshphish_v8_4_FINAL/xgb_baseline/models/seed42_B100000/COMPLETE.json,550,1786894791229963908,7dab66e10b83655155bb1774b352d0b52422db7a735ff7d0c7858048b409f7cd
datasets/cristinakaufalt/newdataset/phreshphish_v8_4_FINAL/xgb_baseline/models/seed42_B100000/model.ubj,852608,1786894792564749374,4852ed8ffe58cf06501d6988044b6673e3db414da28402dac93b66bf6cf7813d
datasets/cristinakaufalt/newdataset/phreshphish_v8_4_FINAL/xgb_baseline/models/seed42_B2000/COMPLETE.json,545,1786894791374298246,a988a987284f3bc2161d2fd2014574ec084eeacbd65eba92dd72522c8392c63a
datasets/cristinakaufalt/newdataset/phreshphish_v8_4_FINAL/xgb_baseline/models/seed42_B2000/model.ubj,546132,1786894791906532160,50fd39ee82a9c4c26ad4538e5e9dd2e17fd73a957728ca810083cf083de65b79
datasets/cristinakaufalt/newdataset/phreshphish_v8_4_FINAL/xgb_baseline/models/seed42_B20000/COMPLETE.json,548,1786894791348190230,05d9f9d58545a2e124b2d36494573aa1088753947de4e9db115506f8e3d4807d
datasets/cristinakaufalt/newdataset/phreshphish_v8_4_FINAL/xgb_baseline/models/seed42_B20000/model.ubj,680092,1786894791988900144,2768feda96b20ed1176deaaddce6f43bed6fee8f47bf1289ccb76f1d15dccbfa
datasets/cristinakaufalt/newdataset/phreshphish_v8_4_FINAL/xgb_baseline/models/seed42_B200000/COMPLETE.json,550,1786894791174695438,c8359d79a0ad90d55fbba5ce3d6373e963b4a410455ae53233e822a8443b08df
datasets/cristinakaufalt/newdataset/phreshphish_v8_4_FINAL/xgb_baseline/models/seed42_B200000/model.ubj,937818,1786894791449297154,880ba48ec85763857ca161ef59e6a91e9b0ec12e38e3897fe071573fc9ed7d86
datasets/cristinakaufalt/newdataset/phreshphish_v8_4_FINAL/xgb_baseline/models/seed42_B5000/COMPLETE.json,545,1786894791327852616,ccbc34d681a9e08acd91fdeefa3b84949382746ae7fd7cf44f99868f95b09238
datasets/cristinakaufalt/newdataset/phreshphish_v8_4_FINAL/xgb_baseline/models/seed42_B5000/model.ubj,583260,1786894792392798095,441ae4986eec68c68f0af7aefa03ad33032cf9bce6bce0b73334e0b73e34fd95
datasets/cristinakaufalt/newdataset/phreshphish_v8_4_FINAL/xgb_baseline/models/seed42_B50000/COMPLETE.json,548,1786894791333732543,6937e18d124cb0664f5e433b6cd119580e14e155fb2da14082413f0dc46552d9
datasets/cristinakaufalt/newdataset/phreshphish_v8_4_FINAL/xgb_baseline/models/seed42_B50000/model.ubj,779712,1786894792767642938,860e3a1e7637d39307e7921492a44752531332aaa1ce03a2e1581e2bf9affa32
datasets/cristinakaufalt/newdataset/phreshphish_v8_4_FINAL/xgb_baseline/models/seed82_B10000/COMPLETE.json,547,1786894791698110003,ec1ca0e710fbac1a7bdcea060610038838f93a7ed01f9ca5c468d3aedc3126c3
datasets/cristinakaufalt/newdataset/phreshphish_v8_4_FINAL/xgb_baseline/models/seed82_B10000/model.ubj,633920,1786894792510943534,745335fa97433fdbf7ab179f8097dfa06cb2e7cf7a3a0084b61c5cfa8985a2e4
datasets/cristinakaufalt/newdataset/phreshphish_v8_4_FINAL/xgb_baseline/models/seed82_B100000/COMPLETE.json,550,1786894791463715443,274a9ff8204bc00891577129be40a0820759ed4eda62a811fe84112ead38f03f
datasets/cristinakaufalt/newdataset/phreshphish_v8_4_FINAL/xgb_baseline/models/seed82_B100000/model.ubj,848936,1786894793918976433,149cf2e24273e1c4888f66e0ce4850043e3a4674874b29979da4def80338e583
datasets/cristinakaufalt/newdataset/phreshphish_v8_4_FINAL/xgb_baseline/models/seed82_B2000/COMPLETE.json,545,1786894791667789851,0e783aa4d2c1a2c9a5a336cc546ec3185bfe3107f0a5d869a904d8b6b5d0fd59
datasets/cristinakaufalt/newdataset/phreshphish_v8_4_FINAL/xgb_baseline/models/seed82_B2000/model.ubj,547832,1786894792395627355,8fb32302bd398b6d2807d6ae8837a712a0e667dafdb0420037b14e471df5227a
datasets/cristinakaufalt/newdataset/phreshphish_v8_4_FINAL/xgb_baseline/models/seed82_B20000/COMPLETE.json,548,1786894791519068725,2be7e3cac602d88de1ec9c032c394f4754b270b8f3c135e2cd07a952946ec22c
datasets/cristinakaufalt/newdataset/phreshphish_v8_4_FINAL/xgb_baseline/models/seed82_B20000/model.ubj,683220,1786894792192581952,9a60f8a25f8cc51c6c8bda18deaa5f69bff9ca745e676888b253588119748f75
datasets/cristinakaufalt/newdataset/phreshphish_v8_4_FINAL/xgb_baseline/models/seed82_B200000/COMPLETE.json,550,1786894791524149122,c17873907325f021a05170d60c523d8986929bab362a811f391347bef7f72c33
datasets/cristinakaufalt/newdataset/phreshphish_v8_4_FINAL/xgb_baseline/models/seed82_B200000/model.ubj,946318,1786894792700343001,bb81d564b2c259a15cb2deb21a7c7035bcd482420279c1d47280dd914f426efb
datasets/cristinakaufalt/newdataset/phreshphish_v8_4_FINAL/xgb_baseline/models/seed82_B5000/COMPLETE.json,545,1786894791482312024,3cd2d063dafae8231cb6c92064ba06eabfd56e75b9872b2500a16ad2fa948459
datasets/cristinakaufalt/newdataset/phreshphish_v8_4_FINAL/xgb_baseline/models/seed82_B5000/model.ubj,585912,1786894792067283339,3b0bc60f01f85c15203a422f7ff051159b3fa08e9fe0ce8292ba52b20a2c2152
datasets/cristinakaufalt/newdataset/phreshphish_v8_4_FINAL/xgb_baseline/models/seed82_B50000/COMPLETE.json,548,1786894791480424487,e5a2ccbc9e7c6dfd9e9b6e0e6f701adac50ac52c135b8a43b03e7280790a6f7d
datasets/cristinakaufalt/newdataset/phreshphish_v8_4_FINAL/xgb_baseline/models/seed82_B50000/model.ubj,775700,1786894792892244857,e2776828e79adff9c7040ea9152fad7318ce175b297417f7b5d5888a1a85e63e
datasets/cristinakaufalt/newdataset/phreshphish_v8_4_FINAL/xgb_baseline/parts/seed122_B10000.csv,9315,1786894791553995665,feb53cd52f1e3124f105c7539d39b463c23cba69cfbf011b6de92ca1041ff650
datasets/cristinakaufalt/newdataset/phreshphish_v8_4_FINAL/xgb_baseline/parts/seed122_B100000.csv,9287,1786894791508095484,b42f9569bb9e24fb6b2839c385ced25ff315348f94a19433d9283fc541de66c5
datasets/cristinakaufalt/newdataset/phreshphish_v8_4_FINAL/xgb_baseline/parts/seed122_B100000_audit.json,2293,1786894791558994481,dfa31882c0ae4968a7314aeb5bb2c75e5fb3665ef78683e918afe063e0409b17
datasets/cristinakaufalt/newdataset/phreshphish_v8_4_FINAL/xgb_baseline/parts/seed122_B10000_audit.json,2286,1786894791463771162,5adcb27fcc0b296e7ba0f490a0cc40f52fec1168f3d62b874987e82416ad979f
datasets/cristinakaufalt/newdataset/phreshphish_v8_4_FINAL/xgb_baseline/parts/seed122_B2000.csv,9281,1786894791490356302,d41bf75d077014510219ca62207c0a2ab9984f1265721f869f087278a69fd346
datasets/cristinakaufalt/newdataset/phreshphish_v8_4_FINAL/xgb_baseline/parts/seed122_B20000.csv,9288,1786894791614955034,3996f1ea137c1e72cdce02d42288156127b6d09f18dcf28612ad492f188243a8
datasets/cristinakaufalt/newdataset/phreshphish_v8_4_FINAL/xgb_baseline/parts/seed122_B200000.csv,9251,1786894791787572870,ed1d7cc9a627d2844324ef38791172c42384ede24580f789beb7608a04a7a021
datasets/cristinakaufalt/newdataset/phreshphish_v8_4_FINAL/xgb_baseline/parts/seed122_B200000_audit.json,2287,1786894791749572470,4b2cd1f45b5e48c78710f59ba9d11a99322714ec8e49f1703a339cddaca77e41
datasets/cristinakaufalt/newdataset/phreshphish_v8_4_FINAL/xgb_baseline/parts/seed122_B20000_audit.json,2278,1786894791784360233,68ad1e99cc2cb4ea4d9aaa4234dc5dcb96637925ce2db2c67c2c4bc8e3464827
datasets/cristinakaufalt/newdataset/phreshphish_v8_4_FINAL/xgb_baseline/parts/seed122_B2000_audit.json,2280,1786894791606040237,80e839556eda1a46e6ebc3a16c7b70184eaa54e5c23738b88a2cd7858a983c71
datasets/cristinakaufalt/newdataset/phreshphish_v8_4_FINAL/xgb_baseline/parts/seed122_B5000.csv,9188,1786894791559872896,25fc0e857c3534c8e64a52e9fb2cfbd235a074e5fd02ccb5db4c660525c311e4
datasets/cristinakaufalt/newdataset/phreshphish_v8_4_FINAL/xgb_baseline/parts/seed122_B50000.csv,9291,1786894791563632203,5d525c203ec73c7c82db4b5868fdfffac153c1ee1977be680a42470a039ab343
datasets/cristinakaufalt/newdataset/phreshphish_v8_4_FINAL/xgb_baseline/parts/seed122_B50000_audit.json,2285,1786894791711514569,edd0de534281a4fb226fd661a8b345cd720ea121033bc2b5e138dd1196e9058d
datasets/cristinakaufalt/newdataset/phreshphish_v8_4_FINAL/xgb_baseline/parts/seed122_B5000_audit.json,2279,1786894791976053970,e7ac4b0c6f11c6b0f88b4a9a6bce1ed973d29a8019b30411d622d23b79376c38
datasets/cristinakaufalt/newdataset/phreshphish_v8_4_FINAL/xgb_baseline/parts/seed42_B10000.csv,9242,1786894791710426852,e5bbe768d49c4faf0d8c411e7fbcf522c4d5322f376dd996dee24165473ab4a6
datasets/cristinakaufalt/newdataset/phreshphish_v8_4_FINAL/xgb_baseline/parts/seed42_B100000.csv,9291,1786894791647539051,1b596895951b81b2da8f525a91de37404626ab2a5fbbff38a82c5196a1bd955b
datasets/cristinakaufalt/newdataset/phreshphish_v8_4_FINAL/xgb_baseline/parts/seed42_B100000_audit.json,2289,1786894791627764766,375714da67368033c3605746290965fb5bb4aeebaad79bbc20503b4c5bc26678
datasets/cristinakaufalt/newdataset/phreshphish_v8_4_FINAL/xgb_baseline/parts/seed42_B10000_audit.json,2275,1786894791708976455,b018abf7b694e4f6189ffab9fdd6075ec5f6d09f02585bf720abe39f0c49be39
datasets/cristinakaufalt/newdataset/phreshphish_v8_4_FINAL/xgb_baseline/parts/seed42_B2000.csv,9187,1786894791786966521,1794408b4ce6edc938839c8d0c6dbae627b4145e2e07b8f9bdc7d091d69032cb
datasets/cristinakaufalt/newdataset/phreshphish_v8_4_FINAL/xgb_baseline/parts/seed42_B20000.csv,9227,1786894791634154318,b437002b1f4869753d0697c53d51af3b15a0979f34b9a3788d772d6e5173e6ad
datasets/cristinakaufalt/newdataset/phreshphish_v8_4_FINAL/xgb_baseline/parts/seed42_B200000.csv,9251,1786894791826570456,2d3ea5f4c29808ac94b6c211854777c8ff6945de15104307d4a76a90eeb50fc0
datasets/cristinakaufalt/newdataset/phreshphish_v8_4_FINAL/xgb_baseline/parts/seed42_B200000_audit.json,2283,1786894791706818815,ba91d9ff1ff431bfb9658613e4b366607feb997103b798673af17559fdb4510b
datasets/cristinakaufalt/newdataset/phreshphish_v8_4_FINAL/xgb_baseline/parts/seed42_B20000_audit.json,2276,1786894791636739987,fdd653df0bdb299159a19a68325fbdc1014bb8bc3ada75340bd84d0b6ab8e13b
datasets/cristinakaufalt/newdataset/phreshphish_v8_4_FINAL/xgb_baseline/parts/seed42_B2000_audit.json,2272,1786894791782709046,ce4b864995cfe79010998906831335d3b75cbbb432b456417f2a0aabe0583463
datasets/cristinakaufalt/newdataset/phreshphish_v8_4_FINAL/xgb_baseline/parts/seed42_B5000.csv,9154,1786894791764480852,225c5b5fbf5887bed24e9cb1e9108eb1ee7ed6e61dee91243cef386553fe511a
datasets/cristinakaufalt/newdataset/phreshphish_v8_4_FINAL/xgb_baseline/parts/seed42_B50000.csv,9204,1786894791857092229,b63a0149f7087ff4e7bdef4c494e19b4e05d2ca87ecb95ed6e97af14ebc43148
datasets/cristinakaufalt/newdataset/phreshphish_v8_4_FINAL/xgb_baseline/parts/seed42_B50000_audit.json,2277,1786894791827073363,6ffc2c4f325a195f1f21b8593c045f8e5536192b28060c012c4e3e259139cc70
datasets/cristinakaufalt/newdataset/phreshphish_v8_4_FINAL/xgb_baseline/parts/seed42_B5000_audit.json,2269,1786894791958782359,32794b39cf18f4fa3ceb8c28548e0a2e4a4674e5bd02b311ec0643813d15258a
datasets/cristinakaufalt/newdataset/phreshphish_v8_4_FINAL/xgb_baseline/parts/seed82_B10000.csv,9266,1786894791827955999,1d8e802ebe4ed27824a52f3fb67f8d674411a51683b5f5dda1d13ae8e19a6ca2
datasets/cristinakaufalt/newdataset/phreshphish_v8_4_FINAL/xgb_baseline/parts/seed82_B100000.csv,9303,1786894791838839833,198302df79091b4f3c66798daa9389ef29bbdc6d702c67cccac3edc27255a64c
datasets/cristinakaufalt/newdataset/phreshphish_v8_4_FINAL/xgb_baseline/parts/seed82_B100000_audit.json,2284,1786894791760260619,c8f9628c5a6684e19ba76f44a2e3ac10c7c5b7981b4742e7e01014d3bdb9a216
datasets/cristinakaufalt/newdataset/phreshphish_v8_4_FINAL/xgb_baseline/parts/seed82_B10000_audit.json,2277,1786894791764212920,585f16bfa90ca9b86d53655e01e9173362f4f6e81b38921f6602bc831d86bb6f
datasets/cristinakaufalt/newdataset/phreshphish_v8_4_FINAL/xgb_baseline/parts/seed82_B2000.csv,9203,1786894792036947969,37f32cfa4381fb7f5edc0f2cd6aee1108b7de9795b8810c4724c10cfba4adc92
datasets/cristinakaufalt/newdataset/phreshphish_v8_4_FINAL/xgb_baseline/parts/seed82_B20000.csv,9239,1786894792082687718,a4d656ffcba059d94fdc5fcd49f1f312b6ce1d269120093c66b0dbc60bfd4cd2
datasets/cristinakaufalt/newdataset/phreshphish_v8_4_FINAL/xgb_baseline/parts/seed82_B200000.csv,9272,1786894791711989688,8aa6ddafdc987f4d806af06b9d484b1712bdc2820a00a544d0c88bcf141b95ed
datasets/cristinakaufalt/newdataset/phreshphish_v8_4_FINAL/xgb_baseline/parts/seed82_B200000_audit.json,2286,1786894791756922350,6fcb2ec9241ced028bfd214c5d7efd96f2676c119989dd36873e06f58cadcffc
datasets/cristinakaufalt/newdataset/phreshphish_v8_4_FINAL/xgb_baseline/parts/seed82_B20000_audit.json,2276,1786894791814793809,e518fb4d6b0c225b049b0e0415407bd739ce45276ebefdb22957eb0acdef9613
datasets/cristinakaufalt/newdataset/phreshphish_v8_4_FINAL/xgb_baseline/parts/seed82_B2000_audit.json,2262,1786894791813206663,979d5a2fc5bffa7dc3b7539a51fadcd2c8a8554c2774d70714fa54467fd4a2f8
datasets/cristinakaufalt/newdataset/phreshphish_v8_4_FINAL/xgb_baseline/parts/seed82_B5000.csv,9213,1786894791797511991,bc0087ca8e59aa30cc02df1372589dee1bd57adca013c7e94c4db3db47fb57f0
datasets/cristinakaufalt/newdataset/phreshphish_v8_4_FINAL/xgb_baseline/parts/seed82_B50000.csv,9216,1786894791806793695,ccac3536c5f88de4f664c78ad065ce3c3ff80b349a337ae5f92bd78a4a2c01eb
datasets/cristinakaufalt/newdataset/phreshphish_v8_4_FINAL/xgb_baseline/parts/seed82_B50000_audit.json,2273,1786894792133370855,13a6ce56af2f8366e98a2464a8cdbd3947d8f6ff69f17d4417f78e34ebb9a149
datasets/cristinakaufalt/newdataset/phreshphish_v8_4_FINAL/xgb_baseline/parts/seed82_B5000_audit.json,2272,1786894791879377352,f7b7c462445fdaffbec987d40d4f2d13cfdfb218c2b8286c73e33bd9dfcc63c5
datasets/cristinakaufalt/newdataset/phreshphish_v8_4_FINAL/xgb_baseline/scores/seed122_B100000_CAL_margin.npy,200128,1786894792679267695,b5c6e4f81a7ef018d51d5da58e21d3804808cd4e87732b59655f7141e8186761
datasets/cristinakaufalt/newdataset/phreshphish_v8_4_FINAL/xgb_baseline/scores/seed122_B100000_DEV_margin.npy,80128,1786894792234771418,c6ef78d4e0a124fc7fc538c1c9967e2feb0c095166c784c940342b38cfbdbfc4
datasets/cristinakaufalt/newdataset/phreshphish_v8_4_FINAL/xgb_baseline/scores/seed122_B100000_FINAL_margin.npy,672368,1786894793109304253,d7cfe7b7f7cab06d4cce1f89418fff02b37eff83b39083765a9f7e25531c1db1
datasets/cristinakaufalt/newdataset/phreshphish_v8_4_FINAL/xgb_baseline/scores/seed122_B10000_CAL_margin.npy,200128,1786894792664205036,fa40fdbd1aa92b971df9dec4ff078a2117f97485d5429429f25c6b78baa3011a
datasets/cristinakaufalt/newdataset/phreshphish_v8_4_FINAL/xgb_baseline/scores/seed122_B10000_DEV_margin.npy,80128,1786894792252341128,e6a9414f1f4a0436149ca841bf9fa6265fdc3f7bb808413eb74034675186d35a
datasets/cristinakaufalt/newdataset/phreshphish_v8_4_FINAL/xgb_baseline/scores/seed122_B10000_FINAL_margin.npy,672368,1786894793122571174,ee89157284ed033a9c70563aa94eb41ae2b539f02ecd03d6d2740e9b6095e47f
datasets/cristinakaufalt/newdataset/phreshphish_v8_4_FINAL/xgb_baseline/scores/seed122_B200000_CAL_margin.npy,200128,1786894792390312266,c7927ffec5d92f44ba53f321938d0ef2ef44f2c3fd54838ccb8594d1c9bc2e09
datasets/cristinakaufalt/newdataset/phreshphish_v8_4_FINAL/xgb_baseline/scores/seed122_B200000_DEV_margin.npy,80128,1786894792196183038,bb5170a962fdea3464a295fbdfa3da4a287852cd963c050c55f28698d98707ba
datasets/cristinakaufalt/newdataset/phreshphish_v8_4_FINAL/xgb_baseline/scores/seed122_B200000_FINAL_margin.npy,672368,1786894792819616641,d0efb90e175336f8e3ab121853215a3e5e9221310dec314bd7f526e1f439fbd7
datasets/cristinakaufalt/newdataset/phreshphish_v8_4_FINAL/xgb_baseline/scores/seed122_B20000_CAL_margin.npy,200128,1786894792417004622,ee087bdacb064853d5a847a72e598e9144b6e01d53a9223d191c17bc38520cc6
datasets/cristinakaufalt/newdataset/phreshphish_v8_4_FINAL/xgb_baseline/scores/seed122_B20000_DEV_margin.npy,80128,1786894792370176308,8de0612d11a20d65f6554d6a18647080c0cdd3e3ebad5b372a35cb54ce57a6be
datasets/cristinakaufalt/newdataset/phreshphish_v8_4_FINAL/xgb_baseline/scores/seed122_B20000_FINAL_margin.npy,672368,1786894792850064905,2678fb77a31971e4ecd2f33ae92bcaca39ae5f6788e6286b1a9458b622a43c5a
datasets/cristinakaufalt/newdataset/phreshphish_v8_4_FINAL/xgb_baseline/scores/seed122_B2000_CAL_margin.npy,200128,1786894792480040361,f0d8dbd62b2851f2e0243b471b1425aa1ca5212ec656d84b1dd669b1d5b7909d
datasets/cristinakaufalt/newdataset/phreshphish_v8_4_FINAL/xgb_baseline/scores/seed122_B2000_DEV_margin.npy,80128,1786894792305817255,e33f0d052f3567fcb7f8fe8bb860951881d7325e7c569c066864de33696c405f
datasets/cristinakaufalt/newdataset/phreshphish_v8_4_FINAL/xgb_baseline/scores/seed122_B2000_FINAL_margin.npy,672368,1786894792810334034,163343b893943a198d03b90f37f2e6d328fe0dc31bd36624c9e1b6fb6554f1bf
datasets/cristinakaufalt/newdataset/phreshphish_v8_4_FINAL/xgb_baseline/scores/seed122_B50000_CAL_margin.npy,200128,1786894792507984696,1adff5e223e352f03d981d1d2705e8893060404faba6346a8b9687ecc74e51ff
datasets/cristinakaufalt/newdataset/phreshphish_v8_4_FINAL/xgb_baseline/scores/seed122_B50000_DEV_margin.npy,80128,1786894792321255167,bde90e40077d11a7d6b79dfd140249798e6ed4084d86920326c75593c5855634
datasets/cristinakaufalt/newdataset/phreshphish_v8_4_FINAL/xgb_baseline/scores/seed122_B50000_FINAL_margin.npy,672368,1786894792848033486,0c6114adbc73bf31891865bdd964e050666a4ebee96b03ff65e1b421c518b326
datasets/cristinakaufalt/newdataset/phreshphish_v8_4_FINAL/xgb_baseline/scores/seed122_B5000_CAL_margin.npy,200128,1786894792484762516,ee3f925a9782d9f49485342eea6691ce14f9478caa858326dfdef3e921e6fe01
datasets/cristinakaufalt/newdataset/phreshphish_v8_4_FINAL/xgb_baseline/scores/seed122_B5000_DEV_margin.npy,80128,1786894792319276369,0e276990b1fecbd4dd7380433def6f729a1657084d2ff944b79cc2900e3f2fbb
datasets/cristinakaufalt/newdataset/phreshphish_v8_4_FINAL/xgb_baseline/scores/seed122_B5000_FINAL_margin.npy,672368,1786894792367402475,daca229d1b101dc025b61b099167d31da6339c0e4e47d3e8e0289c1d31bc5bfc
datasets/cristinakaufalt/newdataset/phreshphish_v8_4_FINAL/xgb_baseline/scores/seed42_B100000_CAL_margin.npy,200128,1786894792479086439,ccd803ed073f8b74c89722ddc74a49a246713ac6e3c6423544d86aa171fda19f
datasets/cristinakaufalt/newdataset/phreshphish_v8_4_FINAL/xgb_baseline/scores/seed42_B100000_DEV_margin.npy,80128,1786894792243997093,18615ce20a98ffcbf9e6cc684441230121cb917224a2e3722a2901276cda280b
datasets/cristinakaufalt/newdataset/phreshphish_v8_4_FINAL/xgb_baseline/scores/seed42_B100000_FINAL_margin.npy,672368,1786894792399436328,e59b884da00c86bf1009d1e5ea9003f284bbccfadf329d0c6451d9479199cece
datasets/cristinakaufalt/newdataset/phreshphish_v8_4_FINAL/xgb_baseline/scores/seed42_B10000_CAL_margin.npy,200128,1786894792329622432,726087eb48ce02926a06e0749505dea3b6c170a7221e2336134466fbededd981
datasets/cristinakaufalt/newdataset/phreshphish_v8_4_FINAL/xgb_baseline/scores/seed42_B10000_DEV_margin.npy,80128,1786894792512447475,0f0687e4ddd868002a253ecfe8cdc6645888b7cd194e5d9380b9b6fa306dab00
datasets/cristinakaufalt/newdataset/phreshphish_v8_4_FINAL/xgb_baseline/scores/seed42_B10000_FINAL_margin.npy,672368,1786894793947383453,410905dea53895a71489b635d890fa0775f259aee4618adb7352a17d99356be9
datasets/cristinakaufalt/newdataset/phreshphish_v8_4_FINAL/xgb_baseline/scores/seed42_B200000_CAL_margin.npy,200128,1786894792788151353,b39416620da10f7c29b9980318ceca8b42461d3c1f81ec960bceb3577076b381
datasets/cristinakaufalt/newdataset/phreshphish_v8_4_FINAL/xgb_baseline/scores/seed42_B200000_DEV_margin.npy,80128,1786894792639914896,8a5410ccc046b1cef815864f51e0f85ee835aaf4c9d0ed9f20ca43426fd1cb75
datasets/cristinakaufalt/newdataset/phreshphish_v8_4_FINAL/xgb_baseline/scores/seed42_B200000_FINAL_margin.npy,672368,1786894793493719130,f7246a29d4b38858f647e5c5993ab850fb3844d2c102a8d464b5b498d499beed
datasets/cristinakaufalt/newdataset/phreshphish_v8_4_FINAL/xgb_baseline/scores/seed42_B20000_CAL_margin.npy,200128,1786894792970848108,b24b80bd000f165d1c01f43dd7c7e5a4a5f298f52f820f46d1007f2028ad33c2
datasets/cristinakaufalt/newdataset/phreshphish_v8_4_FINAL/xgb_baseline/scores/seed42_B20000_DEV_margin.npy,80128,1786894792404789959,e24dc36cbc5604370909c52e2c9447f994f85851e3a2b6a8c5ad9e84fd827697
datasets/cristinakaufalt/newdataset/phreshphish_v8_4_FINAL/xgb_baseline/scores/seed42_B20000_FINAL_margin.npy,672368,1786894794481583185,b642c26e64e106ec9ce09fc85afd9074d35d891913535068c9cc6f6f6e4d2b03
datasets/cristinakaufalt/newdataset/phreshphish_v8_4_FINAL/xgb_baseline/scores/seed42_B2000_CAL_margin.npy,200128,1786894792731363313,c1e23802711597cafc354ea7bc5623c27796573323482ed0b1a50b6c3ba7cd9e
datasets/cristinakaufalt/newdataset/phreshphish_v8_4_FINAL/xgb_baseline/scores/seed42_B2000_DEV_margin.npy,80128,1786894792951652510,4db6fe86dc7148cda21c10e09ac702a81093d53a169bc8d9ddb65a0767901a10
datasets/cristinakaufalt/newdataset/phreshphish_v8_4_FINAL/xgb_baseline/scores/seed42_B2000_FINAL_margin.npy,672368,1786894792829390256,13a12d525a2bf67afd6eb4a2127078a9d6eb336c4d218ba6ed9d493c61552d3a
datasets/cristinakaufalt/newdataset/phreshphish_v8_4_FINAL/xgb_baseline/scores/seed42_B50000_CAL_margin.npy,200128,1786894792697385801,9df957778bead5dc2cbd0a3d7e29e7debf291e784b5c90299048ba1eaa3ba160
datasets/cristinakaufalt/newdataset/phreshphish_v8_4_FINAL/xgb_baseline/scores/seed42_B50000_DEV_margin.npy,80128,1786894792720583585,8f4eec74f31c001f313ef23b0e48eb58807732484dfe1ca2e0349ce8bbc4fc75
datasets/cristinakaufalt/newdataset/phreshphish_v8_4_FINAL/xgb_baseline/scores/seed42_B50000_FINAL_margin.npy,672368,1786894793651350120,9c5e40d1f61748b8c2f1592e362ab2f2719091886418327ec0274a182280ccb4
datasets/cristinakaufalt/newdataset/phreshphish_v8_4_FINAL/xgb_baseline/scores/seed42_B5000_CAL_margin.npy,200128,1786894792914912763,18314d20d34916e6c869d2f445e710a35f764d81bda19525a07257beb07d3ede
datasets/cristinakaufalt/newdataset/phreshphish_v8_4_FINAL/xgb_baseline/scores/seed42_B5000_DEV_margin.npy,80128,1786894792556074317,ff8e7240f481ca71c6eacd2b3e1f11c25b1de6a0c1b959a75ad8c693906a97e8
datasets/cristinakaufalt/newdataset/phreshphish_v8_4_FINAL/xgb_baseline/scores/seed42_B5000_FINAL_margin.npy,672368,1786894794161986022,6669bd353603fec235d52c95450c168fa93899de793572e714b03b74920374f6
datasets/cristinakaufalt/newdataset/phreshphish_v8_4_FINAL/xgb_baseline/scores/seed82_B100000_CAL_margin.npy,200128,1786894792618600580,4a3dddcd18adb4afec94edf98f2f09b10f1015ee3fe0f9c8172b1822bedfd033
datasets/cristinakaufalt/newdataset/phreshphish_v8_4_FINAL/xgb_baseline/scores/seed82_B100000_DEV_margin.npy,80128,1786894792550416607,c2875eb562e6c6542f2d0aebbe0d1b0a7a3a7b59380c1458379ee45f0f0df293
datasets/cristinakaufalt/newdataset/phreshphish_v8_4_FINAL/xgb_baseline/scores/seed82_B100000_FINAL_margin.npy,672368,1786894793674287375,f073e19ac0f4bf3d0cde82b90dc3af1634b2471645018f202d786eb65130b4ff
datasets/cristinakaufalt/newdataset/phreshphish_v8_4_FINAL/xgb_baseline/scores/seed82_B10000_CAL_margin.npy,200128,1786894792912860922,e92922943a0680f88e18e7d33696e8970443ef4cbc565f4628f93b8150d6983d
datasets/cristinakaufalt/newdataset/phreshphish_v8_4_FINAL/xgb_baseline/scores/seed82_B10000_DEV_margin.npy,80128,1786894792541515622,c45da8362f939bf890afa9d4c4af77fffde0d62df4c0edaa299ff2292fb2bc3f
datasets/cristinakaufalt/newdataset/phreshphish_v8_4_FINAL/xgb_baseline/scores/seed82_B10000_FINAL_margin.npy,672368,1786894793693253409,51ecc137c995805988e26b5cf0be2c4d720b351485ded51bca4f4cf70993b4dc
datasets/cristinakaufalt/newdataset/phreshphish_v8_4_FINAL/xgb_baseline/scores/seed82_B200000_CAL_margin.npy,200128,1786894792881177356,922ec0da3f4e791b55a8360f63afa2c2ac37b5a86f81d187bfad2994b3039f1c
datasets/cristinakaufalt/newdataset/phreshphish_v8_4_FINAL/xgb_baseline/scores/seed82_B200000_DEV_margin.npy,80128,1786894792663460961,33578c33dc9421828f6e89316aeea380f5ee6249e65fad874611a2deca6bc76f
datasets/cristinakaufalt/newdataset/phreshphish_v8_4_FINAL/xgb_baseline/scores/seed82_B200000_FINAL_margin.npy,672368,1786894793072523114,0e47f30396387cb5c9a228dd0fbb62a6aaae73c5820c55086c9ea1e8a5999f8c
datasets/cristinakaufalt/newdataset/phreshphish_v8_4_FINAL/xgb_baseline/scores/seed82_B20000_CAL_margin.npy,200128,1786894793269000191,c9b719d2019636c89e0a6238bdfc75d68c7bfb9662cef94b69830cb8550e98a9
datasets/cristinakaufalt/newdataset/phreshphish_v8_4_FINAL/xgb_baseline/scores/seed82_B20000_DEV_margin.npy,80128,1786894792893906713,f86e90018ad761b62c78cfbb40df8448ecb8d7e4edd42d2caf8e90ee8e451340
datasets/cristinakaufalt/newdataset/phreshphish_v8_4_FINAL/xgb_baseline/scores/seed82_B20000_FINAL_margin.npy,672368,1786894794100143051,f81fbce64253ef1ff414bcfe352c6c386e145599fe48c839494716c912a6233b
datasets/cristinakaufalt/newdataset/phreshphish_v8_4_FINAL/xgb_baseline/scores/seed82_B2000_CAL_margin.npy,200128,1786894793015358888,defff7fb4a8e1c535a7e00f2de0c1fad312cac78435f9ffcba09c592b9566f75
datasets/cristinakaufalt/newdataset/phreshphish_v8_4_FINAL/xgb_baseline/scores/seed82_B2000_DEV_margin.npy,80128,1786894792905368709,a843cd86d1d5a270b310d79ff7fa172d5119e116b1c025af9fd099d88be76f3c
datasets/cristinakaufalt/newdataset/phreshphish_v8_4_FINAL/xgb_baseline/scores/seed82_B2000_FINAL_margin.npy,672368,1786894794293870582,da87e68657e02c99c25d16f516afe532d8f749d0011f3f833a7d93cbd403ba81
datasets/cristinakaufalt/newdataset/phreshphish_v8_4_FINAL/xgb_baseline/scores/seed82_B50000_CAL_margin.npy,200128,1786894793232781685,25e56911df5926ab27388d9001b6fc248207b22fc3385207081cafc61a84a728
datasets/cristinakaufalt/newdataset/phreshphish_v8_4_FINAL/xgb_baseline/scores/seed82_B50000_DEV_margin.npy,80128,1786894793230158855,ad8b11f7c6ed2e820501c0514267181890dcbf69389253770dba237eb197c5ba
datasets/cristinakaufalt/newdataset/phreshphish_v8_4_FINAL/xgb_baseline/scores/seed82_B50000_FINAL_margin.npy,672368,1786894794254202046,b478c3a40dd3c2e0e46d04b65ff429d3c3b391731cdef622f66c94d6bdf4ac86
datasets/cristinakaufalt/newdataset/phreshphish_v8_4_FINAL/xgb_baseline/scores/seed82_B5000_CAL_margin.npy,200128,1786894793727116647,9a59f8d08a3e2d0b05ccccc08be33960b7999b2321e837f3096e8092fc7d279e
datasets/cristinakaufalt/newdataset/phreshphish_v8_4_FINAL/xgb_baseline/scores/seed82_B5000_DEV_margin.npy,80128,1786894792777052535,489ca796a48e3787e187867f30fe1d945b4585ec138365533f05d40e7709f3ac
datasets/cristinakaufalt/newdataset/phreshphish_v8_4_FINAL/xgb_baseline/scores/seed82_B5000_FINAL_margin.npy,672368,1786894793292522640,9f97a2fc2fb1dabd75881c2d353c37ee1b9513be979042c7ab358255b071bf6c
datasets/cristinakaufalt/r2cr3c/__huggingface_repos__.json,230,1786894780958989633,1248d19b4db1f4aaf1251f443d7db2f9df8daae0cdf334371617f17038077ee0
datasets/cristinakaufalt/r2cr3c/phreshphish_FINAL_v6_HIGH_SUPERVISION_CONTRASTIVE_REPAIR/FINAL_V6_EXTENSION_COMPLETE.json,408,1786894780977395119,4d09a9f7277de9fa93be26d06e6e4bfd8dfd319722465eb1b3e6ce91290ee621
datasets/cristinakaufalt/r2cr3c/phreshphish_FINAL_v6_HIGH_SUPERVISION_CONTRASTIVE_REPAIR/audit/CORRECTED_REPRESENTATION_FREEZE.json,265,1786894781236324743,b0bb6699bf3c7937f575a0a3b045194bf7c720f17ae135b5d1d4f197ecf831dc
datasets/cristinakaufalt/r2cr3c/phreshphish_FINAL_v6_HIGH_SUPERVISION_CONTRASTIVE_REPAIR/audit/EXTENSION_CONFIG.json,933,1786894780991119137,9fde7fb80cdf63431ae29ba2dada847ab195b0cf109d27bf44b7c703dd199560
datasets/cristinakaufalt/r2cr3c/phreshphish_FINAL_v6_HIGH_SUPERVISION_CONTRASTIVE_REPAIR/audit/HIGH_SUPERVISION_LABEL_REVEAL.json,439,1786894781192383226,e210f02b2fa2be52556edd98fe3a65e893159a6f19d9a2bb736087918dda8fcc
datasets/cristinakaufalt/r2cr3c/phreshphish_FINAL_v6_HIGH_SUPERVISION_CONTRASTIVE_REPAIR/audit/HIGH_SUPERVISION_SYSTEM_FREEZE.json,1132,1786894781252074530,f62a238e00151b1f8700835b42f3d01b846f245d06b11e2077b3b42af2d38980
datasets/cristinakaufalt/r2cr3c/phreshphish_FINAL_v6_HIGH_SUPERVISION_CONTRASTIVE_REPAIR/audit/INPUT_RESOLUTION.json,451,1786894781177510556,0dd3c663ec0c13ac971d975659218d7332d0350759ce528e581edf884a818e29
datasets/cristinakaufalt/r2cr3c/phreshphish_FINAL_v6_HIGH_SUPERVISION_CONTRASTIVE_REPAIR/audit/MODEL_PROVENANCE.json,306,1786894781173824342,655cef6fb2ccee8d0558f59c395349050f20dae0c0fc3055f48281dbb223e271
datasets/cristinakaufalt/r2cr3c/phreshphish_FINAL_v6_HIGH_SUPERVISION_CONTRASTIVE_REPAIR/checkpoints/HIGH_SUPERVISION_DUAL/COMPLETE.json,164,1786894781107767181,710476bf3b1faaf7eb09fc1ea851af1deb8d1a9e72e555654199ec54d73d83bc
datasets/cristinakaufalt/r2cr3c/phreshphish_FINAL_v6_HIGH_SUPERVISION_CONTRASTIVE_REPAIR/checkpoints/HIGH_SUPERVISION_DUAL/model_state.pt,940161097,1786894889536000098,5a5a32c099bcdb21d86cb9e219ef6b6f11a639a87c6de98018e44d9bb286ab62
datasets/cristinakaufalt/r2cr3c/phreshphish_FINAL_v6_HIGH_SUPERVISION_CONTRASTIVE_REPAIR/checkpoints/R2C_CONTRASTIVE_REPAIRED/COMPLETE.json,206,1786894781178013792,e8671c3dce9d82103cc7fa8ffb8cf4ad3cab42cb0a634929af14b07ddaebf27a
datasets/cristinakaufalt/r2cr3c/phreshphish_FINAL_v6_HIGH_SUPERVISION_CONTRASTIVE_REPAIR/checkpoints/R2C_CONTRASTIVE_REPAIRED/text/config.json,669,1786894781159711084,cc27102b35c8289aa9776b479358da8907472353b8c5036a9bebb080316a5796
datasets/cristinakaufalt/r2cr3c/phreshphish_FINAL_v6_HIGH_SUPERVISION_CONTRASTIVE_REPAIR/checkpoints/R2C_CONTRASTIVE_REPAIRED/text/model.safetensors,498604880,1786894845052286767,acac04bfbb60c2c15f4a7224a77683e3368e223bb1c979603ac01dfc5dd87003
datasets/cristinakaufalt/r2cr3c/phreshphish_FINAL_v6_HIGH_SUPERVISION_CONTRASTIVE_REPAIR/checkpoints/R2C_CONTRASTIVE_REPAIRED/text/tokenizer.json,3558895,1786894782674962508,8489c8643e13c2b20c07d15dd8650f8d010e4f1e49b89b31710833cf729cf043
datasets/cristinakaufalt/r2cr3c/phreshphish_FINAL_v6_HIGH_SUPERVISION_CONTRASTIVE_REPAIR/checkpoints/R2C_CONTRASTIVE_REPAIRED/text/tokenizer_config.json,358,1786894781236298949,bb5706f71e3d5cb4bf9878ad9b14a2079e6fbd618fc0a0ba2ac1b257d7824cc9
datasets/cristinakaufalt/r2cr3c/phreshphish_FINAL_v6_HIGH_SUPERVISION_CONTRASTIVE_REPAIR/checkpoints/R2C_CONTRASTIVE_REPAIRED/url/config.json,745,1786894781101507293,252e46a9e2bd7a7fafa84eafb94f99e73f3bc0cb46e4cae147e7c7311e1940a8
datasets/cristinakaufalt/r2cr3c/phreshphish_FINAL_v6_HIGH_SUPERVISION_CONTRASTIVE_REPAIR/checkpoints/R2C_CONTRASTIVE_REPAIRED/url/model.safetensors,437951304,1786894838599824115,86a2019d74b8643deb760a7d3c2ce7cf5839d0f952e9da1b5b3232442b70fa73
datasets/cristinakaufalt/r2cr3c/phreshphish_FINAL_v6_HIGH_SUPERVISION_CONTRASTIVE_REPAIR/checkpoints/R2C_CONTRASTIVE_REPAIRED/url/tokenizer.json,711649,1786894781598477205,2fc687b11de0bc1b3d8348f92e3b49ef1089a621506c7661fbf3248fcd54947e
datasets/cristinakaufalt/r2cr3c/phreshphish_FINAL_v6_HIGH_SUPERVISION_CONTRASTIVE_REPAIR/checkpoints/R2C_CONTRASTIVE_REPAIRED/url/tokenizer_config.json,322,1786894781237029844,797ed9ba72b500001971b827b0040b8743def8ec38f9cd4cda4c4945734d3596
datasets/cristinakaufalt/r2cr3c/phreshphish_FINAL_v6_HIGH_SUPERVISION_CONTRASTIVE_REPAIR/checkpoints/R3C_DAPT_CONTRASTIVE_REPAIRED/COMPLETE.json,206,1786894781251271912,2dbc9a57c87c234d5f76c17e465daa5d6005449f3e55d41be3184013339d011b
datasets/cristinakaufalt/r2cr3c/phreshphish_FINAL_v6_HIGH_SUPERVISION_CONTRASTIVE_REPAIR/checkpoints/R3C_DAPT_CONTRASTIVE_REPAIRED/text/config.json,669,1786894781186049622,cc27102b35c8289aa9776b479358da8907472353b8c5036a9bebb080316a5796
datasets/cristinakaufalt/r2cr3c/phreshphish_FINAL_v6_HIGH_SUPERVISION_CONTRASTIVE_REPAIR/checkpoints/R3C_DAPT_CONTRASTIVE_REPAIRED/text/model.safetensors,498604880,1786894843547826579,77e8ddb6e3ad4a5d3104afa92e9fc167b587aab7834273615766bb1ac5f50207
datasets/cristinakaufalt/r2cr3c/phreshphish_FINAL_v6_HIGH_SUPERVISION_CONTRASTIVE_REPAIR/checkpoints/R3C_DAPT_CONTRASTIVE_REPAIRED/text/tokenizer.json,3558895,1786894782636007542,8489c8643e13c2b20c07d15dd8650f8d010e4f1e49b89b31710833cf729cf043
datasets/cristinakaufalt/r2cr3c/phreshphish_FINAL_v6_HIGH_SUPERVISION_CONTRASTIVE_REPAIR/checkpoints/R3C_DAPT_CONTRASTIVE_REPAIRED/text/tokenizer_config.json,358,1786894781063165388,bb5706f71e3d5cb4bf9878ad9b14a2079e6fbd618fc0a0ba2ac1b257d7824cc9
datasets/cristinakaufalt/r2cr3c/phreshphish_FINAL_v6_HIGH_SUPERVISION_CONTRASTIVE_REPAIR/checkpoints/R3C_DAPT_CONTRASTIVE_REPAIRED/url/config.json,745,1786894781190053091,252e46a9e2bd7a7fafa84eafb94f99e73f3bc0cb46e4cae147e7c7311e1940a8
datasets/cristinakaufalt/r2cr3c/phreshphish_FINAL_v6_HIGH_SUPERVISION_CONTRASTIVE_REPAIR/checkpoints/R3C_DAPT_CONTRASTIVE_REPAIRED/url/model.safetensors,437951304,1786894834195144474,bbec20aea55d7f00d5a0e992eba5666091bacbe1851611ee1ec60fccc715a807
datasets/cristinakaufalt/r2cr3c/phreshphish_FINAL_v6_HIGH_SUPERVISION_CONTRASTIVE_REPAIR/checkpoints/R3C_DAPT_CONTRASTIVE_REPAIRED/url/tokenizer.json,711649,1786894781595346162,2fc687b11de0bc1b3d8348f92e3b49ef1089a621506c7661fbf3248fcd54947e
datasets/cristinakaufalt/r2cr3c/phreshphish_FINAL_v6_HIGH_SUPERVISION_CONTRASTIVE_REPAIR/checkpoints/R3C_DAPT_CONTRASTIVE_REPAIRED/url/tokenizer_config.json,322,1786894781253102842,797ed9ba72b500001971b827b0040b8743def8ec38f9cd4cda4c4945734d3596
datasets/cristinakaufalt/r2cr3c/phreshphish_FINAL_v6_HIGH_SUPERVISION_CONTRASTIVE_REPAIR/embeddings/R0_DEV.npy,61440128,1786894790145480202,1eff9f064121eee797d6444be499037e4987ba3f4942efd1b77d99cee2a1cef4
datasets/cristinakaufalt/r2cr3c/phreshphish_FINAL_v6_HIGH_SUPERVISION_CONTRASTIVE_REPAIR/embeddings/R0_DEV.npy.complete.json,64,1786894780979229726,d94126911ccb7fe3827b8bc5a879a45fa67a473a8422858c566fc4fdc7a1ce1f
datasets/cristinakaufalt/r2cr3c/phreshphish_FINAL_v6_HIGH_SUPERVISION_CONTRASTIVE_REPAIR/embeddings/R0_SUP.npy,12288128,1786894783662202008,1592aaf27a92ee5823cf9122b0ac7115d03594f41405ba7a703bb5ab2bcf6340
datasets/cristinakaufalt/r2cr3c/phreshphish_FINAL_v6_HIGH_SUPERVISION_CONTRASTIVE_REPAIR/embeddings/R0_SUP.npy.complete.json,63,1786894781154861754,4f0e32d0256dda8544476211ad3f75ca6d02298291303539939b5520517ecaa6
datasets/cristinakaufalt/r2cr3c/phreshphish_FINAL_v6_HIGH_SUPERVISION_CONTRASTIVE_REPAIR/embeddings/R1_DEV.npy,61440128,1786894790988776867,3419512273e2e1c6286e298aeb9d07337c5e76e75bd5dd66b7fa82ae0c42847e
datasets/cristinakaufalt/r2cr3c/phreshphish_FINAL_v6_HIGH_SUPERVISION_CONTRASTIVE_REPAIR/embeddings/R1_DEV.npy.complete.json,64,1786894781238277642,d94126911ccb7fe3827b8bc5a879a45fa67a473a8422858c566fc4fdc7a1ce1f
datasets/cristinakaufalt/r2cr3c/phreshphish_FINAL_v6_HIGH_SUPERVISION_CONTRASTIVE_REPAIR/embeddings/R1_SUP.npy,12288128,1786894785865170863,158122b9dd2cfb85a02e2349f9b598a05df36caeddfeef0ad61373036ff61f8f
datasets/cristinakaufalt/r2cr3c/phreshphish_FINAL_v6_HIGH_SUPERVISION_CONTRASTIVE_REPAIR/embeddings/R1_SUP.npy.complete.json,63,1786894780979860764,4f0e32d0256dda8544476211ad3f75ca6d02298291303539939b5520517ecaa6
datasets/cristinakaufalt/r2cr3c/phreshphish_FINAL_v6_HIGH_SUPERVISION_CONTRASTIVE_REPAIR/embeddings/R2C_DEV.npy,61440128,1786894790355599486,fa539a27086dc3de54df41dd1aa338f0aa5d3f92c81a4d9b8cbff34cf575c94d
datasets/cristinakaufalt/r2cr3c/phreshphish_FINAL_v6_HIGH_SUPERVISION_CONTRASTIVE_REPAIR/embeddings/R2C_DEV.npy.complete.json,64,1786894781008829816,d94126911ccb7fe3827b8bc5a879a45fa67a473a8422858c566fc4fdc7a1ce1f
datasets/cristinakaufalt/r2cr3c/phreshphish_FINAL_v6_HIGH_SUPERVISION_CONTRASTIVE_REPAIR/embeddings/R2C_SUP.npy,12288128,1786894785841015194,c027eb5c97764f625ccc9deb2ea985087bb665eb441d977e1a9394d147a5504d
datasets/cristinakaufalt/r2cr3c/phreshphish_FINAL_v6_HIGH_SUPERVISION_CONTRASTIVE_REPAIR/embeddings/R2C_SUP.npy.complete.json,63,1786894781040481605,4f0e32d0256dda8544476211ad3f75ca6d02298291303539939b5520517ecaa6
datasets/cristinakaufalt/r2cr3c/phreshphish_FINAL_v6_HIGH_SUPERVISION_CONTRASTIVE_REPAIR/embeddings/R3C_DEV.npy,61440128,1786894790685030234,819e27b811ea5f873360ab9e35d68b9c39b2d2e8b252e09b4e964ee810a2607d
datasets/cristinakaufalt/r2cr3c/phreshphish_FINAL_v6_HIGH_SUPERVISION_CONTRASTIVE_REPAIR/embeddings/R3C_DEV.npy.complete.json,64,1786894781177213332,d94126911ccb7fe3827b8bc5a879a45fa67a473a8422858c566fc4fdc7a1ce1f
datasets/cristinakaufalt/r2cr3c/phreshphish_FINAL_v6_HIGH_SUPERVISION_CONTRASTIVE_REPAIR/embeddings/R3C_SUP.npy,12288128,1786894785733721893,d4148a642ba3d72417b4777de514d445ca515d947518229f327ad3c0fa1cebc8
datasets/cristinakaufalt/r2cr3c/phreshphish_FINAL_v6_HIGH_SUPERVISION_CONTRASTIVE_REPAIR/embeddings/R3C_SUP.npy.complete.json,63,1786894780974885957,4f0e32d0256dda8544476211ad3f75ca6d02298291303539939b5520517ecaa6
datasets/cristinakaufalt/r2cr3c/phreshphish_FINAL_v6_HIGH_SUPERVISION_CONTRASTIVE_REPAIR/results/CORRECTED_REPRESENTATION_SCREEN.csv,1788,1786894780990493358,da8fac377fda71f45f43ad5e5e6fea13d55fb16379f6ff5e603d4ec2eb0aff8d
datasets/cristinakaufalt/r2cr3c/phreshphish_FINAL_v6_HIGH_SUPERVISION_CONTRASTIVE_REPAIR/results/HIGH_SUPERVISION_FINAL_METRICS.csv,17618,1786894780980747446,d2299ec8675a4144b2face27607071edfc73d2348381fb73671afff321e3fc7c
datasets/cristinakaufalt/r2cr3c/phreshphish_FINAL_v6_HIGH_SUPERVISION_CONTRASTIVE_REPAIR/results/HIGH_SUPERVISION_SUMMARY.json,408,1786894780982794195,336f1804a213a79a017b18e18c76784df39e1f7075f1640910298d92b1d2b25a
datasets/cristinakaufalt/r2cr3c/phreshphish_FINAL_v6_HIGH_SUPERVISION_CONTRASTIVE_REPAIR/results/OLD_CONTRASTIVE_REPRESENTATION_AUDIT.csv,483,1786894780980124585,6f85e49eef28bceb1bcda2468bea5fc498119aee97f81ccdd83b5825c0507496
datasets/cristinakaufalt/r2cr3c/phreshphish_FINAL_v6_HIGH_SUPERVISION_CONTRASTIVE_REPAIR/results/V5_1_VS_V6_ENGINEERING_COMPARISON.json,37,1786894781055933466,b03d7494c545f57cd77dca00817e21898cbc7e23325b3fcba7e52609c7a00c70
datasets/cristinakaufalt/r2cr3c/phreshphish_FINAL_v6_HIGH_SUPERVISION_CONTRASTIVE_REPAIR/scores/CAL.complete.json,43,1786894781062833857,f0044e950d35f8615dcd96556545f0b044edaafedc087adf7ff05da60a58b877
datasets/cristinakaufalt/r2cr3c/phreshphish_FINAL_v6_HIGH_SUPERVISION_CONTRASTIVE_REPAIR/scores/CAL_score.npy,200128,1786894781350187470,e06b025c0ce6ca5a7390c8779f05d9f68fd54c6415cdf9bce75364ec1ce81d17
datasets/cristinakaufalt/r2cr3c/phreshphish_FINAL_v6_HIGH_SUPERVISION_CONTRASTIVE_REPAIR/scores/CAL_url.npy,200128,1786894781550772563,4af1004a528a0ead3ea63c9d6559211fad249c08378c0a58aa00e82701b5aead
datasets/cristinakaufalt/r2cr3c/phreshphish_FINAL_v6_HIGH_SUPERVISION_CONTRASTIVE_REPAIR/scores/FINAL.complete.json,44,1786894781126208709,d00aa83c766f37bf8a81e9f507c692b189e27d635d84476e35d3079bb238dbc6
datasets/cristinakaufalt/r2cr3c/phreshphish_FINAL_v6_HIGH_SUPERVISION_CONTRASTIVE_REPAIR/scores/FINAL_score.npy,672368,1786894781793070429,247e8d27eaf657edf8c939309e1acce043fc6b48c5997f2b2418a18adfcdb928
datasets/cristinakaufalt/r2cr3c/phreshphish_FINAL_v6_HIGH_SUPERVISION_CONTRASTIVE_REPAIR/scores/FINAL_url.npy,672368,1786894781544507761,ae0ef2bff23364e7054ae0c13d56474ae47d4ad74573361284f459fc09d8aea0
datasets/cristinakaufalt/r2cr3c/phreshphish_FINAL_v6_HIGH_SUPERVISION_CONTRASTIVE_REPAIR_RESULTS/FINAL_V6_EXTENSION_COMPLETE.json,408,1786894781200110075,4d09a9f7277de9fa93be26d06e6e4bfd8dfd319722465eb1b3e6ce91290ee621
datasets/cristinakaufalt/r2cr3c/phreshphish_FINAL_v6_HIGH_SUPERVISION_CONTRASTIVE_REPAIR_RESULTS/audit/CORRECTED_REPRESENTATION_FREEZE.json,265,1786894781252873871,b0bb6699bf3c7937f575a0a3b045194bf7c720f17ae135b5d1d4f197ecf831dc
datasets/cristinakaufalt/r2cr3c/phreshphish_FINAL_v6_HIGH_SUPERVISION_CONTRASTIVE_REPAIR_RESULTS/audit/EXTENSION_CONFIG.json,933,1786894781252755117,9fde7fb80cdf63431ae29ba2dada847ab195b0cf109d27bf44b7c703dd199560
datasets/cristinakaufalt/r2cr3c/phreshphish_FINAL_v6_HIGH_SUPERVISION_CONTRASTIVE_REPAIR_RESULTS/audit/HIGH_SUPERVISION_LABEL_REVEAL.json,439,1786894781215024860,e210f02b2fa2be52556edd98fe3a65e893159a6f19d9a2bb736087918dda8fcc
datasets/cristinakaufalt/r2cr3c/phreshphish_FINAL_v6_HIGH_SUPERVISION_CONTRASTIVE_REPAIR_RESULTS/audit/HIGH_SUPERVISION_SYSTEM_FREEZE.json,1132,1786894781204222267,f62a238e00151b1f8700835b42f3d01b846f245d06b11e2077b3b42af2d38980
datasets/cristinakaufalt/r2cr3c/phreshphish_FINAL_v6_HIGH_SUPERVISION_CONTRASTIVE_REPAIR_RESULTS/audit/INPUT_RESOLUTION.json,451,1786894781103565894,0dd3c663ec0c13ac971d975659218d7332d0350759ce528e581edf884a818e29
datasets/cristinakaufalt/r2cr3c/phreshphish_FINAL_v6_HIGH_SUPERVISION_CONTRASTIVE_REPAIR_RESULTS/audit/MODEL_PROVENANCE.json,306,1786894781249501311,655cef6fb2ccee8d0558f59c395349050f20dae0c0fc3055f48281dbb223e271
datasets/cristinakaufalt/r2cr3c/phreshphish_FINAL_v6_HIGH_SUPERVISION_CONTRASTIVE_REPAIR_RESULTS/results/CORRECTED_REPRESENTATION_SCREEN.csv,1788,1786894781192509271,da8fac377fda71f45f43ad5e5e6fea13d55fb16379f6ff5e603d4ec2eb0aff8d
datasets/cristinakaufalt/r2cr3c/phreshphish_FINAL_v6_HIGH_SUPERVISION_CONTRASTIVE_REPAIR_RESULTS/results/HIGH_SUPERVISION_FINAL_METRICS.csv,17618,1786894781235841089,d2299ec8675a4144b2face27607071edfc73d2348381fb73671afff321e3fc7c
datasets/cristinakaufalt/r2cr3c/phreshphish_FINAL_v6_HIGH_SUPERVISION_CONTRASTIVE_REPAIR_RESULTS/results/HIGH_SUPERVISION_SUMMARY.json,408,1786894781228896459,336f1804a213a79a017b18e18c76784df39e1f7075f1640910298d92b1d2b25a
datasets/cristinakaufalt/r2cr3c/phreshphish_FINAL_v6_HIGH_SUPERVISION_CONTRASTIVE_REPAIR_RESULTS/results/OLD_CONTRASTIVE_REPRESENTATION_AUDIT.csv,483,1786894781253764251,6f85e49eef28bceb1bcda2468bea5fc498119aee97f81ccdd83b5825c0507496
datasets/cristinakaufalt/r2cr3c/phreshphish_FINAL_v6_HIGH_SUPERVISION_CONTRASTIVE_REPAIR_RESULTS/results/V5_1_VS_V6_ENGINEERING_COMPARISON.json,37,1786894780990222384,b03d7494c545f57cd77dca00817e21898cbc7e23325b3fcba7e52609c7a00c70
datasets/cristinakaufalt/supervision/FINAL_V6_EXTENSION_COMPLETE.json,408,1786894783707419206,4d09a9f7277de9fa93be26d06e6e4bfd8dfd319722465eb1b3e6ce91290ee621
datasets/cristinakaufalt/supervision/audit/CORRECTED_REPRESENTATION_FREEZE.json,265,1786894783334406873,b0bb6699bf3c7937f575a0a3b045194bf7c720f17ae135b5d1d4f197ecf831dc
datasets/cristinakaufalt/supervision/audit/EXTENSION_CONFIG.json,933,1786894783478067972,9fde7fb80cdf63431ae29ba2dada847ab195b0cf109d27bf44b7c703dd199560
datasets/cristinakaufalt/supervision/audit/HIGH_SUPERVISION_LABEL_REVEAL.json,439,1786894783106934573,e210f02b2fa2be52556edd98fe3a65e893159a6f19d9a2bb736087918dda8fcc
datasets/cristinakaufalt/supervision/audit/HIGH_SUPERVISION_SYSTEM_FREEZE.json,1132,1786894783107941767,f62a238e00151b1f8700835b42f3d01b846f245d06b11e2077b3b42af2d38980
datasets/cristinakaufalt/supervision/audit/INPUT_RESOLUTION.json,451,1786894783631042965,0dd3c663ec0c13ac971d975659218d7332d0350759ce528e581edf884a818e29
datasets/cristinakaufalt/supervision/audit/MODEL_PROVENANCE.json,306,1786894783773820549,655cef6fb2ccee8d0558f59c395349050f20dae0c0fc3055f48281dbb223e271
datasets/cristinakaufalt/supervision/results/CORRECTED_REPRESENTATION_SCREEN.csv,1788,1786894783349318297,da8fac377fda71f45f43ad5e5e6fea13d55fb16379f6ff5e603d4ec2eb0aff8d
datasets/cristinakaufalt/supervision/results/HIGH_SUPERVISION_FINAL_METRICS.csv,17618,1786894783494196695,d2299ec8675a4144b2face27607071edfc73d2348381fb73671afff321e3fc7c
datasets/cristinakaufalt/supervision/results/HIGH_SUPERVISION_SUMMARY.json,408,1786894783255067537,336f1804a213a79a017b18e18c76784df39e1f7075f1640910298d92b1d2b25a
datasets/cristinakaufalt/supervision/results/OLD_CONTRASTIVE_REPRESENTATION_AUDIT.csv,483,1786894783449524069,6f85e49eef28bceb1bcda2468bea5fc498119aee97f81ccdd83b5825c0507496
datasets/cristinakaufalt/supervision/results/V5_1_VS_V6_ENGINEERING_COMPARISON.json,37,1786894783457218413,b03d7494c545f57cd77dca00817e21898cbc7e23325b3fcba7e52609c7a00c70
datasets/cristinakaufalt/wowfusion/FINAL_SYSTEM_ARCHITECTURE.json,562,1786894785336967674,84025de0d13b5875710b5d4566ea9e7bf15c223fd87ef6cde0251fae60fd4671
datasets/cristinakaufalt/wowfusion/FINAL_SYSTEM_PERFORMANCE_EVIDENCE.md,2155,1786894786860009648,84377807920ad0bf822e55ab07dc9a24696502a47491b52384f5117e9052c1f8
datasets/cristinakaufalt/wowfusion/audit/B0_FEATURE_COLUMNS.csv,656,1786894787703935017,9b63ff91c7d642205ff6f06bf2063b50c3c6f3899bca637098ac19a4ce91f512
datasets/cristinakaufalt/wowfusion/audit/FINAL_SCORE_MANIFEST_SHA256.csv,4673,1786894787668260436,0d166c0573aef594efbd2a9a1d8e5d5725d1ddf8726d1882cd4550b17a2cd124
datasets/cristinakaufalt/wowfusion/audit/FUSION_FREEZE.json,205,1786894787941185337,ce93f0d36ec958d9ffab5cd314261731b91884d38618b0a6d9a6d3f1eafe3dea
datasets/cristinakaufalt/wowfusion/audit/INPUT_PROVENANCE_SHA256.csv,3011,1786894787762189120,01157c8cb46492e372777604c9f14db0a47e9c74627b01f603aaff5bc96dcdb0
datasets/cristinakaufalt/wowfusion/audit/SAMPLE_ORDER_HASHES.csv,316,1786894787812359682,bdba159c6dd937bb30a07fb71d457427e87ae0d324cf8f649c7becad17f1ccf2
datasets/cristinakaufalt/wowfusion/audit/SCENARIO_AUDIT.csv,140,1786894787813465403,9c1e86ad1f3e59476343b62c9f9c1e6aecaf098fbc3606fc133af91f08e7bc33
datasets/cristinakaufalt/wowfusion/audit/TOKEN_LABEL_ALIGNMENT.csv,100,1786894787757851260,d34558ac0e34b91cab142e1e648e87dd1edf5b3f4c2a67f10aee21b0b27bc385
datasets/cristinakaufalt/wowfusion/figures/FIG_FINAL_MISSED_PER_1000_PHISH.png,65436,1786894788094365895,dc47477223404930e9c7f3e3b6e05b6c9beefa7033630ab509e32ecdab9da710
datasets/cristinakaufalt/wowfusion/figures/FIG_FINAL_RECALL_VS_FPR.png,100547,1786894787867629015,6455673981e6c6ac054bda72239146e2f6ba983476494bf27c90adf518b1d6f2
datasets/cristinakaufalt/wowfusion/scores/B0_AL25_seed242.npz,47310,1786894787575536427,ec7e5936ecca961a1113addf62c3c07ffcf8e7833c0991b65550bad61a0afca9
datasets/cristinakaufalt/wowfusion/scores/B0_AL25_seed252.npz,47315,1786894787465660835,e1c82c25fd846a8186518779574e7aec1264aee4b8eff2457d6e7ef868e95d2b
datasets/cristinakaufalt/wowfusion/scores/B0_AL25_seed262.npz,47365,1786894787513861150,acd1e51074e4504e86ff352be77f0f142c4a9fcd72523e17c8d4587f1ae8cc2f
datasets/cristinakaufalt/wowfusion/scores/B0_AL25_seed272.npz,47187,1786894787664293831,17cd0a8e32687ba8f468d7f97790ca81bd8f0108510647b7032d31e88ee9ad98
datasets/cristinakaufalt/wowfusion/scores/B0_AL25_seed282.npz,47133,1786894787715618115,199752f497f5be0d02754c49fc358417c5e1aa7f608038fe8ddd1e9c15cfe58c
datasets/cristinakaufalt/wowfusion/scores/B0_AL25_seed42.npz,47358,1786894787512808983,ad0a6f489507b5e95111c4b70e5afb898de3c043d3d79e5f8909651b0e369804
datasets/cristinakaufalt/wowfusion/scores/B0_AL25_seed52.npz,47343,1786894787261712189,a3dc269bf144f39a10c2fae7f64a215f4628faff250280a7c827bf8a80d524ee
datasets/cristinakaufalt/wowfusion/scores/B0_AL25_seed62.npz,47291,1786894787505403911,7def9e5a5c6cf82dbf537d2b89130a2f2dcbbf74dc4d8543b3da3d2023d00c71
datasets/cristinakaufalt/wowfusion/scores/B0_AL25_seed72.npz,47291,1786894787558866464,0e162c6f3202d93bf2c6d0cbcee2c82a22c9c401a51dd88b96e76ad4ef3cc174
datasets/cristinakaufalt/wowfusion/scores/B0_AL25_seed82.npz,47343,1786894787265820425,1b332379bb8558dbe7806ef1b0802d40bd3ac93fd8e3036425cb3aff0672cec7
datasets/cristinakaufalt/wowfusion/scores/DAPT_AL25_seed242.npz,45761,1786894787303868196,6620ae6959f28e6baa1d88043eb0aac041f3eb6a9fdf934be8d68ab0af8f7a26
datasets/cristinakaufalt/wowfusion/scores/DAPT_AL25_seed252.npz,46167,1786894787472615224,0d8109b1c807cce6220d0d2dd58aff71f7ff1224e31c571babb07c375f769643
datasets/cristinakaufalt/wowfusion/scores/DAPT_AL25_seed262.npz,46150,1786894787562174756,b2f04599fae08143fb01bb96b4c567f00bcd6622c2ba3dfc442d0f5b37a7f236
datasets/cristinakaufalt/wowfusion/scores/DAPT_AL25_seed272.npz,45328,1786894787318418237,980ef35088f39c3b2e22a6f3e3dbc2f960451c0418888ceab7343d4c60ee6787
datasets/cristinakaufalt/wowfusion/scores/DAPT_AL25_seed282.npz,44767,1786894787549242864,80f2db6e685fc4ca3829a0398a8932e7f265dd498228fae8a06e40f4b7b2f705
datasets/cristinakaufalt/wowfusion/scores/DAPT_AL25_seed42.npz,45872,1786894787600831123,6df2d8890648c1a21e5bf2917a19941beae6da748f750b539fed89eea3317e7c
datasets/cristinakaufalt/wowfusion/scores/DAPT_AL25_seed52.npz,45331,1786894787601999011,32ffd470dde30f177484529700b00d84db6584229483ef9c56c26060bee30dfc
datasets/cristinakaufalt/wowfusion/scores/DAPT_AL25_seed62.npz,45387,1786894787488984821,15d74795b3bb648955d2ebc4b8d559e1a51b08cfa4612f843f3808db800da1e1
datasets/cristinakaufalt/wowfusion/scores/DAPT_AL25_seed72.npz,45325,1786894787457498560,21014804d36b3bac26ec3d5a99b70d930eb784719d255e03438ab8046e1159df
datasets/cristinakaufalt/wowfusion/scores/DAPT_AL25_seed82.npz,45695,1786894787347932928,d720dc1f57403d02443bb9d5b71b92d119aa238a4780824d8b93f1d3d0253d5a
datasets/cristinakaufalt/wowfusion/state/seed242_budget0p10_indices.npy,3328,1786894787759068956,182e9954616fb40b153700759743110e546353e1c814c5d2719a8957d68f37db
datasets/cristinakaufalt/wowfusion/state/seed242_budget0p15_indices.npy,4928,1786894788010772557,2f1c5b15eeb9e579d245de86d9c0cefcb5ac49049078b0b4556e4f8511c6eb9c
datasets/cristinakaufalt/wowfusion/state/seed242_budget0p25_indices.npy,8128,1786894786999836119,60ecaab198c611b4ec42b2b809f8687b4bec579637f6a45b80820ed1189a2c61
datasets/cristinakaufalt/wowfusion/state/seed242_budget0p2_indices.npy,6528,1786894787791811312,ce04aeaf998931856b062bb70889265bed58a6d6b10ff524af090152c9c5dda0
datasets/cristinakaufalt/wowfusion/state/seed252_budget0p10_indices.npy,3328,1786894787800084080,e68b3a93e272d7cb4bdc95b881b4a75f0543fa2f88cd9283a219b4651732e15f
datasets/cristinakaufalt/wowfusion/state/seed252_budget0p15_indices.npy,4928,1786894788196402833,e8909fe741fedeee4d7ac536bf6121c72de59f3e2ff26a094f57ddcf10c40072
datasets/cristinakaufalt/wowfusion/state/seed252_budget0p25_indices.npy,8128,1786894788012551630,ed02393e36e596dd8214382df5b3bdef453391cbf7b7e45f0a4444931899c5ec
datasets/cristinakaufalt/wowfusion/state/seed252_budget0p2_indices.npy,6528,1786894788006741901,2b5b4482ad24ef136927b223b69ff93348fb913c9c2b018a60e8fb7c66a45701
datasets/cristinakaufalt/wowfusion/state/seed262_budget0p10_indices.npy,3328,1786894787498397932,b96a38fcf2e5a5604d517bba6171b979b371aa9f3cf342168f8127431ce7222f
datasets/cristinakaufalt/wowfusion/state/seed262_budget0p15_indices.npy,4928,1786894787074955866,d46627496719858cb8e11de7907c321bb8652f0b32ec19f55af1f35c2fe623ac
datasets/cristinakaufalt/wowfusion/state/seed262_budget0p25_indices.npy,8128,1786894787164497292,a977c991978422c2b5eb418cbf8fb8ae8d4869b54c361757eefc8f830150551a
datasets/cristinakaufalt/wowfusion/state/seed262_budget0p2_indices.npy,6528,1786894787535133558,a362d9304648570429ea3344afcca9e28e4f296b15fb488ef90af62ddc3c46f7
datasets/cristinakaufalt/wowfusion/state/seed272_budget0p10_indices.npy,3328,1786894787341342617,9eeca9bf39803f35bfcfc4f708892d72f8b6e22255951d9534d3192272dab04c
datasets/cristinakaufalt/wowfusion/state/seed272_budget0p15_indices.npy,4928,1786894787542909252,9d426f17bc38ed3be777eda4321ea93614253dadab0a8369e346f2b2861e6150
datasets/cristinakaufalt/wowfusion/state/seed272_budget0p25_indices.npy,8128,1786894787493960734,efb9d95b9c68f2954b839c948ddeb64543c66b243aefc042e37597372fb1a7c5
datasets/cristinakaufalt/wowfusion/state/seed272_budget0p2_indices.npy,6528,1786894787293089852,1741e8752a1f538b09e1f18972e792c4cd385cd2d2cf59201c18fa163aec54e1
datasets/cristinakaufalt/wowfusion/state/seed282_budget0p10_indices.npy,3328,1786894787466429587,aa2266b1dfbdb59782b03461d83191295cf6c3d8cf5542f5b120da5562a7284f
datasets/cristinakaufalt/wowfusion/state/seed282_budget0p15_indices.npy,4928,1786894787476735661,3dd170d316983ffffd2c1cce409bd98f6e02fb4dc663a50e31a7c8572fdb0c51
datasets/cristinakaufalt/wowfusion/state/seed282_budget0p25_indices.npy,8128,1786894787409161917,c67039bb33962586ab0607a5b67f05705c736ddc78a0cb5fdb445c789387f844
datasets/cristinakaufalt/wowfusion/state/seed282_budget0p2_indices.npy,6528,1786894787150364224,ade426cd316d08b2ebc2caa405272d0b634ab4a7b520996595b2dda54cb44cde
datasets/cristinakaufalt/wowfusion/state/seed42_budget0p10_indices.npy,3328,1786894787448413925,3166fa6c81db0cefb310e16c1cc0f27cbcff1a823279ff7acd1f43966088c852
datasets/cristinakaufalt/wowfusion/state/seed42_budget0p15_indices.npy,4928,1786894787474199825,4fc34db3a7c02cc104bef7e220ade562afa4b63bc62dd8b55f41301238ae8137
datasets/cristinakaufalt/wowfusion/state/seed42_budget0p25_indices.npy,8128,1786894787502906148,516a28771d9c645d1c06a7c7ca416cad9673e7389f9bccc3768aa50a63627592
datasets/cristinakaufalt/wowfusion/state/seed42_budget0p2_indices.npy,6528,1786894787470460684,3129f20536c49779404c0420869364545143bd9f4c8357502423a3d37d8e2049
datasets/cristinakaufalt/wowfusion/state/seed52_budget0p10_indices.npy,3328,1786894787487146797,a97f92346a20316468f79e3a9e62ed78c6209fc3d8f1f835ac12649a9088a32e
datasets/cristinakaufalt/wowfusion/state/seed52_budget0p15_indices.npy,4928,1786894787498190451,fb447250fb39057465da1952f5c0a5c94f3afe1b32eb8d312a39de668f3ff50a
datasets/cristinakaufalt/wowfusion/state/seed52_budget0p25_indices.npy,8128,1786894787502232345,93428a35ac56dc0bed87ce45ad5b0dc001379e2954dfc3c704cce0f00057a68f
datasets/cristinakaufalt/wowfusion/state/seed52_budget0p2_indices.npy,6528,1786894787279605036,d7e8b4aecb96c4c88bef32f1bc1af178482e0d4fb01c0648f218ecb24073640e
datasets/cristinakaufalt/wowfusion/state/seed62_budget0p10_indices.npy,3328,1786894787282786696,2a6f5a795387574d2a0364f827cf064271ed595ef19979f4f2c490f82f5110c5
datasets/cristinakaufalt/wowfusion/state/seed62_budget0p15_indices.npy,4928,1786894787487975279,c7965650bb528fe3a638df5fc1f4cc9133df3f7fb1335d814a881fa2754ae940
datasets/cristinakaufalt/wowfusion/state/seed62_budget0p25_indices.npy,8128,1786894787487685056,1fa67440f9759a85115d9c1822837a9f902efa56e6abacafc6fdb00c2983294f
datasets/cristinakaufalt/wowfusion/state/seed62_budget0p2_indices.npy,6528,1786894787543342392,c32939771e8d1dfcc8b2bd72f84e099ae91f10afbb90a4b89ddf44907c3706b0
datasets/cristinakaufalt/wowfusion/state/seed72_budget0p10_indices.npy,3328,1786894787485555179,8e2752e3d92fc34d2804ea822bcab7dc7e5ba1bd67aef180fd7dffbd94a96b69
datasets/cristinakaufalt/wowfusion/state/seed72_budget0p15_indices.npy,4928,1786894787807981249,2f96b9c40fdf841e721e8330c879a947e86ae41cb962e57bbeac0b5613bbe111
datasets/cristinakaufalt/wowfusion/state/seed72_budget0p25_indices.npy,8128,1786894787949977997,2c871f00d9c5441950e2acfb712ddaa3e3042e7854a744847a96b8f7afc41df7
datasets/cristinakaufalt/wowfusion/state/seed72_budget0p2_indices.npy,6528,1786894787805948765,cd4027b2375e748b09e2bae3df51a85e6d4a7b6f4478a161a3288c63c6943e78
datasets/cristinakaufalt/wowfusion/state/seed82_budget0p10_indices.npy,3328,1786894788130787347,896c25ac7d947dbd9e491cce68032944bfd78c0869151a91e27c83f557f08cea
datasets/cristinakaufalt/wowfusion/state/seed82_budget0p15_indices.npy,4928,1786894787952255167,b8a3c661dc43f6883fa071fdf2fb0864129ea7c9651986f84a3c22cc924dbed8
datasets/cristinakaufalt/wowfusion/state/seed82_budget0p25_indices.npy,8128,1786894787806429116,e30322e2bad344f2c3e9e56cb8924b3df4781fc203cef9ed8a59fb3047f145b3
datasets/cristinakaufalt/wowfusion/state/seed82_budget0p2_indices.npy,6528,1786894787848014561,3830133dd8e56302683e67fb9fa90958925f3771ae5895aa0a377aa6513ba07e
datasets/cristinakaufalt/wowfusion/tables/B0_TRAIN_ONLY_TUNING.csv,4751,1786894787950997809,9b6ee6266532f49f42ce08e7daa3e2ba310f422dcdb2599fbb98168327ca25ca
datasets/cristinakaufalt/wowfusion/tables/FINAL_ARCHITECTURE_DECISION.csv,166,1786894787825107307,af41b939ce615feca9a329d30f02bf9a037e576e526724b45175725599a563fd
datasets/cristinakaufalt/wowfusion/tables/FINAL_SYSTEM_PERFORMANCE_LONG.csv,83429,1786894787922358713,04d98fc0bb605fc7e59c62e007a4aedf122191caf387f85198ff53adf6300c4e
datasets/cristinakaufalt/wowfusion/tables/FINAL_SYSTEM_PERFORMANCE_SUMMARY.csv,15464,1786894787821899887,75c172a9ac2ca4f8c7d12dbfaece49da8003ff0977aa10394f4c64efff548e73
datasets/cristinakaufalt/wowfusion/tables/FINAL_SYSTEM_STRESS_PER_SEED.csv,11483,1786894787880333243,17c917627e4ad1db3bb3be9a17bb442084679f90931dd703ee9c5f1abd74fbec
datasets/cristinakaufalt/wowfusion/tables/FINAL_SYSTEM_STRESS_POOLED10.csv,1322,1786894787953078809,5c1c589fc90191ab8c102c987759c0c2bf0fd17ff8b74956d2b28a904a97c836
datasets/cristinakaufalt/wowfusion/tables/FUSION_ALPHA_SELECTION_ORIGINAL5_IID_ONLY.csv,947,1786894788027276496,9393a30402df146eb986039af4385fba229f53bfe5ce9a4728142a3d05e757a5
datasets/cristinakaufalt/wowfusion/tables/FUSION_VS_DAPT_PAIRED_STATS.csv,2000,1786894787816431434,3f3d866db409dec8c001968d512c5b8e683ef3049b4e3e6b99e1bc04638b8456
datasets/cristinakaufalt/wowfusion/tables/SELECTION_LOG.csv,5197,1786894787825040606,35bdb4b9f277f764e237f1acaa2cb8a6c55286b05bc09a56fdc39af8ce3e6ea0
datasets/cristinakaufalt/wowfusion/tables/TRAIN_LOG.csv,2505,1786894788030736266,512e48eb8b8104ee317698991d010d5b21d93b2479e78f7098d84876e712e8b7
