path,relative_to_input,num_rows,num_row_groups,num_columns,schema
/kaggle/input/datasets/cristinakaufalt/freezeresume/manifests/train_role_manifest_PRIVATE_WITH_LABELS.parquet,datasets/cristinakaufalt/freezeresume/manifests/train_role_manifest_PRIVATE_WITH_LABELS.parquet,498255,1,12,"sha256: string
url: string
label: string
date: date32[day]
target: string
lang: string
lang_score: double
role: string
ssl_rank: int64
ssl_40k: bool
ssl_100k: bool
ssl_200k: bool
-- schema metadata --
pandas: '{""index_columns"": [], ""column_indexes"": [], ""columns"": [{""name"":' + 1419"
/kaggle/input/datasets/cristinakaufalt/freezeresume/manifests/final_test_exact_ood_flags_SEALED.parquet,datasets/cristinakaufalt/freezeresume/manifests/final_test_exact_ood_flags_SEALED.parquet,168060,1,4,"sha256: string
domain_ood_exact: bool
template_ood_exact: bool
domain_template_ood_exact: bool
-- schema metadata --
pandas: '{""index_columns"": [], ""column_indexes"": [], ""columns"": [{""name"":' + 608"
/kaggle/input/datasets/cristinakaufalt/freezeresume/manifests/final_test_manifest_SEALED.parquet,datasets/cristinakaufalt/freezeresume/manifests/final_test_manifest_SEALED.parquet,168060,1,10,"sha256: string
url: string
label: string
date: date32[day]
target: string
lang: string
lang_score: double
domain: string
template_hash: string
role: string
-- schema metadata --
pandas: '{""index_columns"": [], ""column_indexes"": [], ""columns"": [{""name"":' + 1213"
/kaggle/input/datasets/cristinakaufalt/finaldatafreeze/phreshphish_FINAL_DATA_FREEZE_v3/roles/ssl_pool_200k/part-00000.parquet,datasets/cristinakaufalt/finaldatafreeze/phreshphish_FINAL_DATA_FREEZE_v3/roles/ssl_pool_200k/part-00000.parquet,348,1,21,"sha256: string
url: string
date: date32[day]
target: string
lang: string
lang_score: double
domain: string
text: string
html_struct: string
template_hash: string
html_prefix_truncated: bool
struct_token_count: int64
dom_tag: list<element: string>
  child 0, element: string
dom_parent_idx: list<element: int64>
  child 0, element: int64
dom_depth: list<element: int64>
  child 0, element: int64
dom_attr_count: list<element: int64>
  child 0, element: int64
dom_child_count: list<element: int64>
  child 0, element: int64
dom_node_count: int64
dom_max_depth: int64
dom_truncated: bool
ssl_rank: int64
-- schema metadata --
pandas: '{""index_columns"": [], ""column_indexes"": [], ""columns"": [{""name"":' + 2617"
/kaggle/input/datasets/cristinakaufalt/finaldatafreeze/phreshphish_FINAL_DATA_FREEZE_v3/roles/ssl_pool_200k/part-00001.parquet,datasets/cristinakaufalt/finaldatafreeze/phreshphish_FINAL_DATA_FREEZE_v3/roles/ssl_pool_200k/part-00001.parquet,988,1,21,"sha256: string
url: string
date: date32[day]
target: string
lang: string
lang_score: double
domain: string
text: string
html_struct: string
template_hash: string
html_prefix_truncated: bool
struct_token_count: int64
dom_tag: list<element: string>
  child 0, element: string
dom_parent_idx: list<element: int64>
  child 0, element: int64
dom_depth: list<element: int64>
  child 0, element: int64
dom_attr_count: list<element: int64>
  child 0, element: int64
dom_child_count: list<element: int64>
  child 0, element: int64
dom_node_count: int64
dom_max_depth: int64
dom_truncated: bool
ssl_rank: int64
-- schema metadata --
pandas: '{""index_columns"": [], ""column_indexes"": [], ""columns"": [{""name"":' + 2617"
/kaggle/input/datasets/cristinakaufalt/finaldatafreeze/phreshphish_FINAL_DATA_FREEZE_v3/roles/ssl_pool_200k/part-00002.parquet,datasets/cristinakaufalt/finaldatafreeze/phreshphish_FINAL_DATA_FREEZE_v3/roles/ssl_pool_200k/part-00002.parquet,1015,1,21,"sha256: string
url: string
date: date32[day]
target: string
lang: string
lang_score: double
domain: string
text: string
html_struct: string
template_hash: string
html_prefix_truncated: bool
struct_token_count: int64
dom_tag: list<element: string>
  child 0, element: string
dom_parent_idx: list<element: int64>
  child 0, element: int64
dom_depth: list<element: int64>
  child 0, element: int64
dom_attr_count: list<element: int64>
  child 0, element: int64
dom_child_count: list<element: int64>
  child 0, element: int64
dom_node_count: int64
dom_max_depth: int64
dom_truncated: bool
ssl_rank: int64
-- schema metadata --
pandas: '{""index_columns"": [], ""column_indexes"": [], ""columns"": [{""name"":' + 2617"
/kaggle/input/datasets/cristinakaufalt/finaldatafreeze/phreshphish_FINAL_DATA_FREEZE_v3/roles/ssl_pool_200k/part-00003.parquet,datasets/cristinakaufalt/finaldatafreeze/phreshphish_FINAL_DATA_FREEZE_v3/roles/ssl_pool_200k/part-00003.parquet,333,1,21,"sha256: string
url: string
date: date32[day]
target: string
lang: string
lang_score: double
domain: string
text: string
html_struct: string
template_hash: string
html_prefix_truncated: bool
struct_token_count: int64
dom_tag: list<element: string>
  child 0, element: string
dom_parent_idx: list<element: int64>
  child 0, element: int64
dom_depth: list<element: int64>
  child 0, element: int64
dom_attr_count: list<element: int64>
  child 0, element: int64
dom_child_count: list<element: int64>
  child 0, element: int64
dom_node_count: int64
dom_max_depth: int64
dom_truncated: bool
ssl_rank: int64
-- schema metadata --
pandas: '{""index_columns"": [], ""column_indexes"": [], ""columns"": [{""name"":' + 2617"
/kaggle/input/datasets/cristinakaufalt/finaldatafreeze/phreshphish_FINAL_DATA_FREEZE_v3/roles/ssl_pool_200k/part-00004.parquet,datasets/cristinakaufalt/finaldatafreeze/phreshphish_FINAL_DATA_FREEZE_v3/roles/ssl_pool_200k/part-00004.parquet,994,1,21,"sha256: string
url: string
date: date32[day]
target: string
lang: string
lang_score: double
domain: string
text: string
html_struct: string
template_hash: string
html_prefix_truncated: bool
struct_token_count: int64
dom_tag: list<element: string>
  child 0, element: string
dom_parent_idx: list<element: int64>
  child 0, element: int64
dom_depth: list<element: int64>
  child 0, element: int64
dom_attr_count: list<element: int64>
  child 0, element: int64
dom_child_count: list<element: int64>
  child 0, element: int64
dom_node_count: int64
dom_max_depth: int64
dom_truncated: bool
ssl_rank: int64
-- schema metadata --
pandas: '{""index_columns"": [], ""column_indexes"": [], ""columns"": [{""name"":' + 2617"
/kaggle/input/datasets/cristinakaufalt/finaldatafreeze/phreshphish_FINAL_DATA_FREEZE_v3/roles/ssl_pool_200k/part-00005.parquet,datasets/cristinakaufalt/finaldatafreeze/phreshphish_FINAL_DATA_FREEZE_v3/roles/ssl_pool_200k/part-00005.parquet,983,1,21,"sha256: string
url: string
date: date32[day]
target: string
lang: string
lang_score: double
domain: string
text: string
html_struct: string
template_hash: string
html_prefix_truncated: bool
struct_token_count: int64
dom_tag: list<element: string>
  child 0, element: string
dom_parent_idx: list<element: int64>
  child 0, element: int64
dom_depth: list<element: int64>
  child 0, element: int64
dom_attr_count: list<element: int64>
  child 0, element: int64
dom_child_count: list<element: int64>
  child 0, element: int64
dom_node_count: int64
dom_max_depth: int64
dom_truncated: bool
ssl_rank: int64
-- schema metadata --
pandas: '{""index_columns"": [], ""column_indexes"": [], ""columns"": [{""name"":' + 2617"
/kaggle/input/datasets/cristinakaufalt/finaldatafreeze/phreshphish_FINAL_DATA_FREEZE_v3/roles/ssl_pool_200k/part-00006.parquet,datasets/cristinakaufalt/finaldatafreeze/phreshphish_FINAL_DATA_FREEZE_v3/roles/ssl_pool_200k/part-00006.parquet,624,1,21,"sha256: string
url: string
date: date32[day]
target: string
lang: string
lang_score: double
domain: string
text: string
html_struct: string
template_hash: string
html_prefix_truncated: bool
struct_token_count: int64
dom_tag: list<element: string>
  child 0, element: string
dom_parent_idx: list<element: int64>
  child 0, element: int64
dom_depth: list<element: int64>
  child 0, element: int64
dom_attr_count: list<element: int64>
  child 0, element: int64
dom_child_count: list<element: int64>
  child 0, element: int64
dom_node_count: int64
dom_max_depth: int64
dom_truncated: bool
ssl_rank: int64
-- schema metadata --
pandas: '{""index_columns"": [], ""column_indexes"": [], ""columns"": [{""name"":' + 2617"
/kaggle/input/datasets/cristinakaufalt/finaldatafreeze/phreshphish_FINAL_DATA_FREEZE_v3/roles/ssl_pool_200k/part-00007.parquet,datasets/cristinakaufalt/finaldatafreeze/phreshphish_FINAL_DATA_FREEZE_v3/roles/ssl_pool_200k/part-00007.parquet,981,1,21,"sha256: string
url: string
date: date32[day]
target: string
lang: string
lang_score: double
domain: string
text: string
html_struct: string
template_hash: string
html_prefix_truncated: bool
struct_token_count: int64
dom_tag: list<element: string>
  child 0, element: string
dom_parent_idx: list<element: int64>
  child 0, element: int64
dom_depth: list<element: int64>
  child 0, element: int64
dom_attr_count: list<element: int64>
  child 0, element: int64
dom_child_count: list<element: int64>
  child 0, element: int64
dom_node_count: int64
dom_max_depth: int64
dom_truncated: bool
ssl_rank: int64
-- schema metadata --
pandas: '{""index_columns"": [], ""column_indexes"": [], ""columns"": [{""name"":' + 2617"
/kaggle/input/datasets/cristinakaufalt/finaldatafreeze/phreshphish_FINAL_DATA_FREEZE_v3/roles/ssl_pool_200k/part-00008.parquet,datasets/cristinakaufalt/finaldatafreeze/phreshphish_FINAL_DATA_FREEZE_v3/roles/ssl_pool_200k/part-00008.parquet,978,1,21,"sha256: string
url: string
date: date32[day]
target: string
lang: string
lang_score: double
domain: string
text: string
html_struct: string
template_hash: string
html_prefix_truncated: bool
struct_token_count: int64
dom_tag: list<element: string>
  child 0, element: string
dom_parent_idx: list<element: int64>
  child 0, element: int64
dom_depth: list<element: int64>
  child 0, element: int64
dom_attr_count: list<element: int64>
  child 0, element: int64
dom_child_count: list<element: int64>
  child 0, element: int64
dom_node_count: int64
dom_max_depth: int64
dom_truncated: bool
ssl_rank: int64
-- schema metadata --
pandas: '{""index_columns"": [], ""column_indexes"": [], ""columns"": [{""name"":' + 2617"
/kaggle/input/datasets/cristinakaufalt/finaldatafreeze/phreshphish_FINAL_DATA_FREEZE_v3/roles/ssl_pool_200k/part-00009.parquet,datasets/cristinakaufalt/finaldatafreeze/phreshphish_FINAL_DATA_FREEZE_v3/roles/ssl_pool_200k/part-00009.parquet,835,1,21,"sha256: string
url: string
date: date32[day]
target: string
lang: string
lang_score: double
domain: string
text: string
html_struct: string
template_hash: string
html_prefix_truncated: bool
struct_token_count: int64
dom_tag: list<element: string>
  child 0, element: string
dom_parent_idx: list<element: int64>
  child 0, element: int64
dom_depth: list<element: int64>
  child 0, element: int64
dom_attr_count: list<element: int64>
  child 0, element: int64
dom_child_count: list<element: int64>
  child 0, element: int64
dom_node_count: int64
dom_max_depth: int64
dom_truncated: bool
ssl_rank: int64
-- schema metadata --
pandas: '{""index_columns"": [], ""column_indexes"": [], ""columns"": [{""name"":' + 2617"
/kaggle/input/datasets/cristinakaufalt/finaldatafreeze/phreshphish_FINAL_DATA_FREEZE_v3/roles/ssl_pool_200k/part-00010.parquet,datasets/cristinakaufalt/finaldatafreeze/phreshphish_FINAL_DATA_FREEZE_v3/roles/ssl_pool_200k/part-00010.parquet,955,1,21,"sha256: string
url: string
date: date32[day]
target: string
lang: string
lang_score: double
domain: string
text: string
html_struct: string
template_hash: string
html_prefix_truncated: bool
struct_token_count: int64
dom_tag: list<element: string>
  child 0, element: string
dom_parent_idx: list<element: int64>
  child 0, element: int64
dom_depth: list<element: int64>
  child 0, element: int64
dom_attr_count: list<element: int64>
  child 0, element: int64
dom_child_count: list<element: int64>
  child 0, element: int64
dom_node_count: int64
dom_max_depth: int64
dom_truncated: bool
ssl_rank: int64
-- schema metadata --
pandas: '{""index_columns"": [], ""column_indexes"": [], ""columns"": [{""name"":' + 2617"
/kaggle/input/datasets/cristinakaufalt/finaldatafreeze/phreshphish_FINAL_DATA_FREEZE_v3/roles/ssl_pool_200k/part-00011.parquet,datasets/cristinakaufalt/finaldatafreeze/phreshphish_FINAL_DATA_FREEZE_v3/roles/ssl_pool_200k/part-00011.parquet,982,1,21,"sha256: string
url: string
date: date32[day]
target: string
lang: string
lang_score: double
domain: string
text: string
html_struct: string
template_hash: string
html_prefix_truncated: bool
struct_token_count: int64
dom_tag: list<element: string>
  child 0, element: string
dom_parent_idx: list<element: int64>
  child 0, element: int64
dom_depth: list<element: int64>
  child 0, element: int64
dom_attr_count: list<element: int64>
  child 0, element: int64
dom_child_count: list<element: int64>
  child 0, element: int64
dom_node_count: int64
dom_max_depth: int64
dom_truncated: bool
ssl_rank: int64
-- schema metadata --
pandas: '{""index_columns"": [], ""column_indexes"": [], ""columns"": [{""name"":' + 2617"
/kaggle/input/datasets/cristinakaufalt/finaldatafreeze/phreshphish_FINAL_DATA_FREEZE_v3/roles/ssl_pool_200k/part-00012.parquet,datasets/cristinakaufalt/finaldatafreeze/phreshphish_FINAL_DATA_FREEZE_v3/roles/ssl_pool_200k/part-00012.parquet,956,1,21,"sha256: string
url: string
date: date32[day]
target: string
lang: string
lang_score: double
domain: string
text: string
html_struct: string
template_hash: string
html_prefix_truncated: bool
struct_token_count: int64
dom_tag: list<element: string>
  child 0, element: string
dom_parent_idx: list<element: int64>
  child 0, element: int64
dom_depth: list<element: int64>
  child 0, element: int64
dom_attr_count: list<element: int64>
  child 0, element: int64
dom_child_count: list<element: int64>
  child 0, element: int64
dom_node_count: int64
dom_max_depth: int64
dom_truncated: bool
ssl_rank: int64
-- schema metadata --
pandas: '{""index_columns"": [], ""column_indexes"": [], ""columns"": [{""name"":' + 2617"
/kaggle/input/datasets/cristinakaufalt/finaldatafreeze/phreshphish_FINAL_DATA_FREEZE_v3/roles/ssl_pool_200k/part-00013.parquet,datasets/cristinakaufalt/finaldatafreeze/phreshphish_FINAL_DATA_FREEZE_v3/roles/ssl_pool_200k/part-00013.parquet,992,1,21,"sha256: string
url: string
date: date32[day]
target: string
lang: string
lang_score: double
domain: string
text: string
html_struct: string
template_hash: string
html_prefix_truncated: bool
struct_token_count: int64
dom_tag: list<element: string>
  child 0, element: string
dom_parent_idx: list<element: int64>
  child 0, element: int64
dom_depth: list<element: int64>
  child 0, element: int64
dom_attr_count: list<element: int64>
  child 0, element: int64
dom_child_count: list<element: int64>
  child 0, element: int64
dom_node_count: int64
dom_max_depth: int64
dom_truncated: bool
ssl_rank: int64
-- schema metadata --
pandas: '{""index_columns"": [], ""column_indexes"": [], ""columns"": [{""name"":' + 2617"
/kaggle/input/datasets/cristinakaufalt/finaldatafreeze/phreshphish_FINAL_DATA_FREEZE_v3/roles/ssl_pool_200k/part-00014.parquet,datasets/cristinakaufalt/finaldatafreeze/phreshphish_FINAL_DATA_FREEZE_v3/roles/ssl_pool_200k/part-00014.parquet,962,1,21,"sha256: string
url: string
date: date32[day]
target: string
lang: string
lang_score: double
domain: string
text: string
html_struct: string
template_hash: string
html_prefix_truncated: bool
struct_token_count: int64
dom_tag: list<element: string>
  child 0, element: string
dom_parent_idx: list<element: int64>
  child 0, element: int64
dom_depth: list<element: int64>
  child 0, element: int64
dom_attr_count: list<element: int64>
  child 0, element: int64
dom_child_count: list<element: int64>
  child 0, element: int64
dom_node_count: int64
dom_max_depth: int64
dom_truncated: bool
ssl_rank: int64
-- schema metadata --
pandas: '{""index_columns"": [], ""column_indexes"": [], ""columns"": [{""name"":' + 2617"
/kaggle/input/datasets/cristinakaufalt/finaldatafreeze/phreshphish_FINAL_DATA_FREEZE_v3/roles/ssl_pool_200k/part-00015.parquet,datasets/cristinakaufalt/finaldatafreeze/phreshphish_FINAL_DATA_FREEZE_v3/roles/ssl_pool_200k/part-00015.parquet,966,1,21,"sha256: string
url: string
date: date32[day]
target: string
lang: string
lang_score: double
domain: string
text: string
html_struct: string
template_hash: string
html_prefix_truncated: bool
struct_token_count: int64
dom_tag: list<element: string>
  child 0, element: string
dom_parent_idx: list<element: int64>
  child 0, element: int64
dom_depth: list<element: int64>
  child 0, element: int64
dom_attr_count: list<element: int64>
  child 0, element: int64
dom_child_count: list<element: int64>
  child 0, element: int64
dom_node_count: int64
dom_max_depth: int64
dom_truncated: bool
ssl_rank: int64
-- schema metadata --
pandas: '{""index_columns"": [], ""column_indexes"": [], ""columns"": [{""name"":' + 2617"
/kaggle/input/datasets/cristinakaufalt/finaldatafreeze/phreshphish_FINAL_DATA_FREEZE_v3/roles/ssl_pool_200k/part-00016.parquet,datasets/cristinakaufalt/finaldatafreeze/phreshphish_FINAL_DATA_FREEZE_v3/roles/ssl_pool_200k/part-00016.parquet,146,1,21,"sha256: string
url: string
date: date32[day]
target: string
lang: string
lang_score: double
domain: string
text: string
html_struct: string
template_hash: string
html_prefix_truncated: bool
struct_token_count: int64
dom_tag: list<element: string>
  child 0, element: string
dom_parent_idx: list<element: int64>
  child 0, element: int64
dom_depth: list<element: int64>
  child 0, element: int64
dom_attr_count: list<element: int64>
  child 0, element: int64
dom_child_count: list<element: int64>
  child 0, element: int64
dom_node_count: int64
dom_max_depth: int64
dom_truncated: bool
ssl_rank: int64
-- schema metadata --
pandas: '{""index_columns"": [], ""column_indexes"": [], ""columns"": [{""name"":' + 2617"
/kaggle/input/datasets/cristinakaufalt/finaldatafreeze/phreshphish_FINAL_DATA_FREEZE_v3/roles/ssl_pool_200k/part-00017.parquet,datasets/cristinakaufalt/finaldatafreeze/phreshphish_FINAL_DATA_FREEZE_v3/roles/ssl_pool_200k/part-00017.parquet,965,1,21,"sha256: string
url: string
date: date32[day]
target: string
lang: string
lang_score: double
domain: string
text: string
html_struct: string
template_hash: string
html_prefix_truncated: bool
struct_token_count: int64
dom_tag: list<element: string>
  child 0, element: string
dom_parent_idx: list<element: int64>
  child 0, element: int64
dom_depth: list<element: int64>
  child 0, element: int64
dom_attr_count: list<element: int64>
  child 0, element: int64
dom_child_count: list<element: int64>
  child 0, element: int64
dom_node_count: int64
dom_max_depth: int64
dom_truncated: bool
ssl_rank: int64
-- schema metadata --
pandas: '{""index_columns"": [], ""column_indexes"": [], ""columns"": [{""name"":' + 2617"
/kaggle/input/datasets/cristinakaufalt/finaldatafreeze/phreshphish_FINAL_DATA_FREEZE_v3/roles/ssl_pool_200k/part-00018.parquet,datasets/cristinakaufalt/finaldatafreeze/phreshphish_FINAL_DATA_FREEZE_v3/roles/ssl_pool_200k/part-00018.parquet,971,1,21,"sha256: string
url: string
date: date32[day]
target: string
lang: string
lang_score: double
domain: string
text: string
html_struct: string
template_hash: string
html_prefix_truncated: bool
struct_token_count: int64
dom_tag: list<element: string>
  child 0, element: string
dom_parent_idx: list<element: int64>
  child 0, element: int64
dom_depth: list<element: int64>
  child 0, element: int64
dom_attr_count: list<element: int64>
  child 0, element: int64
dom_child_count: list<element: int64>
  child 0, element: int64
dom_node_count: int64
dom_max_depth: int64
dom_truncated: bool
ssl_rank: int64
-- schema metadata --
pandas: '{""index_columns"": [], ""column_indexes"": [], ""columns"": [{""name"":' + 2617"
/kaggle/input/datasets/cristinakaufalt/finaldatafreeze/phreshphish_FINAL_DATA_FREEZE_v3/roles/ssl_pool_200k/part-00019.parquet,datasets/cristinakaufalt/finaldatafreeze/phreshphish_FINAL_DATA_FREEZE_v3/roles/ssl_pool_200k/part-00019.parquet,971,1,21,"sha256: string
url: string
date: date32[day]
target: string
lang: string
lang_score: double
domain: string
text: string
html_struct: string
template_hash: string
html_prefix_truncated: bool
struct_token_count: int64
dom_tag: list<element: string>
  child 0, element: string
dom_parent_idx: list<element: int64>
  child 0, element: int64
dom_depth: list<element: int64>
  child 0, element: int64
dom_attr_count: list<element: int64>
  child 0, element: int64
dom_child_count: list<element: int64>
  child 0, element: int64
dom_node_count: int64
dom_max_depth: int64
dom_truncated: bool
ssl_rank: int64
-- schema metadata --
pandas: '{""index_columns"": [], ""column_indexes"": [], ""columns"": [{""name"":' + 2617"
/kaggle/input/datasets/cristinakaufalt/finaldatafreeze/phreshphish_FINAL_DATA_FREEZE_v3/roles/ssl_pool_200k/part-00020.parquet,datasets/cristinakaufalt/finaldatafreeze/phreshphish_FINAL_DATA_FREEZE_v3/roles/ssl_pool_200k/part-00020.parquet,214,1,21,"sha256: string
url: string
date: date32[day]
target: string
lang: string
lang_score: double
domain: string
text: string
html_struct: string
template_hash: string
html_prefix_truncated: bool
struct_token_count: int64
dom_tag: list<element: string>
  child 0, element: string
dom_parent_idx: list<element: int64>
  child 0, element: int64
dom_depth: list<element: int64>
  child 0, element: int64
dom_attr_count: list<element: int64>
  child 0, element: int64
dom_child_count: list<element: int64>
  child 0, element: int64
dom_node_count: int64
dom_max_depth: int64
dom_truncated: bool
ssl_rank: int64
-- schema metadata --
pandas: '{""index_columns"": [], ""column_indexes"": [], ""columns"": [{""name"":' + 2617"
/kaggle/input/datasets/cristinakaufalt/finaldatafreeze/phreshphish_FINAL_DATA_FREEZE_v3/roles/ssl_pool_200k/part-00021.parquet,datasets/cristinakaufalt/finaldatafreeze/phreshphish_FINAL_DATA_FREEZE_v3/roles/ssl_pool_200k/part-00021.parquet,1017,1,21,"sha256: string
url: string
date: date32[day]
target: string
lang: string
lang_score: double
domain: string
text: string
html_struct: string
template_hash: string
html_prefix_truncated: bool
struct_token_count: int64
dom_tag: list<element: string>
  child 0, element: string
dom_parent_idx: list<element: int64>
  child 0, element: int64
dom_depth: list<element: int64>
  child 0, element: int64
dom_attr_count: list<element: int64>
  child 0, element: int64
dom_child_count: list<element: int64>
  child 0, element: int64
dom_node_count: int64
dom_max_depth: int64
dom_truncated: bool
ssl_rank: int64
-- schema metadata --
pandas: '{""index_columns"": [], ""column_indexes"": [], ""columns"": [{""name"":' + 2617"
/kaggle/input/datasets/cristinakaufalt/finaldatafreeze/phreshphish_FINAL_DATA_FREEZE_v3/roles/ssl_pool_200k/part-00022.parquet,datasets/cristinakaufalt/finaldatafreeze/phreshphish_FINAL_DATA_FREEZE_v3/roles/ssl_pool_200k/part-00022.parquet,1011,1,21,"sha256: string
url: string
date: date32[day]
target: string
lang: string
lang_score: double
domain: string
text: string
html_struct: string
template_hash: string
html_prefix_truncated: bool
struct_token_count: int64
dom_tag: list<element: string>
  child 0, element: string
dom_parent_idx: list<element: int64>
  child 0, element: int64
dom_depth: list<element: int64>
  child 0, element: int64
dom_attr_count: list<element: int64>
  child 0, element: int64
dom_child_count: list<element: int64>
  child 0, element: int64
dom_node_count: int64
dom_max_depth: int64
dom_truncated: bool
ssl_rank: int64
-- schema metadata --
pandas: '{""index_columns"": [], ""column_indexes"": [], ""columns"": [{""name"":' + 2617"
/kaggle/input/datasets/cristinakaufalt/finaldatafreeze/phreshphish_FINAL_DATA_FREEZE_v3/roles/ssl_pool_200k/part-00023.parquet,datasets/cristinakaufalt/finaldatafreeze/phreshphish_FINAL_DATA_FREEZE_v3/roles/ssl_pool_200k/part-00023.parquet,1004,1,21,"sha256: string
url: string
date: date32[day]
target: string
lang: string
lang_score: double
domain: string
text: string
html_struct: string
template_hash: string
html_prefix_truncated: bool
struct_token_count: int64
dom_tag: list<element: string>
  child 0, element: string
dom_parent_idx: list<element: int64>
  child 0, element: int64
dom_depth: list<element: int64>
  child 0, element: int64
dom_attr_count: list<element: int64>
  child 0, element: int64
dom_child_count: list<element: int64>
  child 0, element: int64
dom_node_count: int64
dom_max_depth: int64
dom_truncated: bool
ssl_rank: int64
-- schema metadata --
pandas: '{""index_columns"": [], ""column_indexes"": [], ""columns"": [{""name"":' + 2617"
/kaggle/input/datasets/cristinakaufalt/finaldatafreeze/phreshphish_FINAL_DATA_FREEZE_v3/roles/ssl_pool_200k/part-00024.parquet,datasets/cristinakaufalt/finaldatafreeze/phreshphish_FINAL_DATA_FREEZE_v3/roles/ssl_pool_200k/part-00024.parquet,379,1,21,"sha256: string
url: string
date: date32[day]
target: string
lang: string
lang_score: double
domain: string
text: string
html_struct: string
template_hash: string
html_prefix_truncated: bool
struct_token_count: int64
dom_tag: list<element: string>
  child 0, element: string
dom_parent_idx: list<element: int64>
  child 0, element: int64
dom_depth: list<element: int64>
  child 0, element: int64
dom_attr_count: list<element: int64>
  child 0, element: int64
dom_child_count: list<element: int64>
  child 0, element: int64
dom_node_count: int64
dom_max_depth: int64
dom_truncated: bool
ssl_rank: int64
-- schema metadata --
pandas: '{""index_columns"": [], ""column_indexes"": [], ""columns"": [{""name"":' + 2617"
/kaggle/input/datasets/cristinakaufalt/finaldatafreeze/phreshphish_FINAL_DATA_FREEZE_v3/roles/ssl_pool_200k/part-00025.parquet,datasets/cristinakaufalt/finaldatafreeze/phreshphish_FINAL_DATA_FREEZE_v3/roles/ssl_pool_200k/part-00025.parquet,1003,1,21,"sha256: string
url: string
date: date32[day]
target: string
lang: string
lang_score: double
domain: string
text: string
html_struct: string
template_hash: string
html_prefix_truncated: bool
struct_token_count: int64
dom_tag: list<element: string>
  child 0, element: string
dom_parent_idx: list<element: int64>
  child 0, element: int64
dom_depth: list<element: int64>
  child 0, element: int64
dom_attr_count: list<element: int64>
  child 0, element: int64
dom_child_count: list<element: int64>
  child 0, element: int64
dom_node_count: int64
dom_max_depth: int64
dom_truncated: bool
ssl_rank: int64
-- schema metadata --
pandas: '{""index_columns"": [], ""column_indexes"": [], ""columns"": [{""name"":' + 2617"
/kaggle/input/datasets/cristinakaufalt/finaldatafreeze/phreshphish_FINAL_DATA_FREEZE_v3/roles/ssl_pool_200k/part-00026.parquet,datasets/cristinakaufalt/finaldatafreeze/phreshphish_FINAL_DATA_FREEZE_v3/roles/ssl_pool_200k/part-00026.parquet,959,1,21,"sha256: string
url: string
date: date32[day]
target: string
lang: string
lang_score: double
domain: string
text: string
html_struct: string
template_hash: string
html_prefix_truncated: bool
struct_token_count: int64
dom_tag: list<element: string>
  child 0, element: string
dom_parent_idx: list<element: int64>
  child 0, element: int64
dom_depth: list<element: int64>
  child 0, element: int64
dom_attr_count: list<element: int64>
  child 0, element: int64
dom_child_count: list<element: int64>
  child 0, element: int64
dom_node_count: int64
dom_max_depth: int64
dom_truncated: bool
ssl_rank: int64
-- schema metadata --
pandas: '{""index_columns"": [], ""column_indexes"": [], ""columns"": [{""name"":' + 2617"
/kaggle/input/datasets/cristinakaufalt/finaldatafreeze/phreshphish_FINAL_DATA_FREEZE_v3/roles/ssl_pool_200k/part-00027.parquet,datasets/cristinakaufalt/finaldatafreeze/phreshphish_FINAL_DATA_FREEZE_v3/roles/ssl_pool_200k/part-00027.parquet,1008,1,21,"sha256: string
url: string
date: date32[day]
target: string
lang: string
lang_score: double
domain: string
text: string
html_struct: string
template_hash: string
html_prefix_truncated: bool
struct_token_count: int64
dom_tag: list<element: string>
  child 0, element: string
dom_parent_idx: list<element: int64>
  child 0, element: int64
dom_depth: list<element: int64>
  child 0, element: int64
dom_attr_count: list<element: int64>
  child 0, element: int64
dom_child_count: list<element: int64>
  child 0, element: int64
dom_node_count: int64
dom_max_depth: int64
dom_truncated: bool
ssl_rank: int64
-- schema metadata --
pandas: '{""index_columns"": [], ""column_indexes"": [], ""columns"": [{""name"":' + 2617"
/kaggle/input/datasets/cristinakaufalt/finaldatafreeze/phreshphish_FINAL_DATA_FREEZE_v3/roles/ssl_pool_200k/part-00028.parquet,datasets/cristinakaufalt/finaldatafreeze/phreshphish_FINAL_DATA_FREEZE_v3/roles/ssl_pool_200k/part-00028.parquet,458,1,21,"sha256: string
url: string
date: date32[day]
target: string
lang: string
lang_score: double
domain: string
text: string
html_struct: string
template_hash: string
html_prefix_truncated: bool
struct_token_count: int64
dom_tag: list<element: string>
  child 0, element: string
dom_parent_idx: list<element: int64>
  child 0, element: int64
dom_depth: list<element: int64>
  child 0, element: int64
dom_attr_count: list<element: int64>
  child 0, element: int64
dom_child_count: list<element: int64>
  child 0, element: int64
dom_node_count: int64
dom_max_depth: int64
dom_truncated: bool
ssl_rank: int64
-- schema metadata --
pandas: '{""index_columns"": [], ""column_indexes"": [], ""columns"": [{""name"":' + 2617"
/kaggle/input/datasets/cristinakaufalt/finaldatafreeze/phreshphish_FINAL_DATA_FREEZE_v3/roles/ssl_pool_200k/part-00029.parquet,datasets/cristinakaufalt/finaldatafreeze/phreshphish_FINAL_DATA_FREEZE_v3/roles/ssl_pool_200k/part-00029.parquet,980,1,21,"sha256: string
url: string
date: date32[day]
target: string
lang: string
lang_score: double
domain: string
text: string
html_struct: string
template_hash: string
html_prefix_truncated: bool
struct_token_count: int64
dom_tag: list<element: string>
  child 0, element: string
dom_parent_idx: list<element: int64>
  child 0, element: int64
dom_depth: list<element: int64>
  child 0, element: int64
dom_attr_count: list<element: int64>
  child 0, element: int64
dom_child_count: list<element: int64>
  child 0, element: int64
dom_node_count: int64
dom_max_depth: int64
dom_truncated: bool
ssl_rank: int64
-- schema metadata --
pandas: '{""index_columns"": [], ""column_indexes"": [], ""columns"": [{""name"":' + 2617"
/kaggle/input/datasets/cristinakaufalt/finaldatafreeze/phreshphish_FINAL_DATA_FREEZE_v3/roles/ssl_pool_200k/part-00030.parquet,datasets/cristinakaufalt/finaldatafreeze/phreshphish_FINAL_DATA_FREEZE_v3/roles/ssl_pool_200k/part-00030.parquet,963,1,21,"sha256: string
url: string
date: date32[day]
target: string
lang: string
lang_score: double
domain: string
text: string
html_struct: string
template_hash: string
html_prefix_truncated: bool
struct_token_count: int64
dom_tag: list<element: string>
  child 0, element: string
dom_parent_idx: list<element: int64>
  child 0, element: int64
dom_depth: list<element: int64>
  child 0, element: int64
dom_attr_count: list<element: int64>
  child 0, element: int64
dom_child_count: list<element: int64>
  child 0, element: int64
dom_node_count: int64
dom_max_depth: int64
dom_truncated: bool
ssl_rank: int64
-- schema metadata --
pandas: '{""index_columns"": [], ""column_indexes"": [], ""columns"": [{""name"":' + 2617"
/kaggle/input/datasets/cristinakaufalt/finaldatafreeze/phreshphish_FINAL_DATA_FREEZE_v3/roles/ssl_pool_200k/part-00031.parquet,datasets/cristinakaufalt/finaldatafreeze/phreshphish_FINAL_DATA_FREEZE_v3/roles/ssl_pool_200k/part-00031.parquet,1028,1,21,"sha256: string
url: string
date: date32[day]
target: string
lang: string
lang_score: double
domain: string
text: string
html_struct: string
template_hash: string
html_prefix_truncated: bool
struct_token_count: int64
dom_tag: list<element: string>
  child 0, element: string
dom_parent_idx: list<element: int64>
  child 0, element: int64
dom_depth: list<element: int64>
  child 0, element: int64
dom_attr_count: list<element: int64>
  child 0, element: int64
dom_child_count: list<element: int64>
  child 0, element: int64
dom_node_count: int64
dom_max_depth: int64
dom_truncated: bool
ssl_rank: int64
-- schema metadata --
pandas: '{""index_columns"": [], ""column_indexes"": [], ""columns"": [{""name"":' + 2617"
/kaggle/input/datasets/cristinakaufalt/finaldatafreeze/phreshphish_FINAL_DATA_FREEZE_v3/roles/ssl_pool_200k/part-00032.parquet,datasets/cristinakaufalt/finaldatafreeze/phreshphish_FINAL_DATA_FREEZE_v3/roles/ssl_pool_200k/part-00032.parquet,496,1,21,"sha256: string
url: string
date: date32[day]
target: string
lang: string
lang_score: double
domain: string
text: string
html_struct: string
template_hash: string
html_prefix_truncated: bool
struct_token_count: int64
dom_tag: list<element: string>
  child 0, element: string
dom_parent_idx: list<element: int64>
  child 0, element: int64
dom_depth: list<element: int64>
  child 0, element: int64
dom_attr_count: list<element: int64>
  child 0, element: int64
dom_child_count: list<element: int64>
  child 0, element: int64
dom_node_count: int64
dom_max_depth: int64
dom_truncated: bool
ssl_rank: int64
-- schema metadata --
pandas: '{""index_columns"": [], ""column_indexes"": [], ""columns"": [{""name"":' + 2617"
/kaggle/input/datasets/cristinakaufalt/finaldatafreeze/phreshphish_FINAL_DATA_FREEZE_v3/roles/ssl_pool_200k/part-00033.parquet,datasets/cristinakaufalt/finaldatafreeze/phreshphish_FINAL_DATA_FREEZE_v3/roles/ssl_pool_200k/part-00033.parquet,1004,1,21,"sha256: string
url: string
date: date32[day]
target: string
lang: string
lang_score: double
domain: string
text: string
html_struct: string
template_hash: string
html_prefix_truncated: bool
struct_token_count: int64
dom_tag: list<element: string>
  child 0, element: string
dom_parent_idx: list<element: int64>
  child 0, element: int64
dom_depth: list<element: int64>
  child 0, element: int64
dom_attr_count: list<element: int64>
  child 0, element: int64
dom_child_count: list<element: int64>
  child 0, element: int64
dom_node_count: int64
dom_max_depth: int64
dom_truncated: bool
ssl_rank: int64
-- schema metadata --
pandas: '{""index_columns"": [], ""column_indexes"": [], ""columns"": [{""name"":' + 2617"
/kaggle/input/datasets/cristinakaufalt/finaldatafreeze/phreshphish_FINAL_DATA_FREEZE_v3/roles/ssl_pool_200k/part-00034.parquet,datasets/cristinakaufalt/finaldatafreeze/phreshphish_FINAL_DATA_FREEZE_v3/roles/ssl_pool_200k/part-00034.parquet,1016,1,21,"sha256: string
url: string
date: date32[day]
target: string
lang: string
lang_score: double
domain: string
text: string
html_struct: string
template_hash: string
html_prefix_truncated: bool
struct_token_count: int64
dom_tag: list<element: string>
  child 0, element: string
dom_parent_idx: list<element: int64>
  child 0, element: int64
dom_depth: list<element: int64>
  child 0, element: int64
dom_attr_count: list<element: int64>
  child 0, element: int64
dom_child_count: list<element: int64>
  child 0, element: int64
dom_node_count: int64
dom_max_depth: int64
dom_truncated: bool
ssl_rank: int64
-- schema metadata --
pandas: '{""index_columns"": [], ""column_indexes"": [], ""columns"": [{""name"":' + 2617"
/kaggle/input/datasets/cristinakaufalt/finaldatafreeze/phreshphish_FINAL_DATA_FREEZE_v3/roles/ssl_pool_200k/part-00035.parquet,datasets/cristinakaufalt/finaldatafreeze/phreshphish_FINAL_DATA_FREEZE_v3/roles/ssl_pool_200k/part-00035.parquet,960,1,21,"sha256: string
url: string
date: date32[day]
target: string
lang: string
lang_score: double
domain: string
text: string
html_struct: string
template_hash: string
html_prefix_truncated: bool
struct_token_count: int64
dom_tag: list<element: string>
  child 0, element: string
dom_parent_idx: list<element: int64>
  child 0, element: int64
dom_depth: list<element: int64>
  child 0, element: int64
dom_attr_count: list<element: int64>
  child 0, element: int64
dom_child_count: list<element: int64>
  child 0, element: int64
dom_node_count: int64
dom_max_depth: int64
dom_truncated: bool
ssl_rank: int64
-- schema metadata --
pandas: '{""index_columns"": [], ""column_indexes"": [], ""columns"": [{""name"":' + 2617"
/kaggle/input/datasets/cristinakaufalt/finaldatafreeze/phreshphish_FINAL_DATA_FREEZE_v3/roles/ssl_pool_200k/part-00036.parquet,datasets/cristinakaufalt/finaldatafreeze/phreshphish_FINAL_DATA_FREEZE_v3/roles/ssl_pool_200k/part-00036.parquet,631,1,21,"sha256: string
url: string
date: date32[day]
target: string
lang: string
lang_score: double
domain: string
text: string
html_struct: string
template_hash: string
html_prefix_truncated: bool
struct_token_count: int64
dom_tag: list<element: string>
  child 0, element: string
dom_parent_idx: list<element: int64>
  child 0, element: int64
dom_depth: list<element: int64>
  child 0, element: int64
dom_attr_count: list<element: int64>
  child 0, element: int64
dom_child_count: list<element: int64>
  child 0, element: int64
dom_node_count: int64
dom_max_depth: int64
dom_truncated: bool
ssl_rank: int64
-- schema metadata --
pandas: '{""index_columns"": [], ""column_indexes"": [], ""columns"": [{""name"":' + 2617"
/kaggle/input/datasets/cristinakaufalt/finaldatafreeze/phreshphish_FINAL_DATA_FREEZE_v3/roles/ssl_pool_200k/part-00037.parquet,datasets/cristinakaufalt/finaldatafreeze/phreshphish_FINAL_DATA_FREEZE_v3/roles/ssl_pool_200k/part-00037.parquet,1010,1,21,"sha256: string
url: string
date: date32[day]
target: string
lang: string
lang_score: double
domain: string
text: string
html_struct: string
template_hash: string
html_prefix_truncated: bool
struct_token_count: int64
dom_tag: list<element: string>
  child 0, element: string
dom_parent_idx: list<element: int64>
  child 0, element: int64
dom_depth: list<element: int64>
  child 0, element: int64
dom_attr_count: list<element: int64>
  child 0, element: int64
dom_child_count: list<element: int64>
  child 0, element: int64
dom_node_count: int64
dom_max_depth: int64
dom_truncated: bool
ssl_rank: int64
-- schema metadata --
pandas: '{""index_columns"": [], ""column_indexes"": [], ""columns"": [{""name"":' + 2617"
/kaggle/input/datasets/cristinakaufalt/finaldatafreeze/phreshphish_FINAL_DATA_FREEZE_v3/roles/ssl_pool_200k/part-00038.parquet,datasets/cristinakaufalt/finaldatafreeze/phreshphish_FINAL_DATA_FREEZE_v3/roles/ssl_pool_200k/part-00038.parquet,978,1,21,"sha256: string
url: string
date: date32[day]
target: string
lang: string
lang_score: double
domain: string
text: string
html_struct: string
template_hash: string
html_prefix_truncated: bool
struct_token_count: int64
dom_tag: list<element: string>
  child 0, element: string
dom_parent_idx: list<element: int64>
  child 0, element: int64
dom_depth: list<element: int64>
  child 0, element: int64
dom_attr_count: list<element: int64>
  child 0, element: int64
dom_child_count: list<element: int64>
  child 0, element: int64
dom_node_count: int64
dom_max_depth: int64
dom_truncated: bool
ssl_rank: int64
-- schema metadata --
pandas: '{""index_columns"": [], ""column_indexes"": [], ""columns"": [{""name"":' + 2617"
/kaggle/input/datasets/cristinakaufalt/finaldatafreeze/phreshphish_FINAL_DATA_FREEZE_v3/roles/ssl_pool_200k/part-00039.parquet,datasets/cristinakaufalt/finaldatafreeze/phreshphish_FINAL_DATA_FREEZE_v3/roles/ssl_pool_200k/part-00039.parquet,976,1,21,"sha256: string
url: string
date: date32[day]
target: string
lang: string
lang_score: double
domain: string
text: string
html_struct: string
template_hash: string
html_prefix_truncated: bool
struct_token_count: int64
dom_tag: list<element: string>
  child 0, element: string
dom_parent_idx: list<element: int64>
  child 0, element: int64
dom_depth: list<element: int64>
  child 0, element: int64
dom_attr_count: list<element: int64>
  child 0, element: int64
dom_child_count: list<element: int64>
  child 0, element: int64
dom_node_count: int64
dom_max_depth: int64
dom_truncated: bool
ssl_rank: int64
-- schema metadata --
pandas: '{""index_columns"": [], ""column_indexes"": [], ""columns"": [{""name"":' + 2617"
/kaggle/input/datasets/cristinakaufalt/finaldatafreeze/phreshphish_FINAL_DATA_FREEZE_v3/roles/ssl_pool_200k/part-00040.parquet,datasets/cristinakaufalt/finaldatafreeze/phreshphish_FINAL_DATA_FREEZE_v3/roles/ssl_pool_200k/part-00040.parquet,656,1,21,"sha256: string
url: string
date: date32[day]
target: string
lang: string
lang_score: double
domain: string
text: string
html_struct: string
template_hash: string
html_prefix_truncated: bool
struct_token_count: int64
dom_tag: list<element: string>
  child 0, element: string
dom_parent_idx: list<element: int64>
  child 0, element: int64
dom_depth: list<element: int64>
  child 0, element: int64
dom_attr_count: list<element: int64>
  child 0, element: int64
dom_child_count: list<element: int64>
  child 0, element: int64
dom_node_count: int64
dom_max_depth: int64
dom_truncated: bool
ssl_rank: int64
-- schema metadata --
pandas: '{""index_columns"": [], ""column_indexes"": [], ""columns"": [{""name"":' + 2617"
/kaggle/input/datasets/cristinakaufalt/finaldatafreeze/phreshphish_FINAL_DATA_FREEZE_v3/roles/ssl_pool_200k/part-00041.parquet,datasets/cristinakaufalt/finaldatafreeze/phreshphish_FINAL_DATA_FREEZE_v3/roles/ssl_pool_200k/part-00041.parquet,961,1,21,"sha256: string
url: string
date: date32[day]
target: string
lang: string
lang_score: double
domain: string
text: string
html_struct: string
template_hash: string
html_prefix_truncated: bool
struct_token_count: int64
dom_tag: list<element: string>
  child 0, element: string
dom_parent_idx: list<element: int64>
  child 0, element: int64
dom_depth: list<element: int64>
  child 0, element: int64
dom_attr_count: list<element: int64>
  child 0, element: int64
dom_child_count: list<element: int64>
  child 0, element: int64
dom_node_count: int64
dom_max_depth: int64
dom_truncated: bool
ssl_rank: int64
-- schema metadata --
pandas: '{""index_columns"": [], ""column_indexes"": [], ""columns"": [{""name"":' + 2617"
/kaggle/input/datasets/cristinakaufalt/finaldatafreeze/phreshphish_FINAL_DATA_FREEZE_v3/roles/ssl_pool_200k/part-00042.parquet,datasets/cristinakaufalt/finaldatafreeze/phreshphish_FINAL_DATA_FREEZE_v3/roles/ssl_pool_200k/part-00042.parquet,1017,1,21,"sha256: string
url: string
date: date32[day]
target: string
lang: string
lang_score: double
domain: string
text: string
html_struct: string
template_hash: string
html_prefix_truncated: bool
struct_token_count: int64
dom_tag: list<element: string>
  child 0, element: string
dom_parent_idx: list<element: int64>
  child 0, element: int64
dom_depth: list<element: int64>
  child 0, element: int64
dom_attr_count: list<element: int64>
  child 0, element: int64
dom_child_count: list<element: int64>
  child 0, element: int64
dom_node_count: int64
dom_max_depth: int64
dom_truncated: bool
ssl_rank: int64
-- schema metadata --
pandas: '{""index_columns"": [], ""column_indexes"": [], ""columns"": [{""name"":' + 2617"
/kaggle/input/datasets/cristinakaufalt/finaldatafreeze/phreshphish_FINAL_DATA_FREEZE_v3/roles/ssl_pool_200k/part-00043.parquet,datasets/cristinakaufalt/finaldatafreeze/phreshphish_FINAL_DATA_FREEZE_v3/roles/ssl_pool_200k/part-00043.parquet,946,1,21,"sha256: string
url: string
date: date32[day]
target: string
lang: string
lang_score: double
domain: string
text: string
html_struct: string
template_hash: string
html_prefix_truncated: bool
struct_token_count: int64
dom_tag: list<element: string>
  child 0, element: string
dom_parent_idx: list<element: int64>
  child 0, element: int64
dom_depth: list<element: int64>
  child 0, element: int64
dom_attr_count: list<element: int64>
  child 0, element: int64
dom_child_count: list<element: int64>
  child 0, element: int64
dom_node_count: int64
dom_max_depth: int64
dom_truncated: bool
ssl_rank: int64
-- schema metadata --
pandas: '{""index_columns"": [], ""column_indexes"": [], ""columns"": [{""name"":' + 2617"
/kaggle/input/datasets/cristinakaufalt/finaldatafreeze/phreshphish_FINAL_DATA_FREEZE_v3/roles/ssl_pool_200k/part-00044.parquet,datasets/cristinakaufalt/finaldatafreeze/phreshphish_FINAL_DATA_FREEZE_v3/roles/ssl_pool_200k/part-00044.parquet,718,1,21,"sha256: string
url: string
date: date32[day]
target: string
lang: string
lang_score: double
domain: string
text: string
html_struct: string
template_hash: string
html_prefix_truncated: bool
struct_token_count: int64
dom_tag: list<element: string>
  child 0, element: string
dom_parent_idx: list<element: int64>
  child 0, element: int64
dom_depth: list<element: int64>
  child 0, element: int64
dom_attr_count: list<element: int64>
  child 0, element: int64
dom_child_count: list<element: int64>
  child 0, element: int64
dom_node_count: int64
dom_max_depth: int64
dom_truncated: bool
ssl_rank: int64
-- schema metadata --
pandas: '{""index_columns"": [], ""column_indexes"": [], ""columns"": [{""name"":' + 2617"
/kaggle/input/datasets/cristinakaufalt/finaldatafreeze/phreshphish_FINAL_DATA_FREEZE_v3/roles/ssl_pool_200k/part-00045.parquet,datasets/cristinakaufalt/finaldatafreeze/phreshphish_FINAL_DATA_FREEZE_v3/roles/ssl_pool_200k/part-00045.parquet,953,1,21,"sha256: string
url: string
date: date32[day]
target: string
lang: string
lang_score: double
domain: string
text: string
html_struct: string
template_hash: string
html_prefix_truncated: bool
struct_token_count: int64
dom_tag: list<element: string>
  child 0, element: string
dom_parent_idx: list<element: int64>
  child 0, element: int64
dom_depth: list<element: int64>
  child 0, element: int64
dom_attr_count: list<element: int64>
  child 0, element: int64
dom_child_count: list<element: int64>
  child 0, element: int64
dom_node_count: int64
dom_max_depth: int64
dom_truncated: bool
ssl_rank: int64
-- schema metadata --
pandas: '{""index_columns"": [], ""column_indexes"": [], ""columns"": [{""name"":' + 2617"
/kaggle/input/datasets/cristinakaufalt/finaldatafreeze/phreshphish_FINAL_DATA_FREEZE_v3/roles/ssl_pool_200k/part-00046.parquet,datasets/cristinakaufalt/finaldatafreeze/phreshphish_FINAL_DATA_FREEZE_v3/roles/ssl_pool_200k/part-00046.parquet,980,1,21,"sha256: string
url: string
date: date32[day]
target: string
lang: string
lang_score: double
domain: string
text: string
html_struct: string
template_hash: string
html_prefix_truncated: bool
struct_token_count: int64
dom_tag: list<element: string>
  child 0, element: string
dom_parent_idx: list<element: int64>
  child 0, element: int64
dom_depth: list<element: int64>
  child 0, element: int64
dom_attr_count: list<element: int64>
  child 0, element: int64
dom_child_count: list<element: int64>
  child 0, element: int64
dom_node_count: int64
dom_max_depth: int64
dom_truncated: bool
ssl_rank: int64
-- schema metadata --
pandas: '{""index_columns"": [], ""column_indexes"": [], ""columns"": [{""name"":' + 2617"
/kaggle/input/datasets/cristinakaufalt/finaldatafreeze/phreshphish_FINAL_DATA_FREEZE_v3/roles/ssl_pool_200k/part-00047.parquet,datasets/cristinakaufalt/finaldatafreeze/phreshphish_FINAL_DATA_FREEZE_v3/roles/ssl_pool_200k/part-00047.parquet,981,1,21,"sha256: string
url: string
date: date32[day]
target: string
lang: string
lang_score: double
domain: string
text: string
html_struct: string
template_hash: string
html_prefix_truncated: bool
struct_token_count: int64
dom_tag: list<element: string>
  child 0, element: string
dom_parent_idx: list<element: int64>
  child 0, element: int64
dom_depth: list<element: int64>
  child 0, element: int64
dom_attr_count: list<element: int64>
  child 0, element: int64
dom_child_count: list<element: int64>
  child 0, element: int64
dom_node_count: int64
dom_max_depth: int64
dom_truncated: bool
ssl_rank: int64
-- schema metadata --
pandas: '{""index_columns"": [], ""column_indexes"": [], ""columns"": [{""name"":' + 2617"
/kaggle/input/datasets/cristinakaufalt/finaldatafreeze/phreshphish_FINAL_DATA_FREEZE_v3/roles/ssl_pool_200k/part-00048.parquet,datasets/cristinakaufalt/finaldatafreeze/phreshphish_FINAL_DATA_FREEZE_v3/roles/ssl_pool_200k/part-00048.parquet,647,1,21,"sha256: string
url: string
date: date32[day]
target: string
lang: string
lang_score: double
domain: string
text: string
html_struct: string
template_hash: string
html_prefix_truncated: bool
struct_token_count: int64
dom_tag: list<element: string>
  child 0, element: string
dom_parent_idx: list<element: int64>
  child 0, element: int64
dom_depth: list<element: int64>
  child 0, element: int64
dom_attr_count: list<element: int64>
  child 0, element: int64
dom_child_count: list<element: int64>
  child 0, element: int64
dom_node_count: int64
dom_max_depth: int64
dom_truncated: bool
ssl_rank: int64
-- schema metadata --
pandas: '{""index_columns"": [], ""column_indexes"": [], ""columns"": [{""name"":' + 2617"
/kaggle/input/datasets/cristinakaufalt/finaldatafreeze/phreshphish_FINAL_DATA_FREEZE_v3/roles/ssl_pool_200k/part-00049.parquet,datasets/cristinakaufalt/finaldatafreeze/phreshphish_FINAL_DATA_FREEZE_v3/roles/ssl_pool_200k/part-00049.parquet,962,1,21,"sha256: string
url: string
date: date32[day]
target: string
lang: string
lang_score: double
domain: string
text: string
html_struct: string
template_hash: string
html_prefix_truncated: bool
struct_token_count: int64
dom_tag: list<element: string>
  child 0, element: string
dom_parent_idx: list<element: int64>
  child 0, element: int64
dom_depth: list<element: int64>
  child 0, element: int64
dom_attr_count: list<element: int64>
  child 0, element: int64
dom_child_count: list<element: int64>
  child 0, element: int64
dom_node_count: int64
dom_max_depth: int64
dom_truncated: bool
ssl_rank: int64
-- schema metadata --
pandas: '{""index_columns"": [], ""column_indexes"": [], ""columns"": [{""name"":' + 2617"
/kaggle/input/datasets/cristinakaufalt/finaldatafreeze/phreshphish_FINAL_DATA_FREEZE_v3/roles/ssl_pool_200k/part-00050.parquet,datasets/cristinakaufalt/finaldatafreeze/phreshphish_FINAL_DATA_FREEZE_v3/roles/ssl_pool_200k/part-00050.parquet,1025,1,21,"sha256: string
url: string
date: date32[day]
target: string
lang: string
lang_score: double
domain: string
text: string
html_struct: string
template_hash: string
html_prefix_truncated: bool
struct_token_count: int64
dom_tag: list<element: string>
  child 0, element: string
dom_parent_idx: list<element: int64>
  child 0, element: int64
dom_depth: list<element: int64>
  child 0, element: int64
dom_attr_count: list<element: int64>
  child 0, element: int64
dom_child_count: list<element: int64>
  child 0, element: int64
dom_node_count: int64
dom_max_depth: int64
dom_truncated: bool
ssl_rank: int64
-- schema metadata --
pandas: '{""index_columns"": [], ""column_indexes"": [], ""columns"": [{""name"":' + 2617"
/kaggle/input/datasets/cristinakaufalt/finaldatafreeze/phreshphish_FINAL_DATA_FREEZE_v3/roles/ssl_pool_200k/part-00051.parquet,datasets/cristinakaufalt/finaldatafreeze/phreshphish_FINAL_DATA_FREEZE_v3/roles/ssl_pool_200k/part-00051.parquet,976,1,21,"sha256: string
url: string
date: date32[day]
target: string
lang: string
lang_score: double
domain: string
text: string
html_struct: string
template_hash: string
html_prefix_truncated: bool
struct_token_count: int64
dom_tag: list<element: string>
  child 0, element: string
dom_parent_idx: list<element: int64>
  child 0, element: int64
dom_depth: list<element: int64>
  child 0, element: int64
dom_attr_count: list<element: int64>
  child 0, element: int64
dom_child_count: list<element: int64>
  child 0, element: int64
dom_node_count: int64
dom_max_depth: int64
dom_truncated: bool
ssl_rank: int64
-- schema metadata --
pandas: '{""index_columns"": [], ""column_indexes"": [], ""columns"": [{""name"":' + 2617"
/kaggle/input/datasets/cristinakaufalt/finaldatafreeze/phreshphish_FINAL_DATA_FREEZE_v3/roles/ssl_pool_200k/part-00052.parquet,datasets/cristinakaufalt/finaldatafreeze/phreshphish_FINAL_DATA_FREEZE_v3/roles/ssl_pool_200k/part-00052.parquet,720,1,21,"sha256: string
url: string
date: date32[day]
target: string
lang: string
lang_score: double
domain: string
text: string
html_struct: string
template_hash: string
html_prefix_truncated: bool
struct_token_count: int64
dom_tag: list<element: string>
  child 0, element: string
dom_parent_idx: list<element: int64>
  child 0, element: int64
dom_depth: list<element: int64>
  child 0, element: int64
dom_attr_count: list<element: int64>
  child 0, element: int64
dom_child_count: list<element: int64>
  child 0, element: int64
dom_node_count: int64
dom_max_depth: int64
dom_truncated: bool
ssl_rank: int64
-- schema metadata --
pandas: '{""index_columns"": [], ""column_indexes"": [], ""columns"": [{""name"":' + 2617"
/kaggle/input/datasets/cristinakaufalt/finaldatafreeze/phreshphish_FINAL_DATA_FREEZE_v3/roles/ssl_pool_200k/part-00053.parquet,datasets/cristinakaufalt/finaldatafreeze/phreshphish_FINAL_DATA_FREEZE_v3/roles/ssl_pool_200k/part-00053.parquet,975,1,21,"sha256: string
url: string
date: date32[day]
target: string
lang: string
lang_score: double
domain: string
text: string
html_struct: string
template_hash: string
html_prefix_truncated: bool
struct_token_count: int64
dom_tag: list<element: string>
  child 0, element: string
dom_parent_idx: list<element: int64>
  child 0, element: int64
dom_depth: list<element: int64>
  child 0, element: int64
dom_attr_count: list<element: int64>
  child 0, element: int64
dom_child_count: list<element: int64>
  child 0, element: int64
dom_node_count: int64
dom_max_depth: int64
dom_truncated: bool
ssl_rank: int64
-- schema metadata --
pandas: '{""index_columns"": [], ""column_indexes"": [], ""columns"": [{""name"":' + 2617"
/kaggle/input/datasets/cristinakaufalt/finaldatafreeze/phreshphish_FINAL_DATA_FREEZE_v3/roles/ssl_pool_200k/part-00054.parquet,datasets/cristinakaufalt/finaldatafreeze/phreshphish_FINAL_DATA_FREEZE_v3/roles/ssl_pool_200k/part-00054.parquet,974,1,21,"sha256: string
url: string
date: date32[day]
target: string
lang: string
lang_score: double
domain: string
text: string
html_struct: string
template_hash: string
html_prefix_truncated: bool
struct_token_count: int64
dom_tag: list<element: string>
  child 0, element: string
dom_parent_idx: list<element: int64>
  child 0, element: int64
dom_depth: list<element: int64>
  child 0, element: int64
dom_attr_count: list<element: int64>
  child 0, element: int64
dom_child_count: list<element: int64>
  child 0, element: int64
dom_node_count: int64
dom_max_depth: int64
dom_truncated: bool
ssl_rank: int64
-- schema metadata --
pandas: '{""index_columns"": [], ""column_indexes"": [], ""columns"": [{""name"":' + 2617"
/kaggle/input/datasets/cristinakaufalt/finaldatafreeze/phreshphish_FINAL_DATA_FREEZE_v3/roles/ssl_pool_200k/part-00055.parquet,datasets/cristinakaufalt/finaldatafreeze/phreshphish_FINAL_DATA_FREEZE_v3/roles/ssl_pool_200k/part-00055.parquet,997,1,21,"sha256: string
url: string
date: date32[day]
target: string
lang: string
lang_score: double
domain: string
text: string
html_struct: string
template_hash: string
html_prefix_truncated: bool
struct_token_count: int64
dom_tag: list<element: string>
  child 0, element: string
dom_parent_idx: list<element: int64>
  child 0, element: int64
dom_depth: list<element: int64>
  child 0, element: int64
dom_attr_count: list<element: int64>
  child 0, element: int64
dom_child_count: list<element: int64>
  child 0, element: int64
dom_node_count: int64
dom_max_depth: int64
dom_truncated: bool
ssl_rank: int64
-- schema metadata --
pandas: '{""index_columns"": [], ""column_indexes"": [], ""columns"": [{""name"":' + 2617"
/kaggle/input/datasets/cristinakaufalt/finaldatafreeze/phreshphish_FINAL_DATA_FREEZE_v3/roles/ssl_pool_200k/part-00056.parquet,datasets/cristinakaufalt/finaldatafreeze/phreshphish_FINAL_DATA_FREEZE_v3/roles/ssl_pool_200k/part-00056.parquet,651,1,21,"sha256: string
url: string
date: date32[day]
target: string
lang: string
lang_score: double
domain: string
text: string
html_struct: string
template_hash: string
html_prefix_truncated: bool
struct_token_count: int64
dom_tag: list<element: string>
  child 0, element: string
dom_parent_idx: list<element: int64>
  child 0, element: int64
dom_depth: list<element: int64>
  child 0, element: int64
dom_attr_count: list<element: int64>
  child 0, element: int64
dom_child_count: list<element: int64>
  child 0, element: int64
dom_node_count: int64
dom_max_depth: int64
dom_truncated: bool
ssl_rank: int64
-- schema metadata --
pandas: '{""index_columns"": [], ""column_indexes"": [], ""columns"": [{""name"":' + 2617"
/kaggle/input/datasets/cristinakaufalt/finaldatafreeze/phreshphish_FINAL_DATA_FREEZE_v3/roles/ssl_pool_200k/part-00057.parquet,datasets/cristinakaufalt/finaldatafreeze/phreshphish_FINAL_DATA_FREEZE_v3/roles/ssl_pool_200k/part-00057.parquet,1007,1,21,"sha256: string
url: string
date: date32[day]
target: string
lang: string
lang_score: double
domain: string
text: string
html_struct: string
template_hash: string
html_prefix_truncated: bool
struct_token_count: int64
dom_tag: list<element: string>
  child 0, element: string
dom_parent_idx: list<element: int64>
  child 0, element: int64
dom_depth: list<element: int64>
  child 0, element: int64
dom_attr_count: list<element: int64>
  child 0, element: int64
dom_child_count: list<element: int64>
  child 0, element: int64
dom_node_count: int64
dom_max_depth: int64
dom_truncated: bool
ssl_rank: int64
-- schema metadata --
pandas: '{""index_columns"": [], ""column_indexes"": [], ""columns"": [{""name"":' + 2617"
/kaggle/input/datasets/cristinakaufalt/finaldatafreeze/phreshphish_FINAL_DATA_FREEZE_v3/roles/ssl_pool_200k/part-00058.parquet,datasets/cristinakaufalt/finaldatafreeze/phreshphish_FINAL_DATA_FREEZE_v3/roles/ssl_pool_200k/part-00058.parquet,930,1,21,"sha256: string
url: string
date: date32[day]
target: string
lang: string
lang_score: double
domain: string
text: string
html_struct: string
template_hash: string
html_prefix_truncated: bool
struct_token_count: int64
dom_tag: list<element: string>
  child 0, element: string
dom_parent_idx: list<element: int64>
  child 0, element: int64
dom_depth: list<element: int64>
  child 0, element: int64
dom_attr_count: list<element: int64>
  child 0, element: int64
dom_child_count: list<element: int64>
  child 0, element: int64
dom_node_count: int64
dom_max_depth: int64
dom_truncated: bool
ssl_rank: int64
-- schema metadata --
pandas: '{""index_columns"": [], ""column_indexes"": [], ""columns"": [{""name"":' + 2617"
/kaggle/input/datasets/cristinakaufalt/finaldatafreeze/phreshphish_FINAL_DATA_FREEZE_v3/roles/ssl_pool_200k/part-00059.parquet,datasets/cristinakaufalt/finaldatafreeze/phreshphish_FINAL_DATA_FREEZE_v3/roles/ssl_pool_200k/part-00059.parquet,983,1,21,"sha256: string
url: string
date: date32[day]
target: string
lang: string
lang_score: double
domain: string
text: string
html_struct: string
template_hash: string
html_prefix_truncated: bool
struct_token_count: int64
dom_tag: list<element: string>
  child 0, element: string
dom_parent_idx: list<element: int64>
  child 0, element: int64
dom_depth: list<element: int64>
  child 0, element: int64
dom_attr_count: list<element: int64>
  child 0, element: int64
dom_child_count: list<element: int64>
  child 0, element: int64
dom_node_count: int64
dom_max_depth: int64
dom_truncated: bool
ssl_rank: int64
-- schema metadata --
pandas: '{""index_columns"": [], ""column_indexes"": [], ""columns"": [{""name"":' + 2617"
/kaggle/input/datasets/cristinakaufalt/finaldatafreeze/phreshphish_FINAL_DATA_FREEZE_v3/roles/ssl_pool_200k/part-00060.parquet,datasets/cristinakaufalt/finaldatafreeze/phreshphish_FINAL_DATA_FREEZE_v3/roles/ssl_pool_200k/part-00060.parquet,714,1,21,"sha256: string
url: string
date: date32[day]
target: string
lang: string
lang_score: double
domain: string
text: string
html_struct: string
template_hash: string
html_prefix_truncated: bool
struct_token_count: int64
dom_tag: list<element: string>
  child 0, element: string
dom_parent_idx: list<element: int64>
  child 0, element: int64
dom_depth: list<element: int64>
  child 0, element: int64
dom_attr_count: list<element: int64>
  child 0, element: int64
dom_child_count: list<element: int64>
  child 0, element: int64
dom_node_count: int64
dom_max_depth: int64
dom_truncated: bool
ssl_rank: int64
-- schema metadata --
pandas: '{""index_columns"": [], ""column_indexes"": [], ""columns"": [{""name"":' + 2617"
/kaggle/input/datasets/cristinakaufalt/finaldatafreeze/phreshphish_FINAL_DATA_FREEZE_v3/roles/ssl_pool_200k/part-00061.parquet,datasets/cristinakaufalt/finaldatafreeze/phreshphish_FINAL_DATA_FREEZE_v3/roles/ssl_pool_200k/part-00061.parquet,987,1,21,"sha256: string
url: string
date: date32[day]
target: string
lang: string
lang_score: double
domain: string
text: string
html_struct: string
template_hash: string
html_prefix_truncated: bool
struct_token_count: int64
dom_tag: list<element: string>
  child 0, element: string
dom_parent_idx: list<element: int64>
  child 0, element: int64
dom_depth: list<element: int64>
  child 0, element: int64
dom_attr_count: list<element: int64>
  child 0, element: int64
dom_child_count: list<element: int64>
  child 0, element: int64
dom_node_count: int64
dom_max_depth: int64
dom_truncated: bool
ssl_rank: int64
-- schema metadata --
pandas: '{""index_columns"": [], ""column_indexes"": [], ""columns"": [{""name"":' + 2617"
/kaggle/input/datasets/cristinakaufalt/finaldatafreeze/phreshphish_FINAL_DATA_FREEZE_v3/roles/ssl_pool_200k/part-00062.parquet,datasets/cristinakaufalt/finaldatafreeze/phreshphish_FINAL_DATA_FREEZE_v3/roles/ssl_pool_200k/part-00062.parquet,988,1,21,"sha256: string
url: string
date: date32[day]
target: string
lang: string
lang_score: double
domain: string
text: string
html_struct: string
template_hash: string
html_prefix_truncated: bool
struct_token_count: int64
dom_tag: list<element: string>
  child 0, element: string
dom_parent_idx: list<element: int64>
  child 0, element: int64
dom_depth: list<element: int64>
  child 0, element: int64
dom_attr_count: list<element: int64>
  child 0, element: int64
dom_child_count: list<element: int64>
  child 0, element: int64
dom_node_count: int64
dom_max_depth: int64
dom_truncated: bool
ssl_rank: int64
-- schema metadata --
pandas: '{""index_columns"": [], ""column_indexes"": [], ""columns"": [{""name"":' + 2617"
/kaggle/input/datasets/cristinakaufalt/finaldatafreeze/phreshphish_FINAL_DATA_FREEZE_v3/roles/ssl_pool_200k/part-00063.parquet,datasets/cristinakaufalt/finaldatafreeze/phreshphish_FINAL_DATA_FREEZE_v3/roles/ssl_pool_200k/part-00063.parquet,989,1,21,"sha256: string
url: string
date: date32[day]
target: string
lang: string
lang_score: double
domain: string
text: string
html_struct: string
template_hash: string
html_prefix_truncated: bool
struct_token_count: int64
dom_tag: list<element: string>
  child 0, element: string
dom_parent_idx: list<element: int64>
  child 0, element: int64
dom_depth: list<element: int64>
  child 0, element: int64
dom_attr_count: list<element: int64>
  child 0, element: int64
dom_child_count: list<element: int64>
  child 0, element: int64
dom_node_count: int64
dom_max_depth: int64
dom_truncated: bool
ssl_rank: int64
-- schema metadata --
pandas: '{""index_columns"": [], ""column_indexes"": [], ""columns"": [{""name"":' + 2617"
/kaggle/input/datasets/cristinakaufalt/finaldatafreeze/phreshphish_FINAL_DATA_FREEZE_v3/roles/ssl_pool_200k/part-00064.parquet,datasets/cristinakaufalt/finaldatafreeze/phreshphish_FINAL_DATA_FREEZE_v3/roles/ssl_pool_200k/part-00064.parquet,767,1,21,"sha256: string
url: string
date: date32[day]
target: string
lang: string
lang_score: double
domain: string
text: string
html_struct: string
template_hash: string
html_prefix_truncated: bool
struct_token_count: int64
dom_tag: list<element: string>
  child 0, element: string
dom_parent_idx: list<element: int64>
  child 0, element: int64
dom_depth: list<element: int64>
  child 0, element: int64
dom_attr_count: list<element: int64>
  child 0, element: int64
dom_child_count: list<element: int64>
  child 0, element: int64
dom_node_count: int64
dom_max_depth: int64
dom_truncated: bool
ssl_rank: int64
-- schema metadata --
pandas: '{""index_columns"": [], ""column_indexes"": [], ""columns"": [{""name"":' + 2617"
/kaggle/input/datasets/cristinakaufalt/finaldatafreeze/phreshphish_FINAL_DATA_FREEZE_v3/roles/ssl_pool_200k/part-00065.parquet,datasets/cristinakaufalt/finaldatafreeze/phreshphish_FINAL_DATA_FREEZE_v3/roles/ssl_pool_200k/part-00065.parquet,998,1,21,"sha256: string
url: string
date: date32[day]
target: string
lang: string
lang_score: double
domain: string
text: string
html_struct: string
template_hash: string
html_prefix_truncated: bool
struct_token_count: int64
dom_tag: list<element: string>
  child 0, element: string
dom_parent_idx: list<element: int64>
  child 0, element: int64
dom_depth: list<element: int64>
  child 0, element: int64
dom_attr_count: list<element: int64>
  child 0, element: int64
dom_child_count: list<element: int64>
  child 0, element: int64
dom_node_count: int64
dom_max_depth: int64
dom_truncated: bool
ssl_rank: int64
-- schema metadata --
pandas: '{""index_columns"": [], ""column_indexes"": [], ""columns"": [{""name"":' + 2617"
/kaggle/input/datasets/cristinakaufalt/finaldatafreeze/phreshphish_FINAL_DATA_FREEZE_v3/roles/ssl_pool_200k/part-00066.parquet,datasets/cristinakaufalt/finaldatafreeze/phreshphish_FINAL_DATA_FREEZE_v3/roles/ssl_pool_200k/part-00066.parquet,1001,1,21,"sha256: string
url: string
date: date32[day]
target: string
lang: string
lang_score: double
domain: string
text: string
html_struct: string
template_hash: string
html_prefix_truncated: bool
struct_token_count: int64
dom_tag: list<element: string>
  child 0, element: string
dom_parent_idx: list<element: int64>
  child 0, element: int64
dom_depth: list<element: int64>
  child 0, element: int64
dom_attr_count: list<element: int64>
  child 0, element: int64
dom_child_count: list<element: int64>
  child 0, element: int64
dom_node_count: int64
dom_max_depth: int64
dom_truncated: bool
ssl_rank: int64
-- schema metadata --
pandas: '{""index_columns"": [], ""column_indexes"": [], ""columns"": [{""name"":' + 2617"
/kaggle/input/datasets/cristinakaufalt/finaldatafreeze/phreshphish_FINAL_DATA_FREEZE_v3/roles/ssl_pool_200k/part-00067.parquet,datasets/cristinakaufalt/finaldatafreeze/phreshphish_FINAL_DATA_FREEZE_v3/roles/ssl_pool_200k/part-00067.parquet,993,1,21,"sha256: string
url: string
date: date32[day]
target: string
lang: string
lang_score: double
domain: string
text: string
html_struct: string
template_hash: string
html_prefix_truncated: bool
struct_token_count: int64
dom_tag: list<element: string>
  child 0, element: string
dom_parent_idx: list<element: int64>
  child 0, element: int64
dom_depth: list<element: int64>
  child 0, element: int64
dom_attr_count: list<element: int64>
  child 0, element: int64
dom_child_count: list<element: int64>
  child 0, element: int64
dom_node_count: int64
dom_max_depth: int64
dom_truncated: bool
ssl_rank: int64
-- schema metadata --
pandas: '{""index_columns"": [], ""column_indexes"": [], ""columns"": [{""name"":' + 2617"
/kaggle/input/datasets/cristinakaufalt/finaldatafreeze/phreshphish_FINAL_DATA_FREEZE_v3/roles/ssl_pool_200k/part-00068.parquet,datasets/cristinakaufalt/finaldatafreeze/phreshphish_FINAL_DATA_FREEZE_v3/roles/ssl_pool_200k/part-00068.parquet,756,1,21,"sha256: string
url: string
date: date32[day]
target: string
lang: string
lang_score: double
domain: string
text: string
html_struct: string
template_hash: string
html_prefix_truncated: bool
struct_token_count: int64
dom_tag: list<element: string>
  child 0, element: string
dom_parent_idx: list<element: int64>
  child 0, element: int64
dom_depth: list<element: int64>
  child 0, element: int64
dom_attr_count: list<element: int64>
  child 0, element: int64
dom_child_count: list<element: int64>
  child 0, element: int64
dom_node_count: int64
dom_max_depth: int64
dom_truncated: bool
ssl_rank: int64
-- schema metadata --
pandas: '{""index_columns"": [], ""column_indexes"": [], ""columns"": [{""name"":' + 2617"
/kaggle/input/datasets/cristinakaufalt/finaldatafreeze/phreshphish_FINAL_DATA_FREEZE_v3/roles/ssl_pool_200k/part-00069.parquet,datasets/cristinakaufalt/finaldatafreeze/phreshphish_FINAL_DATA_FREEZE_v3/roles/ssl_pool_200k/part-00069.parquet,1037,1,21,"sha256: string
url: string
date: date32[day]
target: string
lang: string
lang_score: double
domain: string
text: string
html_struct: string
template_hash: string
html_prefix_truncated: bool
struct_token_count: int64
dom_tag: list<element: string>
  child 0, element: string
dom_parent_idx: list<element: int64>
  child 0, element: int64
dom_depth: list<element: int64>
  child 0, element: int64
dom_attr_count: list<element: int64>
  child 0, element: int64
dom_child_count: list<element: int64>
  child 0, element: int64
dom_node_count: int64
dom_max_depth: int64
dom_truncated: bool
ssl_rank: int64
-- schema metadata --
pandas: '{""index_columns"": [], ""column_indexes"": [], ""columns"": [{""name"":' + 2617"
/kaggle/input/datasets/cristinakaufalt/finaldatafreeze/phreshphish_FINAL_DATA_FREEZE_v3/roles/ssl_pool_200k/part-00070.parquet,datasets/cristinakaufalt/finaldatafreeze/phreshphish_FINAL_DATA_FREEZE_v3/roles/ssl_pool_200k/part-00070.parquet,947,1,21,"sha256: string
url: string
date: date32[day]
target: string
lang: string
lang_score: double
domain: string
text: string
html_struct: string
template_hash: string
html_prefix_truncated: bool
struct_token_count: int64
dom_tag: list<element: string>
  child 0, element: string
dom_parent_idx: list<element: int64>
  child 0, element: int64
dom_depth: list<element: int64>
  child 0, element: int64
dom_attr_count: list<element: int64>
  child 0, element: int64
dom_child_count: list<element: int64>
  child 0, element: int64
dom_node_count: int64
dom_max_depth: int64
dom_truncated: bool
ssl_rank: int64
-- schema metadata --
pandas: '{""index_columns"": [], ""column_indexes"": [], ""columns"": [{""name"":' + 2617"
/kaggle/input/datasets/cristinakaufalt/finaldatafreeze/phreshphish_FINAL_DATA_FREEZE_v3/roles/ssl_pool_200k/part-00071.parquet,datasets/cristinakaufalt/finaldatafreeze/phreshphish_FINAL_DATA_FREEZE_v3/roles/ssl_pool_200k/part-00071.parquet,1007,1,21,"sha256: string
url: string
date: date32[day]
target: string
lang: string
lang_score: double
domain: string
text: string
html_struct: string
template_hash: string
html_prefix_truncated: bool
struct_token_count: int64
dom_tag: list<element: string>
  child 0, element: string
dom_parent_idx: list<element: int64>
  child 0, element: int64
dom_depth: list<element: int64>
  child 0, element: int64
dom_attr_count: list<element: int64>
  child 0, element: int64
dom_child_count: list<element: int64>
  child 0, element: int64
dom_node_count: int64
dom_max_depth: int64
dom_truncated: bool
ssl_rank: int64
-- schema metadata --
pandas: '{""index_columns"": [], ""column_indexes"": [], ""columns"": [{""name"":' + 2617"
/kaggle/input/datasets/cristinakaufalt/finaldatafreeze/phreshphish_FINAL_DATA_FREEZE_v3/roles/ssl_pool_200k/part-00072.parquet,datasets/cristinakaufalt/finaldatafreeze/phreshphish_FINAL_DATA_FREEZE_v3/roles/ssl_pool_200k/part-00072.parquet,746,1,21,"sha256: string
url: string
date: date32[day]
target: string
lang: string
lang_score: double
domain: string
text: string
html_struct: string
template_hash: string
html_prefix_truncated: bool
struct_token_count: int64
dom_tag: list<element: string>
  child 0, element: string
dom_parent_idx: list<element: int64>
  child 0, element: int64
dom_depth: list<element: int64>
  child 0, element: int64
dom_attr_count: list<element: int64>
  child 0, element: int64
dom_child_count: list<element: int64>
  child 0, element: int64
dom_node_count: int64
dom_max_depth: int64
dom_truncated: bool
ssl_rank: int64
-- schema metadata --
pandas: '{""index_columns"": [], ""column_indexes"": [], ""columns"": [{""name"":' + 2617"
/kaggle/input/datasets/cristinakaufalt/finaldatafreeze/phreshphish_FINAL_DATA_FREEZE_v3/roles/ssl_pool_200k/part-00073.parquet,datasets/cristinakaufalt/finaldatafreeze/phreshphish_FINAL_DATA_FREEZE_v3/roles/ssl_pool_200k/part-00073.parquet,980,1,21,"sha256: string
url: string
date: date32[day]
target: string
lang: string
lang_score: double
domain: string
text: string
html_struct: string
template_hash: string
html_prefix_truncated: bool
struct_token_count: int64
dom_tag: list<element: string>
  child 0, element: string
dom_parent_idx: list<element: int64>
  child 0, element: int64
dom_depth: list<element: int64>
  child 0, element: int64
dom_attr_count: list<element: int64>
  child 0, element: int64
dom_child_count: list<element: int64>
  child 0, element: int64
dom_node_count: int64
dom_max_depth: int64
dom_truncated: bool
ssl_rank: int64
-- schema metadata --
pandas: '{""index_columns"": [], ""column_indexes"": [], ""columns"": [{""name"":' + 2617"
/kaggle/input/datasets/cristinakaufalt/finaldatafreeze/phreshphish_FINAL_DATA_FREEZE_v3/roles/ssl_pool_200k/part-00074.parquet,datasets/cristinakaufalt/finaldatafreeze/phreshphish_FINAL_DATA_FREEZE_v3/roles/ssl_pool_200k/part-00074.parquet,1005,1,21,"sha256: string
url: string
date: date32[day]
target: string
lang: string
lang_score: double
domain: string
text: string
html_struct: string
template_hash: string
html_prefix_truncated: bool
struct_token_count: int64
dom_tag: list<element: string>
  child 0, element: string
dom_parent_idx: list<element: int64>
  child 0, element: int64
dom_depth: list<element: int64>
  child 0, element: int64
dom_attr_count: list<element: int64>
  child 0, element: int64
dom_child_count: list<element: int64>
  child 0, element: int64
dom_node_count: int64
dom_max_depth: int64
dom_truncated: bool
ssl_rank: int64
-- schema metadata --
pandas: '{""index_columns"": [], ""column_indexes"": [], ""columns"": [{""name"":' + 2617"
/kaggle/input/datasets/cristinakaufalt/finaldatafreeze/phreshphish_FINAL_DATA_FREEZE_v3/roles/ssl_pool_200k/part-00075.parquet,datasets/cristinakaufalt/finaldatafreeze/phreshphish_FINAL_DATA_FREEZE_v3/roles/ssl_pool_200k/part-00075.parquet,1033,1,21,"sha256: string
url: string
date: date32[day]
target: string
lang: string
lang_score: double
domain: string
text: string
html_struct: string
template_hash: string
html_prefix_truncated: bool
struct_token_count: int64
dom_tag: list<element: string>
  child 0, element: string
dom_parent_idx: list<element: int64>
  child 0, element: int64
dom_depth: list<element: int64>
  child 0, element: int64
dom_attr_count: list<element: int64>
  child 0, element: int64
dom_child_count: list<element: int64>
  child 0, element: int64
dom_node_count: int64
dom_max_depth: int64
dom_truncated: bool
ssl_rank: int64
-- schema metadata --
pandas: '{""index_columns"": [], ""column_indexes"": [], ""columns"": [{""name"":' + 2617"
/kaggle/input/datasets/cristinakaufalt/finaldatafreeze/phreshphish_FINAL_DATA_FREEZE_v3/roles/ssl_pool_200k/part-00076.parquet,datasets/cristinakaufalt/finaldatafreeze/phreshphish_FINAL_DATA_FREEZE_v3/roles/ssl_pool_200k/part-00076.parquet,779,1,21,"sha256: string
url: string
date: date32[day]
target: string
lang: string
lang_score: double
domain: string
text: string
html_struct: string
template_hash: string
html_prefix_truncated: bool
struct_token_count: int64
dom_tag: list<element: string>
  child 0, element: string
dom_parent_idx: list<element: int64>
  child 0, element: int64
dom_depth: list<element: int64>
  child 0, element: int64
dom_attr_count: list<element: int64>
  child 0, element: int64
dom_child_count: list<element: int64>
  child 0, element: int64
dom_node_count: int64
dom_max_depth: int64
dom_truncated: bool
ssl_rank: int64
-- schema metadata --
pandas: '{""index_columns"": [], ""column_indexes"": [], ""columns"": [{""name"":' + 2617"
/kaggle/input/datasets/cristinakaufalt/finaldatafreeze/phreshphish_FINAL_DATA_FREEZE_v3/roles/ssl_pool_200k/part-00077.parquet,datasets/cristinakaufalt/finaldatafreeze/phreshphish_FINAL_DATA_FREEZE_v3/roles/ssl_pool_200k/part-00077.parquet,1000,1,21,"sha256: string
url: string
date: date32[day]
target: string
lang: string
lang_score: double
domain: string
text: string
html_struct: string
template_hash: string
html_prefix_truncated: bool
struct_token_count: int64
dom_tag: list<element: string>
  child 0, element: string
dom_parent_idx: list<element: int64>
  child 0, element: int64
dom_depth: list<element: int64>
  child 0, element: int64
dom_attr_count: list<element: int64>
  child 0, element: int64
dom_child_count: list<element: int64>
  child 0, element: int64
dom_node_count: int64
dom_max_depth: int64
dom_truncated: bool
ssl_rank: int64
-- schema metadata --
pandas: '{""index_columns"": [], ""column_indexes"": [], ""columns"": [{""name"":' + 2617"
/kaggle/input/datasets/cristinakaufalt/finaldatafreeze/phreshphish_FINAL_DATA_FREEZE_v3/roles/ssl_pool_200k/part-00078.parquet,datasets/cristinakaufalt/finaldatafreeze/phreshphish_FINAL_DATA_FREEZE_v3/roles/ssl_pool_200k/part-00078.parquet,1018,1,21,"sha256: string
url: string
date: date32[day]
target: string
lang: string
lang_score: double
domain: string
text: string
html_struct: string
template_hash: string
html_prefix_truncated: bool
struct_token_count: int64
dom_tag: list<element: string>
  child 0, element: string
dom_parent_idx: list<element: int64>
  child 0, element: int64
dom_depth: list<element: int64>
  child 0, element: int64
dom_attr_count: list<element: int64>
  child 0, element: int64
dom_child_count: list<element: int64>
  child 0, element: int64
dom_node_count: int64
dom_max_depth: int64
dom_truncated: bool
ssl_rank: int64
-- schema metadata --
pandas: '{""index_columns"": [], ""column_indexes"": [], ""columns"": [{""name"":' + 2617"
/kaggle/input/datasets/cristinakaufalt/finaldatafreeze/phreshphish_FINAL_DATA_FREEZE_v3/roles/ssl_pool_200k/part-00079.parquet,datasets/cristinakaufalt/finaldatafreeze/phreshphish_FINAL_DATA_FREEZE_v3/roles/ssl_pool_200k/part-00079.parquet,1023,1,21,"sha256: string
url: string
date: date32[day]
target: string
lang: string
lang_score: double
domain: string
text: string
html_struct: string
template_hash: string
html_prefix_truncated: bool
struct_token_count: int64
dom_tag: list<element: string>
  child 0, element: string
dom_parent_idx: list<element: int64>
  child 0, element: int64
dom_depth: list<element: int64>
  child 0, element: int64
dom_attr_count: list<element: int64>
  child 0, element: int64
dom_child_count: list<element: int64>
  child 0, element: int64
dom_node_count: int64
dom_max_depth: int64
dom_truncated: bool
ssl_rank: int64
-- schema metadata --
pandas: '{""index_columns"": [], ""column_indexes"": [], ""columns"": [{""name"":' + 2617"
/kaggle/input/datasets/cristinakaufalt/finaldatafreeze/phreshphish_FINAL_DATA_FREEZE_v3/roles/ssl_pool_200k/part-00080.parquet,datasets/cristinakaufalt/finaldatafreeze/phreshphish_FINAL_DATA_FREEZE_v3/roles/ssl_pool_200k/part-00080.parquet,785,1,21,"sha256: string
url: string
date: date32[day]
target: string
lang: string
lang_score: double
domain: string
text: string
html_struct: string
template_hash: string
html_prefix_truncated: bool
struct_token_count: int64
dom_tag: list<element: string>
  child 0, element: string
dom_parent_idx: list<element: int64>
  child 0, element: int64
dom_depth: list<element: int64>
  child 0, element: int64
dom_attr_count: list<element: int64>
  child 0, element: int64
dom_child_count: list<element: int64>
  child 0, element: int64
dom_node_count: int64
dom_max_depth: int64
dom_truncated: bool
ssl_rank: int64
-- schema metadata --
pandas: '{""index_columns"": [], ""column_indexes"": [], ""columns"": [{""name"":' + 2617"
/kaggle/input/datasets/cristinakaufalt/finaldatafreeze/phreshphish_FINAL_DATA_FREEZE_v3/roles/ssl_pool_200k/part-00081.parquet,datasets/cristinakaufalt/finaldatafreeze/phreshphish_FINAL_DATA_FREEZE_v3/roles/ssl_pool_200k/part-00081.parquet,1003,1,21,"sha256: string
url: string
date: date32[day]
target: string
lang: string
lang_score: double
domain: string
text: string
html_struct: string
template_hash: string
html_prefix_truncated: bool
struct_token_count: int64
dom_tag: list<element: string>
  child 0, element: string
dom_parent_idx: list<element: int64>
  child 0, element: int64
dom_depth: list<element: int64>
  child 0, element: int64
dom_attr_count: list<element: int64>
  child 0, element: int64
dom_child_count: list<element: int64>
  child 0, element: int64
dom_node_count: int64
dom_max_depth: int64
dom_truncated: bool
ssl_rank: int64
-- schema metadata --
pandas: '{""index_columns"": [], ""column_indexes"": [], ""columns"": [{""name"":' + 2617"
/kaggle/input/datasets/cristinakaufalt/finaldatafreeze/phreshphish_FINAL_DATA_FREEZE_v3/roles/ssl_pool_200k/part-00082.parquet,datasets/cristinakaufalt/finaldatafreeze/phreshphish_FINAL_DATA_FREEZE_v3/roles/ssl_pool_200k/part-00082.parquet,1025,1,21,"sha256: string
url: string
date: date32[day]
target: string
lang: string
lang_score: double
domain: string
text: string
html_struct: string
template_hash: string
html_prefix_truncated: bool
struct_token_count: int64
dom_tag: list<element: string>
  child 0, element: string
dom_parent_idx: list<element: int64>
  child 0, element: int64
dom_depth: list<element: int64>
  child 0, element: int64
dom_attr_count: list<element: int64>
  child 0, element: int64
dom_child_count: list<element: int64>
  child 0, element: int64
dom_node_count: int64
dom_max_depth: int64
dom_truncated: bool
ssl_rank: int64
-- schema metadata --
pandas: '{""index_columns"": [], ""column_indexes"": [], ""columns"": [{""name"":' + 2617"
/kaggle/input/datasets/cristinakaufalt/finaldatafreeze/phreshphish_FINAL_DATA_FREEZE_v3/roles/ssl_pool_200k/part-00083.parquet,datasets/cristinakaufalt/finaldatafreeze/phreshphish_FINAL_DATA_FREEZE_v3/roles/ssl_pool_200k/part-00083.parquet,1014,1,21,"sha256: string
url: string
date: date32[day]
target: string
lang: string
lang_score: double
domain: string
text: string
html_struct: string
template_hash: string
html_prefix_truncated: bool
struct_token_count: int64
dom_tag: list<element: string>
  child 0, element: string
dom_parent_idx: list<element: int64>
  child 0, element: int64
dom_depth: list<element: int64>
  child 0, element: int64
dom_attr_count: list<element: int64>
  child 0, element: int64
dom_child_count: list<element: int64>
  child 0, element: int64
dom_node_count: int64
dom_max_depth: int64
dom_truncated: bool
ssl_rank: int64
-- schema metadata --
pandas: '{""index_columns"": [], ""column_indexes"": [], ""columns"": [{""name"":' + 2617"
/kaggle/input/datasets/cristinakaufalt/finaldatafreeze/phreshphish_FINAL_DATA_FREEZE_v3/roles/ssl_pool_200k/part-00084.parquet,datasets/cristinakaufalt/finaldatafreeze/phreshphish_FINAL_DATA_FREEZE_v3/roles/ssl_pool_200k/part-00084.parquet,760,1,21,"sha256: string
url: string
date: date32[day]
target: string
lang: string
lang_score: double
domain: string
text: string
html_struct: string
template_hash: string
html_prefix_truncated: bool
struct_token_count: int64
dom_tag: list<element: string>
  child 0, element: string
dom_parent_idx: list<element: int64>
  child 0, element: int64
dom_depth: list<element: int64>
  child 0, element: int64
dom_attr_count: list<element: int64>
  child 0, element: int64
dom_child_count: list<element: int64>
  child 0, element: int64
dom_node_count: int64
dom_max_depth: int64
dom_truncated: bool
ssl_rank: int64
-- schema metadata --
pandas: '{""index_columns"": [], ""column_indexes"": [], ""columns"": [{""name"":' + 2617"
/kaggle/input/datasets/cristinakaufalt/finaldatafreeze/phreshphish_FINAL_DATA_FREEZE_v3/roles/ssl_pool_200k/part-00085.parquet,datasets/cristinakaufalt/finaldatafreeze/phreshphish_FINAL_DATA_FREEZE_v3/roles/ssl_pool_200k/part-00085.parquet,1000,1,21,"sha256: string
url: string
date: date32[day]
target: string
lang: string
lang_score: double
domain: string
text: string
html_struct: string
template_hash: string
html_prefix_truncated: bool
struct_token_count: int64
dom_tag: list<element: string>
  child 0, element: string
dom_parent_idx: list<element: int64>
  child 0, element: int64
dom_depth: list<element: int64>
  child 0, element: int64
dom_attr_count: list<element: int64>
  child 0, element: int64
dom_child_count: list<element: int64>
  child 0, element: int64
dom_node_count: int64
dom_max_depth: int64
dom_truncated: bool
ssl_rank: int64
-- schema metadata --
pandas: '{""index_columns"": [], ""column_indexes"": [], ""columns"": [{""name"":' + 2617"
/kaggle/input/datasets/cristinakaufalt/finaldatafreeze/phreshphish_FINAL_DATA_FREEZE_v3/roles/ssl_pool_200k/part-00086.parquet,datasets/cristinakaufalt/finaldatafreeze/phreshphish_FINAL_DATA_FREEZE_v3/roles/ssl_pool_200k/part-00086.parquet,1026,1,21,"sha256: string
url: string
date: date32[day]
target: string
lang: string
lang_score: double
domain: string
text: string
html_struct: string
template_hash: string
html_prefix_truncated: bool
struct_token_count: int64
dom_tag: list<element: string>
  child 0, element: string
dom_parent_idx: list<element: int64>
  child 0, element: int64
dom_depth: list<element: int64>
  child 0, element: int64
dom_attr_count: list<element: int64>
  child 0, element: int64
dom_child_count: list<element: int64>
  child 0, element: int64
dom_node_count: int64
dom_max_depth: int64
dom_truncated: bool
ssl_rank: int64
-- schema metadata --
pandas: '{""index_columns"": [], ""column_indexes"": [], ""columns"": [{""name"":' + 2617"
/kaggle/input/datasets/cristinakaufalt/finaldatafreeze/phreshphish_FINAL_DATA_FREEZE_v3/roles/ssl_pool_200k/part-00087.parquet,datasets/cristinakaufalt/finaldatafreeze/phreshphish_FINAL_DATA_FREEZE_v3/roles/ssl_pool_200k/part-00087.parquet,1012,1,21,"sha256: string
url: string
date: date32[day]
target: string
lang: string
lang_score: double
domain: string
text: string
html_struct: string
template_hash: string
html_prefix_truncated: bool
struct_token_count: int64
dom_tag: list<element: string>
  child 0, element: string
dom_parent_idx: list<element: int64>
  child 0, element: int64
dom_depth: list<element: int64>
  child 0, element: int64
dom_attr_count: list<element: int64>
  child 0, element: int64
dom_child_count: list<element: int64>
  child 0, element: int64
dom_node_count: int64
dom_max_depth: int64
dom_truncated: bool
ssl_rank: int64
-- schema metadata --
pandas: '{""index_columns"": [], ""column_indexes"": [], ""columns"": [{""name"":' + 2617"
/kaggle/input/datasets/cristinakaufalt/finaldatafreeze/phreshphish_FINAL_DATA_FREEZE_v3/roles/ssl_pool_200k/part-00088.parquet,datasets/cristinakaufalt/finaldatafreeze/phreshphish_FINAL_DATA_FREEZE_v3/roles/ssl_pool_200k/part-00088.parquet,778,1,21,"sha256: string
url: string
date: date32[day]
target: string
lang: string
lang_score: double
domain: string
text: string
html_struct: string
template_hash: string
html_prefix_truncated: bool
struct_token_count: int64
dom_tag: list<element: string>
  child 0, element: string
dom_parent_idx: list<element: int64>
  child 0, element: int64
dom_depth: list<element: int64>
  child 0, element: int64
dom_attr_count: list<element: int64>
  child 0, element: int64
dom_child_count: list<element: int64>
  child 0, element: int64
dom_node_count: int64
dom_max_depth: int64
dom_truncated: bool
ssl_rank: int64
-- schema metadata --
pandas: '{""index_columns"": [], ""column_indexes"": [], ""columns"": [{""name"":' + 2617"
/kaggle/input/datasets/cristinakaufalt/finaldatafreeze/phreshphish_FINAL_DATA_FREEZE_v3/roles/ssl_pool_200k/part-00089.parquet,datasets/cristinakaufalt/finaldatafreeze/phreshphish_FINAL_DATA_FREEZE_v3/roles/ssl_pool_200k/part-00089.parquet,1051,1,21,"sha256: string
url: string
date: date32[day]
target: string
lang: string
lang_score: double
domain: string
text: string
html_struct: string
template_hash: string
html_prefix_truncated: bool
struct_token_count: int64
dom_tag: list<element: string>
  child 0, element: string
dom_parent_idx: list<element: int64>
  child 0, element: int64
dom_depth: list<element: int64>
  child 0, element: int64
dom_attr_count: list<element: int64>
  child 0, element: int64
dom_child_count: list<element: int64>
  child 0, element: int64
dom_node_count: int64
dom_max_depth: int64
dom_truncated: bool
ssl_rank: int64
-- schema metadata --
pandas: '{""index_columns"": [], ""column_indexes"": [], ""columns"": [{""name"":' + 2617"
/kaggle/input/datasets/cristinakaufalt/finaldatafreeze/phreshphish_FINAL_DATA_FREEZE_v3/roles/ssl_pool_200k/part-00090.parquet,datasets/cristinakaufalt/finaldatafreeze/phreshphish_FINAL_DATA_FREEZE_v3/roles/ssl_pool_200k/part-00090.parquet,1000,1,21,"sha256: string
url: string
date: date32[day]
target: string
lang: string
lang_score: double
domain: string
text: string
html_struct: string
template_hash: string
html_prefix_truncated: bool
struct_token_count: int64
dom_tag: list<element: string>
  child 0, element: string
dom_parent_idx: list<element: int64>
  child 0, element: int64
dom_depth: list<element: int64>
  child 0, element: int64
dom_attr_count: list<element: int64>
  child 0, element: int64
dom_child_count: list<element: int64>
  child 0, element: int64
dom_node_count: int64
dom_max_depth: int64
dom_truncated: bool
ssl_rank: int64
-- schema metadata --
pandas: '{""index_columns"": [], ""column_indexes"": [], ""columns"": [{""name"":' + 2617"
/kaggle/input/datasets/cristinakaufalt/finaldatafreeze/phreshphish_FINAL_DATA_FREEZE_v3/roles/ssl_pool_200k/part-00091.parquet,datasets/cristinakaufalt/finaldatafreeze/phreshphish_FINAL_DATA_FREEZE_v3/roles/ssl_pool_200k/part-00091.parquet,1022,1,21,"sha256: string
url: string
date: date32[day]
target: string
lang: string
lang_score: double
domain: string
text: string
html_struct: string
template_hash: string
html_prefix_truncated: bool
struct_token_count: int64
dom_tag: list<element: string>
  child 0, element: string
dom_parent_idx: list<element: int64>
  child 0, element: int64
dom_depth: list<element: int64>
  child 0, element: int64
dom_attr_count: list<element: int64>
  child 0, element: int64
dom_child_count: list<element: int64>
  child 0, element: int64
dom_node_count: int64
dom_max_depth: int64
dom_truncated: bool
ssl_rank: int64
-- schema metadata --
pandas: '{""index_columns"": [], ""column_indexes"": [], ""columns"": [{""name"":' + 2617"
/kaggle/input/datasets/cristinakaufalt/finaldatafreeze/phreshphish_FINAL_DATA_FREEZE_v3/roles/ssl_pool_200k/part-00092.parquet,datasets/cristinakaufalt/finaldatafreeze/phreshphish_FINAL_DATA_FREEZE_v3/roles/ssl_pool_200k/part-00092.parquet,774,1,21,"sha256: string
url: string
date: date32[day]
target: string
lang: string
lang_score: double
domain: string
text: string
html_struct: string
template_hash: string
html_prefix_truncated: bool
struct_token_count: int64
dom_tag: list<element: string>
  child 0, element: string
dom_parent_idx: list<element: int64>
  child 0, element: int64
dom_depth: list<element: int64>
  child 0, element: int64
dom_attr_count: list<element: int64>
  child 0, element: int64
dom_child_count: list<element: int64>
  child 0, element: int64
dom_node_count: int64
dom_max_depth: int64
dom_truncated: bool
ssl_rank: int64
-- schema metadata --
pandas: '{""index_columns"": [], ""column_indexes"": [], ""columns"": [{""name"":' + 2617"
/kaggle/input/datasets/cristinakaufalt/finaldatafreeze/phreshphish_FINAL_DATA_FREEZE_v3/roles/ssl_pool_200k/part-00093.parquet,datasets/cristinakaufalt/finaldatafreeze/phreshphish_FINAL_DATA_FREEZE_v3/roles/ssl_pool_200k/part-00093.parquet,1026,1,21,"sha256: string
url: string
date: date32[day]
target: string
lang: string
lang_score: double
domain: string
text: string
html_struct: string
template_hash: string
html_prefix_truncated: bool
struct_token_count: int64
dom_tag: list<element: string>
  child 0, element: string
dom_parent_idx: list<element: int64>
  child 0, element: int64
dom_depth: list<element: int64>
  child 0, element: int64
dom_attr_count: list<element: int64>
  child 0, element: int64
dom_child_count: list<element: int64>
  child 0, element: int64
dom_node_count: int64
dom_max_depth: int64
dom_truncated: bool
ssl_rank: int64
-- schema metadata --
pandas: '{""index_columns"": [], ""column_indexes"": [], ""columns"": [{""name"":' + 2617"
/kaggle/input/datasets/cristinakaufalt/finaldatafreeze/phreshphish_FINAL_DATA_FREEZE_v3/roles/ssl_pool_200k/part-00094.parquet,datasets/cristinakaufalt/finaldatafreeze/phreshphish_FINAL_DATA_FREEZE_v3/roles/ssl_pool_200k/part-00094.parquet,975,1,21,"sha256: string
url: string
date: date32[day]
target: string
lang: string
lang_score: double
domain: string
text: string
html_struct: string
template_hash: string
html_prefix_truncated: bool
struct_token_count: int64
dom_tag: list<element: string>
  child 0, element: string
dom_parent_idx: list<element: int64>
  child 0, element: int64
dom_depth: list<element: int64>
  child 0, element: int64
dom_attr_count: list<element: int64>
  child 0, element: int64
dom_child_count: list<element: int64>
  child 0, element: int64
dom_node_count: int64
dom_max_depth: int64
dom_truncated: bool
ssl_rank: int64
-- schema metadata --
pandas: '{""index_columns"": [], ""column_indexes"": [], ""columns"": [{""name"":' + 2617"
/kaggle/input/datasets/cristinakaufalt/finaldatafreeze/phreshphish_FINAL_DATA_FREEZE_v3/roles/ssl_pool_200k/part-00095.parquet,datasets/cristinakaufalt/finaldatafreeze/phreshphish_FINAL_DATA_FREEZE_v3/roles/ssl_pool_200k/part-00095.parquet,956,1,21,"sha256: string
url: string
date: date32[day]
target: string
lang: string
lang_score: double
domain: string
text: string
html_struct: string
template_hash: string
html_prefix_truncated: bool
struct_token_count: int64
dom_tag: list<element: string>
  child 0, element: string
dom_parent_idx: list<element: int64>
  child 0, element: int64
dom_depth: list<element: int64>
  child 0, element: int64
dom_attr_count: list<element: int64>
  child 0, element: int64
dom_child_count: list<element: int64>
  child 0, element: int64
dom_node_count: int64
dom_max_depth: int64
dom_truncated: bool
ssl_rank: int64
-- schema metadata --
pandas: '{""index_columns"": [], ""column_indexes"": [], ""columns"": [{""name"":' + 2617"
/kaggle/input/datasets/cristinakaufalt/finaldatafreeze/phreshphish_FINAL_DATA_FREEZE_v3/roles/ssl_pool_200k/part-00096.parquet,datasets/cristinakaufalt/finaldatafreeze/phreshphish_FINAL_DATA_FREEZE_v3/roles/ssl_pool_200k/part-00096.parquet,820,1,21,"sha256: string
url: string
date: date32[day]
target: string
lang: string
lang_score: double
domain: string
text: string
html_struct: string
template_hash: string
html_prefix_truncated: bool
struct_token_count: int64
dom_tag: list<element: string>
  child 0, element: string
dom_parent_idx: list<element: int64>
  child 0, element: int64
dom_depth: list<element: int64>
  child 0, element: int64
dom_attr_count: list<element: int64>
  child 0, element: int64
dom_child_count: list<element: int64>
  child 0, element: int64
dom_node_count: int64
dom_max_depth: int64
dom_truncated: bool
ssl_rank: int64
-- schema metadata --
pandas: '{""index_columns"": [], ""column_indexes"": [], ""columns"": [{""name"":' + 2617"
/kaggle/input/datasets/cristinakaufalt/finaldatafreeze/phreshphish_FINAL_DATA_FREEZE_v3/roles/ssl_pool_200k/part-00097.parquet,datasets/cristinakaufalt/finaldatafreeze/phreshphish_FINAL_DATA_FREEZE_v3/roles/ssl_pool_200k/part-00097.parquet,1061,1,21,"sha256: string
url: string
date: date32[day]
target: string
lang: string
lang_score: double
domain: string
text: string
html_struct: string
template_hash: string
html_prefix_truncated: bool
struct_token_count: int64
dom_tag: list<element: string>
  child 0, element: string
dom_parent_idx: list<element: int64>
  child 0, element: int64
dom_depth: list<element: int64>
  child 0, element: int64
dom_attr_count: list<element: int64>
  child 0, element: int64
dom_child_count: list<element: int64>
  child 0, element: int64
dom_node_count: int64
dom_max_depth: int64
dom_truncated: bool
ssl_rank: int64
-- schema metadata --
pandas: '{""index_columns"": [], ""column_indexes"": [], ""columns"": [{""name"":' + 2617"
/kaggle/input/datasets/cristinakaufalt/finaldatafreeze/phreshphish_FINAL_DATA_FREEZE_v3/roles/ssl_pool_200k/part-00098.parquet,datasets/cristinakaufalt/finaldatafreeze/phreshphish_FINAL_DATA_FREEZE_v3/roles/ssl_pool_200k/part-00098.parquet,998,1,21,"sha256: string
url: string
date: date32[day]
target: string
lang: string
lang_score: double
domain: string
text: string
html_struct: string
template_hash: string
html_prefix_truncated: bool
struct_token_count: int64
dom_tag: list<element: string>
  child 0, element: string
dom_parent_idx: list<element: int64>
  child 0, element: int64
dom_depth: list<element: int64>
  child 0, element: int64
dom_attr_count: list<element: int64>
  child 0, element: int64
dom_child_count: list<element: int64>
  child 0, element: int64
dom_node_count: int64
dom_max_depth: int64
dom_truncated: bool
ssl_rank: int64
-- schema metadata --
pandas: '{""index_columns"": [], ""column_indexes"": [], ""columns"": [{""name"":' + 2617"
/kaggle/input/datasets/cristinakaufalt/finaldatafreeze/phreshphish_FINAL_DATA_FREEZE_v3/roles/ssl_pool_200k/part-00099.parquet,datasets/cristinakaufalt/finaldatafreeze/phreshphish_FINAL_DATA_FREEZE_v3/roles/ssl_pool_200k/part-00099.parquet,1042,1,21,"sha256: string
url: string
date: date32[day]
target: string
lang: string
lang_score: double
domain: string
text: string
html_struct: string
template_hash: string
html_prefix_truncated: bool
struct_token_count: int64
dom_tag: list<element: string>
  child 0, element: string
dom_parent_idx: list<element: int64>
  child 0, element: int64
dom_depth: list<element: int64>
  child 0, element: int64
dom_attr_count: list<element: int64>
  child 0, element: int64
dom_child_count: list<element: int64>
  child 0, element: int64
dom_node_count: int64
dom_max_depth: int64
dom_truncated: bool
ssl_rank: int64
-- schema metadata --
pandas: '{""index_columns"": [], ""column_indexes"": [], ""columns"": [{""name"":' + 2617"
/kaggle/input/datasets/cristinakaufalt/finaldatafreeze/phreshphish_FINAL_DATA_FREEZE_v3/roles/ssl_pool_200k/part-00100.parquet,datasets/cristinakaufalt/finaldatafreeze/phreshphish_FINAL_DATA_FREEZE_v3/roles/ssl_pool_200k/part-00100.parquet,853,1,21,"sha256: string
url: string
date: date32[day]
target: string
lang: string
lang_score: double
domain: string
text: string
html_struct: string
template_hash: string
html_prefix_truncated: bool
struct_token_count: int64
dom_tag: list<element: string>
  child 0, element: string
dom_parent_idx: list<element: int64>
  child 0, element: int64
dom_depth: list<element: int64>
  child 0, element: int64
dom_attr_count: list<element: int64>
  child 0, element: int64
dom_child_count: list<element: int64>
  child 0, element: int64
dom_node_count: int64
dom_max_depth: int64
dom_truncated: bool
ssl_rank: int64
-- schema metadata --
pandas: '{""index_columns"": [], ""column_indexes"": [], ""columns"": [{""name"":' + 2617"
/kaggle/input/datasets/cristinakaufalt/finaldatafreeze/phreshphish_FINAL_DATA_FREEZE_v3/roles/ssl_pool_200k/part-00101.parquet,datasets/cristinakaufalt/finaldatafreeze/phreshphish_FINAL_DATA_FREEZE_v3/roles/ssl_pool_200k/part-00101.parquet,1008,1,21,"sha256: string
url: string
date: date32[day]
target: string
lang: string
lang_score: double
domain: string
text: string
html_struct: string
template_hash: string
html_prefix_truncated: bool
struct_token_count: int64
dom_tag: list<element: string>
  child 0, element: string
dom_parent_idx: list<element: int64>
  child 0, element: int64
dom_depth: list<element: int64>
  child 0, element: int64
dom_attr_count: list<element: int64>
  child 0, element: int64
dom_child_count: list<element: int64>
  child 0, element: int64
dom_node_count: int64
dom_max_depth: int64
dom_truncated: bool
ssl_rank: int64
-- schema metadata --
pandas: '{""index_columns"": [], ""column_indexes"": [], ""columns"": [{""name"":' + 2617"
/kaggle/input/datasets/cristinakaufalt/finaldatafreeze/phreshphish_FINAL_DATA_FREEZE_v3/roles/ssl_pool_200k/part-00102.parquet,datasets/cristinakaufalt/finaldatafreeze/phreshphish_FINAL_DATA_FREEZE_v3/roles/ssl_pool_200k/part-00102.parquet,1019,1,21,"sha256: string
url: string
date: date32[day]
target: string
lang: string
lang_score: double
domain: string
text: string
html_struct: string
template_hash: string
html_prefix_truncated: bool
struct_token_count: int64
dom_tag: list<element: string>
  child 0, element: string
dom_parent_idx: list<element: int64>
  child 0, element: int64
dom_depth: list<element: int64>
  child 0, element: int64
dom_attr_count: list<element: int64>
  child 0, element: int64
dom_child_count: list<element: int64>
  child 0, element: int64
dom_node_count: int64
dom_max_depth: int64
dom_truncated: bool
ssl_rank: int64
-- schema metadata --
pandas: '{""index_columns"": [], ""column_indexes"": [], ""columns"": [{""name"":' + 2617"
/kaggle/input/datasets/cristinakaufalt/finaldatafreeze/phreshphish_FINAL_DATA_FREEZE_v3/roles/ssl_pool_200k/part-00103.parquet,datasets/cristinakaufalt/finaldatafreeze/phreshphish_FINAL_DATA_FREEZE_v3/roles/ssl_pool_200k/part-00103.parquet,1003,1,21,"sha256: string
url: string
date: date32[day]
target: string
lang: string
lang_score: double
domain: string
text: string
html_struct: string
template_hash: string
html_prefix_truncated: bool
struct_token_count: int64
dom_tag: list<element: string>
  child 0, element: string
dom_parent_idx: list<element: int64>
  child 0, element: int64
dom_depth: list<element: int64>
  child 0, element: int64
dom_attr_count: list<element: int64>
  child 0, element: int64
dom_child_count: list<element: int64>
  child 0, element: int64
dom_node_count: int64
dom_max_depth: int64
dom_truncated: bool
ssl_rank: int64
-- schema metadata --
pandas: '{""index_columns"": [], ""column_indexes"": [], ""columns"": [{""name"":' + 2617"
/kaggle/input/datasets/cristinakaufalt/finaldatafreeze/phreshphish_FINAL_DATA_FREEZE_v3/roles/ssl_pool_200k/part-00104.parquet,datasets/cristinakaufalt/finaldatafreeze/phreshphish_FINAL_DATA_FREEZE_v3/roles/ssl_pool_200k/part-00104.parquet,899,1,21,"sha256: string
url: string
date: date32[day]
target: string
lang: string
lang_score: double
domain: string
text: string
html_struct: string
template_hash: string
html_prefix_truncated: bool
struct_token_count: int64
dom_tag: list<element: string>
  child 0, element: string
dom_parent_idx: list<element: int64>
  child 0, element: int64
dom_depth: list<element: int64>
  child 0, element: int64
dom_attr_count: list<element: int64>
  child 0, element: int64
dom_child_count: list<element: int64>
  child 0, element: int64
dom_node_count: int64
dom_max_depth: int64
dom_truncated: bool
ssl_rank: int64
-- schema metadata --
pandas: '{""index_columns"": [], ""column_indexes"": [], ""columns"": [{""name"":' + 2617"
/kaggle/input/datasets/cristinakaufalt/finaldatafreeze/phreshphish_FINAL_DATA_FREEZE_v3/roles/ssl_pool_200k/part-00105.parquet,datasets/cristinakaufalt/finaldatafreeze/phreshphish_FINAL_DATA_FREEZE_v3/roles/ssl_pool_200k/part-00105.parquet,1019,1,21,"sha256: string
url: string
date: date32[day]
target: string
lang: string
lang_score: double
domain: string
text: string
html_struct: string
template_hash: string
html_prefix_truncated: bool
struct_token_count: int64
dom_tag: list<element: string>
  child 0, element: string
dom_parent_idx: list<element: int64>
  child 0, element: int64
dom_depth: list<element: int64>
  child 0, element: int64
dom_attr_count: list<element: int64>
  child 0, element: int64
dom_child_count: list<element: int64>
  child 0, element: int64
dom_node_count: int64
dom_max_depth: int64
dom_truncated: bool
ssl_rank: int64
-- schema metadata --
pandas: '{""index_columns"": [], ""column_indexes"": [], ""columns"": [{""name"":' + 2617"
/kaggle/input/datasets/cristinakaufalt/finaldatafreeze/phreshphish_FINAL_DATA_FREEZE_v3/roles/ssl_pool_200k/part-00106.parquet,datasets/cristinakaufalt/finaldatafreeze/phreshphish_FINAL_DATA_FREEZE_v3/roles/ssl_pool_200k/part-00106.parquet,1025,1,21,"sha256: string
url: string
date: date32[day]
target: string
lang: string
lang_score: double
domain: string
text: string
html_struct: string
template_hash: string
html_prefix_truncated: bool
struct_token_count: int64
dom_tag: list<element: string>
  child 0, element: string
dom_parent_idx: list<element: int64>
  child 0, element: int64
dom_depth: list<element: int64>
  child 0, element: int64
dom_attr_count: list<element: int64>
  child 0, element: int64
dom_child_count: list<element: int64>
  child 0, element: int64
dom_node_count: int64
dom_max_depth: int64
dom_truncated: bool
ssl_rank: int64
-- schema metadata --
pandas: '{""index_columns"": [], ""column_indexes"": [], ""columns"": [{""name"":' + 2617"
/kaggle/input/datasets/cristinakaufalt/finaldatafreeze/phreshphish_FINAL_DATA_FREEZE_v3/roles/ssl_pool_200k/part-00107.parquet,datasets/cristinakaufalt/finaldatafreeze/phreshphish_FINAL_DATA_FREEZE_v3/roles/ssl_pool_200k/part-00107.parquet,1058,1,21,"sha256: string
url: string
date: date32[day]
target: string
lang: string
lang_score: double
domain: string
text: string
html_struct: string
template_hash: string
html_prefix_truncated: bool
struct_token_count: int64
dom_tag: list<element: string>
  child 0, element: string
dom_parent_idx: list<element: int64>
  child 0, element: int64
dom_depth: list<element: int64>
  child 0, element: int64
dom_attr_count: list<element: int64>
  child 0, element: int64
dom_child_count: list<element: int64>
  child 0, element: int64
dom_node_count: int64
dom_max_depth: int64
dom_truncated: bool
ssl_rank: int64
-- schema metadata --
pandas: '{""index_columns"": [], ""column_indexes"": [], ""columns"": [{""name"":' + 2617"
/kaggle/input/datasets/cristinakaufalt/finaldatafreeze/phreshphish_FINAL_DATA_FREEZE_v3/roles/ssl_pool_200k/part-00108.parquet,datasets/cristinakaufalt/finaldatafreeze/phreshphish_FINAL_DATA_FREEZE_v3/roles/ssl_pool_200k/part-00108.parquet,859,1,21,"sha256: string
url: string
date: date32[day]
target: string
lang: string
lang_score: double
domain: string
text: string
html_struct: string
template_hash: string
html_prefix_truncated: bool
struct_token_count: int64
dom_tag: list<element: string>
  child 0, element: string
dom_parent_idx: list<element: int64>
  child 0, element: int64
dom_depth: list<element: int64>
  child 0, element: int64
dom_attr_count: list<element: int64>
  child 0, element: int64
dom_child_count: list<element: int64>
  child 0, element: int64
dom_node_count: int64
dom_max_depth: int64
dom_truncated: bool
ssl_rank: int64
-- schema metadata --
pandas: '{""index_columns"": [], ""column_indexes"": [], ""columns"": [{""name"":' + 2617"
/kaggle/input/datasets/cristinakaufalt/finaldatafreeze/phreshphish_FINAL_DATA_FREEZE_v3/roles/ssl_pool_200k/part-00109.parquet,datasets/cristinakaufalt/finaldatafreeze/phreshphish_FINAL_DATA_FREEZE_v3/roles/ssl_pool_200k/part-00109.parquet,1051,1,21,"sha256: string
url: string
date: date32[day]
target: string
lang: string
lang_score: double
domain: string
text: string
html_struct: string
template_hash: string
html_prefix_truncated: bool
struct_token_count: int64
dom_tag: list<element: string>
  child 0, element: string
dom_parent_idx: list<element: int64>
  child 0, element: int64
dom_depth: list<element: int64>
  child 0, element: int64
dom_attr_count: list<element: int64>
  child 0, element: int64
dom_child_count: list<element: int64>
  child 0, element: int64
dom_node_count: int64
dom_max_depth: int64
dom_truncated: bool
ssl_rank: int64
-- schema metadata --
pandas: '{""index_columns"": [], ""column_indexes"": [], ""columns"": [{""name"":' + 2617"
/kaggle/input/datasets/cristinakaufalt/finaldatafreeze/phreshphish_FINAL_DATA_FREEZE_v3/roles/ssl_pool_200k/part-00110.parquet,datasets/cristinakaufalt/finaldatafreeze/phreshphish_FINAL_DATA_FREEZE_v3/roles/ssl_pool_200k/part-00110.parquet,996,1,21,"sha256: string
url: string
date: date32[day]
target: string
lang: string
lang_score: double
domain: string
text: string
html_struct: string
template_hash: string
html_prefix_truncated: bool
struct_token_count: int64
dom_tag: list<element: string>
  child 0, element: string
dom_parent_idx: list<element: int64>
  child 0, element: int64
dom_depth: list<element: int64>
  child 0, element: int64
dom_attr_count: list<element: int64>
  child 0, element: int64
dom_child_count: list<element: int64>
  child 0, element: int64
dom_node_count: int64
dom_max_depth: int64
dom_truncated: bool
ssl_rank: int64
-- schema metadata --
pandas: '{""index_columns"": [], ""column_indexes"": [], ""columns"": [{""name"":' + 2617"
/kaggle/input/datasets/cristinakaufalt/finaldatafreeze/phreshphish_FINAL_DATA_FREEZE_v3/roles/ssl_pool_200k/part-00111.parquet,datasets/cristinakaufalt/finaldatafreeze/phreshphish_FINAL_DATA_FREEZE_v3/roles/ssl_pool_200k/part-00111.parquet,1012,1,21,"sha256: string
url: string
date: date32[day]
target: string
lang: string
lang_score: double
domain: string
text: string
html_struct: string
template_hash: string
html_prefix_truncated: bool
struct_token_count: int64
dom_tag: list<element: string>
  child 0, element: string
dom_parent_idx: list<element: int64>
  child 0, element: int64
dom_depth: list<element: int64>
  child 0, element: int64
dom_attr_count: list<element: int64>
  child 0, element: int64
dom_child_count: list<element: int64>
  child 0, element: int64
dom_node_count: int64
dom_max_depth: int64
dom_truncated: bool
ssl_rank: int64
-- schema metadata --
pandas: '{""index_columns"": [], ""column_indexes"": [], ""columns"": [{""name"":' + 2617"
/kaggle/input/datasets/cristinakaufalt/finaldatafreeze/phreshphish_FINAL_DATA_FREEZE_v3/roles/ssl_pool_200k/part-00112.parquet,datasets/cristinakaufalt/finaldatafreeze/phreshphish_FINAL_DATA_FREEZE_v3/roles/ssl_pool_200k/part-00112.parquet,838,1,21,"sha256: string
url: string
date: date32[day]
target: string
lang: string
lang_score: double
domain: string
text: string
html_struct: string
template_hash: string
html_prefix_truncated: bool
struct_token_count: int64
dom_tag: list<element: string>
  child 0, element: string
dom_parent_idx: list<element: int64>
  child 0, element: int64
dom_depth: list<element: int64>
  child 0, element: int64
dom_attr_count: list<element: int64>
  child 0, element: int64
dom_child_count: list<element: int64>
  child 0, element: int64
dom_node_count: int64
dom_max_depth: int64
dom_truncated: bool
ssl_rank: int64
-- schema metadata --
pandas: '{""index_columns"": [], ""column_indexes"": [], ""columns"": [{""name"":' + 2617"
/kaggle/input/datasets/cristinakaufalt/finaldatafreeze/phreshphish_FINAL_DATA_FREEZE_v3/roles/ssl_pool_200k/part-00113.parquet,datasets/cristinakaufalt/finaldatafreeze/phreshphish_FINAL_DATA_FREEZE_v3/roles/ssl_pool_200k/part-00113.parquet,1003,1,21,"sha256: string
url: string
date: date32[day]
target: string
lang: string
lang_score: double
domain: string
text: string
html_struct: string
template_hash: string
html_prefix_truncated: bool
struct_token_count: int64
dom_tag: list<element: string>
  child 0, element: string
dom_parent_idx: list<element: int64>
  child 0, element: int64
dom_depth: list<element: int64>
  child 0, element: int64
dom_attr_count: list<element: int64>
  child 0, element: int64
dom_child_count: list<element: int64>
  child 0, element: int64
dom_node_count: int64
dom_max_depth: int64
dom_truncated: bool
ssl_rank: int64
-- schema metadata --
pandas: '{""index_columns"": [], ""column_indexes"": [], ""columns"": [{""name"":' + 2617"
/kaggle/input/datasets/cristinakaufalt/finaldatafreeze/phreshphish_FINAL_DATA_FREEZE_v3/roles/ssl_pool_200k/part-00114.parquet,datasets/cristinakaufalt/finaldatafreeze/phreshphish_FINAL_DATA_FREEZE_v3/roles/ssl_pool_200k/part-00114.parquet,997,1,21,"sha256: string
url: string
date: date32[day]
target: string
lang: string
lang_score: double
domain: string
text: string
html_struct: string
template_hash: string
html_prefix_truncated: bool
struct_token_count: int64
dom_tag: list<element: string>
  child 0, element: string
dom_parent_idx: list<element: int64>
  child 0, element: int64
dom_depth: list<element: int64>
  child 0, element: int64
dom_attr_count: list<element: int64>
  child 0, element: int64
dom_child_count: list<element: int64>
  child 0, element: int64
dom_node_count: int64
dom_max_depth: int64
dom_truncated: bool
ssl_rank: int64
-- schema metadata --
pandas: '{""index_columns"": [], ""column_indexes"": [], ""columns"": [{""name"":' + 2617"
/kaggle/input/datasets/cristinakaufalt/finaldatafreeze/phreshphish_FINAL_DATA_FREEZE_v3/roles/ssl_pool_200k/part-00115.parquet,datasets/cristinakaufalt/finaldatafreeze/phreshphish_FINAL_DATA_FREEZE_v3/roles/ssl_pool_200k/part-00115.parquet,1036,1,21,"sha256: string
url: string
date: date32[day]
target: string
lang: string
lang_score: double
domain: string
text: string
html_struct: string
template_hash: string
html_prefix_truncated: bool
struct_token_count: int64
dom_tag: list<element: string>
  child 0, element: string
dom_parent_idx: list<element: int64>
  child 0, element: int64
dom_depth: list<element: int64>
  child 0, element: int64
dom_attr_count: list<element: int64>
  child 0, element: int64
dom_child_count: list<element: int64>
  child 0, element: int64
dom_node_count: int64
dom_max_depth: int64
dom_truncated: bool
ssl_rank: int64
-- schema metadata --
pandas: '{""index_columns"": [], ""column_indexes"": [], ""columns"": [{""name"":' + 2617"
/kaggle/input/datasets/cristinakaufalt/finaldatafreeze/phreshphish_FINAL_DATA_FREEZE_v3/roles/ssl_pool_200k/part-00116.parquet,datasets/cristinakaufalt/finaldatafreeze/phreshphish_FINAL_DATA_FREEZE_v3/roles/ssl_pool_200k/part-00116.parquet,940,1,21,"sha256: string
url: string
date: date32[day]
target: string
lang: string
lang_score: double
domain: string
text: string
html_struct: string
template_hash: string
html_prefix_truncated: bool
struct_token_count: int64
dom_tag: list<element: string>
  child 0, element: string
dom_parent_idx: list<element: int64>
  child 0, element: int64
dom_depth: list<element: int64>
  child 0, element: int64
dom_attr_count: list<element: int64>
  child 0, element: int64
dom_child_count: list<element: int64>
  child 0, element: int64
dom_node_count: int64
dom_max_depth: int64
dom_truncated: bool
ssl_rank: int64
-- schema metadata --
pandas: '{""index_columns"": [], ""column_indexes"": [], ""columns"": [{""name"":' + 2617"
/kaggle/input/datasets/cristinakaufalt/finaldatafreeze/phreshphish_FINAL_DATA_FREEZE_v3/roles/ssl_pool_200k/part-00117.parquet,datasets/cristinakaufalt/finaldatafreeze/phreshphish_FINAL_DATA_FREEZE_v3/roles/ssl_pool_200k/part-00117.parquet,1014,1,21,"sha256: string
url: string
date: date32[day]
target: string
lang: string
lang_score: double
domain: string
text: string
html_struct: string
template_hash: string
html_prefix_truncated: bool
struct_token_count: int64
dom_tag: list<element: string>
  child 0, element: string
dom_parent_idx: list<element: int64>
  child 0, element: int64
dom_depth: list<element: int64>
  child 0, element: int64
dom_attr_count: list<element: int64>
  child 0, element: int64
dom_child_count: list<element: int64>
  child 0, element: int64
dom_node_count: int64
dom_max_depth: int64
dom_truncated: bool
ssl_rank: int64
-- schema metadata --
pandas: '{""index_columns"": [], ""column_indexes"": [], ""columns"": [{""name"":' + 2617"
/kaggle/input/datasets/cristinakaufalt/finaldatafreeze/phreshphish_FINAL_DATA_FREEZE_v3/roles/ssl_pool_200k/part-00118.parquet,datasets/cristinakaufalt/finaldatafreeze/phreshphish_FINAL_DATA_FREEZE_v3/roles/ssl_pool_200k/part-00118.parquet,1020,1,21,"sha256: string
url: string
date: date32[day]
target: string
lang: string
lang_score: double
domain: string
text: string
html_struct: string
template_hash: string
html_prefix_truncated: bool
struct_token_count: int64
dom_tag: list<element: string>
  child 0, element: string
dom_parent_idx: list<element: int64>
  child 0, element: int64
dom_depth: list<element: int64>
  child 0, element: int64
dom_attr_count: list<element: int64>
  child 0, element: int64
dom_child_count: list<element: int64>
  child 0, element: int64
dom_node_count: int64
dom_max_depth: int64
dom_truncated: bool
ssl_rank: int64
-- schema metadata --
pandas: '{""index_columns"": [], ""column_indexes"": [], ""columns"": [{""name"":' + 2617"
/kaggle/input/datasets/cristinakaufalt/finaldatafreeze/phreshphish_FINAL_DATA_FREEZE_v3/roles/ssl_pool_200k/part-00119.parquet,datasets/cristinakaufalt/finaldatafreeze/phreshphish_FINAL_DATA_FREEZE_v3/roles/ssl_pool_200k/part-00119.parquet,1012,1,21,"sha256: string
url: string
date: date32[day]
target: string
lang: string
lang_score: double
domain: string
text: string
html_struct: string
template_hash: string
html_prefix_truncated: bool
struct_token_count: int64
dom_tag: list<element: string>
  child 0, element: string
dom_parent_idx: list<element: int64>
  child 0, element: int64
dom_depth: list<element: int64>
  child 0, element: int64
dom_attr_count: list<element: int64>
  child 0, element: int64
dom_child_count: list<element: int64>
  child 0, element: int64
dom_node_count: int64
dom_max_depth: int64
dom_truncated: bool
ssl_rank: int64
-- schema metadata --
pandas: '{""index_columns"": [], ""column_indexes"": [], ""columns"": [{""name"":' + 2617"
/kaggle/input/datasets/cristinakaufalt/finaldatafreeze/phreshphish_FINAL_DATA_FREEZE_v3/roles/ssl_pool_200k/part-00120.parquet,datasets/cristinakaufalt/finaldatafreeze/phreshphish_FINAL_DATA_FREEZE_v3/roles/ssl_pool_200k/part-00120.parquet,863,1,21,"sha256: string
url: string
date: date32[day]
target: string
lang: string
lang_score: double
domain: string
text: string
html_struct: string
template_hash: string
html_prefix_truncated: bool
struct_token_count: int64
dom_tag: list<element: string>
  child 0, element: string
dom_parent_idx: list<element: int64>
  child 0, element: int64
dom_depth: list<element: int64>
  child 0, element: int64
dom_attr_count: list<element: int64>
  child 0, element: int64
dom_child_count: list<element: int64>
  child 0, element: int64
dom_node_count: int64
dom_max_depth: int64
dom_truncated: bool
ssl_rank: int64
-- schema metadata --
pandas: '{""index_columns"": [], ""column_indexes"": [], ""columns"": [{""name"":' + 2617"
/kaggle/input/datasets/cristinakaufalt/finaldatafreeze/phreshphish_FINAL_DATA_FREEZE_v3/roles/ssl_pool_200k/part-00121.parquet,datasets/cristinakaufalt/finaldatafreeze/phreshphish_FINAL_DATA_FREEZE_v3/roles/ssl_pool_200k/part-00121.parquet,1020,1,21,"sha256: string
url: string
date: date32[day]
target: string
lang: string
lang_score: double
domain: string
text: string
html_struct: string
template_hash: string
html_prefix_truncated: bool
struct_token_count: int64
dom_tag: list<element: string>
  child 0, element: string
dom_parent_idx: list<element: int64>
  child 0, element: int64
dom_depth: list<element: int64>
  child 0, element: int64
dom_attr_count: list<element: int64>
  child 0, element: int64
dom_child_count: list<element: int64>
  child 0, element: int64
dom_node_count: int64
dom_max_depth: int64
dom_truncated: bool
ssl_rank: int64
-- schema metadata --
pandas: '{""index_columns"": [], ""column_indexes"": [], ""columns"": [{""name"":' + 2617"
/kaggle/input/datasets/cristinakaufalt/finaldatafreeze/phreshphish_FINAL_DATA_FREEZE_v3/roles/ssl_pool_200k/part-00122.parquet,datasets/cristinakaufalt/finaldatafreeze/phreshphish_FINAL_DATA_FREEZE_v3/roles/ssl_pool_200k/part-00122.parquet,971,1,21,"sha256: string
url: string
date: date32[day]
target: string
lang: string
lang_score: double
domain: string
text: string
html_struct: string
template_hash: string
html_prefix_truncated: bool
struct_token_count: int64
dom_tag: list<element: string>
  child 0, element: string
dom_parent_idx: list<element: int64>
  child 0, element: int64
dom_depth: list<element: int64>
  child 0, element: int64
dom_attr_count: list<element: int64>
  child 0, element: int64
dom_child_count: list<element: int64>
  child 0, element: int64
dom_node_count: int64
dom_max_depth: int64
dom_truncated: bool
ssl_rank: int64
-- schema metadata --
pandas: '{""index_columns"": [], ""column_indexes"": [], ""columns"": [{""name"":' + 2617"
/kaggle/input/datasets/cristinakaufalt/finaldatafreeze/phreshphish_FINAL_DATA_FREEZE_v3/roles/ssl_pool_200k/part-00123.parquet,datasets/cristinakaufalt/finaldatafreeze/phreshphish_FINAL_DATA_FREEZE_v3/roles/ssl_pool_200k/part-00123.parquet,1047,1,21,"sha256: string
url: string
date: date32[day]
target: string
lang: string
lang_score: double
domain: string
text: string
html_struct: string
template_hash: string
html_prefix_truncated: bool
struct_token_count: int64
dom_tag: list<element: string>
  child 0, element: string
dom_parent_idx: list<element: int64>
  child 0, element: int64
dom_depth: list<element: int64>
  child 0, element: int64
dom_attr_count: list<element: int64>
  child 0, element: int64
dom_child_count: list<element: int64>
  child 0, element: int64
dom_node_count: int64
dom_max_depth: int64
dom_truncated: bool
ssl_rank: int64
-- schema metadata --
pandas: '{""index_columns"": [], ""column_indexes"": [], ""columns"": [{""name"":' + 2617"
/kaggle/input/datasets/cristinakaufalt/finaldatafreeze/phreshphish_FINAL_DATA_FREEZE_v3/roles/ssl_pool_200k/part-00124.parquet,datasets/cristinakaufalt/finaldatafreeze/phreshphish_FINAL_DATA_FREEZE_v3/roles/ssl_pool_200k/part-00124.parquet,861,1,21,"sha256: string
url: string
date: date32[day]
target: string
lang: string
lang_score: double
domain: string
text: string
html_struct: string
template_hash: string
html_prefix_truncated: bool
struct_token_count: int64
dom_tag: list<element: string>
  child 0, element: string
dom_parent_idx: list<element: int64>
  child 0, element: int64
dom_depth: list<element: int64>
  child 0, element: int64
dom_attr_count: list<element: int64>
  child 0, element: int64
dom_child_count: list<element: int64>
  child 0, element: int64
dom_node_count: int64
dom_max_depth: int64
dom_truncated: bool
ssl_rank: int64
-- schema metadata --
pandas: '{""index_columns"": [], ""column_indexes"": [], ""columns"": [{""name"":' + 2617"
/kaggle/input/datasets/cristinakaufalt/finaldatafreeze/phreshphish_FINAL_DATA_FREEZE_v3/roles/ssl_pool_200k/part-00125.parquet,datasets/cristinakaufalt/finaldatafreeze/phreshphish_FINAL_DATA_FREEZE_v3/roles/ssl_pool_200k/part-00125.parquet,1004,1,21,"sha256: string
url: string
date: date32[day]
target: string
lang: string
lang_score: double
domain: string
text: string
html_struct: string
template_hash: string
html_prefix_truncated: bool
struct_token_count: int64
dom_tag: list<element: string>
  child 0, element: string
dom_parent_idx: list<element: int64>
  child 0, element: int64
dom_depth: list<element: int64>
  child 0, element: int64
dom_attr_count: list<element: int64>
  child 0, element: int64
dom_child_count: list<element: int64>
  child 0, element: int64
dom_node_count: int64
dom_max_depth: int64
dom_truncated: bool
ssl_rank: int64
-- schema metadata --
pandas: '{""index_columns"": [], ""column_indexes"": [], ""columns"": [{""name"":' + 2617"
/kaggle/input/datasets/cristinakaufalt/finaldatafreeze/phreshphish_FINAL_DATA_FREEZE_v3/roles/ssl_pool_200k/part-00126.parquet,datasets/cristinakaufalt/finaldatafreeze/phreshphish_FINAL_DATA_FREEZE_v3/roles/ssl_pool_200k/part-00126.parquet,1023,1,21,"sha256: string
url: string
date: date32[day]
target: string
lang: string
lang_score: double
domain: string
text: string
html_struct: string
template_hash: string
html_prefix_truncated: bool
struct_token_count: int64
dom_tag: list<element: string>
  child 0, element: string
dom_parent_idx: list<element: int64>
  child 0, element: int64
dom_depth: list<element: int64>
  child 0, element: int64
dom_attr_count: list<element: int64>
  child 0, element: int64
dom_child_count: list<element: int64>
  child 0, element: int64
dom_node_count: int64
dom_max_depth: int64
dom_truncated: bool
ssl_rank: int64
-- schema metadata --
pandas: '{""index_columns"": [], ""column_indexes"": [], ""columns"": [{""name"":' + 2617"
/kaggle/input/datasets/cristinakaufalt/finaldatafreeze/phreshphish_FINAL_DATA_FREEZE_v3/roles/ssl_pool_200k/part-00127.parquet,datasets/cristinakaufalt/finaldatafreeze/phreshphish_FINAL_DATA_FREEZE_v3/roles/ssl_pool_200k/part-00127.parquet,970,1,21,"sha256: string
url: string
date: date32[day]
target: string
lang: string
lang_score: double
domain: string
text: string
html_struct: string
template_hash: string
html_prefix_truncated: bool
struct_token_count: int64
dom_tag: list<element: string>
  child 0, element: string
dom_parent_idx: list<element: int64>
  child 0, element: int64
dom_depth: list<element: int64>
  child 0, element: int64
dom_attr_count: list<element: int64>
  child 0, element: int64
dom_child_count: list<element: int64>
  child 0, element: int64
dom_node_count: int64
dom_max_depth: int64
dom_truncated: bool
ssl_rank: int64
-- schema metadata --
pandas: '{""index_columns"": [], ""column_indexes"": [], ""columns"": [{""name"":' + 2617"
/kaggle/input/datasets/cristinakaufalt/finaldatafreeze/phreshphish_FINAL_DATA_FREEZE_v3/roles/ssl_pool_200k/part-00128.parquet,datasets/cristinakaufalt/finaldatafreeze/phreshphish_FINAL_DATA_FREEZE_v3/roles/ssl_pool_200k/part-00128.parquet,874,1,21,"sha256: string
url: string
date: date32[day]
target: string
lang: string
lang_score: double
domain: string
text: string
html_struct: string
template_hash: string
html_prefix_truncated: bool
struct_token_count: int64
dom_tag: list<element: string>
  child 0, element: string
dom_parent_idx: list<element: int64>
  child 0, element: int64
dom_depth: list<element: int64>
  child 0, element: int64
dom_attr_count: list<element: int64>
  child 0, element: int64
dom_child_count: list<element: int64>
  child 0, element: int64
dom_node_count: int64
dom_max_depth: int64
dom_truncated: bool
ssl_rank: int64
-- schema metadata --
pandas: '{""index_columns"": [], ""column_indexes"": [], ""columns"": [{""name"":' + 2617"
/kaggle/input/datasets/cristinakaufalt/finaldatafreeze/phreshphish_FINAL_DATA_FREEZE_v3/roles/ssl_pool_200k/part-00129.parquet,datasets/cristinakaufalt/finaldatafreeze/phreshphish_FINAL_DATA_FREEZE_v3/roles/ssl_pool_200k/part-00129.parquet,1009,1,21,"sha256: string
url: string
date: date32[day]
target: string
lang: string
lang_score: double
domain: string
text: string
html_struct: string
template_hash: string
html_prefix_truncated: bool
struct_token_count: int64
dom_tag: list<element: string>
  child 0, element: string
dom_parent_idx: list<element: int64>
  child 0, element: int64
dom_depth: list<element: int64>
  child 0, element: int64
dom_attr_count: list<element: int64>
  child 0, element: int64
dom_child_count: list<element: int64>
  child 0, element: int64
dom_node_count: int64
dom_max_depth: int64
dom_truncated: bool
ssl_rank: int64
-- schema metadata --
pandas: '{""index_columns"": [], ""column_indexes"": [], ""columns"": [{""name"":' + 2617"
/kaggle/input/datasets/cristinakaufalt/finaldatafreeze/phreshphish_FINAL_DATA_FREEZE_v3/roles/ssl_pool_200k/part-00130.parquet,datasets/cristinakaufalt/finaldatafreeze/phreshphish_FINAL_DATA_FREEZE_v3/roles/ssl_pool_200k/part-00130.parquet,1041,1,21,"sha256: string
url: string
date: date32[day]
target: string
lang: string
lang_score: double
domain: string
text: string
html_struct: string
template_hash: string
html_prefix_truncated: bool
struct_token_count: int64
dom_tag: list<element: string>
  child 0, element: string
dom_parent_idx: list<element: int64>
  child 0, element: int64
dom_depth: list<element: int64>
  child 0, element: int64
dom_attr_count: list<element: int64>
  child 0, element: int64
dom_child_count: list<element: int64>
  child 0, element: int64
dom_node_count: int64
dom_max_depth: int64
dom_truncated: bool
ssl_rank: int64
-- schema metadata --
pandas: '{""index_columns"": [], ""column_indexes"": [], ""columns"": [{""name"":' + 2617"
/kaggle/input/datasets/cristinakaufalt/finaldatafreeze/phreshphish_FINAL_DATA_FREEZE_v3/roles/ssl_pool_200k/part-00131.parquet,datasets/cristinakaufalt/finaldatafreeze/phreshphish_FINAL_DATA_FREEZE_v3/roles/ssl_pool_200k/part-00131.parquet,999,1,21,"sha256: string
url: string
date: date32[day]
target: string
lang: string
lang_score: double
domain: string
text: string
html_struct: string
template_hash: string
html_prefix_truncated: bool
struct_token_count: int64
dom_tag: list<element: string>
  child 0, element: string
dom_parent_idx: list<element: int64>
  child 0, element: int64
dom_depth: list<element: int64>
  child 0, element: int64
dom_attr_count: list<element: int64>
  child 0, element: int64
dom_child_count: list<element: int64>
  child 0, element: int64
dom_node_count: int64
dom_max_depth: int64
dom_truncated: bool
ssl_rank: int64
-- schema metadata --
pandas: '{""index_columns"": [], ""column_indexes"": [], ""columns"": [{""name"":' + 2617"
/kaggle/input/datasets/cristinakaufalt/finaldatafreeze/phreshphish_FINAL_DATA_FREEZE_v3/roles/ssl_pool_200k/part-00132.parquet,datasets/cristinakaufalt/finaldatafreeze/phreshphish_FINAL_DATA_FREEZE_v3/roles/ssl_pool_200k/part-00132.parquet,865,1,21,"sha256: string
url: string
date: date32[day]
target: string
lang: string
lang_score: double
domain: string
text: string
html_struct: string
template_hash: string
html_prefix_truncated: bool
struct_token_count: int64
dom_tag: list<element: string>
  child 0, element: string
dom_parent_idx: list<element: int64>
  child 0, element: int64
dom_depth: list<element: int64>
  child 0, element: int64
dom_attr_count: list<element: int64>
  child 0, element: int64
dom_child_count: list<element: int64>
  child 0, element: int64
dom_node_count: int64
dom_max_depth: int64
dom_truncated: bool
ssl_rank: int64
-- schema metadata --
pandas: '{""index_columns"": [], ""column_indexes"": [], ""columns"": [{""name"":' + 2617"
/kaggle/input/datasets/cristinakaufalt/finaldatafreeze/phreshphish_FINAL_DATA_FREEZE_v3/roles/ssl_pool_200k/part-00133.parquet,datasets/cristinakaufalt/finaldatafreeze/phreshphish_FINAL_DATA_FREEZE_v3/roles/ssl_pool_200k/part-00133.parquet,1005,1,21,"sha256: string
url: string
date: date32[day]
target: string
lang: string
lang_score: double
domain: string
text: string
html_struct: string
template_hash: string
html_prefix_truncated: bool
struct_token_count: int64
dom_tag: list<element: string>
  child 0, element: string
dom_parent_idx: list<element: int64>
  child 0, element: int64
dom_depth: list<element: int64>
  child 0, element: int64
dom_attr_count: list<element: int64>
  child 0, element: int64
dom_child_count: list<element: int64>
  child 0, element: int64
dom_node_count: int64
dom_max_depth: int64
dom_truncated: bool
ssl_rank: int64
-- schema metadata --
pandas: '{""index_columns"": [], ""column_indexes"": [], ""columns"": [{""name"":' + 2617"
/kaggle/input/datasets/cristinakaufalt/finaldatafreeze/phreshphish_FINAL_DATA_FREEZE_v3/roles/ssl_pool_200k/part-00134.parquet,datasets/cristinakaufalt/finaldatafreeze/phreshphish_FINAL_DATA_FREEZE_v3/roles/ssl_pool_200k/part-00134.parquet,1045,1,21,"sha256: string
url: string
date: date32[day]
target: string
lang: string
lang_score: double
domain: string
text: string
html_struct: string
template_hash: string
html_prefix_truncated: bool
struct_token_count: int64
dom_tag: list<element: string>
  child 0, element: string
dom_parent_idx: list<element: int64>
  child 0, element: int64
dom_depth: list<element: int64>
  child 0, element: int64
dom_attr_count: list<element: int64>
  child 0, element: int64
dom_child_count: list<element: int64>
  child 0, element: int64
dom_node_count: int64
dom_max_depth: int64
dom_truncated: bool
ssl_rank: int64
-- schema metadata --
pandas: '{""index_columns"": [], ""column_indexes"": [], ""columns"": [{""name"":' + 2617"
/kaggle/input/datasets/cristinakaufalt/finaldatafreeze/phreshphish_FINAL_DATA_FREEZE_v3/roles/ssl_pool_200k/part-00135.parquet,datasets/cristinakaufalt/finaldatafreeze/phreshphish_FINAL_DATA_FREEZE_v3/roles/ssl_pool_200k/part-00135.parquet,1057,1,21,"sha256: string
url: string
date: date32[day]
target: string
lang: string
lang_score: double
domain: string
text: string
html_struct: string
template_hash: string
html_prefix_truncated: bool
struct_token_count: int64
dom_tag: list<element: string>
  child 0, element: string
dom_parent_idx: list<element: int64>
  child 0, element: int64
dom_depth: list<element: int64>
  child 0, element: int64
dom_attr_count: list<element: int64>
  child 0, element: int64
dom_child_count: list<element: int64>
  child 0, element: int64
dom_node_count: int64
dom_max_depth: int64
dom_truncated: bool
ssl_rank: int64
-- schema metadata --
pandas: '{""index_columns"": [], ""column_indexes"": [], ""columns"": [{""name"":' + 2617"
/kaggle/input/datasets/cristinakaufalt/finaldatafreeze/phreshphish_FINAL_DATA_FREEZE_v3/roles/ssl_pool_200k/part-00136.parquet,datasets/cristinakaufalt/finaldatafreeze/phreshphish_FINAL_DATA_FREEZE_v3/roles/ssl_pool_200k/part-00136.parquet,867,1,21,"sha256: string
url: string
date: date32[day]
target: string
lang: string
lang_score: double
domain: string
text: string
html_struct: string
template_hash: string
html_prefix_truncated: bool
struct_token_count: int64
dom_tag: list<element: string>
  child 0, element: string
dom_parent_idx: list<element: int64>
  child 0, element: int64
dom_depth: list<element: int64>
  child 0, element: int64
dom_attr_count: list<element: int64>
  child 0, element: int64
dom_child_count: list<element: int64>
  child 0, element: int64
dom_node_count: int64
dom_max_depth: int64
dom_truncated: bool
ssl_rank: int64
-- schema metadata --
pandas: '{""index_columns"": [], ""column_indexes"": [], ""columns"": [{""name"":' + 2617"
/kaggle/input/datasets/cristinakaufalt/finaldatafreeze/phreshphish_FINAL_DATA_FREEZE_v3/roles/ssl_pool_200k/part-00137.parquet,datasets/cristinakaufalt/finaldatafreeze/phreshphish_FINAL_DATA_FREEZE_v3/roles/ssl_pool_200k/part-00137.parquet,1019,1,21,"sha256: string
url: string
date: date32[day]
target: string
lang: string
lang_score: double
domain: string
text: string
html_struct: string
template_hash: string
html_prefix_truncated: bool
struct_token_count: int64
dom_tag: list<element: string>
  child 0, element: string
dom_parent_idx: list<element: int64>
  child 0, element: int64
dom_depth: list<element: int64>
  child 0, element: int64
dom_attr_count: list<element: int64>
  child 0, element: int64
dom_child_count: list<element: int64>
  child 0, element: int64
dom_node_count: int64
dom_max_depth: int64
dom_truncated: bool
ssl_rank: int64
-- schema metadata --
pandas: '{""index_columns"": [], ""column_indexes"": [], ""columns"": [{""name"":' + 2617"
/kaggle/input/datasets/cristinakaufalt/finaldatafreeze/phreshphish_FINAL_DATA_FREEZE_v3/roles/ssl_pool_200k/part-00138.parquet,datasets/cristinakaufalt/finaldatafreeze/phreshphish_FINAL_DATA_FREEZE_v3/roles/ssl_pool_200k/part-00138.parquet,997,1,21,"sha256: string
url: string
date: date32[day]
target: string
lang: string
lang_score: double
domain: string
text: string
html_struct: string
template_hash: string
html_prefix_truncated: bool
struct_token_count: int64
dom_tag: list<element: string>
  child 0, element: string
dom_parent_idx: list<element: int64>
  child 0, element: int64
dom_depth: list<element: int64>
  child 0, element: int64
dom_attr_count: list<element: int64>
  child 0, element: int64
dom_child_count: list<element: int64>
  child 0, element: int64
dom_node_count: int64
dom_max_depth: int64
dom_truncated: bool
ssl_rank: int64
-- schema metadata --
pandas: '{""index_columns"": [], ""column_indexes"": [], ""columns"": [{""name"":' + 2617"
/kaggle/input/datasets/cristinakaufalt/finaldatafreeze/phreshphish_FINAL_DATA_FREEZE_v3/roles/ssl_pool_200k/part-00139.parquet,datasets/cristinakaufalt/finaldatafreeze/phreshphish_FINAL_DATA_FREEZE_v3/roles/ssl_pool_200k/part-00139.parquet,980,1,21,"sha256: string
url: string
date: date32[day]
target: string
lang: string
lang_score: double
domain: string
text: string
html_struct: string
template_hash: string
html_prefix_truncated: bool
struct_token_count: int64
dom_tag: list<element: string>
  child 0, element: string
dom_parent_idx: list<element: int64>
  child 0, element: int64
dom_depth: list<element: int64>
  child 0, element: int64
dom_attr_count: list<element: int64>
  child 0, element: int64
dom_child_count: list<element: int64>
  child 0, element: int64
dom_node_count: int64
dom_max_depth: int64
dom_truncated: bool
ssl_rank: int64
-- schema metadata --
pandas: '{""index_columns"": [], ""column_indexes"": [], ""columns"": [{""name"":' + 2617"
/kaggle/input/datasets/cristinakaufalt/finaldatafreeze/phreshphish_FINAL_DATA_FREEZE_v3/roles/ssl_pool_200k/part-00140.parquet,datasets/cristinakaufalt/finaldatafreeze/phreshphish_FINAL_DATA_FREEZE_v3/roles/ssl_pool_200k/part-00140.parquet,824,1,21,"sha256: string
url: string
date: date32[day]
target: string
lang: string
lang_score: double
domain: string
text: string
html_struct: string
template_hash: string
html_prefix_truncated: bool
struct_token_count: int64
dom_tag: list<element: string>
  child 0, element: string
dom_parent_idx: list<element: int64>
  child 0, element: int64
dom_depth: list<element: int64>
  child 0, element: int64
dom_attr_count: list<element: int64>
  child 0, element: int64
dom_child_count: list<element: int64>
  child 0, element: int64
dom_node_count: int64
dom_max_depth: int64
dom_truncated: bool
ssl_rank: int64
-- schema metadata --
pandas: '{""index_columns"": [], ""column_indexes"": [], ""columns"": [{""name"":' + 2617"
/kaggle/input/datasets/cristinakaufalt/finaldatafreeze/phreshphish_FINAL_DATA_FREEZE_v3/roles/ssl_pool_200k/part-00141.parquet,datasets/cristinakaufalt/finaldatafreeze/phreshphish_FINAL_DATA_FREEZE_v3/roles/ssl_pool_200k/part-00141.parquet,984,1,21,"sha256: string
url: string
date: date32[day]
target: string
lang: string
lang_score: double
domain: string
text: string
html_struct: string
template_hash: string
html_prefix_truncated: bool
struct_token_count: int64
dom_tag: list<element: string>
  child 0, element: string
dom_parent_idx: list<element: int64>
  child 0, element: int64
dom_depth: list<element: int64>
  child 0, element: int64
dom_attr_count: list<element: int64>
  child 0, element: int64
dom_child_count: list<element: int64>
  child 0, element: int64
dom_node_count: int64
dom_max_depth: int64
dom_truncated: bool
ssl_rank: int64
-- schema metadata --
pandas: '{""index_columns"": [], ""column_indexes"": [], ""columns"": [{""name"":' + 2617"
/kaggle/input/datasets/cristinakaufalt/finaldatafreeze/phreshphish_FINAL_DATA_FREEZE_v3/roles/ssl_pool_200k/part-00142.parquet,datasets/cristinakaufalt/finaldatafreeze/phreshphish_FINAL_DATA_FREEZE_v3/roles/ssl_pool_200k/part-00142.parquet,1047,1,21,"sha256: string
url: string
date: date32[day]
target: string
lang: string
lang_score: double
domain: string
text: string
html_struct: string
template_hash: string
html_prefix_truncated: bool
struct_token_count: int64
dom_tag: list<element: string>
  child 0, element: string
dom_parent_idx: list<element: int64>
  child 0, element: int64
dom_depth: list<element: int64>
  child 0, element: int64
dom_attr_count: list<element: int64>
  child 0, element: int64
dom_child_count: list<element: int64>
  child 0, element: int64
dom_node_count: int64
dom_max_depth: int64
dom_truncated: bool
ssl_rank: int64
-- schema metadata --
pandas: '{""index_columns"": [], ""column_indexes"": [], ""columns"": [{""name"":' + 2617"
/kaggle/input/datasets/cristinakaufalt/finaldatafreeze/phreshphish_FINAL_DATA_FREEZE_v3/roles/ssl_pool_200k/part-00143.parquet,datasets/cristinakaufalt/finaldatafreeze/phreshphish_FINAL_DATA_FREEZE_v3/roles/ssl_pool_200k/part-00143.parquet,1003,1,21,"sha256: string
url: string
date: date32[day]
target: string
lang: string
lang_score: double
domain: string
text: string
html_struct: string
template_hash: string
html_prefix_truncated: bool
struct_token_count: int64
dom_tag: list<element: string>
  child 0, element: string
dom_parent_idx: list<element: int64>
  child 0, element: int64
dom_depth: list<element: int64>
  child 0, element: int64
dom_attr_count: list<element: int64>
  child 0, element: int64
dom_child_count: list<element: int64>
  child 0, element: int64
dom_node_count: int64
dom_max_depth: int64
dom_truncated: bool
ssl_rank: int64
-- schema metadata --
pandas: '{""index_columns"": [], ""column_indexes"": [], ""columns"": [{""name"":' + 2617"
/kaggle/input/datasets/cristinakaufalt/finaldatafreeze/phreshphish_FINAL_DATA_FREEZE_v3/roles/ssl_pool_200k/part-00144.parquet,datasets/cristinakaufalt/finaldatafreeze/phreshphish_FINAL_DATA_FREEZE_v3/roles/ssl_pool_200k/part-00144.parquet,866,1,21,"sha256: string
url: string
date: date32[day]
target: string
lang: string
lang_score: double
domain: string
text: string
html_struct: string
template_hash: string
html_prefix_truncated: bool
struct_token_count: int64
dom_tag: list<element: string>
  child 0, element: string
dom_parent_idx: list<element: int64>
  child 0, element: int64
dom_depth: list<element: int64>
  child 0, element: int64
dom_attr_count: list<element: int64>
  child 0, element: int64
dom_child_count: list<element: int64>
  child 0, element: int64
dom_node_count: int64
dom_max_depth: int64
dom_truncated: bool
ssl_rank: int64
-- schema metadata --
pandas: '{""index_columns"": [], ""column_indexes"": [], ""columns"": [{""name"":' + 2617"
/kaggle/input/datasets/cristinakaufalt/finaldatafreeze/phreshphish_FINAL_DATA_FREEZE_v3/roles/ssl_pool_200k/part-00145.parquet,datasets/cristinakaufalt/finaldatafreeze/phreshphish_FINAL_DATA_FREEZE_v3/roles/ssl_pool_200k/part-00145.parquet,1037,1,21,"sha256: string
url: string
date: date32[day]
target: string
lang: string
lang_score: double
domain: string
text: string
html_struct: string
template_hash: string
html_prefix_truncated: bool
struct_token_count: int64
dom_tag: list<element: string>
  child 0, element: string
dom_parent_idx: list<element: int64>
  child 0, element: int64
dom_depth: list<element: int64>
  child 0, element: int64
dom_attr_count: list<element: int64>
  child 0, element: int64
dom_child_count: list<element: int64>
  child 0, element: int64
dom_node_count: int64
dom_max_depth: int64
dom_truncated: bool
ssl_rank: int64
-- schema metadata --
pandas: '{""index_columns"": [], ""column_indexes"": [], ""columns"": [{""name"":' + 2617"
/kaggle/input/datasets/cristinakaufalt/finaldatafreeze/phreshphish_FINAL_DATA_FREEZE_v3/roles/ssl_pool_200k/part-00146.parquet,datasets/cristinakaufalt/finaldatafreeze/phreshphish_FINAL_DATA_FREEZE_v3/roles/ssl_pool_200k/part-00146.parquet,1082,1,21,"sha256: string
url: string
date: date32[day]
target: string
lang: string
lang_score: double
domain: string
text: string
html_struct: string
template_hash: string
html_prefix_truncated: bool
struct_token_count: int64
dom_tag: list<element: string>
  child 0, element: string
dom_parent_idx: list<element: int64>
  child 0, element: int64
dom_depth: list<element: int64>
  child 0, element: int64
dom_attr_count: list<element: int64>
  child 0, element: int64
dom_child_count: list<element: int64>
  child 0, element: int64
dom_node_count: int64
dom_max_depth: int64
dom_truncated: bool
ssl_rank: int64
-- schema metadata --
pandas: '{""index_columns"": [], ""column_indexes"": [], ""columns"": [{""name"":' + 2617"
/kaggle/input/datasets/cristinakaufalt/finaldatafreeze/phreshphish_FINAL_DATA_FREEZE_v3/roles/ssl_pool_200k/part-00147.parquet,datasets/cristinakaufalt/finaldatafreeze/phreshphish_FINAL_DATA_FREEZE_v3/roles/ssl_pool_200k/part-00147.parquet,1034,1,21,"sha256: string
url: string
date: date32[day]
target: string
lang: string
lang_score: double
domain: string
text: string
html_struct: string
template_hash: string
html_prefix_truncated: bool
struct_token_count: int64
dom_tag: list<element: string>
  child 0, element: string
dom_parent_idx: list<element: int64>
  child 0, element: int64
dom_depth: list<element: int64>
  child 0, element: int64
dom_attr_count: list<element: int64>
  child 0, element: int64
dom_child_count: list<element: int64>
  child 0, element: int64
dom_node_count: int64
dom_max_depth: int64
dom_truncated: bool
ssl_rank: int64
-- schema metadata --
pandas: '{""index_columns"": [], ""column_indexes"": [], ""columns"": [{""name"":' + 2617"
/kaggle/input/datasets/cristinakaufalt/finaldatafreeze/phreshphish_FINAL_DATA_FREEZE_v3/roles/ssl_pool_200k/part-00148.parquet,datasets/cristinakaufalt/finaldatafreeze/phreshphish_FINAL_DATA_FREEZE_v3/roles/ssl_pool_200k/part-00148.parquet,841,1,21,"sha256: string
url: string
date: date32[day]
target: string
lang: string
lang_score: double
domain: string
text: string
html_struct: string
template_hash: string
html_prefix_truncated: bool
struct_token_count: int64
dom_tag: list<element: string>
  child 0, element: string
dom_parent_idx: list<element: int64>
  child 0, element: int64
dom_depth: list<element: int64>
  child 0, element: int64
dom_attr_count: list<element: int64>
  child 0, element: int64
dom_child_count: list<element: int64>
  child 0, element: int64
dom_node_count: int64
dom_max_depth: int64
dom_truncated: bool
ssl_rank: int64
-- schema metadata --
pandas: '{""index_columns"": [], ""column_indexes"": [], ""columns"": [{""name"":' + 2617"
/kaggle/input/datasets/cristinakaufalt/finaldatafreeze/phreshphish_FINAL_DATA_FREEZE_v3/roles/ssl_pool_200k/part-00149.parquet,datasets/cristinakaufalt/finaldatafreeze/phreshphish_FINAL_DATA_FREEZE_v3/roles/ssl_pool_200k/part-00149.parquet,1035,1,21,"sha256: string
url: string
date: date32[day]
target: string
lang: string
lang_score: double
domain: string
text: string
html_struct: string
template_hash: string
html_prefix_truncated: bool
struct_token_count: int64
dom_tag: list<element: string>
  child 0, element: string
dom_parent_idx: list<element: int64>
  child 0, element: int64
dom_depth: list<element: int64>
  child 0, element: int64
dom_attr_count: list<element: int64>
  child 0, element: int64
dom_child_count: list<element: int64>
  child 0, element: int64
dom_node_count: int64
dom_max_depth: int64
dom_truncated: bool
ssl_rank: int64
-- schema metadata --
pandas: '{""index_columns"": [], ""column_indexes"": [], ""columns"": [{""name"":' + 2617"
/kaggle/input/datasets/cristinakaufalt/finaldatafreeze/phreshphish_FINAL_DATA_FREEZE_v3/roles/ssl_pool_200k/part-00150.parquet,datasets/cristinakaufalt/finaldatafreeze/phreshphish_FINAL_DATA_FREEZE_v3/roles/ssl_pool_200k/part-00150.parquet,1031,1,21,"sha256: string
url: string
date: date32[day]
target: string
lang: string
lang_score: double
domain: string
text: string
html_struct: string
template_hash: string
html_prefix_truncated: bool
struct_token_count: int64
dom_tag: list<element: string>
  child 0, element: string
dom_parent_idx: list<element: int64>
  child 0, element: int64
dom_depth: list<element: int64>
  child 0, element: int64
dom_attr_count: list<element: int64>
  child 0, element: int64
dom_child_count: list<element: int64>
  child 0, element: int64
dom_node_count: int64
dom_max_depth: int64
dom_truncated: bool
ssl_rank: int64
-- schema metadata --
pandas: '{""index_columns"": [], ""column_indexes"": [], ""columns"": [{""name"":' + 2617"
/kaggle/input/datasets/cristinakaufalt/finaldatafreeze/phreshphish_FINAL_DATA_FREEZE_v3/roles/ssl_pool_200k/part-00151.parquet,datasets/cristinakaufalt/finaldatafreeze/phreshphish_FINAL_DATA_FREEZE_v3/roles/ssl_pool_200k/part-00151.parquet,1017,1,21,"sha256: string
url: string
date: date32[day]
target: string
lang: string
lang_score: double
domain: string
text: string
html_struct: string
template_hash: string
html_prefix_truncated: bool
struct_token_count: int64
dom_tag: list<element: string>
  child 0, element: string
dom_parent_idx: list<element: int64>
  child 0, element: int64
dom_depth: list<element: int64>
  child 0, element: int64
dom_attr_count: list<element: int64>
  child 0, element: int64
dom_child_count: list<element: int64>
  child 0, element: int64
dom_node_count: int64
dom_max_depth: int64
dom_truncated: bool
ssl_rank: int64
-- schema metadata --
pandas: '{""index_columns"": [], ""column_indexes"": [], ""columns"": [{""name"":' + 2617"
/kaggle/input/datasets/cristinakaufalt/finaldatafreeze/phreshphish_FINAL_DATA_FREEZE_v3/roles/ssl_pool_200k/part-00152.parquet,datasets/cristinakaufalt/finaldatafreeze/phreshphish_FINAL_DATA_FREEZE_v3/roles/ssl_pool_200k/part-00152.parquet,833,1,21,"sha256: string
url: string
date: date32[day]
target: string
lang: string
lang_score: double
domain: string
text: string
html_struct: string
template_hash: string
html_prefix_truncated: bool
struct_token_count: int64
dom_tag: list<element: string>
  child 0, element: string
dom_parent_idx: list<element: int64>
  child 0, element: int64
dom_depth: list<element: int64>
  child 0, element: int64
dom_attr_count: list<element: int64>
  child 0, element: int64
dom_child_count: list<element: int64>
  child 0, element: int64
dom_node_count: int64
dom_max_depth: int64
dom_truncated: bool
ssl_rank: int64
-- schema metadata --
pandas: '{""index_columns"": [], ""column_indexes"": [], ""columns"": [{""name"":' + 2617"
/kaggle/input/datasets/cristinakaufalt/finaldatafreeze/phreshphish_FINAL_DATA_FREEZE_v3/roles/ssl_pool_200k/part-00153.parquet,datasets/cristinakaufalt/finaldatafreeze/phreshphish_FINAL_DATA_FREEZE_v3/roles/ssl_pool_200k/part-00153.parquet,977,1,21,"sha256: string
url: string
date: date32[day]
target: string
lang: string
lang_score: double
domain: string
text: string
html_struct: string
template_hash: string
html_prefix_truncated: bool
struct_token_count: int64
dom_tag: list<element: string>
  child 0, element: string
dom_parent_idx: list<element: int64>
  child 0, element: int64
dom_depth: list<element: int64>
  child 0, element: int64
dom_attr_count: list<element: int64>
  child 0, element: int64
dom_child_count: list<element: int64>
  child 0, element: int64
dom_node_count: int64
dom_max_depth: int64
dom_truncated: bool
ssl_rank: int64
-- schema metadata --
pandas: '{""index_columns"": [], ""column_indexes"": [], ""columns"": [{""name"":' + 2617"
/kaggle/input/datasets/cristinakaufalt/finaldatafreeze/phreshphish_FINAL_DATA_FREEZE_v3/roles/ssl_pool_200k/part-00154.parquet,datasets/cristinakaufalt/finaldatafreeze/phreshphish_FINAL_DATA_FREEZE_v3/roles/ssl_pool_200k/part-00154.parquet,994,1,21,"sha256: string
url: string
date: date32[day]
target: string
lang: string
lang_score: double
domain: string
text: string
html_struct: string
template_hash: string
html_prefix_truncated: bool
struct_token_count: int64
dom_tag: list<element: string>
  child 0, element: string
dom_parent_idx: list<element: int64>
  child 0, element: int64
dom_depth: list<element: int64>
  child 0, element: int64
dom_attr_count: list<element: int64>
  child 0, element: int64
dom_child_count: list<element: int64>
  child 0, element: int64
dom_node_count: int64
dom_max_depth: int64
dom_truncated: bool
ssl_rank: int64
-- schema metadata --
pandas: '{""index_columns"": [], ""column_indexes"": [], ""columns"": [{""name"":' + 2617"
/kaggle/input/datasets/cristinakaufalt/finaldatafreeze/phreshphish_FINAL_DATA_FREEZE_v3/roles/ssl_pool_200k/part-00155.parquet,datasets/cristinakaufalt/finaldatafreeze/phreshphish_FINAL_DATA_FREEZE_v3/roles/ssl_pool_200k/part-00155.parquet,999,1,21,"sha256: string
url: string
date: date32[day]
target: string
lang: string
lang_score: double
domain: string
text: string
html_struct: string
template_hash: string
html_prefix_truncated: bool
struct_token_count: int64
dom_tag: list<element: string>
  child 0, element: string
dom_parent_idx: list<element: int64>
  child 0, element: int64
dom_depth: list<element: int64>
  child 0, element: int64
dom_attr_count: list<element: int64>
  child 0, element: int64
dom_child_count: list<element: int64>
  child 0, element: int64
dom_node_count: int64
dom_max_depth: int64
dom_truncated: bool
ssl_rank: int64
-- schema metadata --
pandas: '{""index_columns"": [], ""column_indexes"": [], ""columns"": [{""name"":' + 2617"
/kaggle/input/datasets/cristinakaufalt/finaldatafreeze/phreshphish_FINAL_DATA_FREEZE_v3/roles/ssl_pool_200k/part-00156.parquet,datasets/cristinakaufalt/finaldatafreeze/phreshphish_FINAL_DATA_FREEZE_v3/roles/ssl_pool_200k/part-00156.parquet,852,1,21,"sha256: string
url: string
date: date32[day]
target: string
lang: string
lang_score: double
domain: string
text: string
html_struct: string
template_hash: string
html_prefix_truncated: bool
struct_token_count: int64
dom_tag: list<element: string>
  child 0, element: string
dom_parent_idx: list<element: int64>
  child 0, element: int64
dom_depth: list<element: int64>
  child 0, element: int64
dom_attr_count: list<element: int64>
  child 0, element: int64
dom_child_count: list<element: int64>
  child 0, element: int64
dom_node_count: int64
dom_max_depth: int64
dom_truncated: bool
ssl_rank: int64
-- schema metadata --
pandas: '{""index_columns"": [], ""column_indexes"": [], ""columns"": [{""name"":' + 2617"
/kaggle/input/datasets/cristinakaufalt/finaldatafreeze/phreshphish_FINAL_DATA_FREEZE_v3/roles/ssl_pool_200k/part-00157.parquet,datasets/cristinakaufalt/finaldatafreeze/phreshphish_FINAL_DATA_FREEZE_v3/roles/ssl_pool_200k/part-00157.parquet,981,1,21,"sha256: string
url: string
date: date32[day]
target: string
lang: string
lang_score: double
domain: string
text: string
html_struct: string
template_hash: string
html_prefix_truncated: bool
struct_token_count: int64
dom_tag: list<element: string>
  child 0, element: string
dom_parent_idx: list<element: int64>
  child 0, element: int64
dom_depth: list<element: int64>
  child 0, element: int64
dom_attr_count: list<element: int64>
  child 0, element: int64
dom_child_count: list<element: int64>
  child 0, element: int64
dom_node_count: int64
dom_max_depth: int64
dom_truncated: bool
ssl_rank: int64
-- schema metadata --
pandas: '{""index_columns"": [], ""column_indexes"": [], ""columns"": [{""name"":' + 2617"
/kaggle/input/datasets/cristinakaufalt/finaldatafreeze/phreshphish_FINAL_DATA_FREEZE_v3/roles/ssl_pool_200k/part-00158.parquet,datasets/cristinakaufalt/finaldatafreeze/phreshphish_FINAL_DATA_FREEZE_v3/roles/ssl_pool_200k/part-00158.parquet,1007,1,21,"sha256: string
url: string
date: date32[day]
target: string
lang: string
lang_score: double
domain: string
text: string
html_struct: string
template_hash: string
html_prefix_truncated: bool
struct_token_count: int64
dom_tag: list<element: string>
  child 0, element: string
dom_parent_idx: list<element: int64>
  child 0, element: int64
dom_depth: list<element: int64>
  child 0, element: int64
dom_attr_count: list<element: int64>
  child 0, element: int64
dom_child_count: list<element: int64>
  child 0, element: int64
dom_node_count: int64
dom_max_depth: int64
dom_truncated: bool
ssl_rank: int64
-- schema metadata --
pandas: '{""index_columns"": [], ""column_indexes"": [], ""columns"": [{""name"":' + 2617"
/kaggle/input/datasets/cristinakaufalt/finaldatafreeze/phreshphish_FINAL_DATA_FREEZE_v3/roles/ssl_pool_200k/part-00159.parquet,datasets/cristinakaufalt/finaldatafreeze/phreshphish_FINAL_DATA_FREEZE_v3/roles/ssl_pool_200k/part-00159.parquet,988,1,21,"sha256: string
url: string
date: date32[day]
target: string
lang: string
lang_score: double
domain: string
text: string
html_struct: string
template_hash: string
html_prefix_truncated: bool
struct_token_count: int64
dom_tag: list<element: string>
  child 0, element: string
dom_parent_idx: list<element: int64>
  child 0, element: int64
dom_depth: list<element: int64>
  child 0, element: int64
dom_attr_count: list<element: int64>
  child 0, element: int64
dom_child_count: list<element: int64>
  child 0, element: int64
dom_node_count: int64
dom_max_depth: int64
dom_truncated: bool
ssl_rank: int64
-- schema metadata --
pandas: '{""index_columns"": [], ""column_indexes"": [], ""columns"": [{""name"":' + 2617"
/kaggle/input/datasets/cristinakaufalt/finaldatafreeze/phreshphish_FINAL_DATA_FREEZE_v3/roles/ssl_pool_200k/part-00160.parquet,datasets/cristinakaufalt/finaldatafreeze/phreshphish_FINAL_DATA_FREEZE_v3/roles/ssl_pool_200k/part-00160.parquet,793,1,21,"sha256: string
url: string
date: date32[day]
target: string
lang: string
lang_score: double
domain: string
text: string
html_struct: string
template_hash: string
html_prefix_truncated: bool
struct_token_count: int64
dom_tag: list<element: string>
  child 0, element: string
dom_parent_idx: list<element: int64>
  child 0, element: int64
dom_depth: list<element: int64>
  child 0, element: int64
dom_attr_count: list<element: int64>
  child 0, element: int64
dom_child_count: list<element: int64>
  child 0, element: int64
dom_node_count: int64
dom_max_depth: int64
dom_truncated: bool
ssl_rank: int64
-- schema metadata --
pandas: '{""index_columns"": [], ""column_indexes"": [], ""columns"": [{""name"":' + 2617"
/kaggle/input/datasets/cristinakaufalt/finaldatafreeze/phreshphish_FINAL_DATA_FREEZE_v3/roles/ssl_pool_200k/part-00161.parquet,datasets/cristinakaufalt/finaldatafreeze/phreshphish_FINAL_DATA_FREEZE_v3/roles/ssl_pool_200k/part-00161.parquet,1051,1,21,"sha256: string
url: string
date: date32[day]
target: string
lang: string
lang_score: double
domain: string
text: string
html_struct: string
template_hash: string
html_prefix_truncated: bool
struct_token_count: int64
dom_tag: list<element: string>
  child 0, element: string
dom_parent_idx: list<element: int64>
  child 0, element: int64
dom_depth: list<element: int64>
  child 0, element: int64
dom_attr_count: list<element: int64>
  child 0, element: int64
dom_child_count: list<element: int64>
  child 0, element: int64
dom_node_count: int64
dom_max_depth: int64
dom_truncated: bool
ssl_rank: int64
-- schema metadata --
pandas: '{""index_columns"": [], ""column_indexes"": [], ""columns"": [{""name"":' + 2617"
/kaggle/input/datasets/cristinakaufalt/finaldatafreeze/phreshphish_FINAL_DATA_FREEZE_v3/roles/ssl_pool_200k/part-00162.parquet,datasets/cristinakaufalt/finaldatafreeze/phreshphish_FINAL_DATA_FREEZE_v3/roles/ssl_pool_200k/part-00162.parquet,999,1,21,"sha256: string
url: string
date: date32[day]
target: string
lang: string
lang_score: double
domain: string
text: string
html_struct: string
template_hash: string
html_prefix_truncated: bool
struct_token_count: int64
dom_tag: list<element: string>
  child 0, element: string
dom_parent_idx: list<element: int64>
  child 0, element: int64
dom_depth: list<element: int64>
  child 0, element: int64
dom_attr_count: list<element: int64>
  child 0, element: int64
dom_child_count: list<element: int64>
  child 0, element: int64
dom_node_count: int64
dom_max_depth: int64
dom_truncated: bool
ssl_rank: int64
-- schema metadata --
pandas: '{""index_columns"": [], ""column_indexes"": [], ""columns"": [{""name"":' + 2617"
/kaggle/input/datasets/cristinakaufalt/finaldatafreeze/phreshphish_FINAL_DATA_FREEZE_v3/roles/ssl_pool_200k/part-00163.parquet,datasets/cristinakaufalt/finaldatafreeze/phreshphish_FINAL_DATA_FREEZE_v3/roles/ssl_pool_200k/part-00163.parquet,1001,1,21,"sha256: string
url: string
date: date32[day]
target: string
lang: string
lang_score: double
domain: string
text: string
html_struct: string
template_hash: string
html_prefix_truncated: bool
struct_token_count: int64
dom_tag: list<element: string>
  child 0, element: string
dom_parent_idx: list<element: int64>
  child 0, element: int64
dom_depth: list<element: int64>
  child 0, element: int64
dom_attr_count: list<element: int64>
  child 0, element: int64
dom_child_count: list<element: int64>
  child 0, element: int64
dom_node_count: int64
dom_max_depth: int64
dom_truncated: bool
ssl_rank: int64
-- schema metadata --
pandas: '{""index_columns"": [], ""column_indexes"": [], ""columns"": [{""name"":' + 2617"
/kaggle/input/datasets/cristinakaufalt/finaldatafreeze/phreshphish_FINAL_DATA_FREEZE_v3/roles/ssl_pool_200k/part-00164.parquet,datasets/cristinakaufalt/finaldatafreeze/phreshphish_FINAL_DATA_FREEZE_v3/roles/ssl_pool_200k/part-00164.parquet,841,1,21,"sha256: string
url: string
date: date32[day]
target: string
lang: string
lang_score: double
domain: string
text: string
html_struct: string
template_hash: string
html_prefix_truncated: bool
struct_token_count: int64
dom_tag: list<element: string>
  child 0, element: string
dom_parent_idx: list<element: int64>
  child 0, element: int64
dom_depth: list<element: int64>
  child 0, element: int64
dom_attr_count: list<element: int64>
  child 0, element: int64
dom_child_count: list<element: int64>
  child 0, element: int64
dom_node_count: int64
dom_max_depth: int64
dom_truncated: bool
ssl_rank: int64
-- schema metadata --
pandas: '{""index_columns"": [], ""column_indexes"": [], ""columns"": [{""name"":' + 2617"
/kaggle/input/datasets/cristinakaufalt/finaldatafreeze/phreshphish_FINAL_DATA_FREEZE_v3/roles/ssl_pool_200k/part-00165.parquet,datasets/cristinakaufalt/finaldatafreeze/phreshphish_FINAL_DATA_FREEZE_v3/roles/ssl_pool_200k/part-00165.parquet,1026,1,21,"sha256: string
url: string
date: date32[day]
target: string
lang: string
lang_score: double
domain: string
text: string
html_struct: string
template_hash: string
html_prefix_truncated: bool
struct_token_count: int64
dom_tag: list<element: string>
  child 0, element: string
dom_parent_idx: list<element: int64>
  child 0, element: int64
dom_depth: list<element: int64>
  child 0, element: int64
dom_attr_count: list<element: int64>
  child 0, element: int64
dom_child_count: list<element: int64>
  child 0, element: int64
dom_node_count: int64
dom_max_depth: int64
dom_truncated: bool
ssl_rank: int64
-- schema metadata --
pandas: '{""index_columns"": [], ""column_indexes"": [], ""columns"": [{""name"":' + 2617"
/kaggle/input/datasets/cristinakaufalt/finaldatafreeze/phreshphish_FINAL_DATA_FREEZE_v3/roles/ssl_pool_200k/part-00166.parquet,datasets/cristinakaufalt/finaldatafreeze/phreshphish_FINAL_DATA_FREEZE_v3/roles/ssl_pool_200k/part-00166.parquet,1053,1,21,"sha256: string
url: string
date: date32[day]
target: string
lang: string
lang_score: double
domain: string
text: string
html_struct: string
template_hash: string
html_prefix_truncated: bool
struct_token_count: int64
dom_tag: list<element: string>
  child 0, element: string
dom_parent_idx: list<element: int64>
  child 0, element: int64
dom_depth: list<element: int64>
  child 0, element: int64
dom_attr_count: list<element: int64>
  child 0, element: int64
dom_child_count: list<element: int64>
  child 0, element: int64
dom_node_count: int64
dom_max_depth: int64
dom_truncated: bool
ssl_rank: int64
-- schema metadata --
pandas: '{""index_columns"": [], ""column_indexes"": [], ""columns"": [{""name"":' + 2617"
/kaggle/input/datasets/cristinakaufalt/finaldatafreeze/phreshphish_FINAL_DATA_FREEZE_v3/roles/ssl_pool_200k/part-00167.parquet,datasets/cristinakaufalt/finaldatafreeze/phreshphish_FINAL_DATA_FREEZE_v3/roles/ssl_pool_200k/part-00167.parquet,997,1,21,"sha256: string
url: string
date: date32[day]
target: string
lang: string
lang_score: double
domain: string
text: string
html_struct: string
template_hash: string
html_prefix_truncated: bool
struct_token_count: int64
dom_tag: list<element: string>
  child 0, element: string
dom_parent_idx: list<element: int64>
  child 0, element: int64
dom_depth: list<element: int64>
  child 0, element: int64
dom_attr_count: list<element: int64>
  child 0, element: int64
dom_child_count: list<element: int64>
  child 0, element: int64
dom_node_count: int64
dom_max_depth: int64
dom_truncated: bool
ssl_rank: int64
-- schema metadata --
pandas: '{""index_columns"": [], ""column_indexes"": [], ""columns"": [{""name"":' + 2617"
/kaggle/input/datasets/cristinakaufalt/finaldatafreeze/phreshphish_FINAL_DATA_FREEZE_v3/roles/ssl_pool_200k/part-00168.parquet,datasets/cristinakaufalt/finaldatafreeze/phreshphish_FINAL_DATA_FREEZE_v3/roles/ssl_pool_200k/part-00168.parquet,820,1,21,"sha256: string
url: string
date: date32[day]
target: string
lang: string
lang_score: double
domain: string
text: string
html_struct: string
template_hash: string
html_prefix_truncated: bool
struct_token_count: int64
dom_tag: list<element: string>
  child 0, element: string
dom_parent_idx: list<element: int64>
  child 0, element: int64
dom_depth: list<element: int64>
  child 0, element: int64
dom_attr_count: list<element: int64>
  child 0, element: int64
dom_child_count: list<element: int64>
  child 0, element: int64
dom_node_count: int64
dom_max_depth: int64
dom_truncated: bool
ssl_rank: int64
-- schema metadata --
pandas: '{""index_columns"": [], ""column_indexes"": [], ""columns"": [{""name"":' + 2617"
/kaggle/input/datasets/cristinakaufalt/finaldatafreeze/phreshphish_FINAL_DATA_FREEZE_v3/roles/ssl_pool_200k/part-00169.parquet,datasets/cristinakaufalt/finaldatafreeze/phreshphish_FINAL_DATA_FREEZE_v3/roles/ssl_pool_200k/part-00169.parquet,971,1,21,"sha256: string
url: string
date: date32[day]
target: string
lang: string
lang_score: double
domain: string
text: string
html_struct: string
template_hash: string
html_prefix_truncated: bool
struct_token_count: int64
dom_tag: list<element: string>
  child 0, element: string
dom_parent_idx: list<element: int64>
  child 0, element: int64
dom_depth: list<element: int64>
  child 0, element: int64
dom_attr_count: list<element: int64>
  child 0, element: int64
dom_child_count: list<element: int64>
  child 0, element: int64
dom_node_count: int64
dom_max_depth: int64
dom_truncated: bool
ssl_rank: int64
-- schema metadata --
pandas: '{""index_columns"": [], ""column_indexes"": [], ""columns"": [{""name"":' + 2617"
/kaggle/input/datasets/cristinakaufalt/finaldatafreeze/phreshphish_FINAL_DATA_FREEZE_v3/roles/ssl_pool_200k/part-00170.parquet,datasets/cristinakaufalt/finaldatafreeze/phreshphish_FINAL_DATA_FREEZE_v3/roles/ssl_pool_200k/part-00170.parquet,1060,1,21,"sha256: string
url: string
date: date32[day]
target: string
lang: string
lang_score: double
domain: string
text: string
html_struct: string
template_hash: string
html_prefix_truncated: bool
struct_token_count: int64
dom_tag: list<element: string>
  child 0, element: string
dom_parent_idx: list<element: int64>
  child 0, element: int64
dom_depth: list<element: int64>
  child 0, element: int64
dom_attr_count: list<element: int64>
  child 0, element: int64
dom_child_count: list<element: int64>
  child 0, element: int64
dom_node_count: int64
dom_max_depth: int64
dom_truncated: bool
ssl_rank: int64
-- schema metadata --
pandas: '{""index_columns"": [], ""column_indexes"": [], ""columns"": [{""name"":' + 2617"
/kaggle/input/datasets/cristinakaufalt/finaldatafreeze/phreshphish_FINAL_DATA_FREEZE_v3/roles/ssl_pool_200k/part-00171.parquet,datasets/cristinakaufalt/finaldatafreeze/phreshphish_FINAL_DATA_FREEZE_v3/roles/ssl_pool_200k/part-00171.parquet,1016,1,21,"sha256: string
url: string
date: date32[day]
target: string
lang: string
lang_score: double
domain: string
text: string
html_struct: string
template_hash: string
html_prefix_truncated: bool
struct_token_count: int64
dom_tag: list<element: string>
  child 0, element: string
dom_parent_idx: list<element: int64>
  child 0, element: int64
dom_depth: list<element: int64>
  child 0, element: int64
dom_attr_count: list<element: int64>
  child 0, element: int64
dom_child_count: list<element: int64>
  child 0, element: int64
dom_node_count: int64
dom_max_depth: int64
dom_truncated: bool
ssl_rank: int64
-- schema metadata --
pandas: '{""index_columns"": [], ""column_indexes"": [], ""columns"": [{""name"":' + 2617"
/kaggle/input/datasets/cristinakaufalt/finaldatafreeze/phreshphish_FINAL_DATA_FREEZE_v3/roles/ssl_pool_200k/part-00172.parquet,datasets/cristinakaufalt/finaldatafreeze/phreshphish_FINAL_DATA_FREEZE_v3/roles/ssl_pool_200k/part-00172.parquet,791,1,21,"sha256: string
url: string
date: date32[day]
target: string
lang: string
lang_score: double
domain: string
text: string
html_struct: string
template_hash: string
html_prefix_truncated: bool
struct_token_count: int64
dom_tag: list<element: string>
  child 0, element: string
dom_parent_idx: list<element: int64>
  child 0, element: int64
dom_depth: list<element: int64>
  child 0, element: int64
dom_attr_count: list<element: int64>
  child 0, element: int64
dom_child_count: list<element: int64>
  child 0, element: int64
dom_node_count: int64
dom_max_depth: int64
dom_truncated: bool
ssl_rank: int64
-- schema metadata --
pandas: '{""index_columns"": [], ""column_indexes"": [], ""columns"": [{""name"":' + 2617"
/kaggle/input/datasets/cristinakaufalt/finaldatafreeze/phreshphish_FINAL_DATA_FREEZE_v3/roles/ssl_pool_200k/part-00173.parquet,datasets/cristinakaufalt/finaldatafreeze/phreshphish_FINAL_DATA_FREEZE_v3/roles/ssl_pool_200k/part-00173.parquet,999,1,21,"sha256: string
url: string
date: date32[day]
target: string
lang: string
lang_score: double
domain: string
text: string
html_struct: string
template_hash: string
html_prefix_truncated: bool
struct_token_count: int64
dom_tag: list<element: string>
  child 0, element: string
dom_parent_idx: list<element: int64>
  child 0, element: int64
dom_depth: list<element: int64>
  child 0, element: int64
dom_attr_count: list<element: int64>
  child 0, element: int64
dom_child_count: list<element: int64>
  child 0, element: int64
dom_node_count: int64
dom_max_depth: int64
dom_truncated: bool
ssl_rank: int64
-- schema metadata --
pandas: '{""index_columns"": [], ""column_indexes"": [], ""columns"": [{""name"":' + 2617"
/kaggle/input/datasets/cristinakaufalt/finaldatafreeze/phreshphish_FINAL_DATA_FREEZE_v3/roles/ssl_pool_200k/part-00174.parquet,datasets/cristinakaufalt/finaldatafreeze/phreshphish_FINAL_DATA_FREEZE_v3/roles/ssl_pool_200k/part-00174.parquet,1044,1,21,"sha256: string
url: string
date: date32[day]
target: string
lang: string
lang_score: double
domain: string
text: string
html_struct: string
template_hash: string
html_prefix_truncated: bool
struct_token_count: int64
dom_tag: list<element: string>
  child 0, element: string
dom_parent_idx: list<element: int64>
  child 0, element: int64
dom_depth: list<element: int64>
  child 0, element: int64
dom_attr_count: list<element: int64>
  child 0, element: int64
dom_child_count: list<element: int64>
  child 0, element: int64
dom_node_count: int64
dom_max_depth: int64
dom_truncated: bool
ssl_rank: int64
-- schema metadata --
pandas: '{""index_columns"": [], ""column_indexes"": [], ""columns"": [{""name"":' + 2617"
/kaggle/input/datasets/cristinakaufalt/finaldatafreeze/phreshphish_FINAL_DATA_FREEZE_v3/roles/ssl_pool_200k/part-00175.parquet,datasets/cristinakaufalt/finaldatafreeze/phreshphish_FINAL_DATA_FREEZE_v3/roles/ssl_pool_200k/part-00175.parquet,971,1,21,"sha256: string
url: string
date: date32[day]
target: string
lang: string
lang_score: double
domain: string
text: string
html_struct: string
template_hash: string
html_prefix_truncated: bool
struct_token_count: int64
dom_tag: list<element: string>
  child 0, element: string
dom_parent_idx: list<element: int64>
  child 0, element: int64
dom_depth: list<element: int64>
  child 0, element: int64
dom_attr_count: list<element: int64>
  child 0, element: int64
dom_child_count: list<element: int64>
  child 0, element: int64
dom_node_count: int64
dom_max_depth: int64
dom_truncated: bool
ssl_rank: int64
-- schema metadata --
pandas: '{""index_columns"": [], ""column_indexes"": [], ""columns"": [{""name"":' + 2617"
/kaggle/input/datasets/cristinakaufalt/finaldatafreeze/phreshphish_FINAL_DATA_FREEZE_v3/roles/ssl_pool_200k/part-00176.parquet,datasets/cristinakaufalt/finaldatafreeze/phreshphish_FINAL_DATA_FREEZE_v3/roles/ssl_pool_200k/part-00176.parquet,840,1,21,"sha256: string
url: string
date: date32[day]
target: string
lang: string
lang_score: double
domain: string
text: string
html_struct: string
template_hash: string
html_prefix_truncated: bool
struct_token_count: int64
dom_tag: list<element: string>
  child 0, element: string
dom_parent_idx: list<element: int64>
  child 0, element: int64
dom_depth: list<element: int64>
  child 0, element: int64
dom_attr_count: list<element: int64>
  child 0, element: int64
dom_child_count: list<element: int64>
  child 0, element: int64
dom_node_count: int64
dom_max_depth: int64
dom_truncated: bool
ssl_rank: int64
-- schema metadata --
pandas: '{""index_columns"": [], ""column_indexes"": [], ""columns"": [{""name"":' + 2617"
/kaggle/input/datasets/cristinakaufalt/finaldatafreeze/phreshphish_FINAL_DATA_FREEZE_v3/roles/ssl_pool_200k/part-00177.parquet,datasets/cristinakaufalt/finaldatafreeze/phreshphish_FINAL_DATA_FREEZE_v3/roles/ssl_pool_200k/part-00177.parquet,1037,1,21,"sha256: string
url: string
date: date32[day]
target: string
lang: string
lang_score: double
domain: string
text: string
html_struct: string
template_hash: string
html_prefix_truncated: bool
struct_token_count: int64
dom_tag: list<element: string>
  child 0, element: string
dom_parent_idx: list<element: int64>
  child 0, element: int64
dom_depth: list<element: int64>
  child 0, element: int64
dom_attr_count: list<element: int64>
  child 0, element: int64
dom_child_count: list<element: int64>
  child 0, element: int64
dom_node_count: int64
dom_max_depth: int64
dom_truncated: bool
ssl_rank: int64
-- schema metadata --
pandas: '{""index_columns"": [], ""column_indexes"": [], ""columns"": [{""name"":' + 2617"
/kaggle/input/datasets/cristinakaufalt/finaldatafreeze/phreshphish_FINAL_DATA_FREEZE_v3/roles/ssl_pool_200k/part-00178.parquet,datasets/cristinakaufalt/finaldatafreeze/phreshphish_FINAL_DATA_FREEZE_v3/roles/ssl_pool_200k/part-00178.parquet,1030,1,21,"sha256: string
url: string
date: date32[day]
target: string
lang: string
lang_score: double
domain: string
text: string
html_struct: string
template_hash: string
html_prefix_truncated: bool
struct_token_count: int64
dom_tag: list<element: string>
  child 0, element: string
dom_parent_idx: list<element: int64>
  child 0, element: int64
dom_depth: list<element: int64>
  child 0, element: int64
dom_attr_count: list<element: int64>
  child 0, element: int64
dom_child_count: list<element: int64>
  child 0, element: int64
dom_node_count: int64
dom_max_depth: int64
dom_truncated: bool
ssl_rank: int64
-- schema metadata --
pandas: '{""index_columns"": [], ""column_indexes"": [], ""columns"": [{""name"":' + 2617"
/kaggle/input/datasets/cristinakaufalt/finaldatafreeze/phreshphish_FINAL_DATA_FREEZE_v3/roles/ssl_pool_200k/part-00179.parquet,datasets/cristinakaufalt/finaldatafreeze/phreshphish_FINAL_DATA_FREEZE_v3/roles/ssl_pool_200k/part-00179.parquet,1050,1,21,"sha256: string
url: string
date: date32[day]
target: string
lang: string
lang_score: double
domain: string
text: string
html_struct: string
template_hash: string
html_prefix_truncated: bool
struct_token_count: int64
dom_tag: list<element: string>
  child 0, element: string
dom_parent_idx: list<element: int64>
  child 0, element: int64
dom_depth: list<element: int64>
  child 0, element: int64
dom_attr_count: list<element: int64>
  child 0, element: int64
dom_child_count: list<element: int64>
  child 0, element: int64
dom_node_count: int64
dom_max_depth: int64
dom_truncated: bool
ssl_rank: int64
-- schema metadata --
pandas: '{""index_columns"": [], ""column_indexes"": [], ""columns"": [{""name"":' + 2617"
/kaggle/input/datasets/cristinakaufalt/finaldatafreeze/phreshphish_FINAL_DATA_FREEZE_v3/roles/ssl_pool_200k/part-00180.parquet,datasets/cristinakaufalt/finaldatafreeze/phreshphish_FINAL_DATA_FREEZE_v3/roles/ssl_pool_200k/part-00180.parquet,868,1,21,"sha256: string
url: string
date: date32[day]
target: string
lang: string
lang_score: double
domain: string
text: string
html_struct: string
template_hash: string
html_prefix_truncated: bool
struct_token_count: int64
dom_tag: list<element: string>
  child 0, element: string
dom_parent_idx: list<element: int64>
  child 0, element: int64
dom_depth: list<element: int64>
  child 0, element: int64
dom_attr_count: list<element: int64>
  child 0, element: int64
dom_child_count: list<element: int64>
  child 0, element: int64
dom_node_count: int64
dom_max_depth: int64
dom_truncated: bool
ssl_rank: int64
-- schema metadata --
pandas: '{""index_columns"": [], ""column_indexes"": [], ""columns"": [{""name"":' + 2617"
/kaggle/input/datasets/cristinakaufalt/finaldatafreeze/phreshphish_FINAL_DATA_FREEZE_v3/roles/ssl_pool_200k/part-00181.parquet,datasets/cristinakaufalt/finaldatafreeze/phreshphish_FINAL_DATA_FREEZE_v3/roles/ssl_pool_200k/part-00181.parquet,1007,1,21,"sha256: string
url: string
date: date32[day]
target: string
lang: string
lang_score: double
domain: string
text: string
html_struct: string
template_hash: string
html_prefix_truncated: bool
struct_token_count: int64
dom_tag: list<element: string>
  child 0, element: string
dom_parent_idx: list<element: int64>
  child 0, element: int64
dom_depth: list<element: int64>
  child 0, element: int64
dom_attr_count: list<element: int64>
  child 0, element: int64
dom_child_count: list<element: int64>
  child 0, element: int64
dom_node_count: int64
dom_max_depth: int64
dom_truncated: bool
ssl_rank: int64
-- schema metadata --
pandas: '{""index_columns"": [], ""column_indexes"": [], ""columns"": [{""name"":' + 2617"
/kaggle/input/datasets/cristinakaufalt/finaldatafreeze/phreshphish_FINAL_DATA_FREEZE_v3/roles/ssl_pool_200k/part-00182.parquet,datasets/cristinakaufalt/finaldatafreeze/phreshphish_FINAL_DATA_FREEZE_v3/roles/ssl_pool_200k/part-00182.parquet,1004,1,21,"sha256: string
url: string
date: date32[day]
target: string
lang: string
lang_score: double
domain: string
text: string
html_struct: string
template_hash: string
html_prefix_truncated: bool
struct_token_count: int64
dom_tag: list<element: string>
  child 0, element: string
dom_parent_idx: list<element: int64>
  child 0, element: int64
dom_depth: list<element: int64>
  child 0, element: int64
dom_attr_count: list<element: int64>
  child 0, element: int64
dom_child_count: list<element: int64>
  child 0, element: int64
dom_node_count: int64
dom_max_depth: int64
dom_truncated: bool
ssl_rank: int64
-- schema metadata --
pandas: '{""index_columns"": [], ""column_indexes"": [], ""columns"": [{""name"":' + 2617"
/kaggle/input/datasets/cristinakaufalt/finaldatafreeze/phreshphish_FINAL_DATA_FREEZE_v3/roles/ssl_pool_200k/part-00183.parquet,datasets/cristinakaufalt/finaldatafreeze/phreshphish_FINAL_DATA_FREEZE_v3/roles/ssl_pool_200k/part-00183.parquet,1008,1,21,"sha256: string
url: string
date: date32[day]
target: string
lang: string
lang_score: double
domain: string
text: string
html_struct: string
template_hash: string
html_prefix_truncated: bool
struct_token_count: int64
dom_tag: list<element: string>
  child 0, element: string
dom_parent_idx: list<element: int64>
  child 0, element: int64
dom_depth: list<element: int64>
  child 0, element: int64
dom_attr_count: list<element: int64>
  child 0, element: int64
dom_child_count: list<element: int64>
  child 0, element: int64
dom_node_count: int64
dom_max_depth: int64
dom_truncated: bool
ssl_rank: int64
-- schema metadata --
pandas: '{""index_columns"": [], ""column_indexes"": [], ""columns"": [{""name"":' + 2617"
/kaggle/input/datasets/cristinakaufalt/finaldatafreeze/phreshphish_FINAL_DATA_FREEZE_v3/roles/ssl_pool_200k/part-00184.parquet,datasets/cristinakaufalt/finaldatafreeze/phreshphish_FINAL_DATA_FREEZE_v3/roles/ssl_pool_200k/part-00184.parquet,897,1,21,"sha256: string
url: string
date: date32[day]
target: string
lang: string
lang_score: double
domain: string
text: string
html_struct: string
template_hash: string
html_prefix_truncated: bool
struct_token_count: int64
dom_tag: list<element: string>
  child 0, element: string
dom_parent_idx: list<element: int64>
  child 0, element: int64
dom_depth: list<element: int64>
  child 0, element: int64
dom_attr_count: list<element: int64>
  child 0, element: int64
dom_child_count: list<element: int64>
  child 0, element: int64
dom_node_count: int64
dom_max_depth: int64
dom_truncated: bool
ssl_rank: int64
-- schema metadata --
pandas: '{""index_columns"": [], ""column_indexes"": [], ""columns"": [{""name"":' + 2617"
/kaggle/input/datasets/cristinakaufalt/finaldatafreeze/phreshphish_FINAL_DATA_FREEZE_v3/roles/ssl_pool_200k/part-00185.parquet,datasets/cristinakaufalt/finaldatafreeze/phreshphish_FINAL_DATA_FREEZE_v3/roles/ssl_pool_200k/part-00185.parquet,970,1,21,"sha256: string
url: string
date: date32[day]
target: string
lang: string
lang_score: double
domain: string
text: string
html_struct: string
template_hash: string
html_prefix_truncated: bool
struct_token_count: int64
dom_tag: list<element: string>
  child 0, element: string
dom_parent_idx: list<element: int64>
  child 0, element: int64
dom_depth: list<element: int64>
  child 0, element: int64
dom_attr_count: list<element: int64>
  child 0, element: int64
dom_child_count: list<element: int64>
  child 0, element: int64
dom_node_count: int64
dom_max_depth: int64
dom_truncated: bool
ssl_rank: int64
-- schema metadata --
pandas: '{""index_columns"": [], ""column_indexes"": [], ""columns"": [{""name"":' + 2617"
/kaggle/input/datasets/cristinakaufalt/finaldatafreeze/phreshphish_FINAL_DATA_FREEZE_v3/roles/ssl_pool_200k/part-00186.parquet,datasets/cristinakaufalt/finaldatafreeze/phreshphish_FINAL_DATA_FREEZE_v3/roles/ssl_pool_200k/part-00186.parquet,981,1,21,"sha256: string
url: string
date: date32[day]
target: string
lang: string
lang_score: double
domain: string
text: string
html_struct: string
template_hash: string
html_prefix_truncated: bool
struct_token_count: int64
dom_tag: list<element: string>
  child 0, element: string
dom_parent_idx: list<element: int64>
  child 0, element: int64
dom_depth: list<element: int64>
  child 0, element: int64
dom_attr_count: list<element: int64>
  child 0, element: int64
dom_child_count: list<element: int64>
  child 0, element: int64
dom_node_count: int64
dom_max_depth: int64
dom_truncated: bool
ssl_rank: int64
-- schema metadata --
pandas: '{""index_columns"": [], ""column_indexes"": [], ""columns"": [{""name"":' + 2617"
/kaggle/input/datasets/cristinakaufalt/finaldatafreeze/phreshphish_FINAL_DATA_FREEZE_v3/roles/ssl_pool_200k/part-00187.parquet,datasets/cristinakaufalt/finaldatafreeze/phreshphish_FINAL_DATA_FREEZE_v3/roles/ssl_pool_200k/part-00187.parquet,1039,1,21,"sha256: string
url: string
date: date32[day]
target: string
lang: string
lang_score: double
domain: string
text: string
html_struct: string
template_hash: string
html_prefix_truncated: bool
struct_token_count: int64
dom_tag: list<element: string>
  child 0, element: string
dom_parent_idx: list<element: int64>
  child 0, element: int64
dom_depth: list<element: int64>
  child 0, element: int64
dom_attr_count: list<element: int64>
  child 0, element: int64
dom_child_count: list<element: int64>
  child 0, element: int64
dom_node_count: int64
dom_max_depth: int64
dom_truncated: bool
ssl_rank: int64
-- schema metadata --
pandas: '{""index_columns"": [], ""column_indexes"": [], ""columns"": [{""name"":' + 2617"
/kaggle/input/datasets/cristinakaufalt/finaldatafreeze/phreshphish_FINAL_DATA_FREEZE_v3/roles/ssl_pool_200k/part-00188.parquet,datasets/cristinakaufalt/finaldatafreeze/phreshphish_FINAL_DATA_FREEZE_v3/roles/ssl_pool_200k/part-00188.parquet,855,1,21,"sha256: string
url: string
date: date32[day]
target: string
lang: string
lang_score: double
domain: string
text: string
html_struct: string
template_hash: string
html_prefix_truncated: bool
struct_token_count: int64
dom_tag: list<element: string>
  child 0, element: string
dom_parent_idx: list<element: int64>
  child 0, element: int64
dom_depth: list<element: int64>
  child 0, element: int64
dom_attr_count: list<element: int64>
  child 0, element: int64
dom_child_count: list<element: int64>
  child 0, element: int64
dom_node_count: int64
dom_max_depth: int64
dom_truncated: bool
ssl_rank: int64
-- schema metadata --
pandas: '{""index_columns"": [], ""column_indexes"": [], ""columns"": [{""name"":' + 2617"
/kaggle/input/datasets/cristinakaufalt/finaldatafreeze/phreshphish_FINAL_DATA_FREEZE_v3/roles/ssl_pool_200k/part-00189.parquet,datasets/cristinakaufalt/finaldatafreeze/phreshphish_FINAL_DATA_FREEZE_v3/roles/ssl_pool_200k/part-00189.parquet,1038,1,21,"sha256: string
url: string
date: date32[day]
target: string
lang: string
lang_score: double
domain: string
text: string
html_struct: string
template_hash: string
html_prefix_truncated: bool
struct_token_count: int64
dom_tag: list<element: string>
  child 0, element: string
dom_parent_idx: list<element: int64>
  child 0, element: int64
dom_depth: list<element: int64>
  child 0, element: int64
dom_attr_count: list<element: int64>
  child 0, element: int64
dom_child_count: list<element: int64>
  child 0, element: int64
dom_node_count: int64
dom_max_depth: int64
dom_truncated: bool
ssl_rank: int64
-- schema metadata --
pandas: '{""index_columns"": [], ""column_indexes"": [], ""columns"": [{""name"":' + 2617"
/kaggle/input/datasets/cristinakaufalt/finaldatafreeze/phreshphish_FINAL_DATA_FREEZE_v3/roles/ssl_pool_200k/part-00190.parquet,datasets/cristinakaufalt/finaldatafreeze/phreshphish_FINAL_DATA_FREEZE_v3/roles/ssl_pool_200k/part-00190.parquet,1047,1,21,"sha256: string
url: string
date: date32[day]
target: string
lang: string
lang_score: double
domain: string
text: string
html_struct: string
template_hash: string
html_prefix_truncated: bool
struct_token_count: int64
dom_tag: list<element: string>
  child 0, element: string
dom_parent_idx: list<element: int64>
  child 0, element: int64
dom_depth: list<element: int64>
  child 0, element: int64
dom_attr_count: list<element: int64>
  child 0, element: int64
dom_child_count: list<element: int64>
  child 0, element: int64
dom_node_count: int64
dom_max_depth: int64
dom_truncated: bool
ssl_rank: int64
-- schema metadata --
pandas: '{""index_columns"": [], ""column_indexes"": [], ""columns"": [{""name"":' + 2617"
/kaggle/input/datasets/cristinakaufalt/finaldatafreeze/phreshphish_FINAL_DATA_FREEZE_v3/roles/ssl_pool_200k/part-00191.parquet,datasets/cristinakaufalt/finaldatafreeze/phreshphish_FINAL_DATA_FREEZE_v3/roles/ssl_pool_200k/part-00191.parquet,1036,1,21,"sha256: string
url: string
date: date32[day]
target: string
lang: string
lang_score: double
domain: string
text: string
html_struct: string
template_hash: string
html_prefix_truncated: bool
struct_token_count: int64
dom_tag: list<element: string>
  child 0, element: string
dom_parent_idx: list<element: int64>
  child 0, element: int64
dom_depth: list<element: int64>
  child 0, element: int64
dom_attr_count: list<element: int64>
  child 0, element: int64
dom_child_count: list<element: int64>
  child 0, element: int64
dom_node_count: int64
dom_max_depth: int64
dom_truncated: bool
ssl_rank: int64
-- schema metadata --
pandas: '{""index_columns"": [], ""column_indexes"": [], ""columns"": [{""name"":' + 2617"
/kaggle/input/datasets/cristinakaufalt/finaldatafreeze/phreshphish_FINAL_DATA_FREEZE_v3/roles/ssl_pool_200k/part-00192.parquet,datasets/cristinakaufalt/finaldatafreeze/phreshphish_FINAL_DATA_FREEZE_v3/roles/ssl_pool_200k/part-00192.parquet,813,1,21,"sha256: string
url: string
date: date32[day]
target: string
lang: string
lang_score: double
domain: string
text: string
html_struct: string
template_hash: string
html_prefix_truncated: bool
struct_token_count: int64
dom_tag: list<element: string>
  child 0, element: string
dom_parent_idx: list<element: int64>
  child 0, element: int64
dom_depth: list<element: int64>
  child 0, element: int64
dom_attr_count: list<element: int64>
  child 0, element: int64
dom_child_count: list<element: int64>
  child 0, element: int64
dom_node_count: int64
dom_max_depth: int64
dom_truncated: bool
ssl_rank: int64
-- schema metadata --
pandas: '{""index_columns"": [], ""column_indexes"": [], ""columns"": [{""name"":' + 2617"
/kaggle/input/datasets/cristinakaufalt/finaldatafreeze/phreshphish_FINAL_DATA_FREEZE_v3/roles/ssl_pool_200k/part-00193.parquet,datasets/cristinakaufalt/finaldatafreeze/phreshphish_FINAL_DATA_FREEZE_v3/roles/ssl_pool_200k/part-00193.parquet,982,1,21,"sha256: string
url: string
date: date32[day]
target: string
lang: string
lang_score: double
domain: string
text: string
html_struct: string
template_hash: string
html_prefix_truncated: bool
struct_token_count: int64
dom_tag: list<element: string>
  child 0, element: string
dom_parent_idx: list<element: int64>
  child 0, element: int64
dom_depth: list<element: int64>
  child 0, element: int64
dom_attr_count: list<element: int64>
  child 0, element: int64
dom_child_count: list<element: int64>
  child 0, element: int64
dom_node_count: int64
dom_max_depth: int64
dom_truncated: bool
ssl_rank: int64
-- schema metadata --
pandas: '{""index_columns"": [], ""column_indexes"": [], ""columns"": [{""name"":' + 2617"
/kaggle/input/datasets/cristinakaufalt/finaldatafreeze/phreshphish_FINAL_DATA_FREEZE_v3/roles/ssl_pool_200k/part-00194.parquet,datasets/cristinakaufalt/finaldatafreeze/phreshphish_FINAL_DATA_FREEZE_v3/roles/ssl_pool_200k/part-00194.parquet,1037,1,21,"sha256: string
url: string
date: date32[day]
target: string
lang: string
lang_score: double
domain: string
text: string
html_struct: string
template_hash: string
html_prefix_truncated: bool
struct_token_count: int64
dom_tag: list<element: string>
  child 0, element: string
dom_parent_idx: list<element: int64>
  child 0, element: int64
dom_depth: list<element: int64>
  child 0, element: int64
dom_attr_count: list<element: int64>
  child 0, element: int64
dom_child_count: list<element: int64>
  child 0, element: int64
dom_node_count: int64
dom_max_depth: int64
dom_truncated: bool
ssl_rank: int64
-- schema metadata --
pandas: '{""index_columns"": [], ""column_indexes"": [], ""columns"": [{""name"":' + 2617"
/kaggle/input/datasets/cristinakaufalt/finaldatafreeze/phreshphish_FINAL_DATA_FREEZE_v3/roles/ssl_pool_200k/part-00195.parquet,datasets/cristinakaufalt/finaldatafreeze/phreshphish_FINAL_DATA_FREEZE_v3/roles/ssl_pool_200k/part-00195.parquet,1048,1,21,"sha256: string
url: string
date: date32[day]
target: string
lang: string
lang_score: double
domain: string
text: string
html_struct: string
template_hash: string
html_prefix_truncated: bool
struct_token_count: int64
dom_tag: list<element: string>
  child 0, element: string
dom_parent_idx: list<element: int64>
  child 0, element: int64
dom_depth: list<element: int64>
  child 0, element: int64
dom_attr_count: list<element: int64>
  child 0, element: int64
dom_child_count: list<element: int64>
  child 0, element: int64
dom_node_count: int64
dom_max_depth: int64
dom_truncated: bool
ssl_rank: int64
-- schema metadata --
pandas: '{""index_columns"": [], ""column_indexes"": [], ""columns"": [{""name"":' + 2617"
/kaggle/input/datasets/cristinakaufalt/finaldatafreeze/phreshphish_FINAL_DATA_FREEZE_v3/roles/ssl_pool_200k/part-00196.parquet,datasets/cristinakaufalt/finaldatafreeze/phreshphish_FINAL_DATA_FREEZE_v3/roles/ssl_pool_200k/part-00196.parquet,841,1,21,"sha256: string
url: string
date: date32[day]
target: string
lang: string
lang_score: double
domain: string
text: string
html_struct: string
template_hash: string
html_prefix_truncated: bool
struct_token_count: int64
dom_tag: list<element: string>
  child 0, element: string
dom_parent_idx: list<element: int64>
  child 0, element: int64
dom_depth: list<element: int64>
  child 0, element: int64
dom_attr_count: list<element: int64>
  child 0, element: int64
dom_child_count: list<element: int64>
  child 0, element: int64
dom_node_count: int64
dom_max_depth: int64
dom_truncated: bool
ssl_rank: int64
-- schema metadata --
pandas: '{""index_columns"": [], ""column_indexes"": [], ""columns"": [{""name"":' + 2617"
/kaggle/input/datasets/cristinakaufalt/finaldatafreeze/phreshphish_FINAL_DATA_FREEZE_v3/roles/ssl_pool_200k/part-00197.parquet,datasets/cristinakaufalt/finaldatafreeze/phreshphish_FINAL_DATA_FREEZE_v3/roles/ssl_pool_200k/part-00197.parquet,957,1,21,"sha256: string
url: string
date: date32[day]
target: string
lang: string
lang_score: double
domain: string
text: string
html_struct: string
template_hash: string
html_prefix_truncated: bool
struct_token_count: int64
dom_tag: list<element: string>
  child 0, element: string
dom_parent_idx: list<element: int64>
  child 0, element: int64
dom_depth: list<element: int64>
  child 0, element: int64
dom_attr_count: list<element: int64>
  child 0, element: int64
dom_child_count: list<element: int64>
  child 0, element: int64
dom_node_count: int64
dom_max_depth: int64
dom_truncated: bool
ssl_rank: int64
-- schema metadata --
pandas: '{""index_columns"": [], ""column_indexes"": [], ""columns"": [{""name"":' + 2617"
/kaggle/input/datasets/cristinakaufalt/finaldatafreeze/phreshphish_FINAL_DATA_FREEZE_v3/roles/ssl_pool_200k/part-00198.parquet,datasets/cristinakaufalt/finaldatafreeze/phreshphish_FINAL_DATA_FREEZE_v3/roles/ssl_pool_200k/part-00198.parquet,1027,1,21,"sha256: string
url: string
date: date32[day]
target: string
lang: string
lang_score: double
domain: string
text: string
html_struct: string
template_hash: string
html_prefix_truncated: bool
struct_token_count: int64
dom_tag: list<element: string>
  child 0, element: string
dom_parent_idx: list<element: int64>
  child 0, element: int64
dom_depth: list<element: int64>
  child 0, element: int64
dom_attr_count: list<element: int64>
  child 0, element: int64
dom_child_count: list<element: int64>
  child 0, element: int64
dom_node_count: int64
dom_max_depth: int64
dom_truncated: bool
ssl_rank: int64
-- schema metadata --
pandas: '{""index_columns"": [], ""column_indexes"": [], ""columns"": [{""name"":' + 2617"
/kaggle/input/datasets/cristinakaufalt/finaldatafreeze/phreshphish_FINAL_DATA_FREEZE_v3/roles/ssl_pool_200k/part-00199.parquet,datasets/cristinakaufalt/finaldatafreeze/phreshphish_FINAL_DATA_FREEZE_v3/roles/ssl_pool_200k/part-00199.parquet,998,1,21,"sha256: string
url: string
date: date32[day]
target: string
lang: string
lang_score: double
domain: string
text: string
html_struct: string
template_hash: string
html_prefix_truncated: bool
struct_token_count: int64
dom_tag: list<element: string>
  child 0, element: string
dom_parent_idx: list<element: int64>
  child 0, element: int64
dom_depth: list<element: int64>
  child 0, element: int64
dom_attr_count: list<element: int64>
  child 0, element: int64
dom_child_count: list<element: int64>
  child 0, element: int64
dom_node_count: int64
dom_max_depth: int64
dom_truncated: bool
ssl_rank: int64
-- schema metadata --
pandas: '{""index_columns"": [], ""column_indexes"": [], ""columns"": [{""name"":' + 2617"
/kaggle/input/datasets/cristinakaufalt/finaldatafreeze/phreshphish_FINAL_DATA_FREEZE_v3/roles/ssl_pool_200k/part-00200.parquet,datasets/cristinakaufalt/finaldatafreeze/phreshphish_FINAL_DATA_FREEZE_v3/roles/ssl_pool_200k/part-00200.parquet,839,1,21,"sha256: string
url: string
date: date32[day]
target: string
lang: string
lang_score: double
domain: string
text: string
html_struct: string
template_hash: string
html_prefix_truncated: bool
struct_token_count: int64
dom_tag: list<element: string>
  child 0, element: string
dom_parent_idx: list<element: int64>
  child 0, element: int64
dom_depth: list<element: int64>
  child 0, element: int64
dom_attr_count: list<element: int64>
  child 0, element: int64
dom_child_count: list<element: int64>
  child 0, element: int64
dom_node_count: int64
dom_max_depth: int64
dom_truncated: bool
ssl_rank: int64
-- schema metadata --
pandas: '{""index_columns"": [], ""column_indexes"": [], ""columns"": [{""name"":' + 2617"
/kaggle/input/datasets/cristinakaufalt/finaldatafreeze/phreshphish_FINAL_DATA_FREEZE_v3/roles/ssl_pool_200k/part-00201.parquet,datasets/cristinakaufalt/finaldatafreeze/phreshphish_FINAL_DATA_FREEZE_v3/roles/ssl_pool_200k/part-00201.parquet,1014,1,21,"sha256: string
url: string
date: date32[day]
target: string
lang: string
lang_score: double
domain: string
text: string
html_struct: string
template_hash: string
html_prefix_truncated: bool
struct_token_count: int64
dom_tag: list<element: string>
  child 0, element: string
dom_parent_idx: list<element: int64>
  child 0, element: int64
dom_depth: list<element: int64>
  child 0, element: int64
dom_attr_count: list<element: int64>
  child 0, element: int64
dom_child_count: list<element: int64>
  child 0, element: int64
dom_node_count: int64
dom_max_depth: int64
dom_truncated: bool
ssl_rank: int64
-- schema metadata --
pandas: '{""index_columns"": [], ""column_indexes"": [], ""columns"": [{""name"":' + 2617"
/kaggle/input/datasets/cristinakaufalt/finaldatafreeze/phreshphish_FINAL_DATA_FREEZE_v3/roles/ssl_pool_200k/part-00202.parquet,datasets/cristinakaufalt/finaldatafreeze/phreshphish_FINAL_DATA_FREEZE_v3/roles/ssl_pool_200k/part-00202.parquet,1019,1,21,"sha256: string
url: string
date: date32[day]
target: string
lang: string
lang_score: double
domain: string
text: string
html_struct: string
template_hash: string
html_prefix_truncated: bool
struct_token_count: int64
dom_tag: list<element: string>
  child 0, element: string
dom_parent_idx: list<element: int64>
  child 0, element: int64
dom_depth: list<element: int64>
  child 0, element: int64
dom_attr_count: list<element: int64>
  child 0, element: int64
dom_child_count: list<element: int64>
  child 0, element: int64
dom_node_count: int64
dom_max_depth: int64
dom_truncated: bool
ssl_rank: int64
-- schema metadata --
pandas: '{""index_columns"": [], ""column_indexes"": [], ""columns"": [{""name"":' + 2617"
/kaggle/input/datasets/cristinakaufalt/finaldatafreeze/phreshphish_FINAL_DATA_FREEZE_v3/roles/ssl_pool_200k/part-00203.parquet,datasets/cristinakaufalt/finaldatafreeze/phreshphish_FINAL_DATA_FREEZE_v3/roles/ssl_pool_200k/part-00203.parquet,1023,1,21,"sha256: string
url: string
date: date32[day]
target: string
lang: string
lang_score: double
domain: string
text: string
html_struct: string
template_hash: string
html_prefix_truncated: bool
struct_token_count: int64
dom_tag: list<element: string>
  child 0, element: string
dom_parent_idx: list<element: int64>
  child 0, element: int64
dom_depth: list<element: int64>
  child 0, element: int64
dom_attr_count: list<element: int64>
  child 0, element: int64
dom_child_count: list<element: int64>
  child 0, element: int64
dom_node_count: int64
dom_max_depth: int64
dom_truncated: bool
ssl_rank: int64
-- schema metadata --
pandas: '{""index_columns"": [], ""column_indexes"": [], ""columns"": [{""name"":' + 2617"
/kaggle/input/datasets/cristinakaufalt/finaldatafreeze/phreshphish_FINAL_DATA_FREEZE_v3/roles/ssl_pool_200k/part-00204.parquet,datasets/cristinakaufalt/finaldatafreeze/phreshphish_FINAL_DATA_FREEZE_v3/roles/ssl_pool_200k/part-00204.parquet,860,1,21,"sha256: string
url: string
date: date32[day]
target: string
lang: string
lang_score: double
domain: string
text: string
html_struct: string
template_hash: string
html_prefix_truncated: bool
struct_token_count: int64
dom_tag: list<element: string>
  child 0, element: string
dom_parent_idx: list<element: int64>
  child 0, element: int64
dom_depth: list<element: int64>
  child 0, element: int64
dom_attr_count: list<element: int64>
  child 0, element: int64
dom_child_count: list<element: int64>
  child 0, element: int64
dom_node_count: int64
dom_max_depth: int64
dom_truncated: bool
ssl_rank: int64
-- schema metadata --
pandas: '{""index_columns"": [], ""column_indexes"": [], ""columns"": [{""name"":' + 2617"
/kaggle/input/datasets/cristinakaufalt/finaldatafreeze/phreshphish_FINAL_DATA_FREEZE_v3/roles/ssl_pool_200k/part-00205.parquet,datasets/cristinakaufalt/finaldatafreeze/phreshphish_FINAL_DATA_FREEZE_v3/roles/ssl_pool_200k/part-00205.parquet,1019,1,21,"sha256: string
url: string
date: date32[day]
target: string
lang: string
lang_score: double
domain: string
text: string
html_struct: string
template_hash: string
html_prefix_truncated: bool
struct_token_count: int64
dom_tag: list<element: string>
  child 0, element: string
dom_parent_idx: list<element: int64>
  child 0, element: int64
dom_depth: list<element: int64>
  child 0, element: int64
dom_attr_count: list<element: int64>
  child 0, element: int64
dom_child_count: list<element: int64>
  child 0, element: int64
dom_node_count: int64
dom_max_depth: int64
dom_truncated: bool
ssl_rank: int64
-- schema metadata --
pandas: '{""index_columns"": [], ""column_indexes"": [], ""columns"": [{""name"":' + 2617"
/kaggle/input/datasets/cristinakaufalt/finaldatafreeze/phreshphish_FINAL_DATA_FREEZE_v3/roles/ssl_pool_200k/part-00206.parquet,datasets/cristinakaufalt/finaldatafreeze/phreshphish_FINAL_DATA_FREEZE_v3/roles/ssl_pool_200k/part-00206.parquet,999,1,21,"sha256: string
url: string
date: date32[day]
target: string
lang: string
lang_score: double
domain: string
text: string
html_struct: string
template_hash: string
html_prefix_truncated: bool
struct_token_count: int64
dom_tag: list<element: string>
  child 0, element: string
dom_parent_idx: list<element: int64>
  child 0, element: int64
dom_depth: list<element: int64>
  child 0, element: int64
dom_attr_count: list<element: int64>
  child 0, element: int64
dom_child_count: list<element: int64>
  child 0, element: int64
dom_node_count: int64
dom_max_depth: int64
dom_truncated: bool
ssl_rank: int64
-- schema metadata --
pandas: '{""index_columns"": [], ""column_indexes"": [], ""columns"": [{""name"":' + 2617"
/kaggle/input/datasets/cristinakaufalt/finaldatafreeze/phreshphish_FINAL_DATA_FREEZE_v3/roles/ssl_pool_200k/part-00207.parquet,datasets/cristinakaufalt/finaldatafreeze/phreshphish_FINAL_DATA_FREEZE_v3/roles/ssl_pool_200k/part-00207.parquet,998,1,21,"sha256: string
url: string
date: date32[day]
target: string
lang: string
lang_score: double
domain: string
text: string
html_struct: string
template_hash: string
html_prefix_truncated: bool
struct_token_count: int64
dom_tag: list<element: string>
  child 0, element: string
dom_parent_idx: list<element: int64>
  child 0, element: int64
dom_depth: list<element: int64>
  child 0, element: int64
dom_attr_count: list<element: int64>
  child 0, element: int64
dom_child_count: list<element: int64>
  child 0, element: int64
dom_node_count: int64
dom_max_depth: int64
dom_truncated: bool
ssl_rank: int64
-- schema metadata --
pandas: '{""index_columns"": [], ""column_indexes"": [], ""columns"": [{""name"":' + 2617"
/kaggle/input/datasets/cristinakaufalt/finaldatafreeze/phreshphish_FINAL_DATA_FREEZE_v3/roles/ssl_pool_200k/part-00208.parquet,datasets/cristinakaufalt/finaldatafreeze/phreshphish_FINAL_DATA_FREEZE_v3/roles/ssl_pool_200k/part-00208.parquet,827,1,21,"sha256: string
url: string
date: date32[day]
target: string
lang: string
lang_score: double
domain: string
text: string
html_struct: string
template_hash: string
html_prefix_truncated: bool
struct_token_count: int64
dom_tag: list<element: string>
  child 0, element: string
dom_parent_idx: list<element: int64>
  child 0, element: int64
dom_depth: list<element: int64>
  child 0, element: int64
dom_attr_count: list<element: int64>
  child 0, element: int64
dom_child_count: list<element: int64>
  child 0, element: int64
dom_node_count: int64
dom_max_depth: int64
dom_truncated: bool
ssl_rank: int64
-- schema metadata --
pandas: '{""index_columns"": [], ""column_indexes"": [], ""columns"": [{""name"":' + 2617"
/kaggle/input/datasets/cristinakaufalt/finaldatafreeze/phreshphish_FINAL_DATA_FREEZE_v3/roles/ssl_pool_200k/part-00209.parquet,datasets/cristinakaufalt/finaldatafreeze/phreshphish_FINAL_DATA_FREEZE_v3/roles/ssl_pool_200k/part-00209.parquet,1055,1,21,"sha256: string
url: string
date: date32[day]
target: string
lang: string
lang_score: double
domain: string
text: string
html_struct: string
template_hash: string
html_prefix_truncated: bool
struct_token_count: int64
dom_tag: list<element: string>
  child 0, element: string
dom_parent_idx: list<element: int64>
  child 0, element: int64
dom_depth: list<element: int64>
  child 0, element: int64
dom_attr_count: list<element: int64>
  child 0, element: int64
dom_child_count: list<element: int64>
  child 0, element: int64
dom_node_count: int64
dom_max_depth: int64
dom_truncated: bool
ssl_rank: int64
-- schema metadata --
pandas: '{""index_columns"": [], ""column_indexes"": [], ""columns"": [{""name"":' + 2617"
/kaggle/input/datasets/cristinakaufalt/finaldatafreeze/phreshphish_FINAL_DATA_FREEZE_v3/roles/ssl_pool_200k/part-00210.parquet,datasets/cristinakaufalt/finaldatafreeze/phreshphish_FINAL_DATA_FREEZE_v3/roles/ssl_pool_200k/part-00210.parquet,969,1,21,"sha256: string
url: string
date: date32[day]
target: string
lang: string
lang_score: double
domain: string
text: string
html_struct: string
template_hash: string
html_prefix_truncated: bool
struct_token_count: int64
dom_tag: list<element: string>
  child 0, element: string
dom_parent_idx: list<element: int64>
  child 0, element: int64
dom_depth: list<element: int64>
  child 0, element: int64
dom_attr_count: list<element: int64>
  child 0, element: int64
dom_child_count: list<element: int64>
  child 0, element: int64
dom_node_count: int64
dom_max_depth: int64
dom_truncated: bool
ssl_rank: int64
-- schema metadata --
pandas: '{""index_columns"": [], ""column_indexes"": [], ""columns"": [{""name"":' + 2617"
/kaggle/input/datasets/cristinakaufalt/finaldatafreeze/phreshphish_FINAL_DATA_FREEZE_v3/roles/ssl_pool_200k/part-00211.parquet,datasets/cristinakaufalt/finaldatafreeze/phreshphish_FINAL_DATA_FREEZE_v3/roles/ssl_pool_200k/part-00211.parquet,983,1,21,"sha256: string
url: string
date: date32[day]
target: string
lang: string
lang_score: double
domain: string
text: string
html_struct: string
template_hash: string
html_prefix_truncated: bool
struct_token_count: int64
dom_tag: list<element: string>
  child 0, element: string
dom_parent_idx: list<element: int64>
  child 0, element: int64
dom_depth: list<element: int64>
  child 0, element: int64
dom_attr_count: list<element: int64>
  child 0, element: int64
dom_child_count: list<element: int64>
  child 0, element: int64
dom_node_count: int64
dom_max_depth: int64
dom_truncated: bool
ssl_rank: int64
-- schema metadata --
pandas: '{""index_columns"": [], ""column_indexes"": [], ""columns"": [{""name"":' + 2617"
/kaggle/input/datasets/cristinakaufalt/finaldatafreeze/phreshphish_FINAL_DATA_FREEZE_v3/roles/ssl_pool_200k/part-00212.parquet,datasets/cristinakaufalt/finaldatafreeze/phreshphish_FINAL_DATA_FREEZE_v3/roles/ssl_pool_200k/part-00212.parquet,803,1,21,"sha256: string
url: string
date: date32[day]
target: string
lang: string
lang_score: double
domain: string
text: string
html_struct: string
template_hash: string
html_prefix_truncated: bool
struct_token_count: int64
dom_tag: list<element: string>
  child 0, element: string
dom_parent_idx: list<element: int64>
  child 0, element: int64
dom_depth: list<element: int64>
  child 0, element: int64
dom_attr_count: list<element: int64>
  child 0, element: int64
dom_child_count: list<element: int64>
  child 0, element: int64
dom_node_count: int64
dom_max_depth: int64
dom_truncated: bool
ssl_rank: int64
-- schema metadata --
pandas: '{""index_columns"": [], ""column_indexes"": [], ""columns"": [{""name"":' + 2617"
/kaggle/input/datasets/cristinakaufalt/finaldatafreeze/phreshphish_FINAL_DATA_FREEZE_v3/roles/ssl_pool_200k/part-00213.parquet,datasets/cristinakaufalt/finaldatafreeze/phreshphish_FINAL_DATA_FREEZE_v3/roles/ssl_pool_200k/part-00213.parquet,143,1,21,"sha256: string
url: string
date: date32[day]
target: string
lang: string
lang_score: double
domain: string
text: string
html_struct: string
template_hash: string
html_prefix_truncated: bool
struct_token_count: int64
dom_tag: list<element: string>
  child 0, element: string
dom_parent_idx: list<element: int64>
  child 0, element: int64
dom_depth: list<element: int64>
  child 0, element: int64
dom_attr_count: list<element: int64>
  child 0, element: int64
dom_child_count: list<element: int64>
  child 0, element: int64
dom_node_count: int64
dom_max_depth: int64
dom_truncated: bool
ssl_rank: int64
-- schema metadata --
pandas: '{""index_columns"": [], ""column_indexes"": [], ""columns"": [{""name"":' + 2617"
/kaggle/input/datasets/cristinakaufalt/finaldatafreeze/phreshphish_FINAL_DATA_FREEZE_v3/roles/fpr_calibration_benign/part-00000.parquet,datasets/cristinakaufalt/finaldatafreeze/phreshphish_FINAL_DATA_FREEZE_v3/roles/fpr_calibration_benign/part-00000.parquet,107,1,21,"sha256: string
url: string
date: date32[day]
target: null
lang: string
lang_score: double
domain: string
text: string
html_struct: string
template_hash: string
html_prefix_truncated: bool
struct_token_count: int64
dom_tag: list<element: string>
  child 0, element: string
dom_parent_idx: list<element: int64>
  child 0, element: int64
dom_depth: list<element: int64>
  child 0, element: int64
dom_attr_count: list<element: int64>
  child 0, element: int64
dom_child_count: list<element: int64>
  child 0, element: int64
dom_node_count: int64
dom_max_depth: int64
dom_truncated: bool
label: string
-- schema metadata --
pandas: '{""index_columns"": [], ""column_indexes"": [], ""columns"": [{""name"":' + 2612"
/kaggle/input/datasets/cristinakaufalt/finaldatafreeze/phreshphish_FINAL_DATA_FREEZE_v3/roles/fpr_calibration_benign/part-00001.parquet,datasets/cristinakaufalt/finaldatafreeze/phreshphish_FINAL_DATA_FREEZE_v3/roles/fpr_calibration_benign/part-00001.parquet,259,1,21,"sha256: string
url: string
date: date32[day]
target: null
lang: string
lang_score: double
domain: string
text: string
html_struct: string
template_hash: string
html_prefix_truncated: bool
struct_token_count: int64
dom_tag: list<element: string>
  child 0, element: string
dom_parent_idx: list<element: int64>
  child 0, element: int64
dom_depth: list<element: int64>
  child 0, element: int64
dom_attr_count: list<element: int64>
  child 0, element: int64
dom_child_count: list<element: int64>
  child 0, element: int64
dom_node_count: int64
dom_max_depth: int64
dom_truncated: bool
label: string
-- schema metadata --
pandas: '{""index_columns"": [], ""column_indexes"": [], ""columns"": [{""name"":' + 2612"
/kaggle/input/datasets/cristinakaufalt/finaldatafreeze/phreshphish_FINAL_DATA_FREEZE_v3/roles/fpr_calibration_benign/part-00002.parquet,datasets/cristinakaufalt/finaldatafreeze/phreshphish_FINAL_DATA_FREEZE_v3/roles/fpr_calibration_benign/part-00002.parquet,240,1,21,"sha256: string
url: string
date: date32[day]
target: null
lang: string
lang_score: double
domain: string
text: string
html_struct: string
template_hash: string
html_prefix_truncated: bool
struct_token_count: int64
dom_tag: list<element: string>
  child 0, element: string
dom_parent_idx: list<element: int64>
  child 0, element: int64
dom_depth: list<element: int64>
  child 0, element: int64
dom_attr_count: list<element: int64>
  child 0, element: int64
dom_child_count: list<element: int64>
  child 0, element: int64
dom_node_count: int64
dom_max_depth: int64
dom_truncated: bool
label: string
-- schema metadata --
pandas: '{""index_columns"": [], ""column_indexes"": [], ""columns"": [{""name"":' + 2612"
/kaggle/input/datasets/cristinakaufalt/finaldatafreeze/phreshphish_FINAL_DATA_FREEZE_v3/roles/fpr_calibration_benign/part-00003.parquet,datasets/cristinakaufalt/finaldatafreeze/phreshphish_FINAL_DATA_FREEZE_v3/roles/fpr_calibration_benign/part-00003.parquet,80,1,21,"sha256: string
url: string
date: date32[day]
target: null
lang: string
lang_score: double
domain: string
text: string
html_struct: string
template_hash: string
html_prefix_truncated: bool
struct_token_count: int64
dom_tag: list<element: string>
  child 0, element: string
dom_parent_idx: list<element: int64>
  child 0, element: int64
dom_depth: list<element: int64>
  child 0, element: int64
dom_attr_count: list<element: int64>
  child 0, element: int64
dom_child_count: list<element: int64>
  child 0, element: int64
dom_node_count: int64
dom_max_depth: int64
dom_truncated: bool
label: string
-- schema metadata --
pandas: '{""index_columns"": [], ""column_indexes"": [], ""columns"": [{""name"":' + 2612"
/kaggle/input/datasets/cristinakaufalt/finaldatafreeze/phreshphish_FINAL_DATA_FREEZE_v3/roles/fpr_calibration_benign/part-00004.parquet,datasets/cristinakaufalt/finaldatafreeze/phreshphish_FINAL_DATA_FREEZE_v3/roles/fpr_calibration_benign/part-00004.parquet,237,1,21,"sha256: string
url: string
date: date32[day]
target: null
lang: string
lang_score: double
domain: string
text: string
html_struct: string
template_hash: string
html_prefix_truncated: bool
struct_token_count: int64
dom_tag: list<element: string>
  child 0, element: string
dom_parent_idx: list<element: int64>
  child 0, element: int64
dom_depth: list<element: int64>
  child 0, element: int64
dom_attr_count: list<element: int64>
  child 0, element: int64
dom_child_count: list<element: int64>
  child 0, element: int64
dom_node_count: int64
dom_max_depth: int64
dom_truncated: bool
label: string
-- schema metadata --
pandas: '{""index_columns"": [], ""column_indexes"": [], ""columns"": [{""name"":' + 2612"
/kaggle/input/datasets/cristinakaufalt/finaldatafreeze/phreshphish_FINAL_DATA_FREEZE_v3/roles/fpr_calibration_benign/part-00005.parquet,datasets/cristinakaufalt/finaldatafreeze/phreshphish_FINAL_DATA_FREEZE_v3/roles/fpr_calibration_benign/part-00005.parquet,247,1,21,"sha256: string
url: string
date: date32[day]
target: null
lang: string
lang_score: double
domain: string
text: string
html_struct: string
template_hash: string
html_prefix_truncated: bool
struct_token_count: int64
dom_tag: list<element: string>
  child 0, element: string
dom_parent_idx: list<element: int64>
  child 0, element: int64
dom_depth: list<element: int64>
  child 0, element: int64
dom_attr_count: list<element: int64>
  child 0, element: int64
dom_child_count: list<element: int64>
  child 0, element: int64
dom_node_count: int64
dom_max_depth: int64
dom_truncated: bool
label: string
-- schema metadata --
pandas: '{""index_columns"": [], ""column_indexes"": [], ""columns"": [{""name"":' + 2612"
/kaggle/input/datasets/cristinakaufalt/finaldatafreeze/phreshphish_FINAL_DATA_FREEZE_v3/roles/fpr_calibration_benign/part-00006.parquet,datasets/cristinakaufalt/finaldatafreeze/phreshphish_FINAL_DATA_FREEZE_v3/roles/fpr_calibration_benign/part-00006.parquet,138,1,21,"sha256: string
url: string
date: date32[day]
target: null
lang: string
lang_score: double
domain: string
text: string
html_struct: string
template_hash: string
html_prefix_truncated: bool
struct_token_count: int64
dom_tag: list<element: string>
  child 0, element: string
dom_parent_idx: list<element: int64>
  child 0, element: int64
dom_depth: list<element: int64>
  child 0, element: int64
dom_attr_count: list<element: int64>
  child 0, element: int64
dom_child_count: list<element: int64>
  child 0, element: int64
dom_node_count: int64
dom_max_depth: int64
dom_truncated: bool
label: string
-- schema metadata --
pandas: '{""index_columns"": [], ""column_indexes"": [], ""columns"": [{""name"":' + 2612"
/kaggle/input/datasets/cristinakaufalt/finaldatafreeze/phreshphish_FINAL_DATA_FREEZE_v3/roles/fpr_calibration_benign/part-00007.parquet,datasets/cristinakaufalt/finaldatafreeze/phreshphish_FINAL_DATA_FREEZE_v3/roles/fpr_calibration_benign/part-00007.parquet,253,1,21,"sha256: string
url: string
date: date32[day]
target: null
lang: string
lang_score: double
domain: string
text: string
html_struct: string
template_hash: string
html_prefix_truncated: bool
struct_token_count: int64
dom_tag: list<element: string>
  child 0, element: string
dom_parent_idx: list<element: int64>
  child 0, element: int64
dom_depth: list<element: int64>
  child 0, element: int64
dom_attr_count: list<element: int64>
  child 0, element: int64
dom_child_count: list<element: int64>
  child 0, element: int64
dom_node_count: int64
dom_max_depth: int64
dom_truncated: bool
label: string
-- schema metadata --
pandas: '{""index_columns"": [], ""column_indexes"": [], ""columns"": [{""name"":' + 2612"
/kaggle/input/datasets/cristinakaufalt/finaldatafreeze/phreshphish_FINAL_DATA_FREEZE_v3/roles/fpr_calibration_benign/part-00008.parquet,datasets/cristinakaufalt/finaldatafreeze/phreshphish_FINAL_DATA_FREEZE_v3/roles/fpr_calibration_benign/part-00008.parquet,278,1,21,"sha256: string
url: string
date: date32[day]
target: null
lang: string
lang_score: double
domain: string
text: string
html_struct: string
template_hash: string
html_prefix_truncated: bool
struct_token_count: int64
dom_tag: list<element: string>
  child 0, element: string
dom_parent_idx: list<element: int64>
  child 0, element: int64
dom_depth: list<element: int64>
  child 0, element: int64
dom_attr_count: list<element: int64>
  child 0, element: int64
dom_child_count: list<element: int64>
  child 0, element: int64
dom_node_count: int64
dom_max_depth: int64
dom_truncated: bool
label: string
-- schema metadata --
pandas: '{""index_columns"": [], ""column_indexes"": [], ""columns"": [{""name"":' + 2612"
/kaggle/input/datasets/cristinakaufalt/finaldatafreeze/phreshphish_FINAL_DATA_FREEZE_v3/roles/fpr_calibration_benign/part-00009.parquet,datasets/cristinakaufalt/finaldatafreeze/phreshphish_FINAL_DATA_FREEZE_v3/roles/fpr_calibration_benign/part-00009.parquet,196,1,21,"sha256: string
url: string
date: date32[day]
target: null
lang: string
lang_score: double
domain: string
text: string
html_struct: string
template_hash: string
html_prefix_truncated: bool
struct_token_count: int64
dom_tag: list<element: string>
  child 0, element: string
dom_parent_idx: list<element: int64>
  child 0, element: int64
dom_depth: list<element: int64>
  child 0, element: int64
dom_attr_count: list<element: int64>
  child 0, element: int64
dom_child_count: list<element: int64>
  child 0, element: int64
dom_node_count: int64
dom_max_depth: int64
dom_truncated: bool
label: string
-- schema metadata --
pandas: '{""index_columns"": [], ""column_indexes"": [], ""columns"": [{""name"":' + 2612"
/kaggle/input/datasets/cristinakaufalt/finaldatafreeze/phreshphish_FINAL_DATA_FREEZE_v3/roles/fpr_calibration_benign/part-00010.parquet,datasets/cristinakaufalt/finaldatafreeze/phreshphish_FINAL_DATA_FREEZE_v3/roles/fpr_calibration_benign/part-00010.parquet,242,1,21,"sha256: string
url: string
date: date32[day]
target: null
lang: string
lang_score: double
domain: string
text: string
html_struct: string
template_hash: string
html_prefix_truncated: bool
struct_token_count: int64
dom_tag: list<element: string>
  child 0, element: string
dom_parent_idx: list<element: int64>
  child 0, element: int64
dom_depth: list<element: int64>
  child 0, element: int64
dom_attr_count: list<element: int64>
  child 0, element: int64
dom_child_count: list<element: int64>
  child 0, element: int64
dom_node_count: int64
dom_max_depth: int64
dom_truncated: bool
label: string
-- schema metadata --
pandas: '{""index_columns"": [], ""column_indexes"": [], ""columns"": [{""name"":' + 2612"
/kaggle/input/datasets/cristinakaufalt/finaldatafreeze/phreshphish_FINAL_DATA_FREEZE_v3/roles/fpr_calibration_benign/part-00011.parquet,datasets/cristinakaufalt/finaldatafreeze/phreshphish_FINAL_DATA_FREEZE_v3/roles/fpr_calibration_benign/part-00011.parquet,237,1,21,"sha256: string
url: string
date: date32[day]
target: null
lang: string
lang_score: double
domain: string
text: string
html_struct: string
template_hash: string
html_prefix_truncated: bool
struct_token_count: int64
dom_tag: list<element: string>
  child 0, element: string
dom_parent_idx: list<element: int64>
  child 0, element: int64
dom_depth: list<element: int64>
  child 0, element: int64
dom_attr_count: list<element: int64>
  child 0, element: int64
dom_child_count: list<element: int64>
  child 0, element: int64
dom_node_count: int64
dom_max_depth: int64
dom_truncated: bool
label: string
-- schema metadata --
pandas: '{""index_columns"": [], ""column_indexes"": [], ""columns"": [{""name"":' + 2612"
/kaggle/input/datasets/cristinakaufalt/finaldatafreeze/phreshphish_FINAL_DATA_FREEZE_v3/roles/fpr_calibration_benign/part-00012.parquet,datasets/cristinakaufalt/finaldatafreeze/phreshphish_FINAL_DATA_FREEZE_v3/roles/fpr_calibration_benign/part-00012.parquet,205,1,21,"sha256: string
url: string
date: date32[day]
target: null
lang: string
lang_score: double
domain: string
text: string
html_struct: string
template_hash: string
html_prefix_truncated: bool
struct_token_count: int64
dom_tag: list<element: string>
  child 0, element: string
dom_parent_idx: list<element: int64>
  child 0, element: int64
dom_depth: list<element: int64>
  child 0, element: int64
dom_attr_count: list<element: int64>
  child 0, element: int64
dom_child_count: list<element: int64>
  child 0, element: int64
dom_node_count: int64
dom_max_depth: int64
dom_truncated: bool
label: string
-- schema metadata --
pandas: '{""index_columns"": [], ""column_indexes"": [], ""columns"": [{""name"":' + 2612"
/kaggle/input/datasets/cristinakaufalt/finaldatafreeze/phreshphish_FINAL_DATA_FREEZE_v3/roles/fpr_calibration_benign/part-00013.parquet,datasets/cristinakaufalt/finaldatafreeze/phreshphish_FINAL_DATA_FREEZE_v3/roles/fpr_calibration_benign/part-00013.parquet,246,1,21,"sha256: string
url: string
date: date32[day]
target: null
lang: string
lang_score: double
domain: string
text: string
html_struct: string
template_hash: string
html_prefix_truncated: bool
struct_token_count: int64
dom_tag: list<element: string>
  child 0, element: string
dom_parent_idx: list<element: int64>
  child 0, element: int64
dom_depth: list<element: int64>
  child 0, element: int64
dom_attr_count: list<element: int64>
  child 0, element: int64
dom_child_count: list<element: int64>
  child 0, element: int64
dom_node_count: int64
dom_max_depth: int64
dom_truncated: bool
label: string
-- schema metadata --
pandas: '{""index_columns"": [], ""column_indexes"": [], ""columns"": [{""name"":' + 2612"
/kaggle/input/datasets/cristinakaufalt/finaldatafreeze/phreshphish_FINAL_DATA_FREEZE_v3/roles/fpr_calibration_benign/part-00014.parquet,datasets/cristinakaufalt/finaldatafreeze/phreshphish_FINAL_DATA_FREEZE_v3/roles/fpr_calibration_benign/part-00014.parquet,239,1,21,"sha256: string
url: string
date: date32[day]
target: null
lang: string
lang_score: double
domain: string
text: string
html_struct: string
template_hash: string
html_prefix_truncated: bool
struct_token_count: int64
dom_tag: list<element: string>
  child 0, element: string
dom_parent_idx: list<element: int64>
  child 0, element: int64
dom_depth: list<element: int64>
  child 0, element: int64
dom_attr_count: list<element: int64>
  child 0, element: int64
dom_child_count: list<element: int64>
  child 0, element: int64
dom_node_count: int64
dom_max_depth: int64
dom_truncated: bool
label: string
-- schema metadata --
pandas: '{""index_columns"": [], ""column_indexes"": [], ""columns"": [{""name"":' + 2612"
/kaggle/input/datasets/cristinakaufalt/finaldatafreeze/phreshphish_FINAL_DATA_FREEZE_v3/roles/fpr_calibration_benign/part-00015.parquet,datasets/cristinakaufalt/finaldatafreeze/phreshphish_FINAL_DATA_FREEZE_v3/roles/fpr_calibration_benign/part-00015.parquet,263,1,21,"sha256: string
url: string
date: date32[day]
target: null
lang: string
lang_score: double
domain: string
text: string
html_struct: string
template_hash: string
html_prefix_truncated: bool
struct_token_count: int64
dom_tag: list<element: string>
  child 0, element: string
dom_parent_idx: list<element: int64>
  child 0, element: int64
dom_depth: list<element: int64>
  child 0, element: int64
dom_attr_count: list<element: int64>
  child 0, element: int64
dom_child_count: list<element: int64>
  child 0, element: int64
dom_node_count: int64
dom_max_depth: int64
dom_truncated: bool
label: string
-- schema metadata --
pandas: '{""index_columns"": [], ""column_indexes"": [], ""columns"": [{""name"":' + 2612"
/kaggle/input/datasets/cristinakaufalt/finaldatafreeze/phreshphish_FINAL_DATA_FREEZE_v3/roles/fpr_calibration_benign/part-00016.parquet,datasets/cristinakaufalt/finaldatafreeze/phreshphish_FINAL_DATA_FREEZE_v3/roles/fpr_calibration_benign/part-00016.parquet,38,1,21,"sha256: string
url: string
date: date32[day]
target: null
lang: string
lang_score: double
domain: string
text: string
html_struct: string
template_hash: string
html_prefix_truncated: bool
struct_token_count: int64
dom_tag: list<element: string>
  child 0, element: string
dom_parent_idx: list<element: int64>
  child 0, element: int64
dom_depth: list<element: int64>
  child 0, element: int64
dom_attr_count: list<element: int64>
  child 0, element: int64
dom_child_count: list<element: int64>
  child 0, element: int64
dom_node_count: int64
dom_max_depth: int64
dom_truncated: bool
label: string
-- schema metadata --
pandas: '{""index_columns"": [], ""column_indexes"": [], ""columns"": [{""name"":' + 2612"
/kaggle/input/datasets/cristinakaufalt/finaldatafreeze/phreshphish_FINAL_DATA_FREEZE_v3/roles/fpr_calibration_benign/part-00017.parquet,datasets/cristinakaufalt/finaldatafreeze/phreshphish_FINAL_DATA_FREEZE_v3/roles/fpr_calibration_benign/part-00017.parquet,239,1,21,"sha256: string
url: string
date: date32[day]
target: null
lang: string
lang_score: double
domain: string
text: string
html_struct: string
template_hash: string
html_prefix_truncated: bool
struct_token_count: int64
dom_tag: list<element: string>
  child 0, element: string
dom_parent_idx: list<element: int64>
  child 0, element: int64
dom_depth: list<element: int64>
  child 0, element: int64
dom_attr_count: list<element: int64>
  child 0, element: int64
dom_child_count: list<element: int64>
  child 0, element: int64
dom_node_count: int64
dom_max_depth: int64
dom_truncated: bool
label: string
-- schema metadata --
pandas: '{""index_columns"": [], ""column_indexes"": [], ""columns"": [{""name"":' + 2612"
/kaggle/input/datasets/cristinakaufalt/finaldatafreeze/phreshphish_FINAL_DATA_FREEZE_v3/roles/fpr_calibration_benign/part-00018.parquet,datasets/cristinakaufalt/finaldatafreeze/phreshphish_FINAL_DATA_FREEZE_v3/roles/fpr_calibration_benign/part-00018.parquet,222,1,21,"sha256: string
url: string
date: date32[day]
target: null
lang: string
lang_score: double
domain: string
text: string
html_struct: string
template_hash: string
html_prefix_truncated: bool
struct_token_count: int64
dom_tag: list<element: string>
  child 0, element: string
dom_parent_idx: list<element: int64>
  child 0, element: int64
dom_depth: list<element: int64>
  child 0, element: int64
dom_attr_count: list<element: int64>
  child 0, element: int64
dom_child_count: list<element: int64>
  child 0, element: int64
dom_node_count: int64
dom_max_depth: int64
dom_truncated: bool
label: string
-- schema metadata --
pandas: '{""index_columns"": [], ""column_indexes"": [], ""columns"": [{""name"":' + 2612"
/kaggle/input/datasets/cristinakaufalt/finaldatafreeze/phreshphish_FINAL_DATA_FREEZE_v3/roles/fpr_calibration_benign/part-00019.parquet,datasets/cristinakaufalt/finaldatafreeze/phreshphish_FINAL_DATA_FREEZE_v3/roles/fpr_calibration_benign/part-00019.parquet,242,1,21,"sha256: string
url: string
date: date32[day]
target: null
lang: string
lang_score: double
domain: string
text: string
html_struct: string
template_hash: string
html_prefix_truncated: bool
struct_token_count: int64
dom_tag: list<element: string>
  child 0, element: string
dom_parent_idx: list<element: int64>
  child 0, element: int64
dom_depth: list<element: int64>
  child 0, element: int64
dom_attr_count: list<element: int64>
  child 0, element: int64
dom_child_count: list<element: int64>
  child 0, element: int64
dom_node_count: int64
dom_max_depth: int64
dom_truncated: bool
label: string
-- schema metadata --
pandas: '{""index_columns"": [], ""column_indexes"": [], ""columns"": [{""name"":' + 2612"
/kaggle/input/datasets/cristinakaufalt/finaldatafreeze/phreshphish_FINAL_DATA_FREEZE_v3/roles/fpr_calibration_benign/part-00020.parquet,datasets/cristinakaufalt/finaldatafreeze/phreshphish_FINAL_DATA_FREEZE_v3/roles/fpr_calibration_benign/part-00020.parquet,55,1,21,"sha256: string
url: string
date: date32[day]
target: null
lang: string
lang_score: double
domain: string
text: string
html_struct: string
template_hash: string
html_prefix_truncated: bool
struct_token_count: int64
dom_tag: list<element: string>
  child 0, element: string
dom_parent_idx: list<element: int64>
  child 0, element: int64
dom_depth: list<element: int64>
  child 0, element: int64
dom_attr_count: list<element: int64>
  child 0, element: int64
dom_child_count: list<element: int64>
  child 0, element: int64
dom_node_count: int64
dom_max_depth: int64
dom_truncated: bool
label: string
-- schema metadata --
pandas: '{""index_columns"": [], ""column_indexes"": [], ""columns"": [{""name"":' + 2612"
/kaggle/input/datasets/cristinakaufalt/finaldatafreeze/phreshphish_FINAL_DATA_FREEZE_v3/roles/fpr_calibration_benign/part-00021.parquet,datasets/cristinakaufalt/finaldatafreeze/phreshphish_FINAL_DATA_FREEZE_v3/roles/fpr_calibration_benign/part-00021.parquet,252,1,21,"sha256: string
url: string
date: date32[day]
target: string
lang: string
lang_score: double
domain: string
text: string
html_struct: string
template_hash: string
html_prefix_truncated: bool
struct_token_count: int64
dom_tag: list<element: string>
  child 0, element: string
dom_parent_idx: list<element: int64>
  child 0, element: int64
dom_depth: list<element: int64>
  child 0, element: int64
dom_attr_count: list<element: int64>
  child 0, element: int64
dom_child_count: list<element: int64>
  child 0, element: int64
dom_node_count: int64
dom_max_depth: int64
dom_truncated: bool
label: string
-- schema metadata --
pandas: '{""index_columns"": [], ""column_indexes"": [], ""columns"": [{""name"":' + 2614"
/kaggle/input/datasets/cristinakaufalt/finaldatafreeze/phreshphish_FINAL_DATA_FREEZE_v3/roles/fpr_calibration_benign/part-00022.parquet,datasets/cristinakaufalt/finaldatafreeze/phreshphish_FINAL_DATA_FREEZE_v3/roles/fpr_calibration_benign/part-00022.parquet,252,1,21,"sha256: string
url: string
date: date32[day]
target: null
lang: string
lang_score: double
domain: string
text: string
html_struct: string
template_hash: string
html_prefix_truncated: bool
struct_token_count: int64
dom_tag: list<element: string>
  child 0, element: string
dom_parent_idx: list<element: int64>
  child 0, element: int64
dom_depth: list<element: int64>
  child 0, element: int64
dom_attr_count: list<element: int64>
  child 0, element: int64
dom_child_count: list<element: int64>
  child 0, element: int64
dom_node_count: int64
dom_max_depth: int64
dom_truncated: bool
label: string
-- schema metadata --
pandas: '{""index_columns"": [], ""column_indexes"": [], ""columns"": [{""name"":' + 2612"
/kaggle/input/datasets/cristinakaufalt/finaldatafreeze/phreshphish_FINAL_DATA_FREEZE_v3/roles/fpr_calibration_benign/part-00023.parquet,datasets/cristinakaufalt/finaldatafreeze/phreshphish_FINAL_DATA_FREEZE_v3/roles/fpr_calibration_benign/part-00023.parquet,257,1,21,"sha256: string
url: string
date: date32[day]
target: null
lang: string
lang_score: double
domain: string
text: string
html_struct: string
template_hash: string
html_prefix_truncated: bool
struct_token_count: int64
dom_tag: list<element: string>
  child 0, element: string
dom_parent_idx: list<element: int64>
  child 0, element: int64
dom_depth: list<element: int64>
  child 0, element: int64
dom_attr_count: list<element: int64>
  child 0, element: int64
dom_child_count: list<element: int64>
  child 0, element: int64
dom_node_count: int64
dom_max_depth: int64
dom_truncated: bool
label: string
-- schema metadata --
pandas: '{""index_columns"": [], ""column_indexes"": [], ""columns"": [{""name"":' + 2612"
/kaggle/input/datasets/cristinakaufalt/finaldatafreeze/phreshphish_FINAL_DATA_FREEZE_v3/roles/fpr_calibration_benign/part-00024.parquet,datasets/cristinakaufalt/finaldatafreeze/phreshphish_FINAL_DATA_FREEZE_v3/roles/fpr_calibration_benign/part-00024.parquet,106,1,21,"sha256: string
url: string
date: date32[day]
target: null
lang: string
lang_score: double
domain: string
text: string
html_struct: string
template_hash: string
html_prefix_truncated: bool
struct_token_count: int64
dom_tag: list<element: string>
  child 0, element: string
dom_parent_idx: list<element: int64>
  child 0, element: int64
dom_depth: list<element: int64>
  child 0, element: int64
dom_attr_count: list<element: int64>
  child 0, element: int64
dom_child_count: list<element: int64>
  child 0, element: int64
dom_node_count: int64
dom_max_depth: int64
dom_truncated: bool
label: string
-- schema metadata --
pandas: '{""index_columns"": [], ""column_indexes"": [], ""columns"": [{""name"":' + 2612"
/kaggle/input/datasets/cristinakaufalt/finaldatafreeze/phreshphish_FINAL_DATA_FREEZE_v3/roles/fpr_calibration_benign/part-00025.parquet,datasets/cristinakaufalt/finaldatafreeze/phreshphish_FINAL_DATA_FREEZE_v3/roles/fpr_calibration_benign/part-00025.parquet,235,1,21,"sha256: string
url: string
date: date32[day]
target: null
lang: string
lang_score: double
domain: string
text: string
html_struct: string
template_hash: string
html_prefix_truncated: bool
struct_token_count: int64
dom_tag: list<element: string>
  child 0, element: string
dom_parent_idx: list<element: int64>
  child 0, element: int64
dom_depth: list<element: int64>
  child 0, element: int64
dom_attr_count: list<element: int64>
  child 0, element: int64
dom_child_count: list<element: int64>
  child 0, element: int64
dom_node_count: int64
dom_max_depth: int64
dom_truncated: bool
label: string
-- schema metadata --
pandas: '{""index_columns"": [], ""column_indexes"": [], ""columns"": [{""name"":' + 2612"
/kaggle/input/datasets/cristinakaufalt/finaldatafreeze/phreshphish_FINAL_DATA_FREEZE_v3/roles/fpr_calibration_benign/part-00026.parquet,datasets/cristinakaufalt/finaldatafreeze/phreshphish_FINAL_DATA_FREEZE_v3/roles/fpr_calibration_benign/part-00026.parquet,258,1,21,"sha256: string
url: string
date: date32[day]
target: null
lang: string
lang_score: double
domain: string
text: string
html_struct: string
template_hash: string
html_prefix_truncated: bool
struct_token_count: int64
dom_tag: list<element: string>
  child 0, element: string
dom_parent_idx: list<element: int64>
  child 0, element: int64
dom_depth: list<element: int64>
  child 0, element: int64
dom_attr_count: list<element: int64>
  child 0, element: int64
dom_child_count: list<element: int64>
  child 0, element: int64
dom_node_count: int64
dom_max_depth: int64
dom_truncated: bool
label: string
-- schema metadata --
pandas: '{""index_columns"": [], ""column_indexes"": [], ""columns"": [{""name"":' + 2612"
/kaggle/input/datasets/cristinakaufalt/finaldatafreeze/phreshphish_FINAL_DATA_FREEZE_v3/roles/fpr_calibration_benign/part-00027.parquet,datasets/cristinakaufalt/finaldatafreeze/phreshphish_FINAL_DATA_FREEZE_v3/roles/fpr_calibration_benign/part-00027.parquet,227,1,21,"sha256: string
url: string
date: date32[day]
target: null
lang: string
lang_score: double
domain: string
text: string
html_struct: string
template_hash: string
html_prefix_truncated: bool
struct_token_count: int64
dom_tag: list<element: string>
  child 0, element: string
dom_parent_idx: list<element: int64>
  child 0, element: int64
dom_depth: list<element: int64>
  child 0, element: int64
dom_attr_count: list<element: int64>
  child 0, element: int64
dom_child_count: list<element: int64>
  child 0, element: int64
dom_node_count: int64
dom_max_depth: int64
dom_truncated: bool
label: string
-- schema metadata --
pandas: '{""index_columns"": [], ""column_indexes"": [], ""columns"": [{""name"":' + 2612"
/kaggle/input/datasets/cristinakaufalt/finaldatafreeze/phreshphish_FINAL_DATA_FREEZE_v3/roles/fpr_calibration_benign/part-00028.parquet,datasets/cristinakaufalt/finaldatafreeze/phreshphish_FINAL_DATA_FREEZE_v3/roles/fpr_calibration_benign/part-00028.parquet,135,1,21,"sha256: string
url: string
date: date32[day]
target: null
lang: string
lang_score: double
domain: string
text: string
html_struct: string
template_hash: string
html_prefix_truncated: bool
struct_token_count: int64
dom_tag: list<element: string>
  child 0, element: string
dom_parent_idx: list<element: int64>
  child 0, element: int64
dom_depth: list<element: int64>
  child 0, element: int64
dom_attr_count: list<element: int64>
  child 0, element: int64
dom_child_count: list<element: int64>
  child 0, element: int64
dom_node_count: int64
dom_max_depth: int64
dom_truncated: bool
label: string
-- schema metadata --
pandas: '{""index_columns"": [], ""column_indexes"": [], ""columns"": [{""name"":' + 2612"
/kaggle/input/datasets/cristinakaufalt/finaldatafreeze/phreshphish_FINAL_DATA_FREEZE_v3/roles/fpr_calibration_benign/part-00029.parquet,datasets/cristinakaufalt/finaldatafreeze/phreshphish_FINAL_DATA_FREEZE_v3/roles/fpr_calibration_benign/part-00029.parquet,234,1,21,"sha256: string
url: string
date: date32[day]
target: null
lang: string
lang_score: double
domain: string
text: string
html_struct: string
template_hash: string
html_prefix_truncated: bool
struct_token_count: int64
dom_tag: list<element: string>
  child 0, element: string
dom_parent_idx: list<element: int64>
  child 0, element: int64
dom_depth: list<element: int64>
  child 0, element: int64
dom_attr_count: list<element: int64>
  child 0, element: int64
dom_child_count: list<element: int64>
  child 0, element: int64
dom_node_count: int64
dom_max_depth: int64
dom_truncated: bool
label: string
-- schema metadata --
pandas: '{""index_columns"": [], ""column_indexes"": [], ""columns"": [{""name"":' + 2612"
/kaggle/input/datasets/cristinakaufalt/finaldatafreeze/phreshphish_FINAL_DATA_FREEZE_v3/roles/fpr_calibration_benign/part-00030.parquet,datasets/cristinakaufalt/finaldatafreeze/phreshphish_FINAL_DATA_FREEZE_v3/roles/fpr_calibration_benign/part-00030.parquet,242,1,21,"sha256: string
url: string
date: date32[day]
target: null
lang: string
lang_score: double
domain: string
text: string
html_struct: string
template_hash: string
html_prefix_truncated: bool
struct_token_count: int64
dom_tag: list<element: string>
  child 0, element: string
dom_parent_idx: list<element: int64>
  child 0, element: int64
dom_depth: list<element: int64>
  child 0, element: int64
dom_attr_count: list<element: int64>
  child 0, element: int64
dom_child_count: list<element: int64>
  child 0, element: int64
dom_node_count: int64
dom_max_depth: int64
dom_truncated: bool
label: string
-- schema metadata --
pandas: '{""index_columns"": [], ""column_indexes"": [], ""columns"": [{""name"":' + 2612"
/kaggle/input/datasets/cristinakaufalt/finaldatafreeze/phreshphish_FINAL_DATA_FREEZE_v3/roles/fpr_calibration_benign/part-00031.parquet,datasets/cristinakaufalt/finaldatafreeze/phreshphish_FINAL_DATA_FREEZE_v3/roles/fpr_calibration_benign/part-00031.parquet,242,1,21,"sha256: string
url: string
date: date32[day]
target: null
lang: string
lang_score: double
domain: string
text: string
html_struct: string
template_hash: string
html_prefix_truncated: bool
struct_token_count: int64
dom_tag: list<element: string>
  child 0, element: string
dom_parent_idx: list<element: int64>
  child 0, element: int64
dom_depth: list<element: int64>
  child 0, element: int64
dom_attr_count: list<element: int64>
  child 0, element: int64
dom_child_count: list<element: int64>
  child 0, element: int64
dom_node_count: int64
dom_max_depth: int64
dom_truncated: bool
label: string
-- schema metadata --
pandas: '{""index_columns"": [], ""column_indexes"": [], ""columns"": [{""name"":' + 2612"
/kaggle/input/datasets/cristinakaufalt/finaldatafreeze/phreshphish_FINAL_DATA_FREEZE_v3/roles/fpr_calibration_benign/part-00032.parquet,datasets/cristinakaufalt/finaldatafreeze/phreshphish_FINAL_DATA_FREEZE_v3/roles/fpr_calibration_benign/part-00032.parquet,149,1,21,"sha256: string
url: string
date: date32[day]
target: string
lang: string
lang_score: double
domain: string
text: string
html_struct: string
template_hash: string
html_prefix_truncated: bool
struct_token_count: int64
dom_tag: list<element: string>
  child 0, element: string
dom_parent_idx: list<element: int64>
  child 0, element: int64
dom_depth: list<element: int64>
  child 0, element: int64
dom_attr_count: list<element: int64>
  child 0, element: int64
dom_child_count: list<element: int64>
  child 0, element: int64
dom_node_count: int64
dom_max_depth: int64
dom_truncated: bool
label: string
-- schema metadata --
pandas: '{""index_columns"": [], ""column_indexes"": [], ""columns"": [{""name"":' + 2614"
/kaggle/input/datasets/cristinakaufalt/finaldatafreeze/phreshphish_FINAL_DATA_FREEZE_v3/roles/fpr_calibration_benign/part-00033.parquet,datasets/cristinakaufalt/finaldatafreeze/phreshphish_FINAL_DATA_FREEZE_v3/roles/fpr_calibration_benign/part-00033.parquet,248,1,21,"sha256: string
url: string
date: date32[day]
target: null
lang: string
lang_score: double
domain: string
text: string
html_struct: string
template_hash: string
html_prefix_truncated: bool
struct_token_count: int64
dom_tag: list<element: string>
  child 0, element: string
dom_parent_idx: list<element: int64>
  child 0, element: int64
dom_depth: list<element: int64>
  child 0, element: int64
dom_attr_count: list<element: int64>
  child 0, element: int64
dom_child_count: list<element: int64>
  child 0, element: int64
dom_node_count: int64
dom_max_depth: int64
dom_truncated: bool
label: string
-- schema metadata --
pandas: '{""index_columns"": [], ""column_indexes"": [], ""columns"": [{""name"":' + 2612"
/kaggle/input/datasets/cristinakaufalt/finaldatafreeze/phreshphish_FINAL_DATA_FREEZE_v3/roles/fpr_calibration_benign/part-00034.parquet,datasets/cristinakaufalt/finaldatafreeze/phreshphish_FINAL_DATA_FREEZE_v3/roles/fpr_calibration_benign/part-00034.parquet,246,1,21,"sha256: string
url: string
date: date32[day]
target: null
lang: string
lang_score: double
domain: string
text: string
html_struct: string
template_hash: string
html_prefix_truncated: bool
struct_token_count: int64
dom_tag: list<element: string>
  child 0, element: string
dom_parent_idx: list<element: int64>
  child 0, element: int64
dom_depth: list<element: int64>
  child 0, element: int64
dom_attr_count: list<element: int64>
  child 0, element: int64
dom_child_count: list<element: int64>
  child 0, element: int64
dom_node_count: int64
dom_max_depth: int64
dom_truncated: bool
label: string
-- schema metadata --
pandas: '{""index_columns"": [], ""column_indexes"": [], ""columns"": [{""name"":' + 2612"
/kaggle/input/datasets/cristinakaufalt/finaldatafreeze/phreshphish_FINAL_DATA_FREEZE_v3/roles/fpr_calibration_benign/part-00035.parquet,datasets/cristinakaufalt/finaldatafreeze/phreshphish_FINAL_DATA_FREEZE_v3/roles/fpr_calibration_benign/part-00035.parquet,263,1,21,"sha256: string
url: string
date: date32[day]
target: null
lang: string
lang_score: double
domain: string
text: string
html_struct: string
template_hash: string
html_prefix_truncated: bool
struct_token_count: int64
dom_tag: list<element: string>
  child 0, element: string
dom_parent_idx: list<element: int64>
  child 0, element: int64
dom_depth: list<element: int64>
  child 0, element: int64
dom_attr_count: list<element: int64>
  child 0, element: int64
dom_child_count: list<element: int64>
  child 0, element: int64
dom_node_count: int64
dom_max_depth: int64
dom_truncated: bool
label: string
-- schema metadata --
pandas: '{""index_columns"": [], ""column_indexes"": [], ""columns"": [{""name"":' + 2612"
/kaggle/input/datasets/cristinakaufalt/finaldatafreeze/phreshphish_FINAL_DATA_FREEZE_v3/roles/fpr_calibration_benign/part-00036.parquet,datasets/cristinakaufalt/finaldatafreeze/phreshphish_FINAL_DATA_FREEZE_v3/roles/fpr_calibration_benign/part-00036.parquet,143,1,21,"sha256: string
url: string
date: date32[day]
target: null
lang: string
lang_score: double
domain: string
text: string
html_struct: string
template_hash: string
html_prefix_truncated: bool
struct_token_count: int64
dom_tag: list<element: string>
  child 0, element: string
dom_parent_idx: list<element: int64>
  child 0, element: int64
dom_depth: list<element: int64>
  child 0, element: int64
dom_attr_count: list<element: int64>
  child 0, element: int64
dom_child_count: list<element: int64>
  child 0, element: int64
dom_node_count: int64
dom_max_depth: int64
dom_truncated: bool
label: string
-- schema metadata --
pandas: '{""index_columns"": [], ""column_indexes"": [], ""columns"": [{""name"":' + 2612"
/kaggle/input/datasets/cristinakaufalt/finaldatafreeze/phreshphish_FINAL_DATA_FREEZE_v3/roles/fpr_calibration_benign/part-00037.parquet,datasets/cristinakaufalt/finaldatafreeze/phreshphish_FINAL_DATA_FREEZE_v3/roles/fpr_calibration_benign/part-00037.parquet,269,1,21,"sha256: string
url: string
date: date32[day]
target: null
lang: string
lang_score: double
domain: string
text: string
html_struct: string
template_hash: string
html_prefix_truncated: bool
struct_token_count: int64
dom_tag: list<element: string>
  child 0, element: string
dom_parent_idx: list<element: int64>
  child 0, element: int64
dom_depth: list<element: int64>
  child 0, element: int64
dom_attr_count: list<element: int64>
  child 0, element: int64
dom_child_count: list<element: int64>
  child 0, element: int64
dom_node_count: int64
dom_max_depth: int64
dom_truncated: bool
label: string
-- schema metadata --
pandas: '{""index_columns"": [], ""column_indexes"": [], ""columns"": [{""name"":' + 2612"
/kaggle/input/datasets/cristinakaufalt/finaldatafreeze/phreshphish_FINAL_DATA_FREEZE_v3/roles/fpr_calibration_benign/part-00038.parquet,datasets/cristinakaufalt/finaldatafreeze/phreshphish_FINAL_DATA_FREEZE_v3/roles/fpr_calibration_benign/part-00038.parquet,246,1,21,"sha256: string
url: string
date: date32[day]
target: null
lang: string
lang_score: double
domain: string
text: string
html_struct: string
template_hash: string
html_prefix_truncated: bool
struct_token_count: int64
dom_tag: list<element: string>
  child 0, element: string
dom_parent_idx: list<element: int64>
  child 0, element: int64
dom_depth: list<element: int64>
  child 0, element: int64
dom_attr_count: list<element: int64>
  child 0, element: int64
dom_child_count: list<element: int64>
  child 0, element: int64
dom_node_count: int64
dom_max_depth: int64
dom_truncated: bool
label: string
-- schema metadata --
pandas: '{""index_columns"": [], ""column_indexes"": [], ""columns"": [{""name"":' + 2612"
/kaggle/input/datasets/cristinakaufalt/finaldatafreeze/phreshphish_FINAL_DATA_FREEZE_v3/roles/fpr_calibration_benign/part-00039.parquet,datasets/cristinakaufalt/finaldatafreeze/phreshphish_FINAL_DATA_FREEZE_v3/roles/fpr_calibration_benign/part-00039.parquet,267,1,21,"sha256: string
url: string
date: date32[day]
target: null
lang: string
lang_score: double
domain: string
text: string
html_struct: string
template_hash: string
html_prefix_truncated: bool
struct_token_count: int64
dom_tag: list<element: string>
  child 0, element: string
dom_parent_idx: list<element: int64>
  child 0, element: int64
dom_depth: list<element: int64>
  child 0, element: int64
dom_attr_count: list<element: int64>
  child 0, element: int64
dom_child_count: list<element: int64>
  child 0, element: int64
dom_node_count: int64
dom_max_depth: int64
dom_truncated: bool
label: string
-- schema metadata --
pandas: '{""index_columns"": [], ""column_indexes"": [], ""columns"": [{""name"":' + 2612"
/kaggle/input/datasets/cristinakaufalt/finaldatafreeze/phreshphish_FINAL_DATA_FREEZE_v3/roles/fpr_calibration_benign/part-00040.parquet,datasets/cristinakaufalt/finaldatafreeze/phreshphish_FINAL_DATA_FREEZE_v3/roles/fpr_calibration_benign/part-00040.parquet,163,1,21,"sha256: string
url: string
date: date32[day]
target: null
lang: string
lang_score: double
domain: string
text: string
html_struct: string
template_hash: string
html_prefix_truncated: bool
struct_token_count: int64
dom_tag: list<element: string>
  child 0, element: string
dom_parent_idx: list<element: int64>
  child 0, element: int64
dom_depth: list<element: int64>
  child 0, element: int64
dom_attr_count: list<element: int64>
  child 0, element: int64
dom_child_count: list<element: int64>
  child 0, element: int64
dom_node_count: int64
dom_max_depth: int64
dom_truncated: bool
label: string
-- schema metadata --
pandas: '{""index_columns"": [], ""column_indexes"": [], ""columns"": [{""name"":' + 2612"
/kaggle/input/datasets/cristinakaufalt/finaldatafreeze/phreshphish_FINAL_DATA_FREEZE_v3/roles/fpr_calibration_benign/part-00041.parquet,datasets/cristinakaufalt/finaldatafreeze/phreshphish_FINAL_DATA_FREEZE_v3/roles/fpr_calibration_benign/part-00041.parquet,244,1,21,"sha256: string
url: string
date: date32[day]
target: null
lang: string
lang_score: double
domain: string
text: string
html_struct: string
template_hash: string
html_prefix_truncated: bool
struct_token_count: int64
dom_tag: list<element: string>
  child 0, element: string
dom_parent_idx: list<element: int64>
  child 0, element: int64
dom_depth: list<element: int64>
  child 0, element: int64
dom_attr_count: list<element: int64>
  child 0, element: int64
dom_child_count: list<element: int64>
  child 0, element: int64
dom_node_count: int64
dom_max_depth: int64
dom_truncated: bool
label: string
-- schema metadata --
pandas: '{""index_columns"": [], ""column_indexes"": [], ""columns"": [{""name"":' + 2612"
/kaggle/input/datasets/cristinakaufalt/finaldatafreeze/phreshphish_FINAL_DATA_FREEZE_v3/roles/fpr_calibration_benign/part-00042.parquet,datasets/cristinakaufalt/finaldatafreeze/phreshphish_FINAL_DATA_FREEZE_v3/roles/fpr_calibration_benign/part-00042.parquet,248,1,21,"sha256: string
url: string
date: date32[day]
target: null
lang: string
lang_score: double
domain: string
text: string
html_struct: string
template_hash: string
html_prefix_truncated: bool
struct_token_count: int64
dom_tag: list<element: string>
  child 0, element: string
dom_parent_idx: list<element: int64>
  child 0, element: int64
dom_depth: list<element: int64>
  child 0, element: int64
dom_attr_count: list<element: int64>
  child 0, element: int64
dom_child_count: list<element: int64>
  child 0, element: int64
dom_node_count: int64
dom_max_depth: int64
dom_truncated: bool
label: string
-- schema metadata --
pandas: '{""index_columns"": [], ""column_indexes"": [], ""columns"": [{""name"":' + 2612"
/kaggle/input/datasets/cristinakaufalt/finaldatafreeze/phreshphish_FINAL_DATA_FREEZE_v3/roles/fpr_calibration_benign/part-00043.parquet,datasets/cristinakaufalt/finaldatafreeze/phreshphish_FINAL_DATA_FREEZE_v3/roles/fpr_calibration_benign/part-00043.parquet,244,1,21,"sha256: string
url: string
date: date32[day]
target: null
lang: string
lang_score: double
domain: string
text: string
html_struct: string
template_hash: string
html_prefix_truncated: bool
struct_token_count: int64
dom_tag: list<element: string>
  child 0, element: string
dom_parent_idx: list<element: int64>
  child 0, element: int64
dom_depth: list<element: int64>
  child 0, element: int64
dom_attr_count: list<element: int64>
  child 0, element: int64
dom_child_count: list<element: int64>
  child 0, element: int64
dom_node_count: int64
dom_max_depth: int64
dom_truncated: bool
label: string
-- schema metadata --
pandas: '{""index_columns"": [], ""column_indexes"": [], ""columns"": [{""name"":' + 2612"
/kaggle/input/datasets/cristinakaufalt/finaldatafreeze/phreshphish_FINAL_DATA_FREEZE_v3/roles/fpr_calibration_benign/part-00044.parquet,datasets/cristinakaufalt/finaldatafreeze/phreshphish_FINAL_DATA_FREEZE_v3/roles/fpr_calibration_benign/part-00044.parquet,182,1,21,"sha256: string
url: string
date: date32[day]
target: null
lang: string
lang_score: double
domain: string
text: string
html_struct: string
template_hash: string
html_prefix_truncated: bool
struct_token_count: int64
dom_tag: list<element: string>
  child 0, element: string
dom_parent_idx: list<element: int64>
  child 0, element: int64
dom_depth: list<element: int64>
  child 0, element: int64
dom_attr_count: list<element: int64>
  child 0, element: int64
dom_child_count: list<element: int64>
  child 0, element: int64
dom_node_count: int64
dom_max_depth: int64
dom_truncated: bool
label: string
-- schema metadata --
pandas: '{""index_columns"": [], ""column_indexes"": [], ""columns"": [{""name"":' + 2612"
/kaggle/input/datasets/cristinakaufalt/finaldatafreeze/phreshphish_FINAL_DATA_FREEZE_v3/roles/fpr_calibration_benign/part-00045.parquet,datasets/cristinakaufalt/finaldatafreeze/phreshphish_FINAL_DATA_FREEZE_v3/roles/fpr_calibration_benign/part-00045.parquet,257,1,21,"sha256: string
url: string
date: date32[day]
target: null
lang: string
lang_score: double
domain: string
text: string
html_struct: string
template_hash: string
html_prefix_truncated: bool
struct_token_count: int64
dom_tag: list<element: string>
  child 0, element: string
dom_parent_idx: list<element: int64>
  child 0, element: int64
dom_depth: list<element: int64>
  child 0, element: int64
dom_attr_count: list<element: int64>
  child 0, element: int64
dom_child_count: list<element: int64>
  child 0, element: int64
dom_node_count: int64
dom_max_depth: int64
dom_truncated: bool
label: string
-- schema metadata --
pandas: '{""index_columns"": [], ""column_indexes"": [], ""columns"": [{""name"":' + 2612"
/kaggle/input/datasets/cristinakaufalt/finaldatafreeze/phreshphish_FINAL_DATA_FREEZE_v3/roles/fpr_calibration_benign/part-00046.parquet,datasets/cristinakaufalt/finaldatafreeze/phreshphish_FINAL_DATA_FREEZE_v3/roles/fpr_calibration_benign/part-00046.parquet,262,1,21,"sha256: string
url: string
date: date32[day]
target: null
lang: string
lang_score: double
domain: string
text: string
html_struct: string
template_hash: string
html_prefix_truncated: bool
struct_token_count: int64
dom_tag: list<element: string>
  child 0, element: string
dom_parent_idx: list<element: int64>
  child 0, element: int64
dom_depth: list<element: int64>
  child 0, element: int64
dom_attr_count: list<element: int64>
  child 0, element: int64
dom_child_count: list<element: int64>
  child 0, element: int64
dom_node_count: int64
dom_max_depth: int64
dom_truncated: bool
label: string
-- schema metadata --
pandas: '{""index_columns"": [], ""column_indexes"": [], ""columns"": [{""name"":' + 2612"
/kaggle/input/datasets/cristinakaufalt/finaldatafreeze/phreshphish_FINAL_DATA_FREEZE_v3/roles/fpr_calibration_benign/part-00047.parquet,datasets/cristinakaufalt/finaldatafreeze/phreshphish_FINAL_DATA_FREEZE_v3/roles/fpr_calibration_benign/part-00047.parquet,261,1,21,"sha256: string
url: string
date: date32[day]
target: null
lang: string
lang_score: double
domain: string
text: string
html_struct: string
template_hash: string
html_prefix_truncated: bool
struct_token_count: int64
dom_tag: list<element: string>
  child 0, element: string
dom_parent_idx: list<element: int64>
  child 0, element: int64
dom_depth: list<element: int64>
  child 0, element: int64
dom_attr_count: list<element: int64>
  child 0, element: int64
dom_child_count: list<element: int64>
  child 0, element: int64
dom_node_count: int64
dom_max_depth: int64
dom_truncated: bool
label: string
-- schema metadata --
pandas: '{""index_columns"": [], ""column_indexes"": [], ""columns"": [{""name"":' + 2612"
/kaggle/input/datasets/cristinakaufalt/finaldatafreeze/phreshphish_FINAL_DATA_FREEZE_v3/roles/fpr_calibration_benign/part-00048.parquet,datasets/cristinakaufalt/finaldatafreeze/phreshphish_FINAL_DATA_FREEZE_v3/roles/fpr_calibration_benign/part-00048.parquet,175,1,21,"sha256: string
url: string
date: date32[day]
target: null
lang: string
lang_score: double
domain: string
text: string
html_struct: string
template_hash: string
html_prefix_truncated: bool
struct_token_count: int64
dom_tag: list<element: string>
  child 0, element: string
dom_parent_idx: list<element: int64>
  child 0, element: int64
dom_depth: list<element: int64>
  child 0, element: int64
dom_attr_count: list<element: int64>
  child 0, element: int64
dom_child_count: list<element: int64>
  child 0, element: int64
dom_node_count: int64
dom_max_depth: int64
dom_truncated: bool
label: string
-- schema metadata --
pandas: '{""index_columns"": [], ""column_indexes"": [], ""columns"": [{""name"":' + 2612"
/kaggle/input/datasets/cristinakaufalt/finaldatafreeze/phreshphish_FINAL_DATA_FREEZE_v3/roles/fpr_calibration_benign/part-00049.parquet,datasets/cristinakaufalt/finaldatafreeze/phreshphish_FINAL_DATA_FREEZE_v3/roles/fpr_calibration_benign/part-00049.parquet,239,1,21,"sha256: string
url: string
date: date32[day]
target: null
lang: string
lang_score: double
domain: string
text: string
html_struct: string
template_hash: string
html_prefix_truncated: bool
struct_token_count: int64
dom_tag: list<element: string>
  child 0, element: string
dom_parent_idx: list<element: int64>
  child 0, element: int64
dom_depth: list<element: int64>
  child 0, element: int64
dom_attr_count: list<element: int64>
  child 0, element: int64
dom_child_count: list<element: int64>
  child 0, element: int64
dom_node_count: int64
dom_max_depth: int64
dom_truncated: bool
label: string
-- schema metadata --
pandas: '{""index_columns"": [], ""column_indexes"": [], ""columns"": [{""name"":' + 2612"
/kaggle/input/datasets/cristinakaufalt/finaldatafreeze/phreshphish_FINAL_DATA_FREEZE_v3/roles/fpr_calibration_benign/part-00050.parquet,datasets/cristinakaufalt/finaldatafreeze/phreshphish_FINAL_DATA_FREEZE_v3/roles/fpr_calibration_benign/part-00050.parquet,269,1,21,"sha256: string
url: string
date: date32[day]
target: string
lang: string
lang_score: double
domain: string
text: string
html_struct: string
template_hash: string
html_prefix_truncated: bool
struct_token_count: int64
dom_tag: list<element: string>
  child 0, element: string
dom_parent_idx: list<element: int64>
  child 0, element: int64
dom_depth: list<element: int64>
  child 0, element: int64
dom_attr_count: list<element: int64>
  child 0, element: int64
dom_child_count: list<element: int64>
  child 0, element: int64
dom_node_count: int64
dom_max_depth: int64
dom_truncated: bool
label: string
-- schema metadata --
pandas: '{""index_columns"": [], ""column_indexes"": [], ""columns"": [{""name"":' + 2614"
/kaggle/input/datasets/cristinakaufalt/finaldatafreeze/phreshphish_FINAL_DATA_FREEZE_v3/roles/fpr_calibration_benign/part-00051.parquet,datasets/cristinakaufalt/finaldatafreeze/phreshphish_FINAL_DATA_FREEZE_v3/roles/fpr_calibration_benign/part-00051.parquet,263,1,21,"sha256: string
url: string
date: date32[day]
target: null
lang: string
lang_score: double
domain: string
text: string
html_struct: string
template_hash: string
html_prefix_truncated: bool
struct_token_count: int64
dom_tag: list<element: string>
  child 0, element: string
dom_parent_idx: list<element: int64>
  child 0, element: int64
dom_depth: list<element: int64>
  child 0, element: int64
dom_attr_count: list<element: int64>
  child 0, element: int64
dom_child_count: list<element: int64>
  child 0, element: int64
dom_node_count: int64
dom_max_depth: int64
dom_truncated: bool
label: string
-- schema metadata --
pandas: '{""index_columns"": [], ""column_indexes"": [], ""columns"": [{""name"":' + 2612"
/kaggle/input/datasets/cristinakaufalt/finaldatafreeze/phreshphish_FINAL_DATA_FREEZE_v3/roles/fpr_calibration_benign/part-00052.parquet,datasets/cristinakaufalt/finaldatafreeze/phreshphish_FINAL_DATA_FREEZE_v3/roles/fpr_calibration_benign/part-00052.parquet,164,1,21,"sha256: string
url: string
date: date32[day]
target: null
lang: string
lang_score: double
domain: string
text: string
html_struct: string
template_hash: string
html_prefix_truncated: bool
struct_token_count: int64
dom_tag: list<element: string>
  child 0, element: string
dom_parent_idx: list<element: int64>
  child 0, element: int64
dom_depth: list<element: int64>
  child 0, element: int64
dom_attr_count: list<element: int64>
  child 0, element: int64
dom_child_count: list<element: int64>
  child 0, element: int64
dom_node_count: int64
dom_max_depth: int64
dom_truncated: bool
label: string
-- schema metadata --
pandas: '{""index_columns"": [], ""column_indexes"": [], ""columns"": [{""name"":' + 2612"
/kaggle/input/datasets/cristinakaufalt/finaldatafreeze/phreshphish_FINAL_DATA_FREEZE_v3/roles/fpr_calibration_benign/part-00053.parquet,datasets/cristinakaufalt/finaldatafreeze/phreshphish_FINAL_DATA_FREEZE_v3/roles/fpr_calibration_benign/part-00053.parquet,243,1,21,"sha256: string
url: string
date: date32[day]
target: null
lang: string
lang_score: double
domain: string
text: string
html_struct: string
template_hash: string
html_prefix_truncated: bool
struct_token_count: int64
dom_tag: list<element: string>
  child 0, element: string
dom_parent_idx: list<element: int64>
  child 0, element: int64
dom_depth: list<element: int64>
  child 0, element: int64
dom_attr_count: list<element: int64>
  child 0, element: int64
dom_child_count: list<element: int64>
  child 0, element: int64
dom_node_count: int64
dom_max_depth: int64
dom_truncated: bool
label: string
-- schema metadata --
pandas: '{""index_columns"": [], ""column_indexes"": [], ""columns"": [{""name"":' + 2612"
/kaggle/input/datasets/cristinakaufalt/finaldatafreeze/phreshphish_FINAL_DATA_FREEZE_v3/roles/fpr_calibration_benign/part-00054.parquet,datasets/cristinakaufalt/finaldatafreeze/phreshphish_FINAL_DATA_FREEZE_v3/roles/fpr_calibration_benign/part-00054.parquet,246,1,21,"sha256: string
url: string
date: date32[day]
target: null
lang: string
lang_score: double
domain: string
text: string
html_struct: string
template_hash: string
html_prefix_truncated: bool
struct_token_count: int64
dom_tag: list<element: string>
  child 0, element: string
dom_parent_idx: list<element: int64>
  child 0, element: int64
dom_depth: list<element: int64>
  child 0, element: int64
dom_attr_count: list<element: int64>
  child 0, element: int64
dom_child_count: list<element: int64>
  child 0, element: int64
dom_node_count: int64
dom_max_depth: int64
dom_truncated: bool
label: string
-- schema metadata --
pandas: '{""index_columns"": [], ""column_indexes"": [], ""columns"": [{""name"":' + 2612"
/kaggle/input/datasets/cristinakaufalt/finaldatafreeze/phreshphish_FINAL_DATA_FREEZE_v3/roles/fpr_calibration_benign/part-00055.parquet,datasets/cristinakaufalt/finaldatafreeze/phreshphish_FINAL_DATA_FREEZE_v3/roles/fpr_calibration_benign/part-00055.parquet,223,1,21,"sha256: string
url: string
date: date32[day]
target: string
lang: string
lang_score: double
domain: string
text: string
html_struct: string
template_hash: string
html_prefix_truncated: bool
struct_token_count: int64
dom_tag: list<element: string>
  child 0, element: string
dom_parent_idx: list<element: int64>
  child 0, element: int64
dom_depth: list<element: int64>
  child 0, element: int64
dom_attr_count: list<element: int64>
  child 0, element: int64
dom_child_count: list<element: int64>
  child 0, element: int64
dom_node_count: int64
dom_max_depth: int64
dom_truncated: bool
label: string
-- schema metadata --
pandas: '{""index_columns"": [], ""column_indexes"": [], ""columns"": [{""name"":' + 2614"
/kaggle/input/datasets/cristinakaufalt/finaldatafreeze/phreshphish_FINAL_DATA_FREEZE_v3/roles/fpr_calibration_benign/part-00056.parquet,datasets/cristinakaufalt/finaldatafreeze/phreshphish_FINAL_DATA_FREEZE_v3/roles/fpr_calibration_benign/part-00056.parquet,198,1,21,"sha256: string
url: string
date: date32[day]
target: null
lang: string
lang_score: double
domain: string
text: string
html_struct: string
template_hash: string
html_prefix_truncated: bool
struct_token_count: int64
dom_tag: list<element: string>
  child 0, element: string
dom_parent_idx: list<element: int64>
  child 0, element: int64
dom_depth: list<element: int64>
  child 0, element: int64
dom_attr_count: list<element: int64>
  child 0, element: int64
dom_child_count: list<element: int64>
  child 0, element: int64
dom_node_count: int64
dom_max_depth: int64
dom_truncated: bool
label: string
-- schema metadata --
pandas: '{""index_columns"": [], ""column_indexes"": [], ""columns"": [{""name"":' + 2612"
/kaggle/input/datasets/cristinakaufalt/finaldatafreeze/phreshphish_FINAL_DATA_FREEZE_v3/roles/fpr_calibration_benign/part-00057.parquet,datasets/cristinakaufalt/finaldatafreeze/phreshphish_FINAL_DATA_FREEZE_v3/roles/fpr_calibration_benign/part-00057.parquet,230,1,21,"sha256: string
url: string
date: date32[day]
target: null
lang: string
lang_score: double
domain: string
text: string
html_struct: string
template_hash: string
html_prefix_truncated: bool
struct_token_count: int64
dom_tag: list<element: string>
  child 0, element: string
dom_parent_idx: list<element: int64>
  child 0, element: int64
dom_depth: list<element: int64>
  child 0, element: int64
dom_attr_count: list<element: int64>
  child 0, element: int64
dom_child_count: list<element: int64>
  child 0, element: int64
dom_node_count: int64
dom_max_depth: int64
dom_truncated: bool
label: string
-- schema metadata --
pandas: '{""index_columns"": [], ""column_indexes"": [], ""columns"": [{""name"":' + 2612"
/kaggle/input/datasets/cristinakaufalt/finaldatafreeze/phreshphish_FINAL_DATA_FREEZE_v3/roles/fpr_calibration_benign/part-00058.parquet,datasets/cristinakaufalt/finaldatafreeze/phreshphish_FINAL_DATA_FREEZE_v3/roles/fpr_calibration_benign/part-00058.parquet,270,1,21,"sha256: string
url: string
date: date32[day]
target: null
lang: string
lang_score: double
domain: string
text: string
html_struct: string
template_hash: string
html_prefix_truncated: bool
struct_token_count: int64
dom_tag: list<element: string>
  child 0, element: string
dom_parent_idx: list<element: int64>
  child 0, element: int64
dom_depth: list<element: int64>
  child 0, element: int64
dom_attr_count: list<element: int64>
  child 0, element: int64
dom_child_count: list<element: int64>
  child 0, element: int64
dom_node_count: int64
dom_max_depth: int64
dom_truncated: bool
label: string
-- schema metadata --
pandas: '{""index_columns"": [], ""column_indexes"": [], ""columns"": [{""name"":' + 2612"
/kaggle/input/datasets/cristinakaufalt/finaldatafreeze/phreshphish_FINAL_DATA_FREEZE_v3/roles/fpr_calibration_benign/part-00059.parquet,datasets/cristinakaufalt/finaldatafreeze/phreshphish_FINAL_DATA_FREEZE_v3/roles/fpr_calibration_benign/part-00059.parquet,250,1,21,"sha256: string
url: string
date: date32[day]
target: null
lang: string
lang_score: double
domain: string
text: string
html_struct: string
template_hash: string
html_prefix_truncated: bool
struct_token_count: int64
dom_tag: list<element: string>
  child 0, element: string
dom_parent_idx: list<element: int64>
  child 0, element: int64
dom_depth: list<element: int64>
  child 0, element: int64
dom_attr_count: list<element: int64>
  child 0, element: int64
dom_child_count: list<element: int64>
  child 0, element: int64
dom_node_count: int64
dom_max_depth: int64
dom_truncated: bool
label: string
-- schema metadata --
pandas: '{""index_columns"": [], ""column_indexes"": [], ""columns"": [{""name"":' + 2612"
/kaggle/input/datasets/cristinakaufalt/finaldatafreeze/phreshphish_FINAL_DATA_FREEZE_v3/roles/fpr_calibration_benign/part-00060.parquet,datasets/cristinakaufalt/finaldatafreeze/phreshphish_FINAL_DATA_FREEZE_v3/roles/fpr_calibration_benign/part-00060.parquet,175,1,21,"sha256: string
url: string
date: date32[day]
target: null
lang: string
lang_score: double
domain: string
text: string
html_struct: string
template_hash: string
html_prefix_truncated: bool
struct_token_count: int64
dom_tag: list<element: string>
  child 0, element: string
dom_parent_idx: list<element: int64>
  child 0, element: int64
dom_depth: list<element: int64>
  child 0, element: int64
dom_attr_count: list<element: int64>
  child 0, element: int64
dom_child_count: list<element: int64>
  child 0, element: int64
dom_node_count: int64
dom_max_depth: int64
dom_truncated: bool
label: string
-- schema metadata --
pandas: '{""index_columns"": [], ""column_indexes"": [], ""columns"": [{""name"":' + 2612"
/kaggle/input/datasets/cristinakaufalt/finaldatafreeze/phreshphish_FINAL_DATA_FREEZE_v3/roles/fpr_calibration_benign/part-00061.parquet,datasets/cristinakaufalt/finaldatafreeze/phreshphish_FINAL_DATA_FREEZE_v3/roles/fpr_calibration_benign/part-00061.parquet,249,1,21,"sha256: string
url: string
date: date32[day]
target: null
lang: string
lang_score: double
domain: string
text: string
html_struct: string
template_hash: string
html_prefix_truncated: bool
struct_token_count: int64
dom_tag: list<element: string>
  child 0, element: string
dom_parent_idx: list<element: int64>
  child 0, element: int64
dom_depth: list<element: int64>
  child 0, element: int64
dom_attr_count: list<element: int64>
  child 0, element: int64
dom_child_count: list<element: int64>
  child 0, element: int64
dom_node_count: int64
dom_max_depth: int64
dom_truncated: bool
label: string
-- schema metadata --
pandas: '{""index_columns"": [], ""column_indexes"": [], ""columns"": [{""name"":' + 2612"
/kaggle/input/datasets/cristinakaufalt/finaldatafreeze/phreshphish_FINAL_DATA_FREEZE_v3/roles/fpr_calibration_benign/part-00062.parquet,datasets/cristinakaufalt/finaldatafreeze/phreshphish_FINAL_DATA_FREEZE_v3/roles/fpr_calibration_benign/part-00062.parquet,270,1,21,"sha256: string
url: string
date: date32[day]
target: null
lang: string
lang_score: double
domain: string
text: string
html_struct: string
template_hash: string
html_prefix_truncated: bool
struct_token_count: int64
dom_tag: list<element: string>
  child 0, element: string
dom_parent_idx: list<element: int64>
  child 0, element: int64
dom_depth: list<element: int64>
  child 0, element: int64
dom_attr_count: list<element: int64>
  child 0, element: int64
dom_child_count: list<element: int64>
  child 0, element: int64
dom_node_count: int64
dom_max_depth: int64
dom_truncated: bool
label: string
-- schema metadata --
pandas: '{""index_columns"": [], ""column_indexes"": [], ""columns"": [{""name"":' + 2612"
/kaggle/input/datasets/cristinakaufalt/finaldatafreeze/phreshphish_FINAL_DATA_FREEZE_v3/roles/fpr_calibration_benign/part-00063.parquet,datasets/cristinakaufalt/finaldatafreeze/phreshphish_FINAL_DATA_FREEZE_v3/roles/fpr_calibration_benign/part-00063.parquet,241,1,21,"sha256: string
url: string
date: date32[day]
target: null
lang: string
lang_score: double
domain: string
text: string
html_struct: string
template_hash: string
html_prefix_truncated: bool
struct_token_count: int64
dom_tag: list<element: string>
  child 0, element: string
dom_parent_idx: list<element: int64>
  child 0, element: int64
dom_depth: list<element: int64>
  child 0, element: int64
dom_attr_count: list<element: int64>
  child 0, element: int64
dom_child_count: list<element: int64>
  child 0, element: int64
dom_node_count: int64
dom_max_depth: int64
dom_truncated: bool
label: string
-- schema metadata --
pandas: '{""index_columns"": [], ""column_indexes"": [], ""columns"": [{""name"":' + 2612"
/kaggle/input/datasets/cristinakaufalt/finaldatafreeze/phreshphish_FINAL_DATA_FREEZE_v3/roles/fpr_calibration_benign/part-00064.parquet,datasets/cristinakaufalt/finaldatafreeze/phreshphish_FINAL_DATA_FREEZE_v3/roles/fpr_calibration_benign/part-00064.parquet,199,1,21,"sha256: string
url: string
date: date32[day]
target: string
lang: string
lang_score: double
domain: string
text: string
html_struct: string
template_hash: string
html_prefix_truncated: bool
struct_token_count: int64
dom_tag: list<element: string>
  child 0, element: string
dom_parent_idx: list<element: int64>
  child 0, element: int64
dom_depth: list<element: int64>
  child 0, element: int64
dom_attr_count: list<element: int64>
  child 0, element: int64
dom_child_count: list<element: int64>
  child 0, element: int64
dom_node_count: int64
dom_max_depth: int64
dom_truncated: bool
label: string
-- schema metadata --
pandas: '{""index_columns"": [], ""column_indexes"": [], ""columns"": [{""name"":' + 2614"
/kaggle/input/datasets/cristinakaufalt/finaldatafreeze/phreshphish_FINAL_DATA_FREEZE_v3/roles/fpr_calibration_benign/part-00065.parquet,datasets/cristinakaufalt/finaldatafreeze/phreshphish_FINAL_DATA_FREEZE_v3/roles/fpr_calibration_benign/part-00065.parquet,263,1,21,"sha256: string
url: string
date: date32[day]
target: null
lang: string
lang_score: double
domain: string
text: string
html_struct: string
template_hash: string
html_prefix_truncated: bool
struct_token_count: int64
dom_tag: list<element: string>
  child 0, element: string
dom_parent_idx: list<element: int64>
  child 0, element: int64
dom_depth: list<element: int64>
  child 0, element: int64
dom_attr_count: list<element: int64>
  child 0, element: int64
dom_child_count: list<element: int64>
  child 0, element: int64
dom_node_count: int64
dom_max_depth: int64
dom_truncated: bool
label: string
-- schema metadata --
pandas: '{""index_columns"": [], ""column_indexes"": [], ""columns"": [{""name"":' + 2612"
/kaggle/input/datasets/cristinakaufalt/finaldatafreeze/phreshphish_FINAL_DATA_FREEZE_v3/roles/fpr_calibration_benign/part-00066.parquet,datasets/cristinakaufalt/finaldatafreeze/phreshphish_FINAL_DATA_FREEZE_v3/roles/fpr_calibration_benign/part-00066.parquet,260,1,21,"sha256: string
url: string
date: date32[day]
target: null
lang: string
lang_score: double
domain: string
text: string
html_struct: string
template_hash: string
html_prefix_truncated: bool
struct_token_count: int64
dom_tag: list<element: string>
  child 0, element: string
dom_parent_idx: list<element: int64>
  child 0, element: int64
dom_depth: list<element: int64>
  child 0, element: int64
dom_attr_count: list<element: int64>
  child 0, element: int64
dom_child_count: list<element: int64>
  child 0, element: int64
dom_node_count: int64
dom_max_depth: int64
dom_truncated: bool
label: string
-- schema metadata --
pandas: '{""index_columns"": [], ""column_indexes"": [], ""columns"": [{""name"":' + 2612"
/kaggle/input/datasets/cristinakaufalt/finaldatafreeze/phreshphish_FINAL_DATA_FREEZE_v3/roles/fpr_calibration_benign/part-00067.parquet,datasets/cristinakaufalt/finaldatafreeze/phreshphish_FINAL_DATA_FREEZE_v3/roles/fpr_calibration_benign/part-00067.parquet,246,1,21,"sha256: string
url: string
date: date32[day]
target: null
lang: string
lang_score: double
domain: string
text: string
html_struct: string
template_hash: string
html_prefix_truncated: bool
struct_token_count: int64
dom_tag: list<element: string>
  child 0, element: string
dom_parent_idx: list<element: int64>
  child 0, element: int64
dom_depth: list<element: int64>
  child 0, element: int64
dom_attr_count: list<element: int64>
  child 0, element: int64
dom_child_count: list<element: int64>
  child 0, element: int64
dom_node_count: int64
dom_max_depth: int64
dom_truncated: bool
label: string
-- schema metadata --
pandas: '{""index_columns"": [], ""column_indexes"": [], ""columns"": [{""name"":' + 2612"
/kaggle/input/datasets/cristinakaufalt/finaldatafreeze/phreshphish_FINAL_DATA_FREEZE_v3/roles/fpr_calibration_benign/part-00068.parquet,datasets/cristinakaufalt/finaldatafreeze/phreshphish_FINAL_DATA_FREEZE_v3/roles/fpr_calibration_benign/part-00068.parquet,182,1,21,"sha256: string
url: string
date: date32[day]
target: null
lang: string
lang_score: double
domain: string
text: string
html_struct: string
template_hash: string
html_prefix_truncated: bool
struct_token_count: int64
dom_tag: list<element: string>
  child 0, element: string
dom_parent_idx: list<element: int64>
  child 0, element: int64
dom_depth: list<element: int64>
  child 0, element: int64
dom_attr_count: list<element: int64>
  child 0, element: int64
dom_child_count: list<element: int64>
  child 0, element: int64
dom_node_count: int64
dom_max_depth: int64
dom_truncated: bool
label: string
-- schema metadata --
pandas: '{""index_columns"": [], ""column_indexes"": [], ""columns"": [{""name"":' + 2612"
/kaggle/input/datasets/cristinakaufalt/finaldatafreeze/phreshphish_FINAL_DATA_FREEZE_v3/roles/fpr_calibration_benign/part-00069.parquet,datasets/cristinakaufalt/finaldatafreeze/phreshphish_FINAL_DATA_FREEZE_v3/roles/fpr_calibration_benign/part-00069.parquet,253,1,21,"sha256: string
url: string
date: date32[day]
target: null
lang: string
lang_score: double
domain: string
text: string
html_struct: string
template_hash: string
html_prefix_truncated: bool
struct_token_count: int64
dom_tag: list<element: string>
  child 0, element: string
dom_parent_idx: list<element: int64>
  child 0, element: int64
dom_depth: list<element: int64>
  child 0, element: int64
dom_attr_count: list<element: int64>
  child 0, element: int64
dom_child_count: list<element: int64>
  child 0, element: int64
dom_node_count: int64
dom_max_depth: int64
dom_truncated: bool
label: string
-- schema metadata --
pandas: '{""index_columns"": [], ""column_indexes"": [], ""columns"": [{""name"":' + 2612"
/kaggle/input/datasets/cristinakaufalt/finaldatafreeze/phreshphish_FINAL_DATA_FREEZE_v3/roles/fpr_calibration_benign/part-00070.parquet,datasets/cristinakaufalt/finaldatafreeze/phreshphish_FINAL_DATA_FREEZE_v3/roles/fpr_calibration_benign/part-00070.parquet,249,1,21,"sha256: string
url: string
date: date32[day]
target: null
lang: string
lang_score: double
domain: string
text: string
html_struct: string
template_hash: string
html_prefix_truncated: bool
struct_token_count: int64
dom_tag: list<element: string>
  child 0, element: string
dom_parent_idx: list<element: int64>
  child 0, element: int64
dom_depth: list<element: int64>
  child 0, element: int64
dom_attr_count: list<element: int64>
  child 0, element: int64
dom_child_count: list<element: int64>
  child 0, element: int64
dom_node_count: int64
dom_max_depth: int64
dom_truncated: bool
label: string
-- schema metadata --
pandas: '{""index_columns"": [], ""column_indexes"": [], ""columns"": [{""name"":' + 2612"
/kaggle/input/datasets/cristinakaufalt/finaldatafreeze/phreshphish_FINAL_DATA_FREEZE_v3/roles/fpr_calibration_benign/part-00071.parquet,datasets/cristinakaufalt/finaldatafreeze/phreshphish_FINAL_DATA_FREEZE_v3/roles/fpr_calibration_benign/part-00071.parquet,250,1,21,"sha256: string
url: string
date: date32[day]
target: null
lang: string
lang_score: double
domain: string
text: string
html_struct: string
template_hash: string
html_prefix_truncated: bool
struct_token_count: int64
dom_tag: list<element: string>
  child 0, element: string
dom_parent_idx: list<element: int64>
  child 0, element: int64
dom_depth: list<element: int64>
  child 0, element: int64
dom_attr_count: list<element: int64>
  child 0, element: int64
dom_child_count: list<element: int64>
  child 0, element: int64
dom_node_count: int64
dom_max_depth: int64
dom_truncated: bool
label: string
-- schema metadata --
pandas: '{""index_columns"": [], ""column_indexes"": [], ""columns"": [{""name"":' + 2612"
/kaggle/input/datasets/cristinakaufalt/finaldatafreeze/phreshphish_FINAL_DATA_FREEZE_v3/roles/fpr_calibration_benign/part-00072.parquet,datasets/cristinakaufalt/finaldatafreeze/phreshphish_FINAL_DATA_FREEZE_v3/roles/fpr_calibration_benign/part-00072.parquet,212,1,21,"sha256: string
url: string
date: date32[day]
target: null
lang: string
lang_score: double
domain: string
text: string
html_struct: string
template_hash: string
html_prefix_truncated: bool
struct_token_count: int64
dom_tag: list<element: string>
  child 0, element: string
dom_parent_idx: list<element: int64>
  child 0, element: int64
dom_depth: list<element: int64>
  child 0, element: int64
dom_attr_count: list<element: int64>
  child 0, element: int64
dom_child_count: list<element: int64>
  child 0, element: int64
dom_node_count: int64
dom_max_depth: int64
dom_truncated: bool
label: string
-- schema metadata --
pandas: '{""index_columns"": [], ""column_indexes"": [], ""columns"": [{""name"":' + 2612"
/kaggle/input/datasets/cristinakaufalt/finaldatafreeze/phreshphish_FINAL_DATA_FREEZE_v3/roles/fpr_calibration_benign/part-00073.parquet,datasets/cristinakaufalt/finaldatafreeze/phreshphish_FINAL_DATA_FREEZE_v3/roles/fpr_calibration_benign/part-00073.parquet,261,1,21,"sha256: string
url: string
date: date32[day]
target: null
lang: string
lang_score: double
domain: string
text: string
html_struct: string
template_hash: string
html_prefix_truncated: bool
struct_token_count: int64
dom_tag: list<element: string>
  child 0, element: string
dom_parent_idx: list<element: int64>
  child 0, element: int64
dom_depth: list<element: int64>
  child 0, element: int64
dom_attr_count: list<element: int64>
  child 0, element: int64
dom_child_count: list<element: int64>
  child 0, element: int64
dom_node_count: int64
dom_max_depth: int64
dom_truncated: bool
label: string
-- schema metadata --
pandas: '{""index_columns"": [], ""column_indexes"": [], ""columns"": [{""name"":' + 2612"
/kaggle/input/datasets/cristinakaufalt/finaldatafreeze/phreshphish_FINAL_DATA_FREEZE_v3/roles/fpr_calibration_benign/part-00074.parquet,datasets/cristinakaufalt/finaldatafreeze/phreshphish_FINAL_DATA_FREEZE_v3/roles/fpr_calibration_benign/part-00074.parquet,246,1,21,"sha256: string
url: string
date: date32[day]
target: null
lang: string
lang_score: double
domain: string
text: string
html_struct: string
template_hash: string
html_prefix_truncated: bool
struct_token_count: int64
dom_tag: list<element: string>
  child 0, element: string
dom_parent_idx: list<element: int64>
  child 0, element: int64
dom_depth: list<element: int64>
  child 0, element: int64
dom_attr_count: list<element: int64>
  child 0, element: int64
dom_child_count: list<element: int64>
  child 0, element: int64
dom_node_count: int64
dom_max_depth: int64
dom_truncated: bool
label: string
-- schema metadata --
pandas: '{""index_columns"": [], ""column_indexes"": [], ""columns"": [{""name"":' + 2612"
/kaggle/input/datasets/cristinakaufalt/finaldatafreeze/phreshphish_FINAL_DATA_FREEZE_v3/roles/fpr_calibration_benign/part-00075.parquet,datasets/cristinakaufalt/finaldatafreeze/phreshphish_FINAL_DATA_FREEZE_v3/roles/fpr_calibration_benign/part-00075.parquet,249,1,21,"sha256: string
url: string
date: date32[day]
target: null
lang: string
lang_score: double
domain: string
text: string
html_struct: string
template_hash: string
html_prefix_truncated: bool
struct_token_count: int64
dom_tag: list<element: string>
  child 0, element: string
dom_parent_idx: list<element: int64>
  child 0, element: int64
dom_depth: list<element: int64>
  child 0, element: int64
dom_attr_count: list<element: int64>
  child 0, element: int64
dom_child_count: list<element: int64>
  child 0, element: int64
dom_node_count: int64
dom_max_depth: int64
dom_truncated: bool
label: string
-- schema metadata --
pandas: '{""index_columns"": [], ""column_indexes"": [], ""columns"": [{""name"":' + 2612"
/kaggle/input/datasets/cristinakaufalt/finaldatafreeze/phreshphish_FINAL_DATA_FREEZE_v3/roles/fpr_calibration_benign/part-00076.parquet,datasets/cristinakaufalt/finaldatafreeze/phreshphish_FINAL_DATA_FREEZE_v3/roles/fpr_calibration_benign/part-00076.parquet,190,1,21,"sha256: string
url: string
date: date32[day]
target: null
lang: string
lang_score: double
domain: string
text: string
html_struct: string
template_hash: string
html_prefix_truncated: bool
struct_token_count: int64
dom_tag: list<element: string>
  child 0, element: string
dom_parent_idx: list<element: int64>
  child 0, element: int64
dom_depth: list<element: int64>
  child 0, element: int64
dom_attr_count: list<element: int64>
  child 0, element: int64
dom_child_count: list<element: int64>
  child 0, element: int64
dom_node_count: int64
dom_max_depth: int64
dom_truncated: bool
label: string
-- schema metadata --
pandas: '{""index_columns"": [], ""column_indexes"": [], ""columns"": [{""name"":' + 2612"
/kaggle/input/datasets/cristinakaufalt/finaldatafreeze/phreshphish_FINAL_DATA_FREEZE_v3/roles/fpr_calibration_benign/part-00077.parquet,datasets/cristinakaufalt/finaldatafreeze/phreshphish_FINAL_DATA_FREEZE_v3/roles/fpr_calibration_benign/part-00077.parquet,251,1,21,"sha256: string
url: string
date: date32[day]
target: string
lang: string
lang_score: double
domain: string
text: string
html_struct: string
template_hash: string
html_prefix_truncated: bool
struct_token_count: int64
dom_tag: list<element: string>
  child 0, element: string
dom_parent_idx: list<element: int64>
  child 0, element: int64
dom_depth: list<element: int64>
  child 0, element: int64
dom_attr_count: list<element: int64>
  child 0, element: int64
dom_child_count: list<element: int64>
  child 0, element: int64
dom_node_count: int64
dom_max_depth: int64
dom_truncated: bool
label: string
-- schema metadata --
pandas: '{""index_columns"": [], ""column_indexes"": [], ""columns"": [{""name"":' + 2614"
/kaggle/input/datasets/cristinakaufalt/finaldatafreeze/phreshphish_FINAL_DATA_FREEZE_v3/roles/fpr_calibration_benign/part-00078.parquet,datasets/cristinakaufalt/finaldatafreeze/phreshphish_FINAL_DATA_FREEZE_v3/roles/fpr_calibration_benign/part-00078.parquet,241,1,21,"sha256: string
url: string
date: date32[day]
target: null
lang: string
lang_score: double
domain: string
text: string
html_struct: string
template_hash: string
html_prefix_truncated: bool
struct_token_count: int64
dom_tag: list<element: string>
  child 0, element: string
dom_parent_idx: list<element: int64>
  child 0, element: int64
dom_depth: list<element: int64>
  child 0, element: int64
dom_attr_count: list<element: int64>
  child 0, element: int64
dom_child_count: list<element: int64>
  child 0, element: int64
dom_node_count: int64
dom_max_depth: int64
dom_truncated: bool
label: string
-- schema metadata --
pandas: '{""index_columns"": [], ""column_indexes"": [], ""columns"": [{""name"":' + 2612"
/kaggle/input/datasets/cristinakaufalt/finaldatafreeze/phreshphish_FINAL_DATA_FREEZE_v3/roles/fpr_calibration_benign/part-00079.parquet,datasets/cristinakaufalt/finaldatafreeze/phreshphish_FINAL_DATA_FREEZE_v3/roles/fpr_calibration_benign/part-00079.parquet,245,1,21,"sha256: string
url: string
date: date32[day]
target: null
lang: string
lang_score: double
domain: string
text: string
html_struct: string
template_hash: string
html_prefix_truncated: bool
struct_token_count: int64
dom_tag: list<element: string>
  child 0, element: string
dom_parent_idx: list<element: int64>
  child 0, element: int64
dom_depth: list<element: int64>
  child 0, element: int64
dom_attr_count: list<element: int64>
  child 0, element: int64
dom_child_count: list<element: int64>
  child 0, element: int64
dom_node_count: int64
dom_max_depth: int64
dom_truncated: bool
label: string
-- schema metadata --
pandas: '{""index_columns"": [], ""column_indexes"": [], ""columns"": [{""name"":' + 2612"
/kaggle/input/datasets/cristinakaufalt/finaldatafreeze/phreshphish_FINAL_DATA_FREEZE_v3/roles/fpr_calibration_benign/part-00080.parquet,datasets/cristinakaufalt/finaldatafreeze/phreshphish_FINAL_DATA_FREEZE_v3/roles/fpr_calibration_benign/part-00080.parquet,199,1,21,"sha256: string
url: string
date: date32[day]
target: null
lang: string
lang_score: double
domain: string
text: string
html_struct: string
template_hash: string
html_prefix_truncated: bool
struct_token_count: int64
dom_tag: list<element: string>
  child 0, element: string
dom_parent_idx: list<element: int64>
  child 0, element: int64
dom_depth: list<element: int64>
  child 0, element: int64
dom_attr_count: list<element: int64>
  child 0, element: int64
dom_child_count: list<element: int64>
  child 0, element: int64
dom_node_count: int64
dom_max_depth: int64
dom_truncated: bool
label: string
-- schema metadata --
pandas: '{""index_columns"": [], ""column_indexes"": [], ""columns"": [{""name"":' + 2612"
/kaggle/input/datasets/cristinakaufalt/finaldatafreeze/phreshphish_FINAL_DATA_FREEZE_v3/roles/fpr_calibration_benign/part-00081.parquet,datasets/cristinakaufalt/finaldatafreeze/phreshphish_FINAL_DATA_FREEZE_v3/roles/fpr_calibration_benign/part-00081.parquet,239,1,21,"sha256: string
url: string
date: date32[day]
target: null
lang: string
lang_score: double
domain: string
text: string
html_struct: string
template_hash: string
html_prefix_truncated: bool
struct_token_count: int64
dom_tag: list<element: string>
  child 0, element: string
dom_parent_idx: list<element: int64>
  child 0, element: int64
dom_depth: list<element: int64>
  child 0, element: int64
dom_attr_count: list<element: int64>
  child 0, element: int64
dom_child_count: list<element: int64>
  child 0, element: int64
dom_node_count: int64
dom_max_depth: int64
dom_truncated: bool
label: string
-- schema metadata --
pandas: '{""index_columns"": [], ""column_indexes"": [], ""columns"": [{""name"":' + 2612"
/kaggle/input/datasets/cristinakaufalt/finaldatafreeze/phreshphish_FINAL_DATA_FREEZE_v3/roles/fpr_calibration_benign/part-00082.parquet,datasets/cristinakaufalt/finaldatafreeze/phreshphish_FINAL_DATA_FREEZE_v3/roles/fpr_calibration_benign/part-00082.parquet,234,1,21,"sha256: string
url: string
date: date32[day]
target: null
lang: string
lang_score: double
domain: string
text: string
html_struct: string
template_hash: string
html_prefix_truncated: bool
struct_token_count: int64
dom_tag: list<element: string>
  child 0, element: string
dom_parent_idx: list<element: int64>
  child 0, element: int64
dom_depth: list<element: int64>
  child 0, element: int64
dom_attr_count: list<element: int64>
  child 0, element: int64
dom_child_count: list<element: int64>
  child 0, element: int64
dom_node_count: int64
dom_max_depth: int64
dom_truncated: bool
label: string
-- schema metadata --
pandas: '{""index_columns"": [], ""column_indexes"": [], ""columns"": [{""name"":' + 2612"
/kaggle/input/datasets/cristinakaufalt/finaldatafreeze/phreshphish_FINAL_DATA_FREEZE_v3/roles/fpr_calibration_benign/part-00083.parquet,datasets/cristinakaufalt/finaldatafreeze/phreshphish_FINAL_DATA_FREEZE_v3/roles/fpr_calibration_benign/part-00083.parquet,262,1,21,"sha256: string
url: string
date: date32[day]
target: null
lang: string
lang_score: double
domain: string
text: string
html_struct: string
template_hash: string
html_prefix_truncated: bool
struct_token_count: int64
dom_tag: list<element: string>
  child 0, element: string
dom_parent_idx: list<element: int64>
  child 0, element: int64
dom_depth: list<element: int64>
  child 0, element: int64
dom_attr_count: list<element: int64>
  child 0, element: int64
dom_child_count: list<element: int64>
  child 0, element: int64
dom_node_count: int64
dom_max_depth: int64
dom_truncated: bool
label: string
-- schema metadata --
pandas: '{""index_columns"": [], ""column_indexes"": [], ""columns"": [{""name"":' + 2612"
/kaggle/input/datasets/cristinakaufalt/finaldatafreeze/phreshphish_FINAL_DATA_FREEZE_v3/roles/fpr_calibration_benign/part-00084.parquet,datasets/cristinakaufalt/finaldatafreeze/phreshphish_FINAL_DATA_FREEZE_v3/roles/fpr_calibration_benign/part-00084.parquet,177,1,21,"sha256: string
url: string
date: date32[day]
target: null
lang: string
lang_score: double
domain: string
text: string
html_struct: string
template_hash: string
html_prefix_truncated: bool
struct_token_count: int64
dom_tag: list<element: string>
  child 0, element: string
dom_parent_idx: list<element: int64>
  child 0, element: int64
dom_depth: list<element: int64>
  child 0, element: int64
dom_attr_count: list<element: int64>
  child 0, element: int64
dom_child_count: list<element: int64>
  child 0, element: int64
dom_node_count: int64
dom_max_depth: int64
dom_truncated: bool
label: string
-- schema metadata --
pandas: '{""index_columns"": [], ""column_indexes"": [], ""columns"": [{""name"":' + 2612"
/kaggle/input/datasets/cristinakaufalt/finaldatafreeze/phreshphish_FINAL_DATA_FREEZE_v3/roles/fpr_calibration_benign/part-00085.parquet,datasets/cristinakaufalt/finaldatafreeze/phreshphish_FINAL_DATA_FREEZE_v3/roles/fpr_calibration_benign/part-00085.parquet,224,1,21,"sha256: string
url: string
date: date32[day]
target: null
lang: string
lang_score: double
domain: string
text: string
html_struct: string
template_hash: string
html_prefix_truncated: bool
struct_token_count: int64
dom_tag: list<element: string>
  child 0, element: string
dom_parent_idx: list<element: int64>
  child 0, element: int64
dom_depth: list<element: int64>
  child 0, element: int64
dom_attr_count: list<element: int64>
  child 0, element: int64
dom_child_count: list<element: int64>
  child 0, element: int64
dom_node_count: int64
dom_max_depth: int64
dom_truncated: bool
label: string
-- schema metadata --
pandas: '{""index_columns"": [], ""column_indexes"": [], ""columns"": [{""name"":' + 2612"
/kaggle/input/datasets/cristinakaufalt/finaldatafreeze/phreshphish_FINAL_DATA_FREEZE_v3/roles/fpr_calibration_benign/part-00086.parquet,datasets/cristinakaufalt/finaldatafreeze/phreshphish_FINAL_DATA_FREEZE_v3/roles/fpr_calibration_benign/part-00086.parquet,245,1,21,"sha256: string
url: string
date: date32[day]
target: null
lang: string
lang_score: double
domain: string
text: string
html_struct: string
template_hash: string
html_prefix_truncated: bool
struct_token_count: int64
dom_tag: list<element: string>
  child 0, element: string
dom_parent_idx: list<element: int64>
  child 0, element: int64
dom_depth: list<element: int64>
  child 0, element: int64
dom_attr_count: list<element: int64>
  child 0, element: int64
dom_child_count: list<element: int64>
  child 0, element: int64
dom_node_count: int64
dom_max_depth: int64
dom_truncated: bool
label: string
-- schema metadata --
pandas: '{""index_columns"": [], ""column_indexes"": [], ""columns"": [{""name"":' + 2612"
/kaggle/input/datasets/cristinakaufalt/finaldatafreeze/phreshphish_FINAL_DATA_FREEZE_v3/roles/fpr_calibration_benign/part-00087.parquet,datasets/cristinakaufalt/finaldatafreeze/phreshphish_FINAL_DATA_FREEZE_v3/roles/fpr_calibration_benign/part-00087.parquet,251,1,21,"sha256: string
url: string
date: date32[day]
target: null
lang: string
lang_score: double
domain: string
text: string
html_struct: string
template_hash: string
html_prefix_truncated: bool
struct_token_count: int64
dom_tag: list<element: string>
  child 0, element: string
dom_parent_idx: list<element: int64>
  child 0, element: int64
dom_depth: list<element: int64>
  child 0, element: int64
dom_attr_count: list<element: int64>
  child 0, element: int64
dom_child_count: list<element: int64>
  child 0, element: int64
dom_node_count: int64
dom_max_depth: int64
dom_truncated: bool
label: string
-- schema metadata --
pandas: '{""index_columns"": [], ""column_indexes"": [], ""columns"": [{""name"":' + 2612"
/kaggle/input/datasets/cristinakaufalt/finaldatafreeze/phreshphish_FINAL_DATA_FREEZE_v3/roles/fpr_calibration_benign/part-00088.parquet,datasets/cristinakaufalt/finaldatafreeze/phreshphish_FINAL_DATA_FREEZE_v3/roles/fpr_calibration_benign/part-00088.parquet,194,1,21,"sha256: string
url: string
date: date32[day]
target: null
lang: string
lang_score: double
domain: string
text: string
html_struct: string
template_hash: string
html_prefix_truncated: bool
struct_token_count: int64
dom_tag: list<element: string>
  child 0, element: string
dom_parent_idx: list<element: int64>
  child 0, element: int64
dom_depth: list<element: int64>
  child 0, element: int64
dom_attr_count: list<element: int64>
  child 0, element: int64
dom_child_count: list<element: int64>
  child 0, element: int64
dom_node_count: int64
dom_max_depth: int64
dom_truncated: bool
label: string
-- schema metadata --
pandas: '{""index_columns"": [], ""column_indexes"": [], ""columns"": [{""name"":' + 2612"
/kaggle/input/datasets/cristinakaufalt/finaldatafreeze/phreshphish_FINAL_DATA_FREEZE_v3/roles/fpr_calibration_benign/part-00089.parquet,datasets/cristinakaufalt/finaldatafreeze/phreshphish_FINAL_DATA_FREEZE_v3/roles/fpr_calibration_benign/part-00089.parquet,246,1,21,"sha256: string
url: string
date: date32[day]
target: null
lang: string
lang_score: double
domain: string
text: string
html_struct: string
template_hash: string
html_prefix_truncated: bool
struct_token_count: int64
dom_tag: list<element: string>
  child 0, element: string
dom_parent_idx: list<element: int64>
  child 0, element: int64
dom_depth: list<element: int64>
  child 0, element: int64
dom_attr_count: list<element: int64>
  child 0, element: int64
dom_child_count: list<element: int64>
  child 0, element: int64
dom_node_count: int64
dom_max_depth: int64
dom_truncated: bool
label: string
-- schema metadata --
pandas: '{""index_columns"": [], ""column_indexes"": [], ""columns"": [{""name"":' + 2612"
/kaggle/input/datasets/cristinakaufalt/finaldatafreeze/phreshphish_FINAL_DATA_FREEZE_v3/roles/fpr_calibration_benign/part-00090.parquet,datasets/cristinakaufalt/finaldatafreeze/phreshphish_FINAL_DATA_FREEZE_v3/roles/fpr_calibration_benign/part-00090.parquet,230,1,21,"sha256: string
url: string
date: date32[day]
target: null
lang: string
lang_score: double
domain: string
text: string
html_struct: string
template_hash: string
html_prefix_truncated: bool
struct_token_count: int64
dom_tag: list<element: string>
  child 0, element: string
dom_parent_idx: list<element: int64>
  child 0, element: int64
dom_depth: list<element: int64>
  child 0, element: int64
dom_attr_count: list<element: int64>
  child 0, element: int64
dom_child_count: list<element: int64>
  child 0, element: int64
dom_node_count: int64
dom_max_depth: int64
dom_truncated: bool
label: string
-- schema metadata --
pandas: '{""index_columns"": [], ""column_indexes"": [], ""columns"": [{""name"":' + 2612"
/kaggle/input/datasets/cristinakaufalt/finaldatafreeze/phreshphish_FINAL_DATA_FREEZE_v3/roles/fpr_calibration_benign/part-00091.parquet,datasets/cristinakaufalt/finaldatafreeze/phreshphish_FINAL_DATA_FREEZE_v3/roles/fpr_calibration_benign/part-00091.parquet,242,1,21,"sha256: string
url: string
date: date32[day]
target: null
lang: string
lang_score: double
domain: string
text: string
html_struct: string
template_hash: string
html_prefix_truncated: bool
struct_token_count: int64
dom_tag: list<element: string>
  child 0, element: string
dom_parent_idx: list<element: int64>
  child 0, element: int64
dom_depth: list<element: int64>
  child 0, element: int64
dom_attr_count: list<element: int64>
  child 0, element: int64
dom_child_count: list<element: int64>
  child 0, element: int64
dom_node_count: int64
dom_max_depth: int64
dom_truncated: bool
label: string
-- schema metadata --
pandas: '{""index_columns"": [], ""column_indexes"": [], ""columns"": [{""name"":' + 2612"
/kaggle/input/datasets/cristinakaufalt/finaldatafreeze/phreshphish_FINAL_DATA_FREEZE_v3/roles/fpr_calibration_benign/part-00092.parquet,datasets/cristinakaufalt/finaldatafreeze/phreshphish_FINAL_DATA_FREEZE_v3/roles/fpr_calibration_benign/part-00092.parquet,196,1,21,"sha256: string
url: string
date: date32[day]
target: null
lang: string
lang_score: double
domain: string
text: string
html_struct: string
template_hash: string
html_prefix_truncated: bool
struct_token_count: int64
dom_tag: list<element: string>
  child 0, element: string
dom_parent_idx: list<element: int64>
  child 0, element: int64
dom_depth: list<element: int64>
  child 0, element: int64
dom_attr_count: list<element: int64>
  child 0, element: int64
dom_child_count: list<element: int64>
  child 0, element: int64
dom_node_count: int64
dom_max_depth: int64
dom_truncated: bool
label: string
-- schema metadata --
pandas: '{""index_columns"": [], ""column_indexes"": [], ""columns"": [{""name"":' + 2612"
/kaggle/input/datasets/cristinakaufalt/finaldatafreeze/phreshphish_FINAL_DATA_FREEZE_v3/roles/fpr_calibration_benign/part-00093.parquet,datasets/cristinakaufalt/finaldatafreeze/phreshphish_FINAL_DATA_FREEZE_v3/roles/fpr_calibration_benign/part-00093.parquet,241,1,21,"sha256: string
url: string
date: date32[day]
target: null
lang: string
lang_score: double
domain: string
text: string
html_struct: string
template_hash: string
html_prefix_truncated: bool
struct_token_count: int64
dom_tag: list<element: string>
  child 0, element: string
dom_parent_idx: list<element: int64>
  child 0, element: int64
dom_depth: list<element: int64>
  child 0, element: int64
dom_attr_count: list<element: int64>
  child 0, element: int64
dom_child_count: list<element: int64>
  child 0, element: int64
dom_node_count: int64
dom_max_depth: int64
dom_truncated: bool
label: string
-- schema metadata --
pandas: '{""index_columns"": [], ""column_indexes"": [], ""columns"": [{""name"":' + 2612"
/kaggle/input/datasets/cristinakaufalt/finaldatafreeze/phreshphish_FINAL_DATA_FREEZE_v3/roles/fpr_calibration_benign/part-00094.parquet,datasets/cristinakaufalt/finaldatafreeze/phreshphish_FINAL_DATA_FREEZE_v3/roles/fpr_calibration_benign/part-00094.parquet,245,1,21,"sha256: string
url: string
date: date32[day]
target: string
lang: string
lang_score: double
domain: string
text: string
html_struct: string
template_hash: string
html_prefix_truncated: bool
struct_token_count: int64
dom_tag: list<element: string>
  child 0, element: string
dom_parent_idx: list<element: int64>
  child 0, element: int64
dom_depth: list<element: int64>
  child 0, element: int64
dom_attr_count: list<element: int64>
  child 0, element: int64
dom_child_count: list<element: int64>
  child 0, element: int64
dom_node_count: int64
dom_max_depth: int64
dom_truncated: bool
label: string
-- schema metadata --
pandas: '{""index_columns"": [], ""column_indexes"": [], ""columns"": [{""name"":' + 2614"
/kaggle/input/datasets/cristinakaufalt/finaldatafreeze/phreshphish_FINAL_DATA_FREEZE_v3/roles/fpr_calibration_benign/part-00095.parquet,datasets/cristinakaufalt/finaldatafreeze/phreshphish_FINAL_DATA_FREEZE_v3/roles/fpr_calibration_benign/part-00095.parquet,270,1,21,"sha256: string
url: string
date: date32[day]
target: null
lang: string
lang_score: double
domain: string
text: string
html_struct: string
template_hash: string
html_prefix_truncated: bool
struct_token_count: int64
dom_tag: list<element: string>
  child 0, element: string
dom_parent_idx: list<element: int64>
  child 0, element: int64
dom_depth: list<element: int64>
  child 0, element: int64
dom_attr_count: list<element: int64>
  child 0, element: int64
dom_child_count: list<element: int64>
  child 0, element: int64
dom_node_count: int64
dom_max_depth: int64
dom_truncated: bool
label: string
-- schema metadata --
pandas: '{""index_columns"": [], ""column_indexes"": [], ""columns"": [{""name"":' + 2612"
/kaggle/input/datasets/cristinakaufalt/finaldatafreeze/phreshphish_FINAL_DATA_FREEZE_v3/roles/fpr_calibration_benign/part-00096.parquet,datasets/cristinakaufalt/finaldatafreeze/phreshphish_FINAL_DATA_FREEZE_v3/roles/fpr_calibration_benign/part-00096.parquet,193,1,21,"sha256: string
url: string
date: date32[day]
target: null
lang: string
lang_score: double
domain: string
text: string
html_struct: string
template_hash: string
html_prefix_truncated: bool
struct_token_count: int64
dom_tag: list<element: string>
  child 0, element: string
dom_parent_idx: list<element: int64>
  child 0, element: int64
dom_depth: list<element: int64>
  child 0, element: int64
dom_attr_count: list<element: int64>
  child 0, element: int64
dom_child_count: list<element: int64>
  child 0, element: int64
dom_node_count: int64
dom_max_depth: int64
dom_truncated: bool
label: string
-- schema metadata --
pandas: '{""index_columns"": [], ""column_indexes"": [], ""columns"": [{""name"":' + 2612"
/kaggle/input/datasets/cristinakaufalt/finaldatafreeze/phreshphish_FINAL_DATA_FREEZE_v3/roles/fpr_calibration_benign/part-00097.parquet,datasets/cristinakaufalt/finaldatafreeze/phreshphish_FINAL_DATA_FREEZE_v3/roles/fpr_calibration_benign/part-00097.parquet,260,1,21,"sha256: string
url: string
date: date32[day]
target: null
lang: string
lang_score: double
domain: string
text: string
html_struct: string
template_hash: string
html_prefix_truncated: bool
struct_token_count: int64
dom_tag: list<element: string>
  child 0, element: string
dom_parent_idx: list<element: int64>
  child 0, element: int64
dom_depth: list<element: int64>
  child 0, element: int64
dom_attr_count: list<element: int64>
  child 0, element: int64
dom_child_count: list<element: int64>
  child 0, element: int64
dom_node_count: int64
dom_max_depth: int64
dom_truncated: bool
label: string
-- schema metadata --
pandas: '{""index_columns"": [], ""column_indexes"": [], ""columns"": [{""name"":' + 2612"
/kaggle/input/datasets/cristinakaufalt/finaldatafreeze/phreshphish_FINAL_DATA_FREEZE_v3/roles/fpr_calibration_benign/part-00098.parquet,datasets/cristinakaufalt/finaldatafreeze/phreshphish_FINAL_DATA_FREEZE_v3/roles/fpr_calibration_benign/part-00098.parquet,269,1,21,"sha256: string
url: string
date: date32[day]
target: null
lang: string
lang_score: double
domain: string
text: string
html_struct: string
template_hash: string
html_prefix_truncated: bool
struct_token_count: int64
dom_tag: list<element: string>
  child 0, element: string
dom_parent_idx: list<element: int64>
  child 0, element: int64
dom_depth: list<element: int64>
  child 0, element: int64
dom_attr_count: list<element: int64>
  child 0, element: int64
dom_child_count: list<element: int64>
  child 0, element: int64
dom_node_count: int64
dom_max_depth: int64
dom_truncated: bool
label: string
-- schema metadata --
pandas: '{""index_columns"": [], ""column_indexes"": [], ""columns"": [{""name"":' + 2612"
/kaggle/input/datasets/cristinakaufalt/finaldatafreeze/phreshphish_FINAL_DATA_FREEZE_v3/roles/fpr_calibration_benign/part-00099.parquet,datasets/cristinakaufalt/finaldatafreeze/phreshphish_FINAL_DATA_FREEZE_v3/roles/fpr_calibration_benign/part-00099.parquet,257,1,21,"sha256: string
url: string
date: date32[day]
target: null
lang: string
lang_score: double
domain: string
text: string
html_struct: string
template_hash: string
html_prefix_truncated: bool
struct_token_count: int64
dom_tag: list<element: string>
  child 0, element: string
dom_parent_idx: list<element: int64>
  child 0, element: int64
dom_depth: list<element: int64>
  child 0, element: int64
dom_attr_count: list<element: int64>
  child 0, element: int64
dom_child_count: list<element: int64>
  child 0, element: int64
dom_node_count: int64
dom_max_depth: int64
dom_truncated: bool
label: string
-- schema metadata --
pandas: '{""index_columns"": [], ""column_indexes"": [], ""columns"": [{""name"":' + 2612"
/kaggle/input/datasets/cristinakaufalt/finaldatafreeze/phreshphish_FINAL_DATA_FREEZE_v3/roles/fpr_calibration_benign/part-00100.parquet,datasets/cristinakaufalt/finaldatafreeze/phreshphish_FINAL_DATA_FREEZE_v3/roles/fpr_calibration_benign/part-00100.parquet,219,1,21,"sha256: string
url: string
date: date32[day]
target: string
lang: string
lang_score: double
domain: string
text: string
html_struct: string
template_hash: string
html_prefix_truncated: bool
struct_token_count: int64
dom_tag: list<element: string>
  child 0, element: string
dom_parent_idx: list<element: int64>
  child 0, element: int64
dom_depth: list<element: int64>
  child 0, element: int64
dom_attr_count: list<element: int64>
  child 0, element: int64
dom_child_count: list<element: int64>
  child 0, element: int64
dom_node_count: int64
dom_max_depth: int64
dom_truncated: bool
label: string
-- schema metadata --
pandas: '{""index_columns"": [], ""column_indexes"": [], ""columns"": [{""name"":' + 2614"
/kaggle/input/datasets/cristinakaufalt/finaldatafreeze/phreshphish_FINAL_DATA_FREEZE_v3/roles/fpr_calibration_benign/part-00101.parquet,datasets/cristinakaufalt/finaldatafreeze/phreshphish_FINAL_DATA_FREEZE_v3/roles/fpr_calibration_benign/part-00101.parquet,261,1,21,"sha256: string
url: string
date: date32[day]
target: null
lang: string
lang_score: double
domain: string
text: string
html_struct: string
template_hash: string
html_prefix_truncated: bool
struct_token_count: int64
dom_tag: list<element: string>
  child 0, element: string
dom_parent_idx: list<element: int64>
  child 0, element: int64
dom_depth: list<element: int64>
  child 0, element: int64
dom_attr_count: list<element: int64>
  child 0, element: int64
dom_child_count: list<element: int64>
  child 0, element: int64
dom_node_count: int64
dom_max_depth: int64
dom_truncated: bool
label: string
-- schema metadata --
pandas: '{""index_columns"": [], ""column_indexes"": [], ""columns"": [{""name"":' + 2612"
/kaggle/input/datasets/cristinakaufalt/finaldatafreeze/phreshphish_FINAL_DATA_FREEZE_v3/roles/fpr_calibration_benign/part-00102.parquet,datasets/cristinakaufalt/finaldatafreeze/phreshphish_FINAL_DATA_FREEZE_v3/roles/fpr_calibration_benign/part-00102.parquet,235,1,21,"sha256: string
url: string
date: date32[day]
target: null
lang: string
lang_score: double
domain: string
text: string
html_struct: string
template_hash: string
html_prefix_truncated: bool
struct_token_count: int64
dom_tag: list<element: string>
  child 0, element: string
dom_parent_idx: list<element: int64>
  child 0, element: int64
dom_depth: list<element: int64>
  child 0, element: int64
dom_attr_count: list<element: int64>
  child 0, element: int64
dom_child_count: list<element: int64>
  child 0, element: int64
dom_node_count: int64
dom_max_depth: int64
dom_truncated: bool
label: string
-- schema metadata --
pandas: '{""index_columns"": [], ""column_indexes"": [], ""columns"": [{""name"":' + 2612"
/kaggle/input/datasets/cristinakaufalt/finaldatafreeze/phreshphish_FINAL_DATA_FREEZE_v3/roles/fpr_calibration_benign/part-00103.parquet,datasets/cristinakaufalt/finaldatafreeze/phreshphish_FINAL_DATA_FREEZE_v3/roles/fpr_calibration_benign/part-00103.parquet,261,1,21,"sha256: string
url: string
date: date32[day]
target: null
lang: string
lang_score: double
domain: string
text: string
html_struct: string
template_hash: string
html_prefix_truncated: bool
struct_token_count: int64
dom_tag: list<element: string>
  child 0, element: string
dom_parent_idx: list<element: int64>
  child 0, element: int64
dom_depth: list<element: int64>
  child 0, element: int64
dom_attr_count: list<element: int64>
  child 0, element: int64
dom_child_count: list<element: int64>
  child 0, element: int64
dom_node_count: int64
dom_max_depth: int64
dom_truncated: bool
label: string
-- schema metadata --
pandas: '{""index_columns"": [], ""column_indexes"": [], ""columns"": [{""name"":' + 2612"
/kaggle/input/datasets/cristinakaufalt/finaldatafreeze/phreshphish_FINAL_DATA_FREEZE_v3/roles/fpr_calibration_benign/part-00104.parquet,datasets/cristinakaufalt/finaldatafreeze/phreshphish_FINAL_DATA_FREEZE_v3/roles/fpr_calibration_benign/part-00104.parquet,204,1,21,"sha256: string
url: string
date: date32[day]
target: null
lang: string
lang_score: double
domain: string
text: string
html_struct: string
template_hash: string
html_prefix_truncated: bool
struct_token_count: int64
dom_tag: list<element: string>
  child 0, element: string
dom_parent_idx: list<element: int64>
  child 0, element: int64
dom_depth: list<element: int64>
  child 0, element: int64
dom_attr_count: list<element: int64>
  child 0, element: int64
dom_child_count: list<element: int64>
  child 0, element: int64
dom_node_count: int64
dom_max_depth: int64
dom_truncated: bool
label: string
-- schema metadata --
pandas: '{""index_columns"": [], ""column_indexes"": [], ""columns"": [{""name"":' + 2612"
/kaggle/input/datasets/cristinakaufalt/finaldatafreeze/phreshphish_FINAL_DATA_FREEZE_v3/roles/fpr_calibration_benign/part-00105.parquet,datasets/cristinakaufalt/finaldatafreeze/phreshphish_FINAL_DATA_FREEZE_v3/roles/fpr_calibration_benign/part-00105.parquet,224,1,21,"sha256: string
url: string
date: date32[day]
target: null
lang: string
lang_score: double
domain: string
text: string
html_struct: string
template_hash: string
html_prefix_truncated: bool
struct_token_count: int64
dom_tag: list<element: string>
  child 0, element: string
dom_parent_idx: list<element: int64>
  child 0, element: int64
dom_depth: list<element: int64>
  child 0, element: int64
dom_attr_count: list<element: int64>
  child 0, element: int64
dom_child_count: list<element: int64>
  child 0, element: int64
dom_node_count: int64
dom_max_depth: int64
dom_truncated: bool
label: string
-- schema metadata --
pandas: '{""index_columns"": [], ""column_indexes"": [], ""columns"": [{""name"":' + 2612"
/kaggle/input/datasets/cristinakaufalt/finaldatafreeze/phreshphish_FINAL_DATA_FREEZE_v3/roles/fpr_calibration_benign/part-00106.parquet,datasets/cristinakaufalt/finaldatafreeze/phreshphish_FINAL_DATA_FREEZE_v3/roles/fpr_calibration_benign/part-00106.parquet,265,1,21,"sha256: string
url: string
date: date32[day]
target: null
lang: string
lang_score: double
domain: string
text: string
html_struct: string
template_hash: string
html_prefix_truncated: bool
struct_token_count: int64
dom_tag: list<element: string>
  child 0, element: string
dom_parent_idx: list<element: int64>
  child 0, element: int64
dom_depth: list<element: int64>
  child 0, element: int64
dom_attr_count: list<element: int64>
  child 0, element: int64
dom_child_count: list<element: int64>
  child 0, element: int64
dom_node_count: int64
dom_max_depth: int64
dom_truncated: bool
label: string
-- schema metadata --
pandas: '{""index_columns"": [], ""column_indexes"": [], ""columns"": [{""name"":' + 2612"
/kaggle/input/datasets/cristinakaufalt/finaldatafreeze/phreshphish_FINAL_DATA_FREEZE_v3/roles/fpr_calibration_benign/part-00107.parquet,datasets/cristinakaufalt/finaldatafreeze/phreshphish_FINAL_DATA_FREEZE_v3/roles/fpr_calibration_benign/part-00107.parquet,232,1,21,"sha256: string
url: string
date: date32[day]
target: null
lang: string
lang_score: double
domain: string
text: string
html_struct: string
template_hash: string
html_prefix_truncated: bool
struct_token_count: int64
dom_tag: list<element: string>
  child 0, element: string
dom_parent_idx: list<element: int64>
  child 0, element: int64
dom_depth: list<element: int64>
  child 0, element: int64
dom_attr_count: list<element: int64>
  child 0, element: int64
dom_child_count: list<element: int64>
  child 0, element: int64
dom_node_count: int64
dom_max_depth: int64
dom_truncated: bool
label: string
-- schema metadata --
pandas: '{""index_columns"": [], ""column_indexes"": [], ""columns"": [{""name"":' + 2612"
/kaggle/input/datasets/cristinakaufalt/finaldatafreeze/phreshphish_FINAL_DATA_FREEZE_v3/roles/fpr_calibration_benign/part-00108.parquet,datasets/cristinakaufalt/finaldatafreeze/phreshphish_FINAL_DATA_FREEZE_v3/roles/fpr_calibration_benign/part-00108.parquet,230,1,21,"sha256: string
url: string
date: date32[day]
target: null
lang: string
lang_score: double
domain: string
text: string
html_struct: string
template_hash: string
html_prefix_truncated: bool
struct_token_count: int64
dom_tag: list<element: string>
  child 0, element: string
dom_parent_idx: list<element: int64>
  child 0, element: int64
dom_depth: list<element: int64>
  child 0, element: int64
dom_attr_count: list<element: int64>
  child 0, element: int64
dom_child_count: list<element: int64>
  child 0, element: int64
dom_node_count: int64
dom_max_depth: int64
dom_truncated: bool
label: string
-- schema metadata --
pandas: '{""index_columns"": [], ""column_indexes"": [], ""columns"": [{""name"":' + 2612"
/kaggle/input/datasets/cristinakaufalt/finaldatafreeze/phreshphish_FINAL_DATA_FREEZE_v3/roles/fpr_calibration_benign/part-00109.parquet,datasets/cristinakaufalt/finaldatafreeze/phreshphish_FINAL_DATA_FREEZE_v3/roles/fpr_calibration_benign/part-00109.parquet,249,1,21,"sha256: string
url: string
date: date32[day]
target: string
lang: string
lang_score: double
domain: string
text: string
html_struct: string
template_hash: string
html_prefix_truncated: bool
struct_token_count: int64
dom_tag: list<element: string>
  child 0, element: string
dom_parent_idx: list<element: int64>
  child 0, element: int64
dom_depth: list<element: int64>
  child 0, element: int64
dom_attr_count: list<element: int64>
  child 0, element: int64
dom_child_count: list<element: int64>
  child 0, element: int64
dom_node_count: int64
dom_max_depth: int64
dom_truncated: bool
label: string
-- schema metadata --
pandas: '{""index_columns"": [], ""column_indexes"": [], ""columns"": [{""name"":' + 2614"
/kaggle/input/datasets/cristinakaufalt/finaldatafreeze/phreshphish_FINAL_DATA_FREEZE_v3/roles/fpr_calibration_benign/part-00110.parquet,datasets/cristinakaufalt/finaldatafreeze/phreshphish_FINAL_DATA_FREEZE_v3/roles/fpr_calibration_benign/part-00110.parquet,241,1,21,"sha256: string
url: string
date: date32[day]
target: null
lang: string
lang_score: double
domain: string
text: string
html_struct: string
template_hash: string
html_prefix_truncated: bool
struct_token_count: int64
dom_tag: list<element: string>
  child 0, element: string
dom_parent_idx: list<element: int64>
  child 0, element: int64
dom_depth: list<element: int64>
  child 0, element: int64
dom_attr_count: list<element: int64>
  child 0, element: int64
dom_child_count: list<element: int64>
  child 0, element: int64
dom_node_count: int64
dom_max_depth: int64
dom_truncated: bool
label: string
-- schema metadata --
pandas: '{""index_columns"": [], ""column_indexes"": [], ""columns"": [{""name"":' + 2612"
/kaggle/input/datasets/cristinakaufalt/finaldatafreeze/phreshphish_FINAL_DATA_FREEZE_v3/roles/fpr_calibration_benign/part-00111.parquet,datasets/cristinakaufalt/finaldatafreeze/phreshphish_FINAL_DATA_FREEZE_v3/roles/fpr_calibration_benign/part-00111.parquet,239,1,21,"sha256: string
url: string
date: date32[day]
target: null
lang: string
lang_score: double
domain: string
text: string
html_struct: string
template_hash: string
html_prefix_truncated: bool
struct_token_count: int64
dom_tag: list<element: string>
  child 0, element: string
dom_parent_idx: list<element: int64>
  child 0, element: int64
dom_depth: list<element: int64>
  child 0, element: int64
dom_attr_count: list<element: int64>
  child 0, element: int64
dom_child_count: list<element: int64>
  child 0, element: int64
dom_node_count: int64
dom_max_depth: int64
dom_truncated: bool
label: string
-- schema metadata --
pandas: '{""index_columns"": [], ""column_indexes"": [], ""columns"": [{""name"":' + 2612"
/kaggle/input/datasets/cristinakaufalt/finaldatafreeze/phreshphish_FINAL_DATA_FREEZE_v3/roles/fpr_calibration_benign/part-00112.parquet,datasets/cristinakaufalt/finaldatafreeze/phreshphish_FINAL_DATA_FREEZE_v3/roles/fpr_calibration_benign/part-00112.parquet,210,1,21,"sha256: string
url: string
date: date32[day]
target: null
lang: string
lang_score: double
domain: string
text: string
html_struct: string
template_hash: string
html_prefix_truncated: bool
struct_token_count: int64
dom_tag: list<element: string>
  child 0, element: string
dom_parent_idx: list<element: int64>
  child 0, element: int64
dom_depth: list<element: int64>
  child 0, element: int64
dom_attr_count: list<element: int64>
  child 0, element: int64
dom_child_count: list<element: int64>
  child 0, element: int64
dom_node_count: int64
dom_max_depth: int64
dom_truncated: bool
label: string
-- schema metadata --
pandas: '{""index_columns"": [], ""column_indexes"": [], ""columns"": [{""name"":' + 2612"
/kaggle/input/datasets/cristinakaufalt/finaldatafreeze/phreshphish_FINAL_DATA_FREEZE_v3/roles/fpr_calibration_benign/part-00113.parquet,datasets/cristinakaufalt/finaldatafreeze/phreshphish_FINAL_DATA_FREEZE_v3/roles/fpr_calibration_benign/part-00113.parquet,228,1,21,"sha256: string
url: string
date: date32[day]
target: null
lang: string
lang_score: double
domain: string
text: string
html_struct: string
template_hash: string
html_prefix_truncated: bool
struct_token_count: int64
dom_tag: list<element: string>
  child 0, element: string
dom_parent_idx: list<element: int64>
  child 0, element: int64
dom_depth: list<element: int64>
  child 0, element: int64
dom_attr_count: list<element: int64>
  child 0, element: int64
dom_child_count: list<element: int64>
  child 0, element: int64
dom_node_count: int64
dom_max_depth: int64
dom_truncated: bool
label: string
-- schema metadata --
pandas: '{""index_columns"": [], ""column_indexes"": [], ""columns"": [{""name"":' + 2612"
/kaggle/input/datasets/cristinakaufalt/finaldatafreeze/phreshphish_FINAL_DATA_FREEZE_v3/roles/fpr_calibration_benign/part-00114.parquet,datasets/cristinakaufalt/finaldatafreeze/phreshphish_FINAL_DATA_FREEZE_v3/roles/fpr_calibration_benign/part-00114.parquet,250,1,21,"sha256: string
url: string
date: date32[day]
target: null
lang: string
lang_score: double
domain: string
text: string
html_struct: string
template_hash: string
html_prefix_truncated: bool
struct_token_count: int64
dom_tag: list<element: string>
  child 0, element: string
dom_parent_idx: list<element: int64>
  child 0, element: int64
dom_depth: list<element: int64>
  child 0, element: int64
dom_attr_count: list<element: int64>
  child 0, element: int64
dom_child_count: list<element: int64>
  child 0, element: int64
dom_node_count: int64
dom_max_depth: int64
dom_truncated: bool
label: string
-- schema metadata --
pandas: '{""index_columns"": [], ""column_indexes"": [], ""columns"": [{""name"":' + 2612"
/kaggle/input/datasets/cristinakaufalt/finaldatafreeze/phreshphish_FINAL_DATA_FREEZE_v3/roles/fpr_calibration_benign/part-00115.parquet,datasets/cristinakaufalt/finaldatafreeze/phreshphish_FINAL_DATA_FREEZE_v3/roles/fpr_calibration_benign/part-00115.parquet,274,1,21,"sha256: string
url: string
date: date32[day]
target: null
lang: string
lang_score: double
domain: string
text: string
html_struct: string
template_hash: string
html_prefix_truncated: bool
struct_token_count: int64
dom_tag: list<element: string>
  child 0, element: string
dom_parent_idx: list<element: int64>
  child 0, element: int64
dom_depth: list<element: int64>
  child 0, element: int64
dom_attr_count: list<element: int64>
  child 0, element: int64
dom_child_count: list<element: int64>
  child 0, element: int64
dom_node_count: int64
dom_max_depth: int64
dom_truncated: bool
label: string
-- schema metadata --
pandas: '{""index_columns"": [], ""column_indexes"": [], ""columns"": [{""name"":' + 2612"
/kaggle/input/datasets/cristinakaufalt/finaldatafreeze/phreshphish_FINAL_DATA_FREEZE_v3/roles/fpr_calibration_benign/part-00116.parquet,datasets/cristinakaufalt/finaldatafreeze/phreshphish_FINAL_DATA_FREEZE_v3/roles/fpr_calibration_benign/part-00116.parquet,207,1,21,"sha256: string
url: string
date: date32[day]
target: null
lang: string
lang_score: double
domain: string
text: string
html_struct: string
template_hash: string
html_prefix_truncated: bool
struct_token_count: int64
dom_tag: list<element: string>
  child 0, element: string
dom_parent_idx: list<element: int64>
  child 0, element: int64
dom_depth: list<element: int64>
  child 0, element: int64
dom_attr_count: list<element: int64>
  child 0, element: int64
dom_child_count: list<element: int64>
  child 0, element: int64
dom_node_count: int64
dom_max_depth: int64
dom_truncated: bool
label: string
-- schema metadata --
pandas: '{""index_columns"": [], ""column_indexes"": [], ""columns"": [{""name"":' + 2612"
/kaggle/input/datasets/cristinakaufalt/finaldatafreeze/phreshphish_FINAL_DATA_FREEZE_v3/roles/fpr_calibration_benign/part-00117.parquet,datasets/cristinakaufalt/finaldatafreeze/phreshphish_FINAL_DATA_FREEZE_v3/roles/fpr_calibration_benign/part-00117.parquet,260,1,21,"sha256: string
url: string
date: date32[day]
target: null
lang: string
lang_score: double
domain: string
text: string
html_struct: string
template_hash: string
html_prefix_truncated: bool
struct_token_count: int64
dom_tag: list<element: string>
  child 0, element: string
dom_parent_idx: list<element: int64>
  child 0, element: int64
dom_depth: list<element: int64>
  child 0, element: int64
dom_attr_count: list<element: int64>
  child 0, element: int64
dom_child_count: list<element: int64>
  child 0, element: int64
dom_node_count: int64
dom_max_depth: int64
dom_truncated: bool
label: string
-- schema metadata --
pandas: '{""index_columns"": [], ""column_indexes"": [], ""columns"": [{""name"":' + 2612"
/kaggle/input/datasets/cristinakaufalt/finaldatafreeze/phreshphish_FINAL_DATA_FREEZE_v3/roles/fpr_calibration_benign/part-00118.parquet,datasets/cristinakaufalt/finaldatafreeze/phreshphish_FINAL_DATA_FREEZE_v3/roles/fpr_calibration_benign/part-00118.parquet,258,1,21,"sha256: string
url: string
date: date32[day]
target: null
lang: string
lang_score: double
domain: string
text: string
html_struct: string
template_hash: string
html_prefix_truncated: bool
struct_token_count: int64
dom_tag: list<element: string>
  child 0, element: string
dom_parent_idx: list<element: int64>
  child 0, element: int64
dom_depth: list<element: int64>
  child 0, element: int64
dom_attr_count: list<element: int64>
  child 0, element: int64
dom_child_count: list<element: int64>
  child 0, element: int64
dom_node_count: int64
dom_max_depth: int64
dom_truncated: bool
label: string
-- schema metadata --
pandas: '{""index_columns"": [], ""column_indexes"": [], ""columns"": [{""name"":' + 2612"
/kaggle/input/datasets/cristinakaufalt/finaldatafreeze/phreshphish_FINAL_DATA_FREEZE_v3/roles/fpr_calibration_benign/part-00119.parquet,datasets/cristinakaufalt/finaldatafreeze/phreshphish_FINAL_DATA_FREEZE_v3/roles/fpr_calibration_benign/part-00119.parquet,242,1,21,"sha256: string
url: string
date: date32[day]
target: null
lang: string
lang_score: double
domain: string
text: string
html_struct: string
template_hash: string
html_prefix_truncated: bool
struct_token_count: int64
dom_tag: list<element: string>
  child 0, element: string
dom_parent_idx: list<element: int64>
  child 0, element: int64
dom_depth: list<element: int64>
  child 0, element: int64
dom_attr_count: list<element: int64>
  child 0, element: int64
dom_child_count: list<element: int64>
  child 0, element: int64
dom_node_count: int64
dom_max_depth: int64
dom_truncated: bool
label: string
-- schema metadata --
pandas: '{""index_columns"": [], ""column_indexes"": [], ""columns"": [{""name"":' + 2612"
/kaggle/input/datasets/cristinakaufalt/finaldatafreeze/phreshphish_FINAL_DATA_FREEZE_v3/roles/fpr_calibration_benign/part-00120.parquet,datasets/cristinakaufalt/finaldatafreeze/phreshphish_FINAL_DATA_FREEZE_v3/roles/fpr_calibration_benign/part-00120.parquet,247,1,21,"sha256: string
url: string
date: date32[day]
target: null
lang: string
lang_score: double
domain: string
text: string
html_struct: string
template_hash: string
html_prefix_truncated: bool
struct_token_count: int64
dom_tag: list<element: string>
  child 0, element: string
dom_parent_idx: list<element: int64>
  child 0, element: int64
dom_depth: list<element: int64>
  child 0, element: int64
dom_attr_count: list<element: int64>
  child 0, element: int64
dom_child_count: list<element: int64>
  child 0, element: int64
dom_node_count: int64
dom_max_depth: int64
dom_truncated: bool
label: string
-- schema metadata --
pandas: '{""index_columns"": [], ""column_indexes"": [], ""columns"": [{""name"":' + 2612"
/kaggle/input/datasets/cristinakaufalt/finaldatafreeze/phreshphish_FINAL_DATA_FREEZE_v3/roles/fpr_calibration_benign/part-00121.parquet,datasets/cristinakaufalt/finaldatafreeze/phreshphish_FINAL_DATA_FREEZE_v3/roles/fpr_calibration_benign/part-00121.parquet,258,1,21,"sha256: string
url: string
date: date32[day]
target: null
lang: string
lang_score: double
domain: string
text: string
html_struct: string
template_hash: string
html_prefix_truncated: bool
struct_token_count: int64
dom_tag: list<element: string>
  child 0, element: string
dom_parent_idx: list<element: int64>
  child 0, element: int64
dom_depth: list<element: int64>
  child 0, element: int64
dom_attr_count: list<element: int64>
  child 0, element: int64
dom_child_count: list<element: int64>
  child 0, element: int64
dom_node_count: int64
dom_max_depth: int64
dom_truncated: bool
label: string
-- schema metadata --
pandas: '{""index_columns"": [], ""column_indexes"": [], ""columns"": [{""name"":' + 2612"
/kaggle/input/datasets/cristinakaufalt/finaldatafreeze/phreshphish_FINAL_DATA_FREEZE_v3/roles/fpr_calibration_benign/part-00122.parquet,datasets/cristinakaufalt/finaldatafreeze/phreshphish_FINAL_DATA_FREEZE_v3/roles/fpr_calibration_benign/part-00122.parquet,275,1,21,"sha256: string
url: string
date: date32[day]
target: null
lang: string
lang_score: double
domain: string
text: string
html_struct: string
template_hash: string
html_prefix_truncated: bool
struct_token_count: int64
dom_tag: list<element: string>
  child 0, element: string
dom_parent_idx: list<element: int64>
  child 0, element: int64
dom_depth: list<element: int64>
  child 0, element: int64
dom_attr_count: list<element: int64>
  child 0, element: int64
dom_child_count: list<element: int64>
  child 0, element: int64
dom_node_count: int64
dom_max_depth: int64
dom_truncated: bool
label: string
-- schema metadata --
pandas: '{""index_columns"": [], ""column_indexes"": [], ""columns"": [{""name"":' + 2612"
/kaggle/input/datasets/cristinakaufalt/finaldatafreeze/phreshphish_FINAL_DATA_FREEZE_v3/roles/fpr_calibration_benign/part-00123.parquet,datasets/cristinakaufalt/finaldatafreeze/phreshphish_FINAL_DATA_FREEZE_v3/roles/fpr_calibration_benign/part-00123.parquet,261,1,21,"sha256: string
url: string
date: date32[day]
target: null
lang: string
lang_score: double
domain: string
text: string
html_struct: string
template_hash: string
html_prefix_truncated: bool
struct_token_count: int64
dom_tag: list<element: string>
  child 0, element: string
dom_parent_idx: list<element: int64>
  child 0, element: int64
dom_depth: list<element: int64>
  child 0, element: int64
dom_attr_count: list<element: int64>
  child 0, element: int64
dom_child_count: list<element: int64>
  child 0, element: int64
dom_node_count: int64
dom_max_depth: int64
dom_truncated: bool
label: string
-- schema metadata --
pandas: '{""index_columns"": [], ""column_indexes"": [], ""columns"": [{""name"":' + 2612"
/kaggle/input/datasets/cristinakaufalt/finaldatafreeze/phreshphish_FINAL_DATA_FREEZE_v3/roles/fpr_calibration_benign/part-00124.parquet,datasets/cristinakaufalt/finaldatafreeze/phreshphish_FINAL_DATA_FREEZE_v3/roles/fpr_calibration_benign/part-00124.parquet,204,1,21,"sha256: string
url: string
date: date32[day]
target: string
lang: string
lang_score: double
domain: string
text: string
html_struct: string
template_hash: string
html_prefix_truncated: bool
struct_token_count: int64
dom_tag: list<element: string>
  child 0, element: string
dom_parent_idx: list<element: int64>
  child 0, element: int64
dom_depth: list<element: int64>
  child 0, element: int64
dom_attr_count: list<element: int64>
  child 0, element: int64
dom_child_count: list<element: int64>
  child 0, element: int64
dom_node_count: int64
dom_max_depth: int64
dom_truncated: bool
label: string
-- schema metadata --
pandas: '{""index_columns"": [], ""column_indexes"": [], ""columns"": [{""name"":' + 2614"
/kaggle/input/datasets/cristinakaufalt/finaldatafreeze/phreshphish_FINAL_DATA_FREEZE_v3/roles/fpr_calibration_benign/part-00125.parquet,datasets/cristinakaufalt/finaldatafreeze/phreshphish_FINAL_DATA_FREEZE_v3/roles/fpr_calibration_benign/part-00125.parquet,239,1,21,"sha256: string
url: string
date: date32[day]
target: null
lang: string
lang_score: double
domain: string
text: string
html_struct: string
template_hash: string
html_prefix_truncated: bool
struct_token_count: int64
dom_tag: list<element: string>
  child 0, element: string
dom_parent_idx: list<element: int64>
  child 0, element: int64
dom_depth: list<element: int64>
  child 0, element: int64
dom_attr_count: list<element: int64>
  child 0, element: int64
dom_child_count: list<element: int64>
  child 0, element: int64
dom_node_count: int64
dom_max_depth: int64
dom_truncated: bool
label: string
-- schema metadata --
pandas: '{""index_columns"": [], ""column_indexes"": [], ""columns"": [{""name"":' + 2612"
/kaggle/input/datasets/cristinakaufalt/finaldatafreeze/phreshphish_FINAL_DATA_FREEZE_v3/roles/fpr_calibration_benign/part-00126.parquet,datasets/cristinakaufalt/finaldatafreeze/phreshphish_FINAL_DATA_FREEZE_v3/roles/fpr_calibration_benign/part-00126.parquet,250,1,21,"sha256: string
url: string
date: date32[day]
target: string
lang: string
lang_score: double
domain: string
text: string
html_struct: string
template_hash: string
html_prefix_truncated: bool
struct_token_count: int64
dom_tag: list<element: string>
  child 0, element: string
dom_parent_idx: list<element: int64>
  child 0, element: int64
dom_depth: list<element: int64>
  child 0, element: int64
dom_attr_count: list<element: int64>
  child 0, element: int64
dom_child_count: list<element: int64>
  child 0, element: int64
dom_node_count: int64
dom_max_depth: int64
dom_truncated: bool
label: string
-- schema metadata --
pandas: '{""index_columns"": [], ""column_indexes"": [], ""columns"": [{""name"":' + 2614"
/kaggle/input/datasets/cristinakaufalt/finaldatafreeze/phreshphish_FINAL_DATA_FREEZE_v3/roles/fpr_calibration_benign/part-00127.parquet,datasets/cristinakaufalt/finaldatafreeze/phreshphish_FINAL_DATA_FREEZE_v3/roles/fpr_calibration_benign/part-00127.parquet,248,1,21,"sha256: string
url: string
date: date32[day]
target: null
lang: string
lang_score: double
domain: string
text: string
html_struct: string
template_hash: string
html_prefix_truncated: bool
struct_token_count: int64
dom_tag: list<element: string>
  child 0, element: string
dom_parent_idx: list<element: int64>
  child 0, element: int64
dom_depth: list<element: int64>
  child 0, element: int64
dom_attr_count: list<element: int64>
  child 0, element: int64
dom_child_count: list<element: int64>
  child 0, element: int64
dom_node_count: int64
dom_max_depth: int64
dom_truncated: bool
label: string
-- schema metadata --
pandas: '{""index_columns"": [], ""column_indexes"": [], ""columns"": [{""name"":' + 2612"
/kaggle/input/datasets/cristinakaufalt/finaldatafreeze/phreshphish_FINAL_DATA_FREEZE_v3/roles/fpr_calibration_benign/part-00128.parquet,datasets/cristinakaufalt/finaldatafreeze/phreshphish_FINAL_DATA_FREEZE_v3/roles/fpr_calibration_benign/part-00128.parquet,222,1,21,"sha256: string
url: string
date: date32[day]
target: null
lang: string
lang_score: double
domain: string
text: string
html_struct: string
template_hash: string
html_prefix_truncated: bool
struct_token_count: int64
dom_tag: list<element: string>
  child 0, element: string
dom_parent_idx: list<element: int64>
  child 0, element: int64
dom_depth: list<element: int64>
  child 0, element: int64
dom_attr_count: list<element: int64>
  child 0, element: int64
dom_child_count: list<element: int64>
  child 0, element: int64
dom_node_count: int64
dom_max_depth: int64
dom_truncated: bool
label: string
-- schema metadata --
pandas: '{""index_columns"": [], ""column_indexes"": [], ""columns"": [{""name"":' + 2612"
/kaggle/input/datasets/cristinakaufalt/finaldatafreeze/phreshphish_FINAL_DATA_FREEZE_v3/roles/fpr_calibration_benign/part-00129.parquet,datasets/cristinakaufalt/finaldatafreeze/phreshphish_FINAL_DATA_FREEZE_v3/roles/fpr_calibration_benign/part-00129.parquet,245,1,21,"sha256: string
url: string
date: date32[day]
target: null
lang: string
lang_score: double
domain: string
text: string
html_struct: string
template_hash: string
html_prefix_truncated: bool
struct_token_count: int64
dom_tag: list<element: string>
  child 0, element: string
dom_parent_idx: list<element: int64>
  child 0, element: int64
dom_depth: list<element: int64>
  child 0, element: int64
dom_attr_count: list<element: int64>
  child 0, element: int64
dom_child_count: list<element: int64>
  child 0, element: int64
dom_node_count: int64
dom_max_depth: int64
dom_truncated: bool
label: string
-- schema metadata --
pandas: '{""index_columns"": [], ""column_indexes"": [], ""columns"": [{""name"":' + 2612"
/kaggle/input/datasets/cristinakaufalt/finaldatafreeze/phreshphish_FINAL_DATA_FREEZE_v3/roles/fpr_calibration_benign/part-00130.parquet,datasets/cristinakaufalt/finaldatafreeze/phreshphish_FINAL_DATA_FREEZE_v3/roles/fpr_calibration_benign/part-00130.parquet,263,1,21,"sha256: string
url: string
date: date32[day]
target: null
lang: string
lang_score: double
domain: string
text: string
html_struct: string
template_hash: string
html_prefix_truncated: bool
struct_token_count: int64
dom_tag: list<element: string>
  child 0, element: string
dom_parent_idx: list<element: int64>
  child 0, element: int64
dom_depth: list<element: int64>
  child 0, element: int64
dom_attr_count: list<element: int64>
  child 0, element: int64
dom_child_count: list<element: int64>
  child 0, element: int64
dom_node_count: int64
dom_max_depth: int64
dom_truncated: bool
label: string
-- schema metadata --
pandas: '{""index_columns"": [], ""column_indexes"": [], ""columns"": [{""name"":' + 2612"
/kaggle/input/datasets/cristinakaufalt/finaldatafreeze/phreshphish_FINAL_DATA_FREEZE_v3/roles/fpr_calibration_benign/part-00131.parquet,datasets/cristinakaufalt/finaldatafreeze/phreshphish_FINAL_DATA_FREEZE_v3/roles/fpr_calibration_benign/part-00131.parquet,238,1,21,"sha256: string
url: string
date: date32[day]
target: null
lang: string
lang_score: double
domain: string
text: string
html_struct: string
template_hash: string
html_prefix_truncated: bool
struct_token_count: int64
dom_tag: list<element: string>
  child 0, element: string
dom_parent_idx: list<element: int64>
  child 0, element: int64
dom_depth: list<element: int64>
  child 0, element: int64
dom_attr_count: list<element: int64>
  child 0, element: int64
dom_child_count: list<element: int64>
  child 0, element: int64
dom_node_count: int64
dom_max_depth: int64
dom_truncated: bool
label: string
-- schema metadata --
pandas: '{""index_columns"": [], ""column_indexes"": [], ""columns"": [{""name"":' + 2612"
/kaggle/input/datasets/cristinakaufalt/finaldatafreeze/phreshphish_FINAL_DATA_FREEZE_v3/roles/fpr_calibration_benign/part-00132.parquet,datasets/cristinakaufalt/finaldatafreeze/phreshphish_FINAL_DATA_FREEZE_v3/roles/fpr_calibration_benign/part-00132.parquet,224,1,21,"sha256: string
url: string
date: date32[day]
target: null
lang: string
lang_score: double
domain: string
text: string
html_struct: string
template_hash: string
html_prefix_truncated: bool
struct_token_count: int64
dom_tag: list<element: string>
  child 0, element: string
dom_parent_idx: list<element: int64>
  child 0, element: int64
dom_depth: list<element: int64>
  child 0, element: int64
dom_attr_count: list<element: int64>
  child 0, element: int64
dom_child_count: list<element: int64>
  child 0, element: int64
dom_node_count: int64
dom_max_depth: int64
dom_truncated: bool
label: string
-- schema metadata --
pandas: '{""index_columns"": [], ""column_indexes"": [], ""columns"": [{""name"":' + 2612"
/kaggle/input/datasets/cristinakaufalt/finaldatafreeze/phreshphish_FINAL_DATA_FREEZE_v3/roles/fpr_calibration_benign/part-00133.parquet,datasets/cristinakaufalt/finaldatafreeze/phreshphish_FINAL_DATA_FREEZE_v3/roles/fpr_calibration_benign/part-00133.parquet,259,1,21,"sha256: string
url: string
date: date32[day]
target: null
lang: string
lang_score: double
domain: string
text: string
html_struct: string
template_hash: string
html_prefix_truncated: bool
struct_token_count: int64
dom_tag: list<element: string>
  child 0, element: string
dom_parent_idx: list<element: int64>
  child 0, element: int64
dom_depth: list<element: int64>
  child 0, element: int64
dom_attr_count: list<element: int64>
  child 0, element: int64
dom_child_count: list<element: int64>
  child 0, element: int64
dom_node_count: int64
dom_max_depth: int64
dom_truncated: bool
label: string
-- schema metadata --
pandas: '{""index_columns"": [], ""column_indexes"": [], ""columns"": [{""name"":' + 2612"
/kaggle/input/datasets/cristinakaufalt/finaldatafreeze/phreshphish_FINAL_DATA_FREEZE_v3/roles/fpr_calibration_benign/part-00134.parquet,datasets/cristinakaufalt/finaldatafreeze/phreshphish_FINAL_DATA_FREEZE_v3/roles/fpr_calibration_benign/part-00134.parquet,221,1,21,"sha256: string
url: string
date: date32[day]
target: null
lang: string
lang_score: double
domain: string
text: string
html_struct: string
template_hash: string
html_prefix_truncated: bool
struct_token_count: int64
dom_tag: list<element: string>
  child 0, element: string
dom_parent_idx: list<element: int64>
  child 0, element: int64
dom_depth: list<element: int64>
  child 0, element: int64
dom_attr_count: list<element: int64>
  child 0, element: int64
dom_child_count: list<element: int64>
  child 0, element: int64
dom_node_count: int64
dom_max_depth: int64
dom_truncated: bool
label: string
-- schema metadata --
pandas: '{""index_columns"": [], ""column_indexes"": [], ""columns"": [{""name"":' + 2612"
/kaggle/input/datasets/cristinakaufalt/finaldatafreeze/phreshphish_FINAL_DATA_FREEZE_v3/roles/fpr_calibration_benign/part-00135.parquet,datasets/cristinakaufalt/finaldatafreeze/phreshphish_FINAL_DATA_FREEZE_v3/roles/fpr_calibration_benign/part-00135.parquet,273,1,21,"sha256: string
url: string
date: date32[day]
target: null
lang: string
lang_score: double
domain: string
text: string
html_struct: string
template_hash: string
html_prefix_truncated: bool
struct_token_count: int64
dom_tag: list<element: string>
  child 0, element: string
dom_parent_idx: list<element: int64>
  child 0, element: int64
dom_depth: list<element: int64>
  child 0, element: int64
dom_attr_count: list<element: int64>
  child 0, element: int64
dom_child_count: list<element: int64>
  child 0, element: int64
dom_node_count: int64
dom_max_depth: int64
dom_truncated: bool
label: string
-- schema metadata --
pandas: '{""index_columns"": [], ""column_indexes"": [], ""columns"": [{""name"":' + 2612"
/kaggle/input/datasets/cristinakaufalt/finaldatafreeze/phreshphish_FINAL_DATA_FREEZE_v3/roles/fpr_calibration_benign/part-00136.parquet,datasets/cristinakaufalt/finaldatafreeze/phreshphish_FINAL_DATA_FREEZE_v3/roles/fpr_calibration_benign/part-00136.parquet,216,1,21,"sha256: string
url: string
date: date32[day]
target: null
lang: string
lang_score: double
domain: string
text: string
html_struct: string
template_hash: string
html_prefix_truncated: bool
struct_token_count: int64
dom_tag: list<element: string>
  child 0, element: string
dom_parent_idx: list<element: int64>
  child 0, element: int64
dom_depth: list<element: int64>
  child 0, element: int64
dom_attr_count: list<element: int64>
  child 0, element: int64
dom_child_count: list<element: int64>
  child 0, element: int64
dom_node_count: int64
dom_max_depth: int64
dom_truncated: bool
label: string
-- schema metadata --
pandas: '{""index_columns"": [], ""column_indexes"": [], ""columns"": [{""name"":' + 2612"
/kaggle/input/datasets/cristinakaufalt/finaldatafreeze/phreshphish_FINAL_DATA_FREEZE_v3/roles/fpr_calibration_benign/part-00137.parquet,datasets/cristinakaufalt/finaldatafreeze/phreshphish_FINAL_DATA_FREEZE_v3/roles/fpr_calibration_benign/part-00137.parquet,245,1,21,"sha256: string
url: string
date: date32[day]
target: null
lang: string
lang_score: double
domain: string
text: string
html_struct: string
template_hash: string
html_prefix_truncated: bool
struct_token_count: int64
dom_tag: list<element: string>
  child 0, element: string
dom_parent_idx: list<element: int64>
  child 0, element: int64
dom_depth: list<element: int64>
  child 0, element: int64
dom_attr_count: list<element: int64>
  child 0, element: int64
dom_child_count: list<element: int64>
  child 0, element: int64
dom_node_count: int64
dom_max_depth: int64
dom_truncated: bool
label: string
-- schema metadata --
pandas: '{""index_columns"": [], ""column_indexes"": [], ""columns"": [{""name"":' + 2612"
/kaggle/input/datasets/cristinakaufalt/finaldatafreeze/phreshphish_FINAL_DATA_FREEZE_v3/roles/fpr_calibration_benign/part-00138.parquet,datasets/cristinakaufalt/finaldatafreeze/phreshphish_FINAL_DATA_FREEZE_v3/roles/fpr_calibration_benign/part-00138.parquet,248,1,21,"sha256: string
url: string
date: date32[day]
target: null
lang: string
lang_score: double
domain: string
text: string
html_struct: string
template_hash: string
html_prefix_truncated: bool
struct_token_count: int64
dom_tag: list<element: string>
  child 0, element: string
dom_parent_idx: list<element: int64>
  child 0, element: int64
dom_depth: list<element: int64>
  child 0, element: int64
dom_attr_count: list<element: int64>
  child 0, element: int64
dom_child_count: list<element: int64>
  child 0, element: int64
dom_node_count: int64
dom_max_depth: int64
dom_truncated: bool
label: string
-- schema metadata --
pandas: '{""index_columns"": [], ""column_indexes"": [], ""columns"": [{""name"":' + 2612"
/kaggle/input/datasets/cristinakaufalt/finaldatafreeze/phreshphish_FINAL_DATA_FREEZE_v3/roles/fpr_calibration_benign/part-00139.parquet,datasets/cristinakaufalt/finaldatafreeze/phreshphish_FINAL_DATA_FREEZE_v3/roles/fpr_calibration_benign/part-00139.parquet,268,1,21,"sha256: string
url: string
date: date32[day]
target: null
lang: string
lang_score: double
domain: string
text: string
html_struct: string
template_hash: string
html_prefix_truncated: bool
struct_token_count: int64
dom_tag: list<element: string>
  child 0, element: string
dom_parent_idx: list<element: int64>
  child 0, element: int64
dom_depth: list<element: int64>
  child 0, element: int64
dom_attr_count: list<element: int64>
  child 0, element: int64
dom_child_count: list<element: int64>
  child 0, element: int64
dom_node_count: int64
dom_max_depth: int64
dom_truncated: bool
label: string
-- schema metadata --
pandas: '{""index_columns"": [], ""column_indexes"": [], ""columns"": [{""name"":' + 2612"
/kaggle/input/datasets/cristinakaufalt/finaldatafreeze/phreshphish_FINAL_DATA_FREEZE_v3/roles/fpr_calibration_benign/part-00140.parquet,datasets/cristinakaufalt/finaldatafreeze/phreshphish_FINAL_DATA_FREEZE_v3/roles/fpr_calibration_benign/part-00140.parquet,219,1,21,"sha256: string
url: string
date: date32[day]
target: null
lang: string
lang_score: double
domain: string
text: string
html_struct: string
template_hash: string
html_prefix_truncated: bool
struct_token_count: int64
dom_tag: list<element: string>
  child 0, element: string
dom_parent_idx: list<element: int64>
  child 0, element: int64
dom_depth: list<element: int64>
  child 0, element: int64
dom_attr_count: list<element: int64>
  child 0, element: int64
dom_child_count: list<element: int64>
  child 0, element: int64
dom_node_count: int64
dom_max_depth: int64
dom_truncated: bool
label: string
-- schema metadata --
pandas: '{""index_columns"": [], ""column_indexes"": [], ""columns"": [{""name"":' + 2612"
/kaggle/input/datasets/cristinakaufalt/finaldatafreeze/phreshphish_FINAL_DATA_FREEZE_v3/roles/fpr_calibration_benign/part-00141.parquet,datasets/cristinakaufalt/finaldatafreeze/phreshphish_FINAL_DATA_FREEZE_v3/roles/fpr_calibration_benign/part-00141.parquet,245,1,21,"sha256: string
url: string
date: date32[day]
target: null
lang: string
lang_score: double
domain: string
text: string
html_struct: string
template_hash: string
html_prefix_truncated: bool
struct_token_count: int64
dom_tag: list<element: string>
  child 0, element: string
dom_parent_idx: list<element: int64>
  child 0, element: int64
dom_depth: list<element: int64>
  child 0, element: int64
dom_attr_count: list<element: int64>
  child 0, element: int64
dom_child_count: list<element: int64>
  child 0, element: int64
dom_node_count: int64
dom_max_depth: int64
dom_truncated: bool
label: string
-- schema metadata --
pandas: '{""index_columns"": [], ""column_indexes"": [], ""columns"": [{""name"":' + 2612"
/kaggle/input/datasets/cristinakaufalt/finaldatafreeze/phreshphish_FINAL_DATA_FREEZE_v3/roles/fpr_calibration_benign/part-00142.parquet,datasets/cristinakaufalt/finaldatafreeze/phreshphish_FINAL_DATA_FREEZE_v3/roles/fpr_calibration_benign/part-00142.parquet,236,1,21,"sha256: string
url: string
date: date32[day]
target: null
lang: string
lang_score: double
domain: string
text: string
html_struct: string
template_hash: string
html_prefix_truncated: bool
struct_token_count: int64
dom_tag: list<element: string>
  child 0, element: string
dom_parent_idx: list<element: int64>
  child 0, element: int64
dom_depth: list<element: int64>
  child 0, element: int64
dom_attr_count: list<element: int64>
  child 0, element: int64
dom_child_count: list<element: int64>
  child 0, element: int64
dom_node_count: int64
dom_max_depth: int64
dom_truncated: bool
label: string
-- schema metadata --
pandas: '{""index_columns"": [], ""column_indexes"": [], ""columns"": [{""name"":' + 2612"
/kaggle/input/datasets/cristinakaufalt/finaldatafreeze/phreshphish_FINAL_DATA_FREEZE_v3/roles/fpr_calibration_benign/part-00143.parquet,datasets/cristinakaufalt/finaldatafreeze/phreshphish_FINAL_DATA_FREEZE_v3/roles/fpr_calibration_benign/part-00143.parquet,233,1,21,"sha256: string
url: string
date: date32[day]
target: null
lang: string
lang_score: double
domain: string
text: string
html_struct: string
template_hash: string
html_prefix_truncated: bool
struct_token_count: int64
dom_tag: list<element: string>
  child 0, element: string
dom_parent_idx: list<element: int64>
  child 0, element: int64
dom_depth: list<element: int64>
  child 0, element: int64
dom_attr_count: list<element: int64>
  child 0, element: int64
dom_child_count: list<element: int64>
  child 0, element: int64
dom_node_count: int64
dom_max_depth: int64
dom_truncated: bool
label: string
-- schema metadata --
pandas: '{""index_columns"": [], ""column_indexes"": [], ""columns"": [{""name"":' + 2612"
/kaggle/input/datasets/cristinakaufalt/finaldatafreeze/phreshphish_FINAL_DATA_FREEZE_v3/roles/fpr_calibration_benign/part-00144.parquet,datasets/cristinakaufalt/finaldatafreeze/phreshphish_FINAL_DATA_FREEZE_v3/roles/fpr_calibration_benign/part-00144.parquet,224,1,21,"sha256: string
url: string
date: date32[day]
target: null
lang: string
lang_score: double
domain: string
text: string
html_struct: string
template_hash: string
html_prefix_truncated: bool
struct_token_count: int64
dom_tag: list<element: string>
  child 0, element: string
dom_parent_idx: list<element: int64>
  child 0, element: int64
dom_depth: list<element: int64>
  child 0, element: int64
dom_attr_count: list<element: int64>
  child 0, element: int64
dom_child_count: list<element: int64>
  child 0, element: int64
dom_node_count: int64
dom_max_depth: int64
dom_truncated: bool
label: string
-- schema metadata --
pandas: '{""index_columns"": [], ""column_indexes"": [], ""columns"": [{""name"":' + 2612"
/kaggle/input/datasets/cristinakaufalt/finaldatafreeze/phreshphish_FINAL_DATA_FREEZE_v3/roles/fpr_calibration_benign/part-00145.parquet,datasets/cristinakaufalt/finaldatafreeze/phreshphish_FINAL_DATA_FREEZE_v3/roles/fpr_calibration_benign/part-00145.parquet,244,1,21,"sha256: string
url: string
date: date32[day]
target: null
lang: string
lang_score: double
domain: string
text: string
html_struct: string
template_hash: string
html_prefix_truncated: bool
struct_token_count: int64
dom_tag: list<element: string>
  child 0, element: string
dom_parent_idx: list<element: int64>
  child 0, element: int64
dom_depth: list<element: int64>
  child 0, element: int64
dom_attr_count: list<element: int64>
  child 0, element: int64
dom_child_count: list<element: int64>
  child 0, element: int64
dom_node_count: int64
dom_max_depth: int64
dom_truncated: bool
label: string
-- schema metadata --
pandas: '{""index_columns"": [], ""column_indexes"": [], ""columns"": [{""name"":' + 2612"
/kaggle/input/datasets/cristinakaufalt/finaldatafreeze/phreshphish_FINAL_DATA_FREEZE_v3/roles/fpr_calibration_benign/part-00146.parquet,datasets/cristinakaufalt/finaldatafreeze/phreshphish_FINAL_DATA_FREEZE_v3/roles/fpr_calibration_benign/part-00146.parquet,243,1,21,"sha256: string
url: string
date: date32[day]
target: null
lang: string
lang_score: double
domain: string
text: string
html_struct: string
template_hash: string
html_prefix_truncated: bool
struct_token_count: int64
dom_tag: list<element: string>
  child 0, element: string
dom_parent_idx: list<element: int64>
  child 0, element: int64
dom_depth: list<element: int64>
  child 0, element: int64
dom_attr_count: list<element: int64>
  child 0, element: int64
dom_child_count: list<element: int64>
  child 0, element: int64
dom_node_count: int64
dom_max_depth: int64
dom_truncated: bool
label: string
-- schema metadata --
pandas: '{""index_columns"": [], ""column_indexes"": [], ""columns"": [{""name"":' + 2612"
/kaggle/input/datasets/cristinakaufalt/finaldatafreeze/phreshphish_FINAL_DATA_FREEZE_v3/roles/fpr_calibration_benign/part-00147.parquet,datasets/cristinakaufalt/finaldatafreeze/phreshphish_FINAL_DATA_FREEZE_v3/roles/fpr_calibration_benign/part-00147.parquet,252,1,21,"sha256: string
url: string
date: date32[day]
target: null
lang: string
lang_score: double
domain: string
text: string
html_struct: string
template_hash: string
html_prefix_truncated: bool
struct_token_count: int64
dom_tag: list<element: string>
  child 0, element: string
dom_parent_idx: list<element: int64>
  child 0, element: int64
dom_depth: list<element: int64>
  child 0, element: int64
dom_attr_count: list<element: int64>
  child 0, element: int64
dom_child_count: list<element: int64>
  child 0, element: int64
dom_node_count: int64
dom_max_depth: int64
dom_truncated: bool
label: string
-- schema metadata --
pandas: '{""index_columns"": [], ""column_indexes"": [], ""columns"": [{""name"":' + 2612"
/kaggle/input/datasets/cristinakaufalt/finaldatafreeze/phreshphish_FINAL_DATA_FREEZE_v3/roles/fpr_calibration_benign/part-00148.parquet,datasets/cristinakaufalt/finaldatafreeze/phreshphish_FINAL_DATA_FREEZE_v3/roles/fpr_calibration_benign/part-00148.parquet,235,1,21,"sha256: string
url: string
date: date32[day]
target: null
lang: string
lang_score: double
domain: string
text: string
html_struct: string
template_hash: string
html_prefix_truncated: bool
struct_token_count: int64
dom_tag: list<element: string>
  child 0, element: string
dom_parent_idx: list<element: int64>
  child 0, element: int64
dom_depth: list<element: int64>
  child 0, element: int64
dom_attr_count: list<element: int64>
  child 0, element: int64
dom_child_count: list<element: int64>
  child 0, element: int64
dom_node_count: int64
dom_max_depth: int64
dom_truncated: bool
label: string
-- schema metadata --
pandas: '{""index_columns"": [], ""column_indexes"": [], ""columns"": [{""name"":' + 2612"
/kaggle/input/datasets/cristinakaufalt/finaldatafreeze/phreshphish_FINAL_DATA_FREEZE_v3/roles/fpr_calibration_benign/part-00149.parquet,datasets/cristinakaufalt/finaldatafreeze/phreshphish_FINAL_DATA_FREEZE_v3/roles/fpr_calibration_benign/part-00149.parquet,265,1,21,"sha256: string
url: string
date: date32[day]
target: null
lang: string
lang_score: double
domain: string
text: string
html_struct: string
template_hash: string
html_prefix_truncated: bool
struct_token_count: int64
dom_tag: list<element: string>
  child 0, element: string
dom_parent_idx: list<element: int64>
  child 0, element: int64
dom_depth: list<element: int64>
  child 0, element: int64
dom_attr_count: list<element: int64>
  child 0, element: int64
dom_child_count: list<element: int64>
  child 0, element: int64
dom_node_count: int64
dom_max_depth: int64
dom_truncated: bool
label: string
-- schema metadata --
pandas: '{""index_columns"": [], ""column_indexes"": [], ""columns"": [{""name"":' + 2612"
/kaggle/input/datasets/cristinakaufalt/finaldatafreeze/phreshphish_FINAL_DATA_FREEZE_v3/roles/fpr_calibration_benign/part-00150.parquet,datasets/cristinakaufalt/finaldatafreeze/phreshphish_FINAL_DATA_FREEZE_v3/roles/fpr_calibration_benign/part-00150.parquet,275,1,21,"sha256: string
url: string
date: date32[day]
target: null
lang: string
lang_score: double
domain: string
text: string
html_struct: string
template_hash: string
html_prefix_truncated: bool
struct_token_count: int64
dom_tag: list<element: string>
  child 0, element: string
dom_parent_idx: list<element: int64>
  child 0, element: int64
dom_depth: list<element: int64>
  child 0, element: int64
dom_attr_count: list<element: int64>
  child 0, element: int64
dom_child_count: list<element: int64>
  child 0, element: int64
dom_node_count: int64
dom_max_depth: int64
dom_truncated: bool
label: string
-- schema metadata --
pandas: '{""index_columns"": [], ""column_indexes"": [], ""columns"": [{""name"":' + 2612"
/kaggle/input/datasets/cristinakaufalt/finaldatafreeze/phreshphish_FINAL_DATA_FREEZE_v3/roles/fpr_calibration_benign/part-00151.parquet,datasets/cristinakaufalt/finaldatafreeze/phreshphish_FINAL_DATA_FREEZE_v3/roles/fpr_calibration_benign/part-00151.parquet,229,1,21,"sha256: string
url: string
date: date32[day]
target: null
lang: string
lang_score: double
domain: string
text: string
html_struct: string
template_hash: string
html_prefix_truncated: bool
struct_token_count: int64
dom_tag: list<element: string>
  child 0, element: string
dom_parent_idx: list<element: int64>
  child 0, element: int64
dom_depth: list<element: int64>
  child 0, element: int64
dom_attr_count: list<element: int64>
  child 0, element: int64
dom_child_count: list<element: int64>
  child 0, element: int64
dom_node_count: int64
dom_max_depth: int64
dom_truncated: bool
label: string
-- schema metadata --
pandas: '{""index_columns"": [], ""column_indexes"": [], ""columns"": [{""name"":' + 2612"
/kaggle/input/datasets/cristinakaufalt/finaldatafreeze/phreshphish_FINAL_DATA_FREEZE_v3/roles/fpr_calibration_benign/part-00152.parquet,datasets/cristinakaufalt/finaldatafreeze/phreshphish_FINAL_DATA_FREEZE_v3/roles/fpr_calibration_benign/part-00152.parquet,207,1,21,"sha256: string
url: string
date: date32[day]
target: null
lang: string
lang_score: double
domain: string
text: string
html_struct: string
template_hash: string
html_prefix_truncated: bool
struct_token_count: int64
dom_tag: list<element: string>
  child 0, element: string
dom_parent_idx: list<element: int64>
  child 0, element: int64
dom_depth: list<element: int64>
  child 0, element: int64
dom_attr_count: list<element: int64>
  child 0, element: int64
dom_child_count: list<element: int64>
  child 0, element: int64
dom_node_count: int64
dom_max_depth: int64
dom_truncated: bool
label: string
-- schema metadata --
pandas: '{""index_columns"": [], ""column_indexes"": [], ""columns"": [{""name"":' + 2612"
/kaggle/input/datasets/cristinakaufalt/finaldatafreeze/phreshphish_FINAL_DATA_FREEZE_v3/roles/fpr_calibration_benign/part-00153.parquet,datasets/cristinakaufalt/finaldatafreeze/phreshphish_FINAL_DATA_FREEZE_v3/roles/fpr_calibration_benign/part-00153.parquet,259,1,21,"sha256: string
url: string
date: date32[day]
target: null
lang: string
lang_score: double
domain: string
text: string
html_struct: string
template_hash: string
html_prefix_truncated: bool
struct_token_count: int64
dom_tag: list<element: string>
  child 0, element: string
dom_parent_idx: list<element: int64>
  child 0, element: int64
dom_depth: list<element: int64>
  child 0, element: int64
dom_attr_count: list<element: int64>
  child 0, element: int64
dom_child_count: list<element: int64>
  child 0, element: int64
dom_node_count: int64
dom_max_depth: int64
dom_truncated: bool
label: string
-- schema metadata --
pandas: '{""index_columns"": [], ""column_indexes"": [], ""columns"": [{""name"":' + 2612"
/kaggle/input/datasets/cristinakaufalt/finaldatafreeze/phreshphish_FINAL_DATA_FREEZE_v3/roles/fpr_calibration_benign/part-00154.parquet,datasets/cristinakaufalt/finaldatafreeze/phreshphish_FINAL_DATA_FREEZE_v3/roles/fpr_calibration_benign/part-00154.parquet,246,1,21,"sha256: string
url: string
date: date32[day]
target: null
lang: string
lang_score: double
domain: string
text: string
html_struct: string
template_hash: string
html_prefix_truncated: bool
struct_token_count: int64
dom_tag: list<element: string>
  child 0, element: string
dom_parent_idx: list<element: int64>
  child 0, element: int64
dom_depth: list<element: int64>
  child 0, element: int64
dom_attr_count: list<element: int64>
  child 0, element: int64
dom_child_count: list<element: int64>
  child 0, element: int64
dom_node_count: int64
dom_max_depth: int64
dom_truncated: bool
label: string
-- schema metadata --
pandas: '{""index_columns"": [], ""column_indexes"": [], ""columns"": [{""name"":' + 2612"
/kaggle/input/datasets/cristinakaufalt/finaldatafreeze/phreshphish_FINAL_DATA_FREEZE_v3/roles/fpr_calibration_benign/part-00155.parquet,datasets/cristinakaufalt/finaldatafreeze/phreshphish_FINAL_DATA_FREEZE_v3/roles/fpr_calibration_benign/part-00155.parquet,252,1,21,"sha256: string
url: string
date: date32[day]
target: null
lang: string
lang_score: double
domain: string
text: string
html_struct: string
template_hash: string
html_prefix_truncated: bool
struct_token_count: int64
dom_tag: list<element: string>
  child 0, element: string
dom_parent_idx: list<element: int64>
  child 0, element: int64
dom_depth: list<element: int64>
  child 0, element: int64
dom_attr_count: list<element: int64>
  child 0, element: int64
dom_child_count: list<element: int64>
  child 0, element: int64
dom_node_count: int64
dom_max_depth: int64
dom_truncated: bool
label: string
-- schema metadata --
pandas: '{""index_columns"": [], ""column_indexes"": [], ""columns"": [{""name"":' + 2612"
/kaggle/input/datasets/cristinakaufalt/finaldatafreeze/phreshphish_FINAL_DATA_FREEZE_v3/roles/fpr_calibration_benign/part-00156.parquet,datasets/cristinakaufalt/finaldatafreeze/phreshphish_FINAL_DATA_FREEZE_v3/roles/fpr_calibration_benign/part-00156.parquet,213,1,21,"sha256: string
url: string
date: date32[day]
target: null
lang: string
lang_score: double
domain: string
text: string
html_struct: string
template_hash: string
html_prefix_truncated: bool
struct_token_count: int64
dom_tag: list<element: string>
  child 0, element: string
dom_parent_idx: list<element: int64>
  child 0, element: int64
dom_depth: list<element: int64>
  child 0, element: int64
dom_attr_count: list<element: int64>
  child 0, element: int64
dom_child_count: list<element: int64>
  child 0, element: int64
dom_node_count: int64
dom_max_depth: int64
dom_truncated: bool
label: string
-- schema metadata --
pandas: '{""index_columns"": [], ""column_indexes"": [], ""columns"": [{""name"":' + 2612"
/kaggle/input/datasets/cristinakaufalt/finaldatafreeze/phreshphish_FINAL_DATA_FREEZE_v3/roles/fpr_calibration_benign/part-00157.parquet,datasets/cristinakaufalt/finaldatafreeze/phreshphish_FINAL_DATA_FREEZE_v3/roles/fpr_calibration_benign/part-00157.parquet,258,1,21,"sha256: string
url: string
date: date32[day]
target: null
lang: string
lang_score: double
domain: string
text: string
html_struct: string
template_hash: string
html_prefix_truncated: bool
struct_token_count: int64
dom_tag: list<element: string>
  child 0, element: string
dom_parent_idx: list<element: int64>
  child 0, element: int64
dom_depth: list<element: int64>
  child 0, element: int64
dom_attr_count: list<element: int64>
  child 0, element: int64
dom_child_count: list<element: int64>
  child 0, element: int64
dom_node_count: int64
dom_max_depth: int64
dom_truncated: bool
label: string
-- schema metadata --
pandas: '{""index_columns"": [], ""column_indexes"": [], ""columns"": [{""name"":' + 2612"
/kaggle/input/datasets/cristinakaufalt/finaldatafreeze/phreshphish_FINAL_DATA_FREEZE_v3/roles/fpr_calibration_benign/part-00158.parquet,datasets/cristinakaufalt/finaldatafreeze/phreshphish_FINAL_DATA_FREEZE_v3/roles/fpr_calibration_benign/part-00158.parquet,221,1,21,"sha256: string
url: string
date: date32[day]
target: null
lang: string
lang_score: double
domain: string
text: string
html_struct: string
template_hash: string
html_prefix_truncated: bool
struct_token_count: int64
dom_tag: list<element: string>
  child 0, element: string
dom_parent_idx: list<element: int64>
  child 0, element: int64
dom_depth: list<element: int64>
  child 0, element: int64
dom_attr_count: list<element: int64>
  child 0, element: int64
dom_child_count: list<element: int64>
  child 0, element: int64
dom_node_count: int64
dom_max_depth: int64
dom_truncated: bool
label: string
-- schema metadata --
pandas: '{""index_columns"": [], ""column_indexes"": [], ""columns"": [{""name"":' + 2612"
/kaggle/input/datasets/cristinakaufalt/finaldatafreeze/phreshphish_FINAL_DATA_FREEZE_v3/roles/fpr_calibration_benign/part-00159.parquet,datasets/cristinakaufalt/finaldatafreeze/phreshphish_FINAL_DATA_FREEZE_v3/roles/fpr_calibration_benign/part-00159.parquet,248,1,21,"sha256: string
url: string
date: date32[day]
target: null
lang: string
lang_score: double
domain: string
text: string
html_struct: string
template_hash: string
html_prefix_truncated: bool
struct_token_count: int64
dom_tag: list<element: string>
  child 0, element: string
dom_parent_idx: list<element: int64>
  child 0, element: int64
dom_depth: list<element: int64>
  child 0, element: int64
dom_attr_count: list<element: int64>
  child 0, element: int64
dom_child_count: list<element: int64>
  child 0, element: int64
dom_node_count: int64
dom_max_depth: int64
dom_truncated: bool
label: string
-- schema metadata --
pandas: '{""index_columns"": [], ""column_indexes"": [], ""columns"": [{""name"":' + 2612"
/kaggle/input/datasets/cristinakaufalt/finaldatafreeze/phreshphish_FINAL_DATA_FREEZE_v3/roles/fpr_calibration_benign/part-00160.parquet,datasets/cristinakaufalt/finaldatafreeze/phreshphish_FINAL_DATA_FREEZE_v3/roles/fpr_calibration_benign/part-00160.parquet,253,1,21,"sha256: string
url: string
date: date32[day]
target: null
lang: string
lang_score: double
domain: string
text: string
html_struct: string
template_hash: string
html_prefix_truncated: bool
struct_token_count: int64
dom_tag: list<element: string>
  child 0, element: string
dom_parent_idx: list<element: int64>
  child 0, element: int64
dom_depth: list<element: int64>
  child 0, element: int64
dom_attr_count: list<element: int64>
  child 0, element: int64
dom_child_count: list<element: int64>
  child 0, element: int64
dom_node_count: int64
dom_max_depth: int64
dom_truncated: bool
label: string
-- schema metadata --
pandas: '{""index_columns"": [], ""column_indexes"": [], ""columns"": [{""name"":' + 2612"
/kaggle/input/datasets/cristinakaufalt/finaldatafreeze/phreshphish_FINAL_DATA_FREEZE_v3/roles/fpr_calibration_benign/part-00161.parquet,datasets/cristinakaufalt/finaldatafreeze/phreshphish_FINAL_DATA_FREEZE_v3/roles/fpr_calibration_benign/part-00161.parquet,235,1,21,"sha256: string
url: string
date: date32[day]
target: null
lang: string
lang_score: double
domain: string
text: string
html_struct: string
template_hash: string
html_prefix_truncated: bool
struct_token_count: int64
dom_tag: list<element: string>
  child 0, element: string
dom_parent_idx: list<element: int64>
  child 0, element: int64
dom_depth: list<element: int64>
  child 0, element: int64
dom_attr_count: list<element: int64>
  child 0, element: int64
dom_child_count: list<element: int64>
  child 0, element: int64
dom_node_count: int64
dom_max_depth: int64
dom_truncated: bool
label: string
-- schema metadata --
pandas: '{""index_columns"": [], ""column_indexes"": [], ""columns"": [{""name"":' + 2612"
/kaggle/input/datasets/cristinakaufalt/finaldatafreeze/phreshphish_FINAL_DATA_FREEZE_v3/roles/fpr_calibration_benign/part-00162.parquet,datasets/cristinakaufalt/finaldatafreeze/phreshphish_FINAL_DATA_FREEZE_v3/roles/fpr_calibration_benign/part-00162.parquet,256,1,21,"sha256: string
url: string
date: date32[day]
target: null
lang: string
lang_score: double
domain: string
text: string
html_struct: string
template_hash: string
html_prefix_truncated: bool
struct_token_count: int64
dom_tag: list<element: string>
  child 0, element: string
dom_parent_idx: list<element: int64>
  child 0, element: int64
dom_depth: list<element: int64>
  child 0, element: int64
dom_attr_count: list<element: int64>
  child 0, element: int64
dom_child_count: list<element: int64>
  child 0, element: int64
dom_node_count: int64
dom_max_depth: int64
dom_truncated: bool
label: string
-- schema metadata --
pandas: '{""index_columns"": [], ""column_indexes"": [], ""columns"": [{""name"":' + 2612"
/kaggle/input/datasets/cristinakaufalt/finaldatafreeze/phreshphish_FINAL_DATA_FREEZE_v3/roles/fpr_calibration_benign/part-00163.parquet,datasets/cristinakaufalt/finaldatafreeze/phreshphish_FINAL_DATA_FREEZE_v3/roles/fpr_calibration_benign/part-00163.parquet,259,1,21,"sha256: string
url: string
date: date32[day]
target: null
lang: string
lang_score: double
domain: string
text: string
html_struct: string
template_hash: string
html_prefix_truncated: bool
struct_token_count: int64
dom_tag: list<element: string>
  child 0, element: string
dom_parent_idx: list<element: int64>
  child 0, element: int64
dom_depth: list<element: int64>
  child 0, element: int64
dom_attr_count: list<element: int64>
  child 0, element: int64
dom_child_count: list<element: int64>
  child 0, element: int64
dom_node_count: int64
dom_max_depth: int64
dom_truncated: bool
label: string
-- schema metadata --
pandas: '{""index_columns"": [], ""column_indexes"": [], ""columns"": [{""name"":' + 2612"
/kaggle/input/datasets/cristinakaufalt/finaldatafreeze/phreshphish_FINAL_DATA_FREEZE_v3/roles/fpr_calibration_benign/part-00164.parquet,datasets/cristinakaufalt/finaldatafreeze/phreshphish_FINAL_DATA_FREEZE_v3/roles/fpr_calibration_benign/part-00164.parquet,193,1,21,"sha256: string
url: string
date: date32[day]
target: null
lang: string
lang_score: double
domain: string
text: string
html_struct: string
template_hash: string
html_prefix_truncated: bool
struct_token_count: int64
dom_tag: list<element: string>
  child 0, element: string
dom_parent_idx: list<element: int64>
  child 0, element: int64
dom_depth: list<element: int64>
  child 0, element: int64
dom_attr_count: list<element: int64>
  child 0, element: int64
dom_child_count: list<element: int64>
  child 0, element: int64
dom_node_count: int64
dom_max_depth: int64
dom_truncated: bool
label: string
-- schema metadata --
pandas: '{""index_columns"": [], ""column_indexes"": [], ""columns"": [{""name"":' + 2612"
/kaggle/input/datasets/cristinakaufalt/finaldatafreeze/phreshphish_FINAL_DATA_FREEZE_v3/roles/fpr_calibration_benign/part-00165.parquet,datasets/cristinakaufalt/finaldatafreeze/phreshphish_FINAL_DATA_FREEZE_v3/roles/fpr_calibration_benign/part-00165.parquet,270,1,21,"sha256: string
url: string
date: date32[day]
target: null
lang: string
lang_score: double
domain: string
text: string
html_struct: string
template_hash: string
html_prefix_truncated: bool
struct_token_count: int64
dom_tag: list<element: string>
  child 0, element: string
dom_parent_idx: list<element: int64>
  child 0, element: int64
dom_depth: list<element: int64>
  child 0, element: int64
dom_attr_count: list<element: int64>
  child 0, element: int64
dom_child_count: list<element: int64>
  child 0, element: int64
dom_node_count: int64
dom_max_depth: int64
dom_truncated: bool
label: string
-- schema metadata --
pandas: '{""index_columns"": [], ""column_indexes"": [], ""columns"": [{""name"":' + 2612"
/kaggle/input/datasets/cristinakaufalt/finaldatafreeze/phreshphish_FINAL_DATA_FREEZE_v3/roles/fpr_calibration_benign/part-00166.parquet,datasets/cristinakaufalt/finaldatafreeze/phreshphish_FINAL_DATA_FREEZE_v3/roles/fpr_calibration_benign/part-00166.parquet,271,1,21,"sha256: string
url: string
date: date32[day]
target: null
lang: string
lang_score: double
domain: string
text: string
html_struct: string
template_hash: string
html_prefix_truncated: bool
struct_token_count: int64
dom_tag: list<element: string>
  child 0, element: string
dom_parent_idx: list<element: int64>
  child 0, element: int64
dom_depth: list<element: int64>
  child 0, element: int64
dom_attr_count: list<element: int64>
  child 0, element: int64
dom_child_count: list<element: int64>
  child 0, element: int64
dom_node_count: int64
dom_max_depth: int64
dom_truncated: bool
label: string
-- schema metadata --
pandas: '{""index_columns"": [], ""column_indexes"": [], ""columns"": [{""name"":' + 2612"
/kaggle/input/datasets/cristinakaufalt/finaldatafreeze/phreshphish_FINAL_DATA_FREEZE_v3/roles/fpr_calibration_benign/part-00167.parquet,datasets/cristinakaufalt/finaldatafreeze/phreshphish_FINAL_DATA_FREEZE_v3/roles/fpr_calibration_benign/part-00167.parquet,252,1,21,"sha256: string
url: string
date: date32[day]
target: null
lang: string
lang_score: double
domain: string
text: string
html_struct: string
template_hash: string
html_prefix_truncated: bool
struct_token_count: int64
dom_tag: list<element: string>
  child 0, element: string
dom_parent_idx: list<element: int64>
  child 0, element: int64
dom_depth: list<element: int64>
  child 0, element: int64
dom_attr_count: list<element: int64>
  child 0, element: int64
dom_child_count: list<element: int64>
  child 0, element: int64
dom_node_count: int64
dom_max_depth: int64
dom_truncated: bool
label: string
-- schema metadata --
pandas: '{""index_columns"": [], ""column_indexes"": [], ""columns"": [{""name"":' + 2612"
/kaggle/input/datasets/cristinakaufalt/finaldatafreeze/phreshphish_FINAL_DATA_FREEZE_v3/roles/fpr_calibration_benign/part-00168.parquet,datasets/cristinakaufalt/finaldatafreeze/phreshphish_FINAL_DATA_FREEZE_v3/roles/fpr_calibration_benign/part-00168.parquet,202,1,21,"sha256: string
url: string
date: date32[day]
target: null
lang: string
lang_score: double
domain: string
text: string
html_struct: string
template_hash: string
html_prefix_truncated: bool
struct_token_count: int64
dom_tag: list<element: string>
  child 0, element: string
dom_parent_idx: list<element: int64>
  child 0, element: int64
dom_depth: list<element: int64>
  child 0, element: int64
dom_attr_count: list<element: int64>
  child 0, element: int64
dom_child_count: list<element: int64>
  child 0, element: int64
dom_node_count: int64
dom_max_depth: int64
dom_truncated: bool
label: string
-- schema metadata --
pandas: '{""index_columns"": [], ""column_indexes"": [], ""columns"": [{""name"":' + 2612"
/kaggle/input/datasets/cristinakaufalt/finaldatafreeze/phreshphish_FINAL_DATA_FREEZE_v3/roles/fpr_calibration_benign/part-00169.parquet,datasets/cristinakaufalt/finaldatafreeze/phreshphish_FINAL_DATA_FREEZE_v3/roles/fpr_calibration_benign/part-00169.parquet,285,1,21,"sha256: string
url: string
date: date32[day]
target: null
lang: string
lang_score: double
domain: string
text: string
html_struct: string
template_hash: string
html_prefix_truncated: bool
struct_token_count: int64
dom_tag: list<element: string>
  child 0, element: string
dom_parent_idx: list<element: int64>
  child 0, element: int64
dom_depth: list<element: int64>
  child 0, element: int64
dom_attr_count: list<element: int64>
  child 0, element: int64
dom_child_count: list<element: int64>
  child 0, element: int64
dom_node_count: int64
dom_max_depth: int64
dom_truncated: bool
label: string
-- schema metadata --
pandas: '{""index_columns"": [], ""column_indexes"": [], ""columns"": [{""name"":' + 2612"
/kaggle/input/datasets/cristinakaufalt/finaldatafreeze/phreshphish_FINAL_DATA_FREEZE_v3/roles/fpr_calibration_benign/part-00170.parquet,datasets/cristinakaufalt/finaldatafreeze/phreshphish_FINAL_DATA_FREEZE_v3/roles/fpr_calibration_benign/part-00170.parquet,225,1,21,"sha256: string
url: string
date: date32[day]
target: null
lang: string
lang_score: double
domain: string
text: string
html_struct: string
template_hash: string
html_prefix_truncated: bool
struct_token_count: int64
dom_tag: list<element: string>
  child 0, element: string
dom_parent_idx: list<element: int64>
  child 0, element: int64
dom_depth: list<element: int64>
  child 0, element: int64
dom_attr_count: list<element: int64>
  child 0, element: int64
dom_child_count: list<element: int64>
  child 0, element: int64
dom_node_count: int64
dom_max_depth: int64
dom_truncated: bool
label: string
-- schema metadata --
pandas: '{""index_columns"": [], ""column_indexes"": [], ""columns"": [{""name"":' + 2612"
/kaggle/input/datasets/cristinakaufalt/finaldatafreeze/phreshphish_FINAL_DATA_FREEZE_v3/roles/fpr_calibration_benign/part-00171.parquet,datasets/cristinakaufalt/finaldatafreeze/phreshphish_FINAL_DATA_FREEZE_v3/roles/fpr_calibration_benign/part-00171.parquet,253,1,21,"sha256: string
url: string
date: date32[day]
target: null
lang: string
lang_score: double
domain: string
text: string
html_struct: string
template_hash: string
html_prefix_truncated: bool
struct_token_count: int64
dom_tag: list<element: string>
  child 0, element: string
dom_parent_idx: list<element: int64>
  child 0, element: int64
dom_depth: list<element: int64>
  child 0, element: int64
dom_attr_count: list<element: int64>
  child 0, element: int64
dom_child_count: list<element: int64>
  child 0, element: int64
dom_node_count: int64
dom_max_depth: int64
dom_truncated: bool
label: string
-- schema metadata --
pandas: '{""index_columns"": [], ""column_indexes"": [], ""columns"": [{""name"":' + 2612"
/kaggle/input/datasets/cristinakaufalt/finaldatafreeze/phreshphish_FINAL_DATA_FREEZE_v3/roles/fpr_calibration_benign/part-00172.parquet,datasets/cristinakaufalt/finaldatafreeze/phreshphish_FINAL_DATA_FREEZE_v3/roles/fpr_calibration_benign/part-00172.parquet,214,1,21,"sha256: string
url: string
date: date32[day]
target: null
lang: string
lang_score: double
domain: string
text: string
html_struct: string
template_hash: string
html_prefix_truncated: bool
struct_token_count: int64
dom_tag: list<element: string>
  child 0, element: string
dom_parent_idx: list<element: int64>
  child 0, element: int64
dom_depth: list<element: int64>
  child 0, element: int64
dom_attr_count: list<element: int64>
  child 0, element: int64
dom_child_count: list<element: int64>
  child 0, element: int64
dom_node_count: int64
dom_max_depth: int64
dom_truncated: bool
label: string
-- schema metadata --
pandas: '{""index_columns"": [], ""column_indexes"": [], ""columns"": [{""name"":' + 2612"
/kaggle/input/datasets/cristinakaufalt/finaldatafreeze/phreshphish_FINAL_DATA_FREEZE_v3/roles/fpr_calibration_benign/part-00173.parquet,datasets/cristinakaufalt/finaldatafreeze/phreshphish_FINAL_DATA_FREEZE_v3/roles/fpr_calibration_benign/part-00173.parquet,253,1,21,"sha256: string
url: string
date: date32[day]
target: null
lang: string
lang_score: double
domain: string
text: string
html_struct: string
template_hash: string
html_prefix_truncated: bool
struct_token_count: int64
dom_tag: list<element: string>
  child 0, element: string
dom_parent_idx: list<element: int64>
  child 0, element: int64
dom_depth: list<element: int64>
  child 0, element: int64
dom_attr_count: list<element: int64>
  child 0, element: int64
dom_child_count: list<element: int64>
  child 0, element: int64
dom_node_count: int64
dom_max_depth: int64
dom_truncated: bool
label: string
-- schema metadata --
pandas: '{""index_columns"": [], ""column_indexes"": [], ""columns"": [{""name"":' + 2612"
/kaggle/input/datasets/cristinakaufalt/finaldatafreeze/phreshphish_FINAL_DATA_FREEZE_v3/roles/fpr_calibration_benign/part-00174.parquet,datasets/cristinakaufalt/finaldatafreeze/phreshphish_FINAL_DATA_FREEZE_v3/roles/fpr_calibration_benign/part-00174.parquet,255,1,21,"sha256: string
url: string
date: date32[day]
target: null
lang: string
lang_score: double
domain: string
text: string
html_struct: string
template_hash: string
html_prefix_truncated: bool
struct_token_count: int64
dom_tag: list<element: string>
  child 0, element: string
dom_parent_idx: list<element: int64>
  child 0, element: int64
dom_depth: list<element: int64>
  child 0, element: int64
dom_attr_count: list<element: int64>
  child 0, element: int64
dom_child_count: list<element: int64>
  child 0, element: int64
dom_node_count: int64
dom_max_depth: int64
dom_truncated: bool
label: string
-- schema metadata --
pandas: '{""index_columns"": [], ""column_indexes"": [], ""columns"": [{""name"":' + 2612"
/kaggle/input/datasets/cristinakaufalt/finaldatafreeze/phreshphish_FINAL_DATA_FREEZE_v3/roles/fpr_calibration_benign/part-00175.parquet,datasets/cristinakaufalt/finaldatafreeze/phreshphish_FINAL_DATA_FREEZE_v3/roles/fpr_calibration_benign/part-00175.parquet,244,1,21,"sha256: string
url: string
date: date32[day]
target: null
lang: string
lang_score: double
domain: string
text: string
html_struct: string
template_hash: string
html_prefix_truncated: bool
struct_token_count: int64
dom_tag: list<element: string>
  child 0, element: string
dom_parent_idx: list<element: int64>
  child 0, element: int64
dom_depth: list<element: int64>
  child 0, element: int64
dom_attr_count: list<element: int64>
  child 0, element: int64
dom_child_count: list<element: int64>
  child 0, element: int64
dom_node_count: int64
dom_max_depth: int64
dom_truncated: bool
label: string
-- schema metadata --
pandas: '{""index_columns"": [], ""column_indexes"": [], ""columns"": [{""name"":' + 2612"
/kaggle/input/datasets/cristinakaufalt/finaldatafreeze/phreshphish_FINAL_DATA_FREEZE_v3/roles/fpr_calibration_benign/part-00176.parquet,datasets/cristinakaufalt/finaldatafreeze/phreshphish_FINAL_DATA_FREEZE_v3/roles/fpr_calibration_benign/part-00176.parquet,199,1,21,"sha256: string
url: string
date: date32[day]
target: null
lang: string
lang_score: double
domain: string
text: string
html_struct: string
template_hash: string
html_prefix_truncated: bool
struct_token_count: int64
dom_tag: list<element: string>
  child 0, element: string
dom_parent_idx: list<element: int64>
  child 0, element: int64
dom_depth: list<element: int64>
  child 0, element: int64
dom_attr_count: list<element: int64>
  child 0, element: int64
dom_child_count: list<element: int64>
  child 0, element: int64
dom_node_count: int64
dom_max_depth: int64
dom_truncated: bool
label: string
-- schema metadata --
pandas: '{""index_columns"": [], ""column_indexes"": [], ""columns"": [{""name"":' + 2612"
/kaggle/input/datasets/cristinakaufalt/finaldatafreeze/phreshphish_FINAL_DATA_FREEZE_v3/roles/fpr_calibration_benign/part-00177.parquet,datasets/cristinakaufalt/finaldatafreeze/phreshphish_FINAL_DATA_FREEZE_v3/roles/fpr_calibration_benign/part-00177.parquet,216,1,21,"sha256: string
url: string
date: date32[day]
target: null
lang: string
lang_score: double
domain: string
text: string
html_struct: string
template_hash: string
html_prefix_truncated: bool
struct_token_count: int64
dom_tag: list<element: string>
  child 0, element: string
dom_parent_idx: list<element: int64>
  child 0, element: int64
dom_depth: list<element: int64>
  child 0, element: int64
dom_attr_count: list<element: int64>
  child 0, element: int64
dom_child_count: list<element: int64>
  child 0, element: int64
dom_node_count: int64
dom_max_depth: int64
dom_truncated: bool
label: string
-- schema metadata --
pandas: '{""index_columns"": [], ""column_indexes"": [], ""columns"": [{""name"":' + 2612"
/kaggle/input/datasets/cristinakaufalt/finaldatafreeze/phreshphish_FINAL_DATA_FREEZE_v3/roles/fpr_calibration_benign/part-00178.parquet,datasets/cristinakaufalt/finaldatafreeze/phreshphish_FINAL_DATA_FREEZE_v3/roles/fpr_calibration_benign/part-00178.parquet,287,1,21,"sha256: string
url: string
date: date32[day]
target: null
lang: string
lang_score: double
domain: string
text: string
html_struct: string
template_hash: string
html_prefix_truncated: bool
struct_token_count: int64
dom_tag: list<element: string>
  child 0, element: string
dom_parent_idx: list<element: int64>
  child 0, element: int64
dom_depth: list<element: int64>
  child 0, element: int64
dom_attr_count: list<element: int64>
  child 0, element: int64
dom_child_count: list<element: int64>
  child 0, element: int64
dom_node_count: int64
dom_max_depth: int64
dom_truncated: bool
label: string
-- schema metadata --
pandas: '{""index_columns"": [], ""column_indexes"": [], ""columns"": [{""name"":' + 2612"
/kaggle/input/datasets/cristinakaufalt/finaldatafreeze/phreshphish_FINAL_DATA_FREEZE_v3/roles/fpr_calibration_benign/part-00179.parquet,datasets/cristinakaufalt/finaldatafreeze/phreshphish_FINAL_DATA_FREEZE_v3/roles/fpr_calibration_benign/part-00179.parquet,269,1,21,"sha256: string
url: string
date: date32[day]
target: null
lang: string
lang_score: double
domain: string
text: string
html_struct: string
template_hash: string
html_prefix_truncated: bool
struct_token_count: int64
dom_tag: list<element: string>
  child 0, element: string
dom_parent_idx: list<element: int64>
  child 0, element: int64
dom_depth: list<element: int64>
  child 0, element: int64
dom_attr_count: list<element: int64>
  child 0, element: int64
dom_child_count: list<element: int64>
  child 0, element: int64
dom_node_count: int64
dom_max_depth: int64
dom_truncated: bool
label: string
-- schema metadata --
pandas: '{""index_columns"": [], ""column_indexes"": [], ""columns"": [{""name"":' + 2612"
/kaggle/input/datasets/cristinakaufalt/finaldatafreeze/phreshphish_FINAL_DATA_FREEZE_v3/roles/fpr_calibration_benign/part-00180.parquet,datasets/cristinakaufalt/finaldatafreeze/phreshphish_FINAL_DATA_FREEZE_v3/roles/fpr_calibration_benign/part-00180.parquet,199,1,21,"sha256: string
url: string
date: date32[day]
target: null
lang: string
lang_score: double
domain: string
text: string
html_struct: string
template_hash: string
html_prefix_truncated: bool
struct_token_count: int64
dom_tag: list<element: string>
  child 0, element: string
dom_parent_idx: list<element: int64>
  child 0, element: int64
dom_depth: list<element: int64>
  child 0, element: int64
dom_attr_count: list<element: int64>
  child 0, element: int64
dom_child_count: list<element: int64>
  child 0, element: int64
dom_node_count: int64
dom_max_depth: int64
dom_truncated: bool
label: string
-- schema metadata --
pandas: '{""index_columns"": [], ""column_indexes"": [], ""columns"": [{""name"":' + 2612"
/kaggle/input/datasets/cristinakaufalt/finaldatafreeze/phreshphish_FINAL_DATA_FREEZE_v3/roles/fpr_calibration_benign/part-00181.parquet,datasets/cristinakaufalt/finaldatafreeze/phreshphish_FINAL_DATA_FREEZE_v3/roles/fpr_calibration_benign/part-00181.parquet,277,1,21,"sha256: string
url: string
date: date32[day]
target: null
lang: string
lang_score: double
domain: string
text: string
html_struct: string
template_hash: string
html_prefix_truncated: bool
struct_token_count: int64
dom_tag: list<element: string>
  child 0, element: string
dom_parent_idx: list<element: int64>
  child 0, element: int64
dom_depth: list<element: int64>
  child 0, element: int64
dom_attr_count: list<element: int64>
  child 0, element: int64
dom_child_count: list<element: int64>
  child 0, element: int64
dom_node_count: int64
dom_max_depth: int64
dom_truncated: bool
label: string
-- schema metadata --
pandas: '{""index_columns"": [], ""column_indexes"": [], ""columns"": [{""name"":' + 2612"
/kaggle/input/datasets/cristinakaufalt/finaldatafreeze/phreshphish_FINAL_DATA_FREEZE_v3/roles/fpr_calibration_benign/part-00182.parquet,datasets/cristinakaufalt/finaldatafreeze/phreshphish_FINAL_DATA_FREEZE_v3/roles/fpr_calibration_benign/part-00182.parquet,229,1,21,"sha256: string
url: string
date: date32[day]
target: null
lang: string
lang_score: double
domain: string
text: string
html_struct: string
template_hash: string
html_prefix_truncated: bool
struct_token_count: int64
dom_tag: list<element: string>
  child 0, element: string
dom_parent_idx: list<element: int64>
  child 0, element: int64
dom_depth: list<element: int64>
  child 0, element: int64
dom_attr_count: list<element: int64>
  child 0, element: int64
dom_child_count: list<element: int64>
  child 0, element: int64
dom_node_count: int64
dom_max_depth: int64
dom_truncated: bool
label: string
-- schema metadata --
pandas: '{""index_columns"": [], ""column_indexes"": [], ""columns"": [{""name"":' + 2612"
/kaggle/input/datasets/cristinakaufalt/finaldatafreeze/phreshphish_FINAL_DATA_FREEZE_v3/roles/fpr_calibration_benign/part-00183.parquet,datasets/cristinakaufalt/finaldatafreeze/phreshphish_FINAL_DATA_FREEZE_v3/roles/fpr_calibration_benign/part-00183.parquet,258,1,21,"sha256: string
url: string
date: date32[day]
target: null
lang: string
lang_score: double
domain: string
text: string
html_struct: string
template_hash: string
html_prefix_truncated: bool
struct_token_count: int64
dom_tag: list<element: string>
  child 0, element: string
dom_parent_idx: list<element: int64>
  child 0, element: int64
dom_depth: list<element: int64>
  child 0, element: int64
dom_attr_count: list<element: int64>
  child 0, element: int64
dom_child_count: list<element: int64>
  child 0, element: int64
dom_node_count: int64
dom_max_depth: int64
dom_truncated: bool
label: string
-- schema metadata --
pandas: '{""index_columns"": [], ""column_indexes"": [], ""columns"": [{""name"":' + 2612"
/kaggle/input/datasets/cristinakaufalt/finaldatafreeze/phreshphish_FINAL_DATA_FREEZE_v3/roles/fpr_calibration_benign/part-00184.parquet,datasets/cristinakaufalt/finaldatafreeze/phreshphish_FINAL_DATA_FREEZE_v3/roles/fpr_calibration_benign/part-00184.parquet,205,1,21,"sha256: string
url: string
date: date32[day]
target: null
lang: string
lang_score: double
domain: string
text: string
html_struct: string
template_hash: string
html_prefix_truncated: bool
struct_token_count: int64
dom_tag: list<element: string>
  child 0, element: string
dom_parent_idx: list<element: int64>
  child 0, element: int64
dom_depth: list<element: int64>
  child 0, element: int64
dom_attr_count: list<element: int64>
  child 0, element: int64
dom_child_count: list<element: int64>
  child 0, element: int64
dom_node_count: int64
dom_max_depth: int64
dom_truncated: bool
label: string
-- schema metadata --
pandas: '{""index_columns"": [], ""column_indexes"": [], ""columns"": [{""name"":' + 2612"
/kaggle/input/datasets/cristinakaufalt/finaldatafreeze/phreshphish_FINAL_DATA_FREEZE_v3/roles/fpr_calibration_benign/part-00185.parquet,datasets/cristinakaufalt/finaldatafreeze/phreshphish_FINAL_DATA_FREEZE_v3/roles/fpr_calibration_benign/part-00185.parquet,258,1,21,"sha256: string
url: string
date: date32[day]
target: string
lang: string
lang_score: double
domain: string
text: string
html_struct: string
template_hash: string
html_prefix_truncated: bool
struct_token_count: int64
dom_tag: list<element: string>
  child 0, element: string
dom_parent_idx: list<element: int64>
  child 0, element: int64
dom_depth: list<element: int64>
  child 0, element: int64
dom_attr_count: list<element: int64>
  child 0, element: int64
dom_child_count: list<element: int64>
  child 0, element: int64
dom_node_count: int64
dom_max_depth: int64
dom_truncated: bool
label: string
-- schema metadata --
pandas: '{""index_columns"": [], ""column_indexes"": [], ""columns"": [{""name"":' + 2614"
/kaggle/input/datasets/cristinakaufalt/finaldatafreeze/phreshphish_FINAL_DATA_FREEZE_v3/roles/fpr_calibration_benign/part-00186.parquet,datasets/cristinakaufalt/finaldatafreeze/phreshphish_FINAL_DATA_FREEZE_v3/roles/fpr_calibration_benign/part-00186.parquet,274,1,21,"sha256: string
url: string
date: date32[day]
target: null
lang: string
lang_score: double
domain: string
text: string
html_struct: string
template_hash: string
html_prefix_truncated: bool
struct_token_count: int64
dom_tag: list<element: string>
  child 0, element: string
dom_parent_idx: list<element: int64>
  child 0, element: int64
dom_depth: list<element: int64>
  child 0, element: int64
dom_attr_count: list<element: int64>
  child 0, element: int64
dom_child_count: list<element: int64>
  child 0, element: int64
dom_node_count: int64
dom_max_depth: int64
dom_truncated: bool
label: string
-- schema metadata --
pandas: '{""index_columns"": [], ""column_indexes"": [], ""columns"": [{""name"":' + 2612"
/kaggle/input/datasets/cristinakaufalt/finaldatafreeze/phreshphish_FINAL_DATA_FREEZE_v3/roles/fpr_calibration_benign/part-00187.parquet,datasets/cristinakaufalt/finaldatafreeze/phreshphish_FINAL_DATA_FREEZE_v3/roles/fpr_calibration_benign/part-00187.parquet,242,1,21,"sha256: string
url: string
date: date32[day]
target: null
lang: string
lang_score: double
domain: string
text: string
html_struct: string
template_hash: string
html_prefix_truncated: bool
struct_token_count: int64
dom_tag: list<element: string>
  child 0, element: string
dom_parent_idx: list<element: int64>
  child 0, element: int64
dom_depth: list<element: int64>
  child 0, element: int64
dom_attr_count: list<element: int64>
  child 0, element: int64
dom_child_count: list<element: int64>
  child 0, element: int64
dom_node_count: int64
dom_max_depth: int64
dom_truncated: bool
label: string
-- schema metadata --
pandas: '{""index_columns"": [], ""column_indexes"": [], ""columns"": [{""name"":' + 2612"
/kaggle/input/datasets/cristinakaufalt/finaldatafreeze/phreshphish_FINAL_DATA_FREEZE_v3/roles/fpr_calibration_benign/part-00188.parquet,datasets/cristinakaufalt/finaldatafreeze/phreshphish_FINAL_DATA_FREEZE_v3/roles/fpr_calibration_benign/part-00188.parquet,200,1,21,"sha256: string
url: string
date: date32[day]
target: null
lang: string
lang_score: double
domain: string
text: string
html_struct: string
template_hash: string
html_prefix_truncated: bool
struct_token_count: int64
dom_tag: list<element: string>
  child 0, element: string
dom_parent_idx: list<element: int64>
  child 0, element: int64
dom_depth: list<element: int64>
  child 0, element: int64
dom_attr_count: list<element: int64>
  child 0, element: int64
dom_child_count: list<element: int64>
  child 0, element: int64
dom_node_count: int64
dom_max_depth: int64
dom_truncated: bool
label: string
-- schema metadata --
pandas: '{""index_columns"": [], ""column_indexes"": [], ""columns"": [{""name"":' + 2612"
/kaggle/input/datasets/cristinakaufalt/finaldatafreeze/phreshphish_FINAL_DATA_FREEZE_v3/roles/fpr_calibration_benign/part-00189.parquet,datasets/cristinakaufalt/finaldatafreeze/phreshphish_FINAL_DATA_FREEZE_v3/roles/fpr_calibration_benign/part-00189.parquet,251,1,21,"sha256: string
url: string
date: date32[day]
target: null
lang: string
lang_score: double
domain: string
text: string
html_struct: string
template_hash: string
html_prefix_truncated: bool
struct_token_count: int64
dom_tag: list<element: string>
  child 0, element: string
dom_parent_idx: list<element: int64>
  child 0, element: int64
dom_depth: list<element: int64>
  child 0, element: int64
dom_attr_count: list<element: int64>
  child 0, element: int64
dom_child_count: list<element: int64>
  child 0, element: int64
dom_node_count: int64
dom_max_depth: int64
dom_truncated: bool
label: string
-- schema metadata --
pandas: '{""index_columns"": [], ""column_indexes"": [], ""columns"": [{""name"":' + 2612"
/kaggle/input/datasets/cristinakaufalt/finaldatafreeze/phreshphish_FINAL_DATA_FREEZE_v3/roles/fpr_calibration_benign/part-00190.parquet,datasets/cristinakaufalt/finaldatafreeze/phreshphish_FINAL_DATA_FREEZE_v3/roles/fpr_calibration_benign/part-00190.parquet,249,1,21,"sha256: string
url: string
date: date32[day]
target: null
lang: string
lang_score: double
domain: string
text: string
html_struct: string
template_hash: string
html_prefix_truncated: bool
struct_token_count: int64
dom_tag: list<element: string>
  child 0, element: string
dom_parent_idx: list<element: int64>
  child 0, element: int64
dom_depth: list<element: int64>
  child 0, element: int64
dom_attr_count: list<element: int64>
  child 0, element: int64
dom_child_count: list<element: int64>
  child 0, element: int64
dom_node_count: int64
dom_max_depth: int64
dom_truncated: bool
label: string
-- schema metadata --
pandas: '{""index_columns"": [], ""column_indexes"": [], ""columns"": [{""name"":' + 2612"
/kaggle/input/datasets/cristinakaufalt/finaldatafreeze/phreshphish_FINAL_DATA_FREEZE_v3/roles/fpr_calibration_benign/part-00191.parquet,datasets/cristinakaufalt/finaldatafreeze/phreshphish_FINAL_DATA_FREEZE_v3/roles/fpr_calibration_benign/part-00191.parquet,256,1,21,"sha256: string
url: string
date: date32[day]
target: null
lang: string
lang_score: double
domain: string
text: string
html_struct: string
template_hash: string
html_prefix_truncated: bool
struct_token_count: int64
dom_tag: list<element: string>
  child 0, element: string
dom_parent_idx: list<element: int64>
  child 0, element: int64
dom_depth: list<element: int64>
  child 0, element: int64
dom_attr_count: list<element: int64>
  child 0, element: int64
dom_child_count: list<element: int64>
  child 0, element: int64
dom_node_count: int64
dom_max_depth: int64
dom_truncated: bool
label: string
-- schema metadata --
pandas: '{""index_columns"": [], ""column_indexes"": [], ""columns"": [{""name"":' + 2612"
/kaggle/input/datasets/cristinakaufalt/finaldatafreeze/phreshphish_FINAL_DATA_FREEZE_v3/roles/fpr_calibration_benign/part-00192.parquet,datasets/cristinakaufalt/finaldatafreeze/phreshphish_FINAL_DATA_FREEZE_v3/roles/fpr_calibration_benign/part-00192.parquet,207,1,21,"sha256: string
url: string
date: date32[day]
target: null
lang: string
lang_score: double
domain: string
text: string
html_struct: string
template_hash: string
html_prefix_truncated: bool
struct_token_count: int64
dom_tag: list<element: string>
  child 0, element: string
dom_parent_idx: list<element: int64>
  child 0, element: int64
dom_depth: list<element: int64>
  child 0, element: int64
dom_attr_count: list<element: int64>
  child 0, element: int64
dom_child_count: list<element: int64>
  child 0, element: int64
dom_node_count: int64
dom_max_depth: int64
dom_truncated: bool
label: string
-- schema metadata --
pandas: '{""index_columns"": [], ""column_indexes"": [], ""columns"": [{""name"":' + 2612"
/kaggle/input/datasets/cristinakaufalt/finaldatafreeze/phreshphish_FINAL_DATA_FREEZE_v3/roles/fpr_calibration_benign/part-00193.parquet,datasets/cristinakaufalt/finaldatafreeze/phreshphish_FINAL_DATA_FREEZE_v3/roles/fpr_calibration_benign/part-00193.parquet,238,1,21,"sha256: string
url: string
date: date32[day]
target: null
lang: string
lang_score: double
domain: string
text: string
html_struct: string
template_hash: string
html_prefix_truncated: bool
struct_token_count: int64
dom_tag: list<element: string>
  child 0, element: string
dom_parent_idx: list<element: int64>
  child 0, element: int64
dom_depth: list<element: int64>
  child 0, element: int64
dom_attr_count: list<element: int64>
  child 0, element: int64
dom_child_count: list<element: int64>
  child 0, element: int64
dom_node_count: int64
dom_max_depth: int64
dom_truncated: bool
label: string
-- schema metadata --
pandas: '{""index_columns"": [], ""column_indexes"": [], ""columns"": [{""name"":' + 2612"
/kaggle/input/datasets/cristinakaufalt/finaldatafreeze/phreshphish_FINAL_DATA_FREEZE_v3/roles/fpr_calibration_benign/part-00194.parquet,datasets/cristinakaufalt/finaldatafreeze/phreshphish_FINAL_DATA_FREEZE_v3/roles/fpr_calibration_benign/part-00194.parquet,241,1,21,"sha256: string
url: string
date: date32[day]
target: null
lang: string
lang_score: double
domain: string
text: string
html_struct: string
template_hash: string
html_prefix_truncated: bool
struct_token_count: int64
dom_tag: list<element: string>
  child 0, element: string
dom_parent_idx: list<element: int64>
  child 0, element: int64
dom_depth: list<element: int64>
  child 0, element: int64
dom_attr_count: list<element: int64>
  child 0, element: int64
dom_child_count: list<element: int64>
  child 0, element: int64
dom_node_count: int64
dom_max_depth: int64
dom_truncated: bool
label: string
-- schema metadata --
pandas: '{""index_columns"": [], ""column_indexes"": [], ""columns"": [{""name"":' + 2612"
/kaggle/input/datasets/cristinakaufalt/finaldatafreeze/phreshphish_FINAL_DATA_FREEZE_v3/roles/fpr_calibration_benign/part-00195.parquet,datasets/cristinakaufalt/finaldatafreeze/phreshphish_FINAL_DATA_FREEZE_v3/roles/fpr_calibration_benign/part-00195.parquet,258,1,21,"sha256: string
url: string
date: date32[day]
target: null
lang: string
lang_score: double
domain: string
text: string
html_struct: string
template_hash: string
html_prefix_truncated: bool
struct_token_count: int64
dom_tag: list<element: string>
  child 0, element: string
dom_parent_idx: list<element: int64>
  child 0, element: int64
dom_depth: list<element: int64>
  child 0, element: int64
dom_attr_count: list<element: int64>
  child 0, element: int64
dom_child_count: list<element: int64>
  child 0, element: int64
dom_node_count: int64
dom_max_depth: int64
dom_truncated: bool
label: string
-- schema metadata --
pandas: '{""index_columns"": [], ""column_indexes"": [], ""columns"": [{""name"":' + 2612"
/kaggle/input/datasets/cristinakaufalt/finaldatafreeze/phreshphish_FINAL_DATA_FREEZE_v3/roles/fpr_calibration_benign/part-00196.parquet,datasets/cristinakaufalt/finaldatafreeze/phreshphish_FINAL_DATA_FREEZE_v3/roles/fpr_calibration_benign/part-00196.parquet,217,1,21,"sha256: string
url: string
date: date32[day]
target: null
lang: string
lang_score: double
domain: string
text: string
html_struct: string
template_hash: string
html_prefix_truncated: bool
struct_token_count: int64
dom_tag: list<element: string>
  child 0, element: string
dom_parent_idx: list<element: int64>
  child 0, element: int64
dom_depth: list<element: int64>
  child 0, element: int64
dom_attr_count: list<element: int64>
  child 0, element: int64
dom_child_count: list<element: int64>
  child 0, element: int64
dom_node_count: int64
dom_max_depth: int64
dom_truncated: bool
label: string
-- schema metadata --
pandas: '{""index_columns"": [], ""column_indexes"": [], ""columns"": [{""name"":' + 2612"
/kaggle/input/datasets/cristinakaufalt/finaldatafreeze/phreshphish_FINAL_DATA_FREEZE_v3/roles/fpr_calibration_benign/part-00197.parquet,datasets/cristinakaufalt/finaldatafreeze/phreshphish_FINAL_DATA_FREEZE_v3/roles/fpr_calibration_benign/part-00197.parquet,276,1,21,"sha256: string
url: string
date: date32[day]
target: null
lang: string
lang_score: double
domain: string
text: string
html_struct: string
template_hash: string
html_prefix_truncated: bool
struct_token_count: int64
dom_tag: list<element: string>
  child 0, element: string
dom_parent_idx: list<element: int64>
  child 0, element: int64
dom_depth: list<element: int64>
  child 0, element: int64
dom_attr_count: list<element: int64>
  child 0, element: int64
dom_child_count: list<element: int64>
  child 0, element: int64
dom_node_count: int64
dom_max_depth: int64
dom_truncated: bool
label: string
-- schema metadata --
pandas: '{""index_columns"": [], ""column_indexes"": [], ""columns"": [{""name"":' + 2612"
/kaggle/input/datasets/cristinakaufalt/finaldatafreeze/phreshphish_FINAL_DATA_FREEZE_v3/roles/fpr_calibration_benign/part-00198.parquet,datasets/cristinakaufalt/finaldatafreeze/phreshphish_FINAL_DATA_FREEZE_v3/roles/fpr_calibration_benign/part-00198.parquet,272,1,21,"sha256: string
url: string
date: date32[day]
target: null
lang: string
lang_score: double
domain: string
text: string
html_struct: string
template_hash: string
html_prefix_truncated: bool
struct_token_count: int64
dom_tag: list<element: string>
  child 0, element: string
dom_parent_idx: list<element: int64>
  child 0, element: int64
dom_depth: list<element: int64>
  child 0, element: int64
dom_attr_count: list<element: int64>
  child 0, element: int64
dom_child_count: list<element: int64>
  child 0, element: int64
dom_node_count: int64
dom_max_depth: int64
dom_truncated: bool
label: string
-- schema metadata --
pandas: '{""index_columns"": [], ""column_indexes"": [], ""columns"": [{""name"":' + 2612"
/kaggle/input/datasets/cristinakaufalt/finaldatafreeze/phreshphish_FINAL_DATA_FREEZE_v3/roles/fpr_calibration_benign/part-00199.parquet,datasets/cristinakaufalt/finaldatafreeze/phreshphish_FINAL_DATA_FREEZE_v3/roles/fpr_calibration_benign/part-00199.parquet,243,1,21,"sha256: string
url: string
date: date32[day]
target: null
lang: string
lang_score: double
domain: string
text: string
html_struct: string
template_hash: string
html_prefix_truncated: bool
struct_token_count: int64
dom_tag: list<element: string>
  child 0, element: string
dom_parent_idx: list<element: int64>
  child 0, element: int64
dom_depth: list<element: int64>
  child 0, element: int64
dom_attr_count: list<element: int64>
  child 0, element: int64
dom_child_count: list<element: int64>
  child 0, element: int64
dom_node_count: int64
dom_max_depth: int64
dom_truncated: bool
label: string
-- schema metadata --
pandas: '{""index_columns"": [], ""column_indexes"": [], ""columns"": [{""name"":' + 2612"
/kaggle/input/datasets/cristinakaufalt/finaldatafreeze/phreshphish_FINAL_DATA_FREEZE_v3/roles/fpr_calibration_benign/part-00200.parquet,datasets/cristinakaufalt/finaldatafreeze/phreshphish_FINAL_DATA_FREEZE_v3/roles/fpr_calibration_benign/part-00200.parquet,234,1,21,"sha256: string
url: string
date: date32[day]
target: null
lang: string
lang_score: double
domain: string
text: string
html_struct: string
template_hash: string
html_prefix_truncated: bool
struct_token_count: int64
dom_tag: list<element: string>
  child 0, element: string
dom_parent_idx: list<element: int64>
  child 0, element: int64
dom_depth: list<element: int64>
  child 0, element: int64
dom_attr_count: list<element: int64>
  child 0, element: int64
dom_child_count: list<element: int64>
  child 0, element: int64
dom_node_count: int64
dom_max_depth: int64
dom_truncated: bool
label: string
-- schema metadata --
pandas: '{""index_columns"": [], ""column_indexes"": [], ""columns"": [{""name"":' + 2612"
/kaggle/input/datasets/cristinakaufalt/finaldatafreeze/phreshphish_FINAL_DATA_FREEZE_v3/roles/fpr_calibration_benign/part-00201.parquet,datasets/cristinakaufalt/finaldatafreeze/phreshphish_FINAL_DATA_FREEZE_v3/roles/fpr_calibration_benign/part-00201.parquet,260,1,21,"sha256: string
url: string
date: date32[day]
target: null
lang: string
lang_score: double
domain: string
text: string
html_struct: string
template_hash: string
html_prefix_truncated: bool
struct_token_count: int64
dom_tag: list<element: string>
  child 0, element: string
dom_parent_idx: list<element: int64>
  child 0, element: int64
dom_depth: list<element: int64>
  child 0, element: int64
dom_attr_count: list<element: int64>
  child 0, element: int64
dom_child_count: list<element: int64>
  child 0, element: int64
dom_node_count: int64
dom_max_depth: int64
dom_truncated: bool
label: string
-- schema metadata --
pandas: '{""index_columns"": [], ""column_indexes"": [], ""columns"": [{""name"":' + 2612"
/kaggle/input/datasets/cristinakaufalt/finaldatafreeze/phreshphish_FINAL_DATA_FREEZE_v3/roles/fpr_calibration_benign/part-00202.parquet,datasets/cristinakaufalt/finaldatafreeze/phreshphish_FINAL_DATA_FREEZE_v3/roles/fpr_calibration_benign/part-00202.parquet,277,1,21,"sha256: string
url: string
date: date32[day]
target: null
lang: string
lang_score: double
domain: string
text: string
html_struct: string
template_hash: string
html_prefix_truncated: bool
struct_token_count: int64
dom_tag: list<element: string>
  child 0, element: string
dom_parent_idx: list<element: int64>
  child 0, element: int64
dom_depth: list<element: int64>
  child 0, element: int64
dom_attr_count: list<element: int64>
  child 0, element: int64
dom_child_count: list<element: int64>
  child 0, element: int64
dom_node_count: int64
dom_max_depth: int64
dom_truncated: bool
label: string
-- schema metadata --
pandas: '{""index_columns"": [], ""column_indexes"": [], ""columns"": [{""name"":' + 2612"
/kaggle/input/datasets/cristinakaufalt/finaldatafreeze/phreshphish_FINAL_DATA_FREEZE_v3/roles/fpr_calibration_benign/part-00203.parquet,datasets/cristinakaufalt/finaldatafreeze/phreshphish_FINAL_DATA_FREEZE_v3/roles/fpr_calibration_benign/part-00203.parquet,251,1,21,"sha256: string
url: string
date: date32[day]
target: null
lang: string
lang_score: double
domain: string
text: string
html_struct: string
template_hash: string
html_prefix_truncated: bool
struct_token_count: int64
dom_tag: list<element: string>
  child 0, element: string
dom_parent_idx: list<element: int64>
  child 0, element: int64
dom_depth: list<element: int64>
  child 0, element: int64
dom_attr_count: list<element: int64>
  child 0, element: int64
dom_child_count: list<element: int64>
  child 0, element: int64
dom_node_count: int64
dom_max_depth: int64
dom_truncated: bool
label: string
-- schema metadata --
pandas: '{""index_columns"": [], ""column_indexes"": [], ""columns"": [{""name"":' + 2612"
/kaggle/input/datasets/cristinakaufalt/finaldatafreeze/phreshphish_FINAL_DATA_FREEZE_v3/roles/fpr_calibration_benign/part-00204.parquet,datasets/cristinakaufalt/finaldatafreeze/phreshphish_FINAL_DATA_FREEZE_v3/roles/fpr_calibration_benign/part-00204.parquet,210,1,21,"sha256: string
url: string
date: date32[day]
target: null
lang: string
lang_score: double
domain: string
text: string
html_struct: string
template_hash: string
html_prefix_truncated: bool
struct_token_count: int64
dom_tag: list<element: string>
  child 0, element: string
dom_parent_idx: list<element: int64>
  child 0, element: int64
dom_depth: list<element: int64>
  child 0, element: int64
dom_attr_count: list<element: int64>
  child 0, element: int64
dom_child_count: list<element: int64>
  child 0, element: int64
dom_node_count: int64
dom_max_depth: int64
dom_truncated: bool
label: string
-- schema metadata --
pandas: '{""index_columns"": [], ""column_indexes"": [], ""columns"": [{""name"":' + 2612"
/kaggle/input/datasets/cristinakaufalt/finaldatafreeze/phreshphish_FINAL_DATA_FREEZE_v3/roles/fpr_calibration_benign/part-00205.parquet,datasets/cristinakaufalt/finaldatafreeze/phreshphish_FINAL_DATA_FREEZE_v3/roles/fpr_calibration_benign/part-00205.parquet,260,1,21,"sha256: string
url: string
date: date32[day]
target: null
lang: string
lang_score: double
domain: string
text: string
html_struct: string
template_hash: string
html_prefix_truncated: bool
struct_token_count: int64
dom_tag: list<element: string>
  child 0, element: string
dom_parent_idx: list<element: int64>
  child 0, element: int64
dom_depth: list<element: int64>
  child 0, element: int64
dom_attr_count: list<element: int64>
  child 0, element: int64
dom_child_count: list<element: int64>
  child 0, element: int64
dom_node_count: int64
dom_max_depth: int64
dom_truncated: bool
label: string
-- schema metadata --
pandas: '{""index_columns"": [], ""column_indexes"": [], ""columns"": [{""name"":' + 2612"
/kaggle/input/datasets/cristinakaufalt/finaldatafreeze/phreshphish_FINAL_DATA_FREEZE_v3/roles/fpr_calibration_benign/part-00206.parquet,datasets/cristinakaufalt/finaldatafreeze/phreshphish_FINAL_DATA_FREEZE_v3/roles/fpr_calibration_benign/part-00206.parquet,246,1,21,"sha256: string
url: string
date: date32[day]
target: null
lang: string
lang_score: double
domain: string
text: string
html_struct: string
template_hash: string
html_prefix_truncated: bool
struct_token_count: int64
dom_tag: list<element: string>
  child 0, element: string
dom_parent_idx: list<element: int64>
  child 0, element: int64
dom_depth: list<element: int64>
  child 0, element: int64
dom_attr_count: list<element: int64>
  child 0, element: int64
dom_child_count: list<element: int64>
  child 0, element: int64
dom_node_count: int64
dom_max_depth: int64
dom_truncated: bool
label: string
-- schema metadata --
pandas: '{""index_columns"": [], ""column_indexes"": [], ""columns"": [{""name"":' + 2612"
/kaggle/input/datasets/cristinakaufalt/finaldatafreeze/phreshphish_FINAL_DATA_FREEZE_v3/roles/fpr_calibration_benign/part-00207.parquet,datasets/cristinakaufalt/finaldatafreeze/phreshphish_FINAL_DATA_FREEZE_v3/roles/fpr_calibration_benign/part-00207.parquet,268,1,21,"sha256: string
url: string
date: date32[day]
target: null
lang: string
lang_score: double
domain: string
text: string
html_struct: string
template_hash: string
html_prefix_truncated: bool
struct_token_count: int64
dom_tag: list<element: string>
  child 0, element: string
dom_parent_idx: list<element: int64>
  child 0, element: int64
dom_depth: list<element: int64>
  child 0, element: int64
dom_attr_count: list<element: int64>
  child 0, element: int64
dom_child_count: list<element: int64>
  child 0, element: int64
dom_node_count: int64
dom_max_depth: int64
dom_truncated: bool
label: string
-- schema metadata --
pandas: '{""index_columns"": [], ""column_indexes"": [], ""columns"": [{""name"":' + 2612"
/kaggle/input/datasets/cristinakaufalt/finaldatafreeze/phreshphish_FINAL_DATA_FREEZE_v3/roles/fpr_calibration_benign/part-00208.parquet,datasets/cristinakaufalt/finaldatafreeze/phreshphish_FINAL_DATA_FREEZE_v3/roles/fpr_calibration_benign/part-00208.parquet,222,1,21,"sha256: string
url: string
date: date32[day]
target: string
lang: string
lang_score: double
domain: string
text: string
html_struct: string
template_hash: string
html_prefix_truncated: bool
struct_token_count: int64
dom_tag: list<element: string>
  child 0, element: string
dom_parent_idx: list<element: int64>
  child 0, element: int64
dom_depth: list<element: int64>
  child 0, element: int64
dom_attr_count: list<element: int64>
  child 0, element: int64
dom_child_count: list<element: int64>
  child 0, element: int64
dom_node_count: int64
dom_max_depth: int64
dom_truncated: bool
label: string
-- schema metadata --
pandas: '{""index_columns"": [], ""column_indexes"": [], ""columns"": [{""name"":' + 2614"
/kaggle/input/datasets/cristinakaufalt/finaldatafreeze/phreshphish_FINAL_DATA_FREEZE_v3/roles/fpr_calibration_benign/part-00209.parquet,datasets/cristinakaufalt/finaldatafreeze/phreshphish_FINAL_DATA_FREEZE_v3/roles/fpr_calibration_benign/part-00209.parquet,233,1,21,"sha256: string
url: string
date: date32[day]
target: null
lang: string
lang_score: double
domain: string
text: string
html_struct: string
template_hash: string
html_prefix_truncated: bool
struct_token_count: int64
dom_tag: list<element: string>
  child 0, element: string
dom_parent_idx: list<element: int64>
  child 0, element: int64
dom_depth: list<element: int64>
  child 0, element: int64
dom_attr_count: list<element: int64>
  child 0, element: int64
dom_child_count: list<element: int64>
  child 0, element: int64
dom_node_count: int64
dom_max_depth: int64
dom_truncated: bool
label: string
-- schema metadata --
pandas: '{""index_columns"": [], ""column_indexes"": [], ""columns"": [{""name"":' + 2612"
/kaggle/input/datasets/cristinakaufalt/finaldatafreeze/phreshphish_FINAL_DATA_FREEZE_v3/roles/fpr_calibration_benign/part-00210.parquet,datasets/cristinakaufalt/finaldatafreeze/phreshphish_FINAL_DATA_FREEZE_v3/roles/fpr_calibration_benign/part-00210.parquet,249,1,21,"sha256: string
url: string
date: date32[day]
target: null
lang: string
lang_score: double
domain: string
text: string
html_struct: string
template_hash: string
html_prefix_truncated: bool
struct_token_count: int64
dom_tag: list<element: string>
  child 0, element: string
dom_parent_idx: list<element: int64>
  child 0, element: int64
dom_depth: list<element: int64>
  child 0, element: int64
dom_attr_count: list<element: int64>
  child 0, element: int64
dom_child_count: list<element: int64>
  child 0, element: int64
dom_node_count: int64
dom_max_depth: int64
dom_truncated: bool
label: string
-- schema metadata --
pandas: '{""index_columns"": [], ""column_indexes"": [], ""columns"": [{""name"":' + 2612"
/kaggle/input/datasets/cristinakaufalt/finaldatafreeze/phreshphish_FINAL_DATA_FREEZE_v3/roles/fpr_calibration_benign/part-00211.parquet,datasets/cristinakaufalt/finaldatafreeze/phreshphish_FINAL_DATA_FREEZE_v3/roles/fpr_calibration_benign/part-00211.parquet,250,1,21,"sha256: string
url: string
date: date32[day]
target: null
lang: string
lang_score: double
domain: string
text: string
html_struct: string
template_hash: string
html_prefix_truncated: bool
struct_token_count: int64
dom_tag: list<element: string>
  child 0, element: string
dom_parent_idx: list<element: int64>
  child 0, element: int64
dom_depth: list<element: int64>
  child 0, element: int64
dom_attr_count: list<element: int64>
  child 0, element: int64
dom_child_count: list<element: int64>
  child 0, element: int64
dom_node_count: int64
dom_max_depth: int64
dom_truncated: bool
label: string
-- schema metadata --
pandas: '{""index_columns"": [], ""column_indexes"": [], ""columns"": [{""name"":' + 2612"
/kaggle/input/datasets/cristinakaufalt/finaldatafreeze/phreshphish_FINAL_DATA_FREEZE_v3/roles/fpr_calibration_benign/part-00212.parquet,datasets/cristinakaufalt/finaldatafreeze/phreshphish_FINAL_DATA_FREEZE_v3/roles/fpr_calibration_benign/part-00212.parquet,193,1,21,"sha256: string
url: string
date: date32[day]
target: null
lang: string
lang_score: double
domain: string
text: string
html_struct: string
template_hash: string
html_prefix_truncated: bool
struct_token_count: int64
dom_tag: list<element: string>
  child 0, element: string
dom_parent_idx: list<element: int64>
  child 0, element: int64
dom_depth: list<element: int64>
  child 0, element: int64
dom_attr_count: list<element: int64>
  child 0, element: int64
dom_child_count: list<element: int64>
  child 0, element: int64
dom_node_count: int64
dom_max_depth: int64
dom_truncated: bool
label: string
-- schema metadata --
pandas: '{""index_columns"": [], ""column_indexes"": [], ""columns"": [{""name"":' + 2612"
/kaggle/input/datasets/cristinakaufalt/finaldatafreeze/phreshphish_FINAL_DATA_FREEZE_v3/roles/fpr_calibration_benign/part-00213.parquet,datasets/cristinakaufalt/finaldatafreeze/phreshphish_FINAL_DATA_FREEZE_v3/roles/fpr_calibration_benign/part-00213.parquet,38,1,21,"sha256: string
url: string
date: date32[day]
target: null
lang: string
lang_score: double
domain: string
text: string
html_struct: string
template_hash: string
html_prefix_truncated: bool
struct_token_count: int64
dom_tag: list<element: string>
  child 0, element: string
dom_parent_idx: list<element: int64>
  child 0, element: int64
dom_depth: list<element: int64>
  child 0, element: int64
dom_attr_count: list<element: int64>
  child 0, element: int64
dom_child_count: list<element: int64>
  child 0, element: int64
dom_node_count: int64
dom_max_depth: int64
dom_truncated: bool
label: string
-- schema metadata --
pandas: '{""index_columns"": [], ""column_indexes"": [], ""columns"": [{""name"":' + 2612"
/kaggle/input/datasets/cristinakaufalt/finaldatafreeze/phreshphish_FINAL_DATA_FREEZE_v3/roles/final_test/test-000_part000.parquet,datasets/cristinakaufalt/finaldatafreeze/phreshphish_FINAL_DATA_FREEZE_v3/roles/final_test/test-000_part000.parquet,1000,1,21,"sha256: string
url: string
date: date32[day]
target: string
lang: string
lang_score: double
domain: string
text: string
html_struct: string
template_hash: string
html_prefix_truncated: bool
struct_token_count: int64
dom_tag: list<element: string>
  child 0, element: string
dom_parent_idx: list<element: int64>
  child 0, element: int64
dom_depth: list<element: int64>
  child 0, element: int64
dom_attr_count: list<element: int64>
  child 0, element: int64
dom_child_count: list<element: int64>
  child 0, element: int64
dom_node_count: int64
dom_max_depth: int64
dom_truncated: bool
label: string
-- schema metadata --
pandas: '{""index_columns"": [], ""column_indexes"": [], ""columns"": [{""name"":' + 2614"
/kaggle/input/datasets/cristinakaufalt/finaldatafreeze/phreshphish_FINAL_DATA_FREEZE_v3/roles/final_test/test-001_part000.parquet,datasets/cristinakaufalt/finaldatafreeze/phreshphish_FINAL_DATA_FREEZE_v3/roles/final_test/test-001_part000.parquet,2500,1,21,"sha256: string
url: string
date: date32[day]
target: string
lang: string
lang_score: double
domain: string
text: string
html_struct: string
template_hash: string
html_prefix_truncated: bool
struct_token_count: int64
dom_tag: list<element: string>
  child 0, element: string
dom_parent_idx: list<element: int64>
  child 0, element: int64
dom_depth: list<element: int64>
  child 0, element: int64
dom_attr_count: list<element: int64>
  child 0, element: int64
dom_child_count: list<element: int64>
  child 0, element: int64
dom_node_count: int64
dom_max_depth: int64
dom_truncated: bool
label: string
-- schema metadata --
pandas: '{""index_columns"": [], ""column_indexes"": [], ""columns"": [{""name"":' + 2614"
/kaggle/input/datasets/cristinakaufalt/finaldatafreeze/phreshphish_FINAL_DATA_FREEZE_v3/roles/final_test/test-001_part001.parquet,datasets/cristinakaufalt/finaldatafreeze/phreshphish_FINAL_DATA_FREEZE_v3/roles/final_test/test-001_part001.parquet,2500,1,21,"sha256: string
url: string
date: date32[day]
target: string
lang: string
lang_score: double
domain: string
text: string
html_struct: string
template_hash: string
html_prefix_truncated: bool
struct_token_count: int64
dom_tag: list<element: string>
  child 0, element: string
dom_parent_idx: list<element: int64>
  child 0, element: int64
dom_depth: list<element: int64>
  child 0, element: int64
dom_attr_count: list<element: int64>
  child 0, element: int64
dom_child_count: list<element: int64>
  child 0, element: int64
dom_node_count: int64
dom_max_depth: int64
dom_truncated: bool
label: string
-- schema metadata --
pandas: '{""index_columns"": [], ""column_indexes"": [], ""columns"": [{""name"":' + 2614"
/kaggle/input/datasets/cristinakaufalt/finaldatafreeze/phreshphish_FINAL_DATA_FREEZE_v3/roles/final_test/test-001_part002.parquet,datasets/cristinakaufalt/finaldatafreeze/phreshphish_FINAL_DATA_FREEZE_v3/roles/final_test/test-001_part002.parquet,236,1,21,"sha256: string
url: string
date: date32[day]
target: string
lang: string
lang_score: double
domain: string
text: string
html_struct: string
template_hash: string
html_prefix_truncated: bool
struct_token_count: int64
dom_tag: list<element: string>
  child 0, element: string
dom_parent_idx: list<element: int64>
  child 0, element: int64
dom_depth: list<element: int64>
  child 0, element: int64
dom_attr_count: list<element: int64>
  child 0, element: int64
dom_child_count: list<element: int64>
  child 0, element: int64
dom_node_count: int64
dom_max_depth: int64
dom_truncated: bool
label: string
-- schema metadata --
pandas: '{""index_columns"": [], ""column_indexes"": [], ""columns"": [{""name"":' + 2614"
/kaggle/input/datasets/cristinakaufalt/finaldatafreeze/phreshphish_FINAL_DATA_FREEZE_v3/roles/final_test/test-002_part000.parquet,datasets/cristinakaufalt/finaldatafreeze/phreshphish_FINAL_DATA_FREEZE_v3/roles/final_test/test-002_part000.parquet,2500,1,21,"sha256: string
url: string
date: date32[day]
target: string
lang: string
lang_score: double
domain: string
text: string
html_struct: string
template_hash: string
html_prefix_truncated: bool
struct_token_count: int64
dom_tag: list<element: string>
  child 0, element: string
dom_parent_idx: list<element: int64>
  child 0, element: int64
dom_depth: list<element: int64>
  child 0, element: int64
dom_attr_count: list<element: int64>
  child 0, element: int64
dom_child_count: list<element: int64>
  child 0, element: int64
dom_node_count: int64
dom_max_depth: int64
dom_truncated: bool
label: string
-- schema metadata --
pandas: '{""index_columns"": [], ""column_indexes"": [], ""columns"": [{""name"":' + 2614"
/kaggle/input/datasets/cristinakaufalt/finaldatafreeze/phreshphish_FINAL_DATA_FREEZE_v3/roles/final_test/test-002_part001.parquet,datasets/cristinakaufalt/finaldatafreeze/phreshphish_FINAL_DATA_FREEZE_v3/roles/final_test/test-002_part001.parquet,2500,1,21,"sha256: string
url: string
date: date32[day]
target: string
lang: string
lang_score: double
domain: string
text: string
html_struct: string
template_hash: string
html_prefix_truncated: bool
struct_token_count: int64
dom_tag: list<element: string>
  child 0, element: string
dom_parent_idx: list<element: int64>
  child 0, element: int64
dom_depth: list<element: int64>
  child 0, element: int64
dom_attr_count: list<element: int64>
  child 0, element: int64
dom_child_count: list<element: int64>
  child 0, element: int64
dom_node_count: int64
dom_max_depth: int64
dom_truncated: bool
label: string
-- schema metadata --
pandas: '{""index_columns"": [], ""column_indexes"": [], ""columns"": [{""name"":' + 2614"
/kaggle/input/datasets/cristinakaufalt/finaldatafreeze/phreshphish_FINAL_DATA_FREEZE_v3/roles/final_test/test-002_part002.parquet,datasets/cristinakaufalt/finaldatafreeze/phreshphish_FINAL_DATA_FREEZE_v3/roles/final_test/test-002_part002.parquet,759,1,21,"sha256: string
url: string
date: date32[day]
target: string
lang: string
lang_score: double
domain: string
text: string
html_struct: string
template_hash: string
html_prefix_truncated: bool
struct_token_count: int64
dom_tag: list<element: string>
  child 0, element: string
dom_parent_idx: list<element: int64>
  child 0, element: int64
dom_depth: list<element: int64>
  child 0, element: int64
dom_attr_count: list<element: int64>
  child 0, element: int64
dom_child_count: list<element: int64>
  child 0, element: int64
dom_node_count: int64
dom_max_depth: int64
dom_truncated: bool
label: string
-- schema metadata --
pandas: '{""index_columns"": [], ""column_indexes"": [], ""columns"": [{""name"":' + 2614"
/kaggle/input/datasets/cristinakaufalt/finaldatafreeze/phreshphish_FINAL_DATA_FREEZE_v3/roles/final_test/test-003_part000.parquet,datasets/cristinakaufalt/finaldatafreeze/phreshphish_FINAL_DATA_FREEZE_v3/roles/final_test/test-003_part000.parquet,2500,1,21,"sha256: string
url: string
date: date32[day]
target: string
lang: string
lang_score: double
domain: string
text: string
html_struct: string
template_hash: string
html_prefix_truncated: bool
struct_token_count: int64
dom_tag: list<element: string>
  child 0, element: string
dom_parent_idx: list<element: int64>
  child 0, element: int64
dom_depth: list<element: int64>
  child 0, element: int64
dom_attr_count: list<element: int64>
  child 0, element: int64
dom_child_count: list<element: int64>
  child 0, element: int64
dom_node_count: int64
dom_max_depth: int64
dom_truncated: bool
label: string
-- schema metadata --
pandas: '{""index_columns"": [], ""column_indexes"": [], ""columns"": [{""name"":' + 2614"
/kaggle/input/datasets/cristinakaufalt/finaldatafreeze/phreshphish_FINAL_DATA_FREEZE_v3/roles/final_test/test-003_part001.parquet,datasets/cristinakaufalt/finaldatafreeze/phreshphish_FINAL_DATA_FREEZE_v3/roles/final_test/test-003_part001.parquet,2500,1,21,"sha256: string
url: string
date: date32[day]
target: string
lang: string
lang_score: double
domain: string
text: string
html_struct: string
template_hash: string
html_prefix_truncated: bool
struct_token_count: int64
dom_tag: list<element: string>
  child 0, element: string
dom_parent_idx: list<element: int64>
  child 0, element: int64
dom_depth: list<element: int64>
  child 0, element: int64
dom_attr_count: list<element: int64>
  child 0, element: int64
dom_child_count: list<element: int64>
  child 0, element: int64
dom_node_count: int64
dom_max_depth: int64
dom_truncated: bool
label: string
-- schema metadata --
pandas: '{""index_columns"": [], ""column_indexes"": [], ""columns"": [{""name"":' + 2614"
/kaggle/input/datasets/cristinakaufalt/finaldatafreeze/phreshphish_FINAL_DATA_FREEZE_v3/roles/final_test/test-003_part002.parquet,datasets/cristinakaufalt/finaldatafreeze/phreshphish_FINAL_DATA_FREEZE_v3/roles/final_test/test-003_part002.parquet,1558,1,21,"sha256: string
url: string
date: date32[day]
target: string
lang: string
lang_score: double
domain: string
text: string
html_struct: string
template_hash: string
html_prefix_truncated: bool
struct_token_count: int64
dom_tag: list<element: string>
  child 0, element: string
dom_parent_idx: list<element: int64>
  child 0, element: int64
dom_depth: list<element: int64>
  child 0, element: int64
dom_attr_count: list<element: int64>
  child 0, element: int64
dom_child_count: list<element: int64>
  child 0, element: int64
dom_node_count: int64
dom_max_depth: int64
dom_truncated: bool
label: string
-- schema metadata --
pandas: '{""index_columns"": [], ""column_indexes"": [], ""columns"": [{""name"":' + 2614"
/kaggle/input/datasets/cristinakaufalt/finaldatafreeze/phreshphish_FINAL_DATA_FREEZE_v3/roles/final_test/test-004_part000.parquet,datasets/cristinakaufalt/finaldatafreeze/phreshphish_FINAL_DATA_FREEZE_v3/roles/final_test/test-004_part000.parquet,2500,1,21,"sha256: string
url: string
date: date32[day]
target: string
lang: string
lang_score: double
domain: string
text: string
html_struct: string
template_hash: string
html_prefix_truncated: bool
struct_token_count: int64
dom_tag: list<element: string>
  child 0, element: string
dom_parent_idx: list<element: int64>
  child 0, element: int64
dom_depth: list<element: int64>
  child 0, element: int64
dom_attr_count: list<element: int64>
  child 0, element: int64
dom_child_count: list<element: int64>
  child 0, element: int64
dom_node_count: int64
dom_max_depth: int64
dom_truncated: bool
label: string
-- schema metadata --
pandas: '{""index_columns"": [], ""column_indexes"": [], ""columns"": [{""name"":' + 2614"
/kaggle/input/datasets/cristinakaufalt/finaldatafreeze/phreshphish_FINAL_DATA_FREEZE_v3/roles/final_test/test-004_part001.parquet,datasets/cristinakaufalt/finaldatafreeze/phreshphish_FINAL_DATA_FREEZE_v3/roles/final_test/test-004_part001.parquet,2500,1,21,"sha256: string
url: string
date: date32[day]
target: string
lang: string
lang_score: double
domain: string
text: string
html_struct: string
template_hash: string
html_prefix_truncated: bool
struct_token_count: int64
dom_tag: list<element: string>
  child 0, element: string
dom_parent_idx: list<element: int64>
  child 0, element: int64
dom_depth: list<element: int64>
  child 0, element: int64
dom_attr_count: list<element: int64>
  child 0, element: int64
dom_child_count: list<element: int64>
  child 0, element: int64
dom_node_count: int64
dom_max_depth: int64
dom_truncated: bool
label: string
-- schema metadata --
pandas: '{""index_columns"": [], ""column_indexes"": [], ""columns"": [{""name"":' + 2614"
/kaggle/input/datasets/cristinakaufalt/finaldatafreeze/phreshphish_FINAL_DATA_FREEZE_v3/roles/final_test/test-004_part002.parquet,datasets/cristinakaufalt/finaldatafreeze/phreshphish_FINAL_DATA_FREEZE_v3/roles/final_test/test-004_part002.parquet,2098,1,21,"sha256: string
url: string
date: date32[day]
target: string
lang: string
lang_score: double
domain: string
text: string
html_struct: string
template_hash: string
html_prefix_truncated: bool
struct_token_count: int64
dom_tag: list<element: string>
  child 0, element: string
dom_parent_idx: list<element: int64>
  child 0, element: int64
dom_depth: list<element: int64>
  child 0, element: int64
dom_attr_count: list<element: int64>
  child 0, element: int64
dom_child_count: list<element: int64>
  child 0, element: int64
dom_node_count: int64
dom_max_depth: int64
dom_truncated: bool
label: string
-- schema metadata --
pandas: '{""index_columns"": [], ""column_indexes"": [], ""columns"": [{""name"":' + 2614"
/kaggle/input/datasets/cristinakaufalt/finaldatafreeze/phreshphish_FINAL_DATA_FREEZE_v3/roles/final_test/test-005_part000.parquet,datasets/cristinakaufalt/finaldatafreeze/phreshphish_FINAL_DATA_FREEZE_v3/roles/final_test/test-005_part000.parquet,2500,1,21,"sha256: string
url: string
date: date32[day]
target: string
lang: string
lang_score: double
domain: string
text: string
html_struct: string
template_hash: string
html_prefix_truncated: bool
struct_token_count: int64
dom_tag: list<element: string>
  child 0, element: string
dom_parent_idx: list<element: int64>
  child 0, element: int64
dom_depth: list<element: int64>
  child 0, element: int64
dom_attr_count: list<element: int64>
  child 0, element: int64
dom_child_count: list<element: int64>
  child 0, element: int64
dom_node_count: int64
dom_max_depth: int64
dom_truncated: bool
label: string
-- schema metadata --
pandas: '{""index_columns"": [], ""column_indexes"": [], ""columns"": [{""name"":' + 2614"
/kaggle/input/datasets/cristinakaufalt/finaldatafreeze/phreshphish_FINAL_DATA_FREEZE_v3/roles/final_test/test-005_part001.parquet,datasets/cristinakaufalt/finaldatafreeze/phreshphish_FINAL_DATA_FREEZE_v3/roles/final_test/test-005_part001.parquet,2500,1,21,"sha256: string
url: string
date: date32[day]
target: string
lang: string
lang_score: double
domain: string
text: string
html_struct: string
template_hash: string
html_prefix_truncated: bool
struct_token_count: int64
dom_tag: list<element: string>
  child 0, element: string
dom_parent_idx: list<element: int64>
  child 0, element: int64
dom_depth: list<element: int64>
  child 0, element: int64
dom_attr_count: list<element: int64>
  child 0, element: int64
dom_child_count: list<element: int64>
  child 0, element: int64
dom_node_count: int64
dom_max_depth: int64
dom_truncated: bool
label: string
-- schema metadata --
pandas: '{""index_columns"": [], ""column_indexes"": [], ""columns"": [{""name"":' + 2614"
/kaggle/input/datasets/cristinakaufalt/finaldatafreeze/phreshphish_FINAL_DATA_FREEZE_v3/roles/final_test/test-005_part002.parquet,datasets/cristinakaufalt/finaldatafreeze/phreshphish_FINAL_DATA_FREEZE_v3/roles/final_test/test-005_part002.parquet,2500,1,21,"sha256: string
url: string
date: date32[day]
target: string
lang: string
lang_score: double
domain: string
text: string
html_struct: string
template_hash: string
html_prefix_truncated: bool
struct_token_count: int64
dom_tag: list<element: string>
  child 0, element: string
dom_parent_idx: list<element: int64>
  child 0, element: int64
dom_depth: list<element: int64>
  child 0, element: int64
dom_attr_count: list<element: int64>
  child 0, element: int64
dom_child_count: list<element: int64>
  child 0, element: int64
dom_node_count: int64
dom_max_depth: int64
dom_truncated: bool
label: string
-- schema metadata --
pandas: '{""index_columns"": [], ""column_indexes"": [], ""columns"": [{""name"":' + 2614"
/kaggle/input/datasets/cristinakaufalt/finaldatafreeze/phreshphish_FINAL_DATA_FREEZE_v3/roles/final_test/test-005_part003.parquet,datasets/cristinakaufalt/finaldatafreeze/phreshphish_FINAL_DATA_FREEZE_v3/roles/final_test/test-005_part003.parquet,145,1,21,"sha256: string
url: string
date: date32[day]
target: string
lang: string
lang_score: double
domain: string
text: string
html_struct: string
template_hash: string
html_prefix_truncated: bool
struct_token_count: int64
dom_tag: list<element: string>
  child 0, element: string
dom_parent_idx: list<element: int64>
  child 0, element: int64
dom_depth: list<element: int64>
  child 0, element: int64
dom_attr_count: list<element: int64>
  child 0, element: int64
dom_child_count: list<element: int64>
  child 0, element: int64
dom_node_count: int64
dom_max_depth: int64
dom_truncated: bool
label: string
-- schema metadata --
pandas: '{""index_columns"": [], ""column_indexes"": [], ""columns"": [{""name"":' + 2614"
/kaggle/input/datasets/cristinakaufalt/finaldatafreeze/phreshphish_FINAL_DATA_FREEZE_v3/roles/final_test/test-006_part000.parquet,datasets/cristinakaufalt/finaldatafreeze/phreshphish_FINAL_DATA_FREEZE_v3/roles/final_test/test-006_part000.parquet,2500,1,21,"sha256: string
url: string
date: date32[day]
target: string
lang: string
lang_score: double
domain: string
text: string
html_struct: string
template_hash: string
html_prefix_truncated: bool
struct_token_count: int64
dom_tag: list<element: string>
  child 0, element: string
dom_parent_idx: list<element: int64>
  child 0, element: int64
dom_depth: list<element: int64>
  child 0, element: int64
dom_attr_count: list<element: int64>
  child 0, element: int64
dom_child_count: list<element: int64>
  child 0, element: int64
dom_node_count: int64
dom_max_depth: int64
dom_truncated: bool
label: string
-- schema metadata --
pandas: '{""index_columns"": [], ""column_indexes"": [], ""columns"": [{""name"":' + 2614"
/kaggle/input/datasets/cristinakaufalt/finaldatafreeze/phreshphish_FINAL_DATA_FREEZE_v3/roles/final_test/test-006_part001.parquet,datasets/cristinakaufalt/finaldatafreeze/phreshphish_FINAL_DATA_FREEZE_v3/roles/final_test/test-006_part001.parquet,2500,1,21,"sha256: string
url: string
date: date32[day]
target: string
lang: string
lang_score: double
domain: string
text: string
html_struct: string
template_hash: string
html_prefix_truncated: bool
struct_token_count: int64
dom_tag: list<element: string>
  child 0, element: string
dom_parent_idx: list<element: int64>
  child 0, element: int64
dom_depth: list<element: int64>
  child 0, element: int64
dom_attr_count: list<element: int64>
  child 0, element: int64
dom_child_count: list<element: int64>
  child 0, element: int64
dom_node_count: int64
dom_max_depth: int64
dom_truncated: bool
label: string
-- schema metadata --
pandas: '{""index_columns"": [], ""column_indexes"": [], ""columns"": [{""name"":' + 2614"
/kaggle/input/datasets/cristinakaufalt/finaldatafreeze/phreshphish_FINAL_DATA_FREEZE_v3/roles/final_test/test-006_part002.parquet,datasets/cristinakaufalt/finaldatafreeze/phreshphish_FINAL_DATA_FREEZE_v3/roles/final_test/test-006_part002.parquet,2500,1,21,"sha256: string
url: string
date: date32[day]
target: string
lang: string
lang_score: double
domain: string
text: string
html_struct: string
template_hash: string
html_prefix_truncated: bool
struct_token_count: int64
dom_tag: list<element: string>
  child 0, element: string
dom_parent_idx: list<element: int64>
  child 0, element: int64
dom_depth: list<element: int64>
  child 0, element: int64
dom_attr_count: list<element: int64>
  child 0, element: int64
dom_child_count: list<element: int64>
  child 0, element: int64
dom_node_count: int64
dom_max_depth: int64
dom_truncated: bool
label: string
-- schema metadata --
pandas: '{""index_columns"": [], ""column_indexes"": [], ""columns"": [{""name"":' + 2614"
/kaggle/input/datasets/cristinakaufalt/finaldatafreeze/phreshphish_FINAL_DATA_FREEZE_v3/roles/final_test/test-006_part003.parquet,datasets/cristinakaufalt/finaldatafreeze/phreshphish_FINAL_DATA_FREEZE_v3/roles/final_test/test-006_part003.parquet,611,1,21,"sha256: string
url: string
date: date32[day]
target: string
lang: string
lang_score: double
domain: string
text: string
html_struct: string
template_hash: string
html_prefix_truncated: bool
struct_token_count: int64
dom_tag: list<element: string>
  child 0, element: string
dom_parent_idx: list<element: int64>
  child 0, element: int64
dom_depth: list<element: int64>
  child 0, element: int64
dom_attr_count: list<element: int64>
  child 0, element: int64
dom_child_count: list<element: int64>
  child 0, element: int64
dom_node_count: int64
dom_max_depth: int64
dom_truncated: bool
label: string
-- schema metadata --
pandas: '{""index_columns"": [], ""column_indexes"": [], ""columns"": [{""name"":' + 2614"
/kaggle/input/datasets/cristinakaufalt/finaldatafreeze/phreshphish_FINAL_DATA_FREEZE_v3/roles/final_test/test-007_part000.parquet,datasets/cristinakaufalt/finaldatafreeze/phreshphish_FINAL_DATA_FREEZE_v3/roles/final_test/test-007_part000.parquet,2500,1,21,"sha256: string
url: string
date: date32[day]
target: string
lang: string
lang_score: double
domain: string
text: string
html_struct: string
template_hash: string
html_prefix_truncated: bool
struct_token_count: int64
dom_tag: list<element: string>
  child 0, element: string
dom_parent_idx: list<element: int64>
  child 0, element: int64
dom_depth: list<element: int64>
  child 0, element: int64
dom_attr_count: list<element: int64>
  child 0, element: int64
dom_child_count: list<element: int64>
  child 0, element: int64
dom_node_count: int64
dom_max_depth: int64
dom_truncated: bool
label: string
-- schema metadata --
pandas: '{""index_columns"": [], ""column_indexes"": [], ""columns"": [{""name"":' + 2614"
/kaggle/input/datasets/cristinakaufalt/finaldatafreeze/phreshphish_FINAL_DATA_FREEZE_v3/roles/final_test/test-007_part001.parquet,datasets/cristinakaufalt/finaldatafreeze/phreshphish_FINAL_DATA_FREEZE_v3/roles/final_test/test-007_part001.parquet,2500,1,21,"sha256: string
url: string
date: date32[day]
target: string
lang: string
lang_score: double
domain: string
text: string
html_struct: string
template_hash: string
html_prefix_truncated: bool
struct_token_count: int64
dom_tag: list<element: string>
  child 0, element: string
dom_parent_idx: list<element: int64>
  child 0, element: int64
dom_depth: list<element: int64>
  child 0, element: int64
dom_attr_count: list<element: int64>
  child 0, element: int64
dom_child_count: list<element: int64>
  child 0, element: int64
dom_node_count: int64
dom_max_depth: int64
dom_truncated: bool
label: string
-- schema metadata --
pandas: '{""index_columns"": [], ""column_indexes"": [], ""columns"": [{""name"":' + 2614"
/kaggle/input/datasets/cristinakaufalt/finaldatafreeze/phreshphish_FINAL_DATA_FREEZE_v3/roles/final_test/test-007_part002.parquet,datasets/cristinakaufalt/finaldatafreeze/phreshphish_FINAL_DATA_FREEZE_v3/roles/final_test/test-007_part002.parquet,2500,1,21,"sha256: string
url: string
date: date32[day]
target: string
lang: string
lang_score: double
domain: string
text: string
html_struct: string
template_hash: string
html_prefix_truncated: bool
struct_token_count: int64
dom_tag: list<element: string>
  child 0, element: string
dom_parent_idx: list<element: int64>
  child 0, element: int64
dom_depth: list<element: int64>
  child 0, element: int64
dom_attr_count: list<element: int64>
  child 0, element: int64
dom_child_count: list<element: int64>
  child 0, element: int64
dom_node_count: int64
dom_max_depth: int64
dom_truncated: bool
label: string
-- schema metadata --
pandas: '{""index_columns"": [], ""column_indexes"": [], ""columns"": [{""name"":' + 2614"
/kaggle/input/datasets/cristinakaufalt/finaldatafreeze/phreshphish_FINAL_DATA_FREEZE_v3/roles/final_test/test-007_part003.parquet,datasets/cristinakaufalt/finaldatafreeze/phreshphish_FINAL_DATA_FREEZE_v3/roles/final_test/test-007_part003.parquet,1006,1,21,"sha256: string
url: string
date: date32[day]
target: string
lang: string
lang_score: double
domain: string
text: string
html_struct: string
template_hash: string
html_prefix_truncated: bool
struct_token_count: int64
dom_tag: list<element: string>
  child 0, element: string
dom_parent_idx: list<element: int64>
  child 0, element: int64
dom_depth: list<element: int64>
  child 0, element: int64
dom_attr_count: list<element: int64>
  child 0, element: int64
dom_child_count: list<element: int64>
  child 0, element: int64
dom_node_count: int64
dom_max_depth: int64
dom_truncated: bool
label: string
-- schema metadata --
pandas: '{""index_columns"": [], ""column_indexes"": [], ""columns"": [{""name"":' + 2614"
/kaggle/input/datasets/cristinakaufalt/finaldatafreeze/phreshphish_FINAL_DATA_FREEZE_v3/roles/final_test/test-008_part000.parquet,datasets/cristinakaufalt/finaldatafreeze/phreshphish_FINAL_DATA_FREEZE_v3/roles/final_test/test-008_part000.parquet,2500,1,21,"sha256: string
url: string
date: date32[day]
target: string
lang: string
lang_score: double
domain: string
text: string
html_struct: string
template_hash: string
html_prefix_truncated: bool
struct_token_count: int64
dom_tag: list<element: string>
  child 0, element: string
dom_parent_idx: list<element: int64>
  child 0, element: int64
dom_depth: list<element: int64>
  child 0, element: int64
dom_attr_count: list<element: int64>
  child 0, element: int64
dom_child_count: list<element: int64>
  child 0, element: int64
dom_node_count: int64
dom_max_depth: int64
dom_truncated: bool
label: string
-- schema metadata --
pandas: '{""index_columns"": [], ""column_indexes"": [], ""columns"": [{""name"":' + 2614"
/kaggle/input/datasets/cristinakaufalt/finaldatafreeze/phreshphish_FINAL_DATA_FREEZE_v3/roles/final_test/test-008_part001.parquet,datasets/cristinakaufalt/finaldatafreeze/phreshphish_FINAL_DATA_FREEZE_v3/roles/final_test/test-008_part001.parquet,2500,1,21,"sha256: string
url: string
date: date32[day]
target: string
lang: string
lang_score: double
domain: string
text: string
html_struct: string
template_hash: string
html_prefix_truncated: bool
struct_token_count: int64
dom_tag: list<element: string>
  child 0, element: string
dom_parent_idx: list<element: int64>
  child 0, element: int64
dom_depth: list<element: int64>
  child 0, element: int64
dom_attr_count: list<element: int64>
  child 0, element: int64
dom_child_count: list<element: int64>
  child 0, element: int64
dom_node_count: int64
dom_max_depth: int64
dom_truncated: bool
label: string
-- schema metadata --
pandas: '{""index_columns"": [], ""column_indexes"": [], ""columns"": [{""name"":' + 2614"
/kaggle/input/datasets/cristinakaufalt/finaldatafreeze/phreshphish_FINAL_DATA_FREEZE_v3/roles/final_test/test-008_part002.parquet,datasets/cristinakaufalt/finaldatafreeze/phreshphish_FINAL_DATA_FREEZE_v3/roles/final_test/test-008_part002.parquet,2500,1,21,"sha256: string
url: string
date: date32[day]
target: string
lang: string
lang_score: double
domain: string
text: string
html_struct: string
template_hash: string
html_prefix_truncated: bool
struct_token_count: int64
dom_tag: list<element: string>
  child 0, element: string
dom_parent_idx: list<element: int64>
  child 0, element: int64
dom_depth: list<element: int64>
  child 0, element: int64
dom_attr_count: list<element: int64>
  child 0, element: int64
dom_child_count: list<element: int64>
  child 0, element: int64
dom_node_count: int64
dom_max_depth: int64
dom_truncated: bool
label: string
-- schema metadata --
pandas: '{""index_columns"": [], ""column_indexes"": [], ""columns"": [{""name"":' + 2614"
/kaggle/input/datasets/cristinakaufalt/finaldatafreeze/phreshphish_FINAL_DATA_FREEZE_v3/roles/final_test/test-008_part003.parquet,datasets/cristinakaufalt/finaldatafreeze/phreshphish_FINAL_DATA_FREEZE_v3/roles/final_test/test-008_part003.parquet,1267,1,21,"sha256: string
url: string
date: date32[day]
target: string
lang: string
lang_score: double
domain: string
text: string
html_struct: string
template_hash: string
html_prefix_truncated: bool
struct_token_count: int64
dom_tag: list<element: string>
  child 0, element: string
dom_parent_idx: list<element: int64>
  child 0, element: int64
dom_depth: list<element: int64>
  child 0, element: int64
dom_attr_count: list<element: int64>
  child 0, element: int64
dom_child_count: list<element: int64>
  child 0, element: int64
dom_node_count: int64
dom_max_depth: int64
dom_truncated: bool
label: string
-- schema metadata --
pandas: '{""index_columns"": [], ""column_indexes"": [], ""columns"": [{""name"":' + 2614"
/kaggle/input/datasets/cristinakaufalt/finaldatafreeze/phreshphish_FINAL_DATA_FREEZE_v3/roles/final_test/test-009_part000.parquet,datasets/cristinakaufalt/finaldatafreeze/phreshphish_FINAL_DATA_FREEZE_v3/roles/final_test/test-009_part000.parquet,2500,1,21,"sha256: string
url: string
date: date32[day]
target: string
lang: string
lang_score: double
domain: string
text: string
html_struct: string
template_hash: string
html_prefix_truncated: bool
struct_token_count: int64
dom_tag: list<element: string>
  child 0, element: string
dom_parent_idx: list<element: int64>
  child 0, element: int64
dom_depth: list<element: int64>
  child 0, element: int64
dom_attr_count: list<element: int64>
  child 0, element: int64
dom_child_count: list<element: int64>
  child 0, element: int64
dom_node_count: int64
dom_max_depth: int64
dom_truncated: bool
label: string
-- schema metadata --
pandas: '{""index_columns"": [], ""column_indexes"": [], ""columns"": [{""name"":' + 2614"
/kaggle/input/datasets/cristinakaufalt/finaldatafreeze/phreshphish_FINAL_DATA_FREEZE_v3/roles/final_test/test-009_part001.parquet,datasets/cristinakaufalt/finaldatafreeze/phreshphish_FINAL_DATA_FREEZE_v3/roles/final_test/test-009_part001.parquet,2500,1,21,"sha256: string
url: string
date: date32[day]
target: string
lang: string
lang_score: double
domain: string
text: string
html_struct: string
template_hash: string
html_prefix_truncated: bool
struct_token_count: int64
dom_tag: list<element: string>
  child 0, element: string
dom_parent_idx: list<element: int64>
  child 0, element: int64
dom_depth: list<element: int64>
  child 0, element: int64
dom_attr_count: list<element: int64>
  child 0, element: int64
dom_child_count: list<element: int64>
  child 0, element: int64
dom_node_count: int64
dom_max_depth: int64
dom_truncated: bool
label: string
-- schema metadata --
pandas: '{""index_columns"": [], ""column_indexes"": [], ""columns"": [{""name"":' + 2614"
/kaggle/input/datasets/cristinakaufalt/finaldatafreeze/phreshphish_FINAL_DATA_FREEZE_v3/roles/final_test/test-009_part002.parquet,datasets/cristinakaufalt/finaldatafreeze/phreshphish_FINAL_DATA_FREEZE_v3/roles/final_test/test-009_part002.parquet,2500,1,21,"sha256: string
url: string
date: date32[day]
target: string
lang: string
lang_score: double
domain: string
text: string
html_struct: string
template_hash: string
html_prefix_truncated: bool
struct_token_count: int64
dom_tag: list<element: string>
  child 0, element: string
dom_parent_idx: list<element: int64>
  child 0, element: int64
dom_depth: list<element: int64>
  child 0, element: int64
dom_attr_count: list<element: int64>
  child 0, element: int64
dom_child_count: list<element: int64>
  child 0, element: int64
dom_node_count: int64
dom_max_depth: int64
dom_truncated: bool
label: string
-- schema metadata --
pandas: '{""index_columns"": [], ""column_indexes"": [], ""columns"": [{""name"":' + 2614"
/kaggle/input/datasets/cristinakaufalt/finaldatafreeze/phreshphish_FINAL_DATA_FREEZE_v3/roles/final_test/test-009_part003.parquet,datasets/cristinakaufalt/finaldatafreeze/phreshphish_FINAL_DATA_FREEZE_v3/roles/final_test/test-009_part003.parquet,1525,1,21,"sha256: string
url: string
date: date32[day]
target: string
lang: string
lang_score: double
domain: string
text: string
html_struct: string
template_hash: string
html_prefix_truncated: bool
struct_token_count: int64
dom_tag: list<element: string>
  child 0, element: string
dom_parent_idx: list<element: int64>
  child 0, element: int64
dom_depth: list<element: int64>
  child 0, element: int64
dom_attr_count: list<element: int64>
  child 0, element: int64
dom_child_count: list<element: int64>
  child 0, element: int64
dom_node_count: int64
dom_max_depth: int64
dom_truncated: bool
label: string
-- schema metadata --
pandas: '{""index_columns"": [], ""column_indexes"": [], ""columns"": [{""name"":' + 2614"
/kaggle/input/datasets/cristinakaufalt/finaldatafreeze/phreshphish_FINAL_DATA_FREEZE_v3/roles/final_test/test-010_part000.parquet,datasets/cristinakaufalt/finaldatafreeze/phreshphish_FINAL_DATA_FREEZE_v3/roles/final_test/test-010_part000.parquet,2500,1,21,"sha256: string
url: string
date: date32[day]
target: string
lang: string
lang_score: double
domain: string
text: string
html_struct: string
template_hash: string
html_prefix_truncated: bool
struct_token_count: int64
dom_tag: list<element: string>
  child 0, element: string
dom_parent_idx: list<element: int64>
  child 0, element: int64
dom_depth: list<element: int64>
  child 0, element: int64
dom_attr_count: list<element: int64>
  child 0, element: int64
dom_child_count: list<element: int64>
  child 0, element: int64
dom_node_count: int64
dom_max_depth: int64
dom_truncated: bool
label: string
-- schema metadata --
pandas: '{""index_columns"": [], ""column_indexes"": [], ""columns"": [{""name"":' + 2614"
/kaggle/input/datasets/cristinakaufalt/finaldatafreeze/phreshphish_FINAL_DATA_FREEZE_v3/roles/final_test/test-010_part001.parquet,datasets/cristinakaufalt/finaldatafreeze/phreshphish_FINAL_DATA_FREEZE_v3/roles/final_test/test-010_part001.parquet,2500,1,21,"sha256: string
url: string
date: date32[day]
target: string
lang: string
lang_score: double
domain: string
text: string
html_struct: string
template_hash: string
html_prefix_truncated: bool
struct_token_count: int64
dom_tag: list<element: string>
  child 0, element: string
dom_parent_idx: list<element: int64>
  child 0, element: int64
dom_depth: list<element: int64>
  child 0, element: int64
dom_attr_count: list<element: int64>
  child 0, element: int64
dom_child_count: list<element: int64>
  child 0, element: int64
dom_node_count: int64
dom_max_depth: int64
dom_truncated: bool
label: string
-- schema metadata --
pandas: '{""index_columns"": [], ""column_indexes"": [], ""columns"": [{""name"":' + 2614"
/kaggle/input/datasets/cristinakaufalt/finaldatafreeze/phreshphish_FINAL_DATA_FREEZE_v3/roles/final_test/test-010_part002.parquet,datasets/cristinakaufalt/finaldatafreeze/phreshphish_FINAL_DATA_FREEZE_v3/roles/final_test/test-010_part002.parquet,2500,1,21,"sha256: string
url: string
date: date32[day]
target: string
lang: string
lang_score: double
domain: string
text: string
html_struct: string
template_hash: string
html_prefix_truncated: bool
struct_token_count: int64
dom_tag: list<element: string>
  child 0, element: string
dom_parent_idx: list<element: int64>
  child 0, element: int64
dom_depth: list<element: int64>
  child 0, element: int64
dom_attr_count: list<element: int64>
  child 0, element: int64
dom_child_count: list<element: int64>
  child 0, element: int64
dom_node_count: int64
dom_max_depth: int64
dom_truncated: bool
label: string
-- schema metadata --
pandas: '{""index_columns"": [], ""column_indexes"": [], ""columns"": [{""name"":' + 2614"
/kaggle/input/datasets/cristinakaufalt/finaldatafreeze/phreshphish_FINAL_DATA_FREEZE_v3/roles/final_test/test-010_part003.parquet,datasets/cristinakaufalt/finaldatafreeze/phreshphish_FINAL_DATA_FREEZE_v3/roles/final_test/test-010_part003.parquet,1675,1,21,"sha256: string
url: string
date: date32[day]
target: string
lang: string
lang_score: double
domain: string
text: string
html_struct: string
template_hash: string
html_prefix_truncated: bool
struct_token_count: int64
dom_tag: list<element: string>
  child 0, element: string
dom_parent_idx: list<element: int64>
  child 0, element: int64
dom_depth: list<element: int64>
  child 0, element: int64
dom_attr_count: list<element: int64>
  child 0, element: int64
dom_child_count: list<element: int64>
  child 0, element: int64
dom_node_count: int64
dom_max_depth: int64
dom_truncated: bool
label: string
-- schema metadata --
pandas: '{""index_columns"": [], ""column_indexes"": [], ""columns"": [{""name"":' + 2614"
/kaggle/input/datasets/cristinakaufalt/finaldatafreeze/phreshphish_FINAL_DATA_FREEZE_v3/roles/final_test/test-011_part000.parquet,datasets/cristinakaufalt/finaldatafreeze/phreshphish_FINAL_DATA_FREEZE_v3/roles/final_test/test-011_part000.parquet,2500,1,21,"sha256: string
url: string
date: date32[day]
target: string
lang: string
lang_score: double
domain: string
text: string
html_struct: string
template_hash: string
html_prefix_truncated: bool
struct_token_count: int64
dom_tag: list<element: string>
  child 0, element: string
dom_parent_idx: list<element: int64>
  child 0, element: int64
dom_depth: list<element: int64>
  child 0, element: int64
dom_attr_count: list<element: int64>
  child 0, element: int64
dom_child_count: list<element: int64>
  child 0, element: int64
dom_node_count: int64
dom_max_depth: int64
dom_truncated: bool
label: string
-- schema metadata --
pandas: '{""index_columns"": [], ""column_indexes"": [], ""columns"": [{""name"":' + 2614"
/kaggle/input/datasets/cristinakaufalt/finaldatafreeze/phreshphish_FINAL_DATA_FREEZE_v3/roles/final_test/test-011_part001.parquet,datasets/cristinakaufalt/finaldatafreeze/phreshphish_FINAL_DATA_FREEZE_v3/roles/final_test/test-011_part001.parquet,2500,1,21,"sha256: string
url: string
date: date32[day]
target: string
lang: string
lang_score: double
domain: string
text: string
html_struct: string
template_hash: string
html_prefix_truncated: bool
struct_token_count: int64
dom_tag: list<element: string>
  child 0, element: string
dom_parent_idx: list<element: int64>
  child 0, element: int64
dom_depth: list<element: int64>
  child 0, element: int64
dom_attr_count: list<element: int64>
  child 0, element: int64
dom_child_count: list<element: int64>
  child 0, element: int64
dom_node_count: int64
dom_max_depth: int64
dom_truncated: bool
label: string
-- schema metadata --
pandas: '{""index_columns"": [], ""column_indexes"": [], ""columns"": [{""name"":' + 2614"
/kaggle/input/datasets/cristinakaufalt/finaldatafreeze/phreshphish_FINAL_DATA_FREEZE_v3/roles/final_test/test-011_part002.parquet,datasets/cristinakaufalt/finaldatafreeze/phreshphish_FINAL_DATA_FREEZE_v3/roles/final_test/test-011_part002.parquet,2500,1,21,"sha256: string
url: string
date: date32[day]
target: string
lang: string
lang_score: double
domain: string
text: string
html_struct: string
template_hash: string
html_prefix_truncated: bool
struct_token_count: int64
dom_tag: list<element: string>
  child 0, element: string
dom_parent_idx: list<element: int64>
  child 0, element: int64
dom_depth: list<element: int64>
  child 0, element: int64
dom_attr_count: list<element: int64>
  child 0, element: int64
dom_child_count: list<element: int64>
  child 0, element: int64
dom_node_count: int64
dom_max_depth: int64
dom_truncated: bool
label: string
-- schema metadata --
pandas: '{""index_columns"": [], ""column_indexes"": [], ""columns"": [{""name"":' + 2614"
/kaggle/input/datasets/cristinakaufalt/finaldatafreeze/phreshphish_FINAL_DATA_FREEZE_v3/roles/final_test/test-011_part003.parquet,datasets/cristinakaufalt/finaldatafreeze/phreshphish_FINAL_DATA_FREEZE_v3/roles/final_test/test-011_part003.parquet,1654,1,21,"sha256: string
url: string
date: date32[day]
target: string
lang: string
lang_score: double
domain: string
text: string
html_struct: string
template_hash: string
html_prefix_truncated: bool
struct_token_count: int64
dom_tag: list<element: string>
  child 0, element: string
dom_parent_idx: list<element: int64>
  child 0, element: int64
dom_depth: list<element: int64>
  child 0, element: int64
dom_attr_count: list<element: int64>
  child 0, element: int64
dom_child_count: list<element: int64>
  child 0, element: int64
dom_node_count: int64
dom_max_depth: int64
dom_truncated: bool
label: string
-- schema metadata --
pandas: '{""index_columns"": [], ""column_indexes"": [], ""columns"": [{""name"":' + 2614"
/kaggle/input/datasets/cristinakaufalt/finaldatafreeze/phreshphish_FINAL_DATA_FREEZE_v3/roles/final_test/test-012_part000.parquet,datasets/cristinakaufalt/finaldatafreeze/phreshphish_FINAL_DATA_FREEZE_v3/roles/final_test/test-012_part000.parquet,2500,1,21,"sha256: string
url: string
date: date32[day]
target: string
lang: string
lang_score: double
domain: string
text: string
html_struct: string
template_hash: string
html_prefix_truncated: bool
struct_token_count: int64
dom_tag: list<element: string>
  child 0, element: string
dom_parent_idx: list<element: int64>
  child 0, element: int64
dom_depth: list<element: int64>
  child 0, element: int64
dom_attr_count: list<element: int64>
  child 0, element: int64
dom_child_count: list<element: int64>
  child 0, element: int64
dom_node_count: int64
dom_max_depth: int64
dom_truncated: bool
label: string
-- schema metadata --
pandas: '{""index_columns"": [], ""column_indexes"": [], ""columns"": [{""name"":' + 2614"
/kaggle/input/datasets/cristinakaufalt/finaldatafreeze/phreshphish_FINAL_DATA_FREEZE_v3/roles/final_test/test-012_part001.parquet,datasets/cristinakaufalt/finaldatafreeze/phreshphish_FINAL_DATA_FREEZE_v3/roles/final_test/test-012_part001.parquet,2500,1,21,"sha256: string
url: string
date: date32[day]
target: string
lang: string
lang_score: double
domain: string
text: string
html_struct: string
template_hash: string
html_prefix_truncated: bool
struct_token_count: int64
dom_tag: list<element: string>
  child 0, element: string
dom_parent_idx: list<element: int64>
  child 0, element: int64
dom_depth: list<element: int64>
  child 0, element: int64
dom_attr_count: list<element: int64>
  child 0, element: int64
dom_child_count: list<element: int64>
  child 0, element: int64
dom_node_count: int64
dom_max_depth: int64
dom_truncated: bool
label: string
-- schema metadata --
pandas: '{""index_columns"": [], ""column_indexes"": [], ""columns"": [{""name"":' + 2614"
/kaggle/input/datasets/cristinakaufalt/finaldatafreeze/phreshphish_FINAL_DATA_FREEZE_v3/roles/final_test/test-012_part002.parquet,datasets/cristinakaufalt/finaldatafreeze/phreshphish_FINAL_DATA_FREEZE_v3/roles/final_test/test-012_part002.parquet,2500,1,21,"sha256: string
url: string
date: date32[day]
target: string
lang: string
lang_score: double
domain: string
text: string
html_struct: string
template_hash: string
html_prefix_truncated: bool
struct_token_count: int64
dom_tag: list<element: string>
  child 0, element: string
dom_parent_idx: list<element: int64>
  child 0, element: int64
dom_depth: list<element: int64>
  child 0, element: int64
dom_attr_count: list<element: int64>
  child 0, element: int64
dom_child_count: list<element: int64>
  child 0, element: int64
dom_node_count: int64
dom_max_depth: int64
dom_truncated: bool
label: string
-- schema metadata --
pandas: '{""index_columns"": [], ""column_indexes"": [], ""columns"": [{""name"":' + 2614"
/kaggle/input/datasets/cristinakaufalt/finaldatafreeze/phreshphish_FINAL_DATA_FREEZE_v3/roles/final_test/test-012_part003.parquet,datasets/cristinakaufalt/finaldatafreeze/phreshphish_FINAL_DATA_FREEZE_v3/roles/final_test/test-012_part003.parquet,1741,1,21,"sha256: string
url: string
date: date32[day]
target: string
lang: string
lang_score: double
domain: string
text: string
html_struct: string
template_hash: string
html_prefix_truncated: bool
struct_token_count: int64
dom_tag: list<element: string>
  child 0, element: string
dom_parent_idx: list<element: int64>
  child 0, element: int64
dom_depth: list<element: int64>
  child 0, element: int64
dom_attr_count: list<element: int64>
  child 0, element: int64
dom_child_count: list<element: int64>
  child 0, element: int64
dom_node_count: int64
dom_max_depth: int64
dom_truncated: bool
label: string
-- schema metadata --
pandas: '{""index_columns"": [], ""column_indexes"": [], ""columns"": [{""name"":' + 2614"
/kaggle/input/datasets/cristinakaufalt/finaldatafreeze/phreshphish_FINAL_DATA_FREEZE_v3/roles/final_test/test-013_part000.parquet,datasets/cristinakaufalt/finaldatafreeze/phreshphish_FINAL_DATA_FREEZE_v3/roles/final_test/test-013_part000.parquet,2500,1,21,"sha256: string
url: string
date: date32[day]
target: string
lang: string
lang_score: double
domain: string
text: string
html_struct: string
template_hash: string
html_prefix_truncated: bool
struct_token_count: int64
dom_tag: list<element: string>
  child 0, element: string
dom_parent_idx: list<element: int64>
  child 0, element: int64
dom_depth: list<element: int64>
  child 0, element: int64
dom_attr_count: list<element: int64>
  child 0, element: int64
dom_child_count: list<element: int64>
  child 0, element: int64
dom_node_count: int64
dom_max_depth: int64
dom_truncated: bool
label: string
-- schema metadata --
pandas: '{""index_columns"": [], ""column_indexes"": [], ""columns"": [{""name"":' + 2614"
/kaggle/input/datasets/cristinakaufalt/finaldatafreeze/phreshphish_FINAL_DATA_FREEZE_v3/roles/final_test/test-013_part001.parquet,datasets/cristinakaufalt/finaldatafreeze/phreshphish_FINAL_DATA_FREEZE_v3/roles/final_test/test-013_part001.parquet,2500,1,21,"sha256: string
url: string
date: date32[day]
target: string
lang: string
lang_score: double
domain: string
text: string
html_struct: string
template_hash: string
html_prefix_truncated: bool
struct_token_count: int64
dom_tag: list<element: string>
  child 0, element: string
dom_parent_idx: list<element: int64>
  child 0, element: int64
dom_depth: list<element: int64>
  child 0, element: int64
dom_attr_count: list<element: int64>
  child 0, element: int64
dom_child_count: list<element: int64>
  child 0, element: int64
dom_node_count: int64
dom_max_depth: int64
dom_truncated: bool
label: string
-- schema metadata --
pandas: '{""index_columns"": [], ""column_indexes"": [], ""columns"": [{""name"":' + 2614"
/kaggle/input/datasets/cristinakaufalt/finaldatafreeze/phreshphish_FINAL_DATA_FREEZE_v3/roles/final_test/test-013_part002.parquet,datasets/cristinakaufalt/finaldatafreeze/phreshphish_FINAL_DATA_FREEZE_v3/roles/final_test/test-013_part002.parquet,2500,1,21,"sha256: string
url: string
date: date32[day]
target: string
lang: string
lang_score: double
domain: string
text: string
html_struct: string
template_hash: string
html_prefix_truncated: bool
struct_token_count: int64
dom_tag: list<element: string>
  child 0, element: string
dom_parent_idx: list<element: int64>
  child 0, element: int64
dom_depth: list<element: int64>
  child 0, element: int64
dom_attr_count: list<element: int64>
  child 0, element: int64
dom_child_count: list<element: int64>
  child 0, element: int64
dom_node_count: int64
dom_max_depth: int64
dom_truncated: bool
label: string
-- schema metadata --
pandas: '{""index_columns"": [], ""column_indexes"": [], ""columns"": [{""name"":' + 2614"
/kaggle/input/datasets/cristinakaufalt/finaldatafreeze/phreshphish_FINAL_DATA_FREEZE_v3/roles/final_test/test-013_part003.parquet,datasets/cristinakaufalt/finaldatafreeze/phreshphish_FINAL_DATA_FREEZE_v3/roles/final_test/test-013_part003.parquet,1739,1,21,"sha256: string
url: string
date: date32[day]
target: string
lang: string
lang_score: double
domain: string
text: string
html_struct: string
template_hash: string
html_prefix_truncated: bool
struct_token_count: int64
dom_tag: list<element: string>
  child 0, element: string
dom_parent_idx: list<element: int64>
  child 0, element: int64
dom_depth: list<element: int64>
  child 0, element: int64
dom_attr_count: list<element: int64>
  child 0, element: int64
dom_child_count: list<element: int64>
  child 0, element: int64
dom_node_count: int64
dom_max_depth: int64
dom_truncated: bool
label: string
-- schema metadata --
pandas: '{""index_columns"": [], ""column_indexes"": [], ""columns"": [{""name"":' + 2614"
/kaggle/input/datasets/cristinakaufalt/finaldatafreeze/phreshphish_FINAL_DATA_FREEZE_v3/roles/final_test/test-014_part000.parquet,datasets/cristinakaufalt/finaldatafreeze/phreshphish_FINAL_DATA_FREEZE_v3/roles/final_test/test-014_part000.parquet,2500,1,21,"sha256: string
url: string
date: date32[day]
target: string
lang: string
lang_score: double
domain: string
text: string
html_struct: string
template_hash: string
html_prefix_truncated: bool
struct_token_count: int64
dom_tag: list<element: string>
  child 0, element: string
dom_parent_idx: list<element: int64>
  child 0, element: int64
dom_depth: list<element: int64>
  child 0, element: int64
dom_attr_count: list<element: int64>
  child 0, element: int64
dom_child_count: list<element: int64>
  child 0, element: int64
dom_node_count: int64
dom_max_depth: int64
dom_truncated: bool
label: string
-- schema metadata --
pandas: '{""index_columns"": [], ""column_indexes"": [], ""columns"": [{""name"":' + 2614"
/kaggle/input/datasets/cristinakaufalt/finaldatafreeze/phreshphish_FINAL_DATA_FREEZE_v3/roles/final_test/test-014_part001.parquet,datasets/cristinakaufalt/finaldatafreeze/phreshphish_FINAL_DATA_FREEZE_v3/roles/final_test/test-014_part001.parquet,2500,1,21,"sha256: string
url: string
date: date32[day]
target: string
lang: string
lang_score: double
domain: string
text: string
html_struct: string
template_hash: string
html_prefix_truncated: bool
struct_token_count: int64
dom_tag: list<element: string>
  child 0, element: string
dom_parent_idx: list<element: int64>
  child 0, element: int64
dom_depth: list<element: int64>
  child 0, element: int64
dom_attr_count: list<element: int64>
  child 0, element: int64
dom_child_count: list<element: int64>
  child 0, element: int64
dom_node_count: int64
dom_max_depth: int64
dom_truncated: bool
label: string
-- schema metadata --
pandas: '{""index_columns"": [], ""column_indexes"": [], ""columns"": [{""name"":' + 2614"
/kaggle/input/datasets/cristinakaufalt/finaldatafreeze/phreshphish_FINAL_DATA_FREEZE_v3/roles/final_test/test-014_part002.parquet,datasets/cristinakaufalt/finaldatafreeze/phreshphish_FINAL_DATA_FREEZE_v3/roles/final_test/test-014_part002.parquet,2500,1,21,"sha256: string
url: string
date: date32[day]
target: string
lang: string
lang_score: double
domain: string
text: string
html_struct: string
template_hash: string
html_prefix_truncated: bool
struct_token_count: int64
dom_tag: list<element: string>
  child 0, element: string
dom_parent_idx: list<element: int64>
  child 0, element: int64
dom_depth: list<element: int64>
  child 0, element: int64
dom_attr_count: list<element: int64>
  child 0, element: int64
dom_child_count: list<element: int64>
  child 0, element: int64
dom_node_count: int64
dom_max_depth: int64
dom_truncated: bool
label: string
-- schema metadata --
pandas: '{""index_columns"": [], ""column_indexes"": [], ""columns"": [{""name"":' + 2614"
/kaggle/input/datasets/cristinakaufalt/finaldatafreeze/phreshphish_FINAL_DATA_FREEZE_v3/roles/final_test/test-014_part003.parquet,datasets/cristinakaufalt/finaldatafreeze/phreshphish_FINAL_DATA_FREEZE_v3/roles/final_test/test-014_part003.parquet,1839,1,21,"sha256: string
url: string
date: date32[day]
target: string
lang: string
lang_score: double
domain: string
text: string
html_struct: string
template_hash: string
html_prefix_truncated: bool
struct_token_count: int64
dom_tag: list<element: string>
  child 0, element: string
dom_parent_idx: list<element: int64>
  child 0, element: int64
dom_depth: list<element: int64>
  child 0, element: int64
dom_attr_count: list<element: int64>
  child 0, element: int64
dom_child_count: list<element: int64>
  child 0, element: int64
dom_node_count: int64
dom_max_depth: int64
dom_truncated: bool
label: string
-- schema metadata --
pandas: '{""index_columns"": [], ""column_indexes"": [], ""columns"": [{""name"":' + 2614"
/kaggle/input/datasets/cristinakaufalt/finaldatafreeze/phreshphish_FINAL_DATA_FREEZE_v3/roles/final_test/test-015_part000.parquet,datasets/cristinakaufalt/finaldatafreeze/phreshphish_FINAL_DATA_FREEZE_v3/roles/final_test/test-015_part000.parquet,2500,1,21,"sha256: string
url: string
date: date32[day]
target: string
lang: string
lang_score: double
domain: string
text: string
html_struct: string
template_hash: string
html_prefix_truncated: bool
struct_token_count: int64
dom_tag: list<element: string>
  child 0, element: string
dom_parent_idx: list<element: int64>
  child 0, element: int64
dom_depth: list<element: int64>
  child 0, element: int64
dom_attr_count: list<element: int64>
  child 0, element: int64
dom_child_count: list<element: int64>
  child 0, element: int64
dom_node_count: int64
dom_max_depth: int64
dom_truncated: bool
label: string
-- schema metadata --
pandas: '{""index_columns"": [], ""column_indexes"": [], ""columns"": [{""name"":' + 2614"
/kaggle/input/datasets/cristinakaufalt/finaldatafreeze/phreshphish_FINAL_DATA_FREEZE_v3/roles/final_test/test-015_part001.parquet,datasets/cristinakaufalt/finaldatafreeze/phreshphish_FINAL_DATA_FREEZE_v3/roles/final_test/test-015_part001.parquet,2500,1,21,"sha256: string
url: string
date: date32[day]
target: string
lang: string
lang_score: double
domain: string
text: string
html_struct: string
template_hash: string
html_prefix_truncated: bool
struct_token_count: int64
dom_tag: list<element: string>
  child 0, element: string
dom_parent_idx: list<element: int64>
  child 0, element: int64
dom_depth: list<element: int64>
  child 0, element: int64
dom_attr_count: list<element: int64>
  child 0, element: int64
dom_child_count: list<element: int64>
  child 0, element: int64
dom_node_count: int64
dom_max_depth: int64
dom_truncated: bool
label: string
-- schema metadata --
pandas: '{""index_columns"": [], ""column_indexes"": [], ""columns"": [{""name"":' + 2614"
/kaggle/input/datasets/cristinakaufalt/finaldatafreeze/phreshphish_FINAL_DATA_FREEZE_v3/roles/final_test/test-015_part002.parquet,datasets/cristinakaufalt/finaldatafreeze/phreshphish_FINAL_DATA_FREEZE_v3/roles/final_test/test-015_part002.parquet,2500,1,21,"sha256: string
url: string
date: date32[day]
target: string
lang: string
lang_score: double
domain: string
text: string
html_struct: string
template_hash: string
html_prefix_truncated: bool
struct_token_count: int64
dom_tag: list<element: string>
  child 0, element: string
dom_parent_idx: list<element: int64>
  child 0, element: int64
dom_depth: list<element: int64>
  child 0, element: int64
dom_attr_count: list<element: int64>
  child 0, element: int64
dom_child_count: list<element: int64>
  child 0, element: int64
dom_node_count: int64
dom_max_depth: int64
dom_truncated: bool
label: string
-- schema metadata --
pandas: '{""index_columns"": [], ""column_indexes"": [], ""columns"": [{""name"":' + 2614"
/kaggle/input/datasets/cristinakaufalt/finaldatafreeze/phreshphish_FINAL_DATA_FREEZE_v3/roles/final_test/test-015_part003.parquet,datasets/cristinakaufalt/finaldatafreeze/phreshphish_FINAL_DATA_FREEZE_v3/roles/final_test/test-015_part003.parquet,2017,1,21,"sha256: string
url: string
date: date32[day]
target: string
lang: string
lang_score: double
domain: string
text: string
html_struct: string
template_hash: string
html_prefix_truncated: bool
struct_token_count: int64
dom_tag: list<element: string>
  child 0, element: string
dom_parent_idx: list<element: int64>
  child 0, element: int64
dom_depth: list<element: int64>
  child 0, element: int64
dom_attr_count: list<element: int64>
  child 0, element: int64
dom_child_count: list<element: int64>
  child 0, element: int64
dom_node_count: int64
dom_max_depth: int64
dom_truncated: bool
label: string
-- schema metadata --
pandas: '{""index_columns"": [], ""column_indexes"": [], ""columns"": [{""name"":' + 2614"
/kaggle/input/datasets/cristinakaufalt/finaldatafreeze/phreshphish_FINAL_DATA_FREEZE_v3/roles/final_test/test-016_part000.parquet,datasets/cristinakaufalt/finaldatafreeze/phreshphish_FINAL_DATA_FREEZE_v3/roles/final_test/test-016_part000.parquet,2500,1,21,"sha256: string
url: string
date: date32[day]
target: string
lang: string
lang_score: double
domain: string
text: string
html_struct: string
template_hash: string
html_prefix_truncated: bool
struct_token_count: int64
dom_tag: list<element: string>
  child 0, element: string
dom_parent_idx: list<element: int64>
  child 0, element: int64
dom_depth: list<element: int64>
  child 0, element: int64
dom_attr_count: list<element: int64>
  child 0, element: int64
dom_child_count: list<element: int64>
  child 0, element: int64
dom_node_count: int64
dom_max_depth: int64
dom_truncated: bool
label: string
-- schema metadata --
pandas: '{""index_columns"": [], ""column_indexes"": [], ""columns"": [{""name"":' + 2614"
/kaggle/input/datasets/cristinakaufalt/finaldatafreeze/phreshphish_FINAL_DATA_FREEZE_v3/roles/final_test/test-016_part001.parquet,datasets/cristinakaufalt/finaldatafreeze/phreshphish_FINAL_DATA_FREEZE_v3/roles/final_test/test-016_part001.parquet,2500,1,21,"sha256: string
url: string
date: date32[day]
target: string
lang: string
lang_score: double
domain: string
text: string
html_struct: string
template_hash: string
html_prefix_truncated: bool
struct_token_count: int64
dom_tag: list<element: string>
  child 0, element: string
dom_parent_idx: list<element: int64>
  child 0, element: int64
dom_depth: list<element: int64>
  child 0, element: int64
dom_attr_count: list<element: int64>
  child 0, element: int64
dom_child_count: list<element: int64>
  child 0, element: int64
dom_node_count: int64
dom_max_depth: int64
dom_truncated: bool
label: string
-- schema metadata --
pandas: '{""index_columns"": [], ""column_indexes"": [], ""columns"": [{""name"":' + 2614"
/kaggle/input/datasets/cristinakaufalt/finaldatafreeze/phreshphish_FINAL_DATA_FREEZE_v3/roles/final_test/test-016_part002.parquet,datasets/cristinakaufalt/finaldatafreeze/phreshphish_FINAL_DATA_FREEZE_v3/roles/final_test/test-016_part002.parquet,2500,1,21,"sha256: string
url: string
date: date32[day]
target: string
lang: string
lang_score: double
domain: string
text: string
html_struct: string
template_hash: string
html_prefix_truncated: bool
struct_token_count: int64
dom_tag: list<element: string>
  child 0, element: string
dom_parent_idx: list<element: int64>
  child 0, element: int64
dom_depth: list<element: int64>
  child 0, element: int64
dom_attr_count: list<element: int64>
  child 0, element: int64
dom_child_count: list<element: int64>
  child 0, element: int64
dom_node_count: int64
dom_max_depth: int64
dom_truncated: bool
label: string
-- schema metadata --
pandas: '{""index_columns"": [], ""column_indexes"": [], ""columns"": [{""name"":' + 2614"
/kaggle/input/datasets/cristinakaufalt/finaldatafreeze/phreshphish_FINAL_DATA_FREEZE_v3/roles/final_test/test-016_part003.parquet,datasets/cristinakaufalt/finaldatafreeze/phreshphish_FINAL_DATA_FREEZE_v3/roles/final_test/test-016_part003.parquet,2099,1,21,"sha256: string
url: string
date: date32[day]
target: string
lang: string
lang_score: double
domain: string
text: string
html_struct: string
template_hash: string
html_prefix_truncated: bool
struct_token_count: int64
dom_tag: list<element: string>
  child 0, element: string
dom_parent_idx: list<element: int64>
  child 0, element: int64
dom_depth: list<element: int64>
  child 0, element: int64
dom_attr_count: list<element: int64>
  child 0, element: int64
dom_child_count: list<element: int64>
  child 0, element: int64
dom_node_count: int64
dom_max_depth: int64
dom_truncated: bool
label: string
-- schema metadata --
pandas: '{""index_columns"": [], ""column_indexes"": [], ""columns"": [{""name"":' + 2614"
/kaggle/input/datasets/cristinakaufalt/finaldatafreeze/phreshphish_FINAL_DATA_FREEZE_v3/roles/final_test/test-017_part000.parquet,datasets/cristinakaufalt/finaldatafreeze/phreshphish_FINAL_DATA_FREEZE_v3/roles/final_test/test-017_part000.parquet,2500,1,21,"sha256: string
url: string
date: date32[day]
target: string
lang: string
lang_score: double
domain: string
text: string
html_struct: string
template_hash: string
html_prefix_truncated: bool
struct_token_count: int64
dom_tag: list<element: string>
  child 0, element: string
dom_parent_idx: list<element: int64>
  child 0, element: int64
dom_depth: list<element: int64>
  child 0, element: int64
dom_attr_count: list<element: int64>
  child 0, element: int64
dom_child_count: list<element: int64>
  child 0, element: int64
dom_node_count: int64
dom_max_depth: int64
dom_truncated: bool
label: string
-- schema metadata --
pandas: '{""index_columns"": [], ""column_indexes"": [], ""columns"": [{""name"":' + 2614"
/kaggle/input/datasets/cristinakaufalt/finaldatafreeze/phreshphish_FINAL_DATA_FREEZE_v3/roles/final_test/test-017_part001.parquet,datasets/cristinakaufalt/finaldatafreeze/phreshphish_FINAL_DATA_FREEZE_v3/roles/final_test/test-017_part001.parquet,2500,1,21,"sha256: string
url: string
date: date32[day]
target: string
lang: string
lang_score: double
domain: string
text: string
html_struct: string
template_hash: string
html_prefix_truncated: bool
struct_token_count: int64
dom_tag: list<element: string>
  child 0, element: string
dom_parent_idx: list<element: int64>
  child 0, element: int64
dom_depth: list<element: int64>
  child 0, element: int64
dom_attr_count: list<element: int64>
  child 0, element: int64
dom_child_count: list<element: int64>
  child 0, element: int64
dom_node_count: int64
dom_max_depth: int64
dom_truncated: bool
label: string
-- schema metadata --
pandas: '{""index_columns"": [], ""column_indexes"": [], ""columns"": [{""name"":' + 2614"
/kaggle/input/datasets/cristinakaufalt/finaldatafreeze/phreshphish_FINAL_DATA_FREEZE_v3/roles/final_test/test-017_part002.parquet,datasets/cristinakaufalt/finaldatafreeze/phreshphish_FINAL_DATA_FREEZE_v3/roles/final_test/test-017_part002.parquet,2500,1,21,"sha256: string
url: string
date: date32[day]
target: string
lang: string
lang_score: double
domain: string
text: string
html_struct: string
template_hash: string
html_prefix_truncated: bool
struct_token_count: int64
dom_tag: list<element: string>
  child 0, element: string
dom_parent_idx: list<element: int64>
  child 0, element: int64
dom_depth: list<element: int64>
  child 0, element: int64
dom_attr_count: list<element: int64>
  child 0, element: int64
dom_child_count: list<element: int64>
  child 0, element: int64
dom_node_count: int64
dom_max_depth: int64
dom_truncated: bool
label: string
-- schema metadata --
pandas: '{""index_columns"": [], ""column_indexes"": [], ""columns"": [{""name"":' + 2614"
/kaggle/input/datasets/cristinakaufalt/finaldatafreeze/phreshphish_FINAL_DATA_FREEZE_v3/roles/final_test/test-017_part003.parquet,datasets/cristinakaufalt/finaldatafreeze/phreshphish_FINAL_DATA_FREEZE_v3/roles/final_test/test-017_part003.parquet,2100,1,21,"sha256: string
url: string
date: date32[day]
target: string
lang: string
lang_score: double
domain: string
text: string
html_struct: string
template_hash: string
html_prefix_truncated: bool
struct_token_count: int64
dom_tag: list<element: string>
  child 0, element: string
dom_parent_idx: list<element: int64>
  child 0, element: int64
dom_depth: list<element: int64>
  child 0, element: int64
dom_attr_count: list<element: int64>
  child 0, element: int64
dom_child_count: list<element: int64>
  child 0, element: int64
dom_node_count: int64
dom_max_depth: int64
dom_truncated: bool
label: string
-- schema metadata --
pandas: '{""index_columns"": [], ""column_indexes"": [], ""columns"": [{""name"":' + 2614"
/kaggle/input/datasets/cristinakaufalt/finaldatafreeze/phreshphish_FINAL_DATA_FREEZE_v3/roles/final_test/test-018_part000.parquet,datasets/cristinakaufalt/finaldatafreeze/phreshphish_FINAL_DATA_FREEZE_v3/roles/final_test/test-018_part000.parquet,2500,1,21,"sha256: string
url: string
date: date32[day]
target: string
lang: string
lang_score: double
domain: string
text: string
html_struct: string
template_hash: string
html_prefix_truncated: bool
struct_token_count: int64
dom_tag: list<element: string>
  child 0, element: string
dom_parent_idx: list<element: int64>
  child 0, element: int64
dom_depth: list<element: int64>
  child 0, element: int64
dom_attr_count: list<element: int64>
  child 0, element: int64
dom_child_count: list<element: int64>
  child 0, element: int64
dom_node_count: int64
dom_max_depth: int64
dom_truncated: bool
label: string
-- schema metadata --
pandas: '{""index_columns"": [], ""column_indexes"": [], ""columns"": [{""name"":' + 2614"
/kaggle/input/datasets/cristinakaufalt/finaldatafreeze/phreshphish_FINAL_DATA_FREEZE_v3/roles/final_test/test-018_part001.parquet,datasets/cristinakaufalt/finaldatafreeze/phreshphish_FINAL_DATA_FREEZE_v3/roles/final_test/test-018_part001.parquet,2500,1,21,"sha256: string
url: string
date: date32[day]
target: string
lang: string
lang_score: double
domain: string
text: string
html_struct: string
template_hash: string
html_prefix_truncated: bool
struct_token_count: int64
dom_tag: list<element: string>
  child 0, element: string
dom_parent_idx: list<element: int64>
  child 0, element: int64
dom_depth: list<element: int64>
  child 0, element: int64
dom_attr_count: list<element: int64>
  child 0, element: int64
dom_child_count: list<element: int64>
  child 0, element: int64
dom_node_count: int64
dom_max_depth: int64
dom_truncated: bool
label: string
-- schema metadata --
pandas: '{""index_columns"": [], ""column_indexes"": [], ""columns"": [{""name"":' + 2614"
/kaggle/input/datasets/cristinakaufalt/finaldatafreeze/phreshphish_FINAL_DATA_FREEZE_v3/roles/final_test/test-018_part002.parquet,datasets/cristinakaufalt/finaldatafreeze/phreshphish_FINAL_DATA_FREEZE_v3/roles/final_test/test-018_part002.parquet,2500,1,21,"sha256: string
url: string
date: date32[day]
target: string
lang: string
lang_score: double
domain: string
text: string
html_struct: string
template_hash: string
html_prefix_truncated: bool
struct_token_count: int64
dom_tag: list<element: string>
  child 0, element: string
dom_parent_idx: list<element: int64>
  child 0, element: int64
dom_depth: list<element: int64>
  child 0, element: int64
dom_attr_count: list<element: int64>
  child 0, element: int64
dom_child_count: list<element: int64>
  child 0, element: int64
dom_node_count: int64
dom_max_depth: int64
dom_truncated: bool
label: string
-- schema metadata --
pandas: '{""index_columns"": [], ""column_indexes"": [], ""columns"": [{""name"":' + 2614"
/kaggle/input/datasets/cristinakaufalt/finaldatafreeze/phreshphish_FINAL_DATA_FREEZE_v3/roles/final_test/test-018_part003.parquet,datasets/cristinakaufalt/finaldatafreeze/phreshphish_FINAL_DATA_FREEZE_v3/roles/final_test/test-018_part003.parquet,2128,1,21,"sha256: string
url: string
date: date32[day]
target: string
lang: string
lang_score: double
domain: string
text: string
html_struct: string
template_hash: string
html_prefix_truncated: bool
struct_token_count: int64
dom_tag: list<element: string>
  child 0, element: string
dom_parent_idx: list<element: int64>
  child 0, element: int64
dom_depth: list<element: int64>
  child 0, element: int64
dom_attr_count: list<element: int64>
  child 0, element: int64
dom_child_count: list<element: int64>
  child 0, element: int64
dom_node_count: int64
dom_max_depth: int64
dom_truncated: bool
label: string
-- schema metadata --
pandas: '{""index_columns"": [], ""column_indexes"": [], ""columns"": [{""name"":' + 2614"
/kaggle/input/datasets/cristinakaufalt/finaldatafreeze/phreshphish_FINAL_DATA_FREEZE_v3/roles/final_test/test-019_part000.parquet,datasets/cristinakaufalt/finaldatafreeze/phreshphish_FINAL_DATA_FREEZE_v3/roles/final_test/test-019_part000.parquet,2500,1,21,"sha256: string
url: string
date: date32[day]
target: string
lang: string
lang_score: double
domain: string
text: string
html_struct: string
template_hash: string
html_prefix_truncated: bool
struct_token_count: int64
dom_tag: list<element: string>
  child 0, element: string
dom_parent_idx: list<element: int64>
  child 0, element: int64
dom_depth: list<element: int64>
  child 0, element: int64
dom_attr_count: list<element: int64>
  child 0, element: int64
dom_child_count: list<element: int64>
  child 0, element: int64
dom_node_count: int64
dom_max_depth: int64
dom_truncated: bool
label: string
-- schema metadata --
pandas: '{""index_columns"": [], ""column_indexes"": [], ""columns"": [{""name"":' + 2614"
/kaggle/input/datasets/cristinakaufalt/finaldatafreeze/phreshphish_FINAL_DATA_FREEZE_v3/roles/final_test/test-019_part001.parquet,datasets/cristinakaufalt/finaldatafreeze/phreshphish_FINAL_DATA_FREEZE_v3/roles/final_test/test-019_part001.parquet,2500,1,21,"sha256: string
url: string
date: date32[day]
target: string
lang: string
lang_score: double
domain: string
text: string
html_struct: string
template_hash: string
html_prefix_truncated: bool
struct_token_count: int64
dom_tag: list<element: string>
  child 0, element: string
dom_parent_idx: list<element: int64>
  child 0, element: int64
dom_depth: list<element: int64>
  child 0, element: int64
dom_attr_count: list<element: int64>
  child 0, element: int64
dom_child_count: list<element: int64>
  child 0, element: int64
dom_node_count: int64
dom_max_depth: int64
dom_truncated: bool
label: string
-- schema metadata --
pandas: '{""index_columns"": [], ""column_indexes"": [], ""columns"": [{""name"":' + 2614"
/kaggle/input/datasets/cristinakaufalt/finaldatafreeze/phreshphish_FINAL_DATA_FREEZE_v3/roles/final_test/test-019_part002.parquet,datasets/cristinakaufalt/finaldatafreeze/phreshphish_FINAL_DATA_FREEZE_v3/roles/final_test/test-019_part002.parquet,2500,1,21,"sha256: string
url: string
date: date32[day]
target: string
lang: string
lang_score: double
domain: string
text: string
html_struct: string
template_hash: string
html_prefix_truncated: bool
struct_token_count: int64
dom_tag: list<element: string>
  child 0, element: string
dom_parent_idx: list<element: int64>
  child 0, element: int64
dom_depth: list<element: int64>
  child 0, element: int64
dom_attr_count: list<element: int64>
  child 0, element: int64
dom_child_count: list<element: int64>
  child 0, element: int64
dom_node_count: int64
dom_max_depth: int64
dom_truncated: bool
label: string
-- schema metadata --
pandas: '{""index_columns"": [], ""column_indexes"": [], ""columns"": [{""name"":' + 2614"
/kaggle/input/datasets/cristinakaufalt/finaldatafreeze/phreshphish_FINAL_DATA_FREEZE_v3/roles/final_test/test-019_part003.parquet,datasets/cristinakaufalt/finaldatafreeze/phreshphish_FINAL_DATA_FREEZE_v3/roles/final_test/test-019_part003.parquet,1980,1,21,"sha256: string
url: string
date: date32[day]
target: string
lang: string
lang_score: double
domain: string
text: string
html_struct: string
template_hash: string
html_prefix_truncated: bool
struct_token_count: int64
dom_tag: list<element: string>
  child 0, element: string
dom_parent_idx: list<element: int64>
  child 0, element: int64
dom_depth: list<element: int64>
  child 0, element: int64
dom_attr_count: list<element: int64>
  child 0, element: int64
dom_child_count: list<element: int64>
  child 0, element: int64
dom_node_count: int64
dom_max_depth: int64
dom_truncated: bool
label: string
-- schema metadata --
pandas: '{""index_columns"": [], ""column_indexes"": [], ""columns"": [{""name"":' + 2614"
/kaggle/input/datasets/cristinakaufalt/finaldatafreeze/phreshphish_FINAL_DATA_FREEZE_v3/roles/final_test/test-020_part000.parquet,datasets/cristinakaufalt/finaldatafreeze/phreshphish_FINAL_DATA_FREEZE_v3/roles/final_test/test-020_part000.parquet,2500,1,21,"sha256: string
url: string
date: date32[day]
target: string
lang: string
lang_score: double
domain: string
text: string
html_struct: string
template_hash: string
html_prefix_truncated: bool
struct_token_count: int64
dom_tag: list<element: string>
  child 0, element: string
dom_parent_idx: list<element: int64>
  child 0, element: int64
dom_depth: list<element: int64>
  child 0, element: int64
dom_attr_count: list<element: int64>
  child 0, element: int64
dom_child_count: list<element: int64>
  child 0, element: int64
dom_node_count: int64
dom_max_depth: int64
dom_truncated: bool
label: string
-- schema metadata --
pandas: '{""index_columns"": [], ""column_indexes"": [], ""columns"": [{""name"":' + 2614"
/kaggle/input/datasets/cristinakaufalt/finaldatafreeze/phreshphish_FINAL_DATA_FREEZE_v3/roles/final_test/test-020_part001.parquet,datasets/cristinakaufalt/finaldatafreeze/phreshphish_FINAL_DATA_FREEZE_v3/roles/final_test/test-020_part001.parquet,2500,1,21,"sha256: string
url: string
date: date32[day]
target: string
lang: string
lang_score: double
domain: string
text: string
html_struct: string
template_hash: string
html_prefix_truncated: bool
struct_token_count: int64
dom_tag: list<element: string>
  child 0, element: string
dom_parent_idx: list<element: int64>
  child 0, element: int64
dom_depth: list<element: int64>
  child 0, element: int64
dom_attr_count: list<element: int64>
  child 0, element: int64
dom_child_count: list<element: int64>
  child 0, element: int64
dom_node_count: int64
dom_max_depth: int64
dom_truncated: bool
label: string
-- schema metadata --
pandas: '{""index_columns"": [], ""column_indexes"": [], ""columns"": [{""name"":' + 2614"
/kaggle/input/datasets/cristinakaufalt/finaldatafreeze/phreshphish_FINAL_DATA_FREEZE_v3/roles/final_test/test-020_part002.parquet,datasets/cristinakaufalt/finaldatafreeze/phreshphish_FINAL_DATA_FREEZE_v3/roles/final_test/test-020_part002.parquet,1383,1,21,"sha256: string
url: string
date: date32[day]
target: string
lang: string
lang_score: double
domain: string
text: string
html_struct: string
template_hash: string
html_prefix_truncated: bool
struct_token_count: int64
dom_tag: list<element: string>
  child 0, element: string
dom_parent_idx: list<element: int64>
  child 0, element: int64
dom_depth: list<element: int64>
  child 0, element: int64
dom_attr_count: list<element: int64>
  child 0, element: int64
dom_child_count: list<element: int64>
  child 0, element: int64
dom_node_count: int64
dom_max_depth: int64
dom_truncated: bool
label: string
-- schema metadata --
pandas: '{""index_columns"": [], ""column_indexes"": [], ""columns"": [{""name"":' + 2614"
