seed,budget,rep,dataset,scenario,target_fpr,threshold,tpr,fpr,precision,f1,tp,fp,tn,fn,fp_per_1000,AP,P_at_R90
122,20000,R0,DEV,DEV,0.0001,7.894531250000001,0.2683,0.0,1.0,0.4230860206575731,2683,0,10000,7317,0.0,0.9925556928089908,0.9886912604303908
122,20000,R0,FINAL,OFFICIAL_TEST,0.0001,7.894531250000001,0.191796875,5.478851632697787e-05,0.999660671869698,0.321844103348446,14730,5,91255,62070,0.0547885163269778,0.9831121007586712,0.9715936243780396
122,20000,R0,FINAL,DOMAIN_OOD_EXACT,0.0001,7.894531250000001,0.1966261320918783,0.0001214594568333,0.999659933346936,0.3286158248932412,14698,5,41161,60053,0.121459456833309,0.988064606810131,0.9778355909540144
122,20000,R0,FINAL,TEMPLATE_OOD_EXACT,0.0001,7.894531250000001,0.1963958374460644,5.536791982725209e-05,0.9996411397401852,0.3282931255966341,13928,5,90300,56990,0.055367919827252,0.9819751029169684,0.970738087633648
122,20000,R0,FINAL,DOMAIN_TEMPLATE_OOD_EXACT,0.0001,7.894531250000001,0.2009396458258041,0.0001221896383186,0.9996404171161452,0.3346172363986519,13900,5,40915,55275,0.1221896383186705,0.9872798486272376,0.977500745788259
122,20000,R0,FINAL,LATE_TEST_Q4,0.0001,7.894531250000001,0.1965237419320281,0.0001058761249338,0.9998637416541764,0.3284838175388334,7338,1,9444,30001,0.1058761249338274,0.995257926958867,0.9920306965761512
122,20000,R0,DEV,DEV,0.0005,6.742187500000001,0.5022,0.0011,0.997814424796344,0.6681301137497505,5022,11,9989,4978,1.1,0.9925556928089908,0.9886912604303908
122,20000,R0,FINAL,OFFICIAL_TEST,0.0005,6.742187500000001,0.323046875,0.0004930966469428,0.9981894990947496,0.4881215877231813,24810,45,91215,51990,0.4930966469428008,0.9831121007586712,0.9715936243780396
122,20000,R0,FINAL,DOMAIN_OOD_EXACT,0.0005,6.742187500000001,0.329694586025605,0.0009473837632998,0.9984200291686924,0.4957007090058832,24645,39,41127,50106,0.9473837632998106,0.988064606810131,0.9778355909540144
122,20000,R0,FINAL,TEMPLATE_OOD_EXACT,0.0005,6.742187500000001,0.3259962209876195,0.0004983112784452,0.9980573303401832,0.4914648923279691,23119,45,90260,47799,0.4983112784452688,0.9819751029169684,0.970738087633648
122,20000,R0,FINAL,DOMAIN_TEMPLATE_OOD_EXACT,0.0005,6.742187500000001,0.3323310444524756,0.0009530791788856,0.9983064095883272,0.4986605641898854,22989,39,40881,46186,0.9530791788856304,0.9872798486272376,0.977500745788259
122,20000,R0,FINAL,LATE_TEST_Q4,0.0005,6.742187500000001,0.3303248614049653,0.0005293806246691,0.9995947807764,0.4965578324409195,12334,5,9440,25005,0.5293806246691372,0.995257926958867,0.9920306965761512
122,20000,R0,DEV,DEV,0.001,6.027343750000001,0.5887,0.0013,0.9977966101694916,0.7405031446540881,5887,13,9987,4113,1.3,0.9925556928089908,0.9886912604303908
122,20000,R0,FINAL,OFFICIAL_TEST,0.001,6.027343750000001,0.3736197916666666,0.0010300241069471,0.996734750590524,0.5435087320528847,28694,94,91166,48106,1.0300241069471838,0.9831121007586712,0.9715936243780396
122,20000,R0,FINAL,DOMAIN_OOD_EXACT,0.001,6.027343750000001,0.380583537343982,0.0020891026575329,0.996986157350622,0.5508781441821737,28449,86,41080,46302,2.089102657532916,0.988064606810131,0.9778355909540144
122,20000,R0,FINAL,TEMPLATE_OOD_EXACT,0.001,6.027343750000001,0.3710341521193491,0.0010298433087868,0.9964780731651898,0.5407299330072747,26313,93,90212,44605,1.029843308786889,0.9819751029169684,0.970738087633648
122,20000,R0,FINAL,DOMAIN_TEMPLATE_OOD_EXACT,0.001,6.027343750000001,0.3775786049873509,0.0020772238514173,0.9967562204243628,0.5476886945763743,26119,85,40835,43056,2.0772238514174,0.9872798486272376,0.977500745788259
122,20000,R0,FINAL,LATE_TEST_Q4,0.001,6.027343750000001,0.378344358445593,0.0009528851244044,0.9993633276740238,0.5488878096163186,14127,9,9436,23212,0.9528851244044468,0.995257926958867,0.9920306965761512
122,20000,R0,DEV,DEV,0.0025,4.496093750000001,0.7544,0.0032,0.9957761351636748,0.858443331816113,7544,32,9968,2456,3.2,0.9925556928089908,0.9886912604303908
122,20000,R0,FINAL,OFFICIAL_TEST,0.0025,4.496093750000001,0.5437760416666667,0.0028709182555336,0.9937654673519892,0.7029219686258669,41762,262,90998,35038,2.870918255533641,0.9831121007586712,0.9715936243780396
122,20000,R0,FINAL,DOMAIN_OOD_EXACT,0.0025,4.496093750000001,0.5531966127543444,0.0056600106884322,0.9943970181555848,0.7109063402558108,41352,233,40933,33399,5.660010688432201,0.988064606810131,0.9778355909540144
122,20000,R0,FINAL,TEMPLATE_OOD_EXACT,0.0025,4.496093750000001,0.5335175836882032,0.0028237639111898,0.9933055052374576,0.6941812143951417,37836,255,90050,33082,2.8237639111898565,0.9819751029169684,0.970738087633648
122,20000,R0,FINAL,DOMAIN_TEMPLATE_OOD_EXACT,0.0025,4.496093750000001,0.5424792193711601,0.0055229716520039,0.9940135621953804,0.7018994267116818,37526,226,40694,31649,5.52297165200391,0.9872798486272376,0.977500745788259
122,20000,R0,FINAL,LATE_TEST_Q4,0.0025,4.496093750000001,0.5630306114250515,0.0032821598729486,0.9985275957062792,0.7200520610347131,21023,31,9414,16316,3.2821598729486503,0.995257926958867,0.9920306965761512
122,20000,R0,DEV,DEV,0.005,2.9355468750000004,0.8364,0.0059,0.992995369820729,0.9079954404820062,8364,59,9941,1636,5.9,0.9925556928089908,0.9886912604303908
122,20000,R0,FINAL,OFFICIAL_TEST,0.005,2.9355468750000004,0.695390625,0.0055884286653517,0.9905408413087023,0.8171302671440376,53406,510,90750,23394,5.588428665351742,0.9831121007586712,0.9715936243780396
122,20000,R0,FINAL,DOMAIN_OOD_EXACT,0.005,2.9355468750000004,0.7073350189295127,0.0110528105718311,0.9914680567796134,0.825640224859463,52874,455,40711,21877,11.052810571831122,0.988064606810131,0.9778355909540144
122,20000,R0,FINAL,TEMPLATE_OOD_EXACT,0.005,2.9355468750000004,0.6907414196677854,0.0055146448147943,0.9899361409748606,0.8137074134981147,48986,498,89807,21932,5.514644814794308,0.9819751029169684,0.970738087633648
122,20000,R0,FINAL,DOMAIN_TEMPLATE_OOD_EXACT,0.005,2.9355468750000004,0.7021611853993495,0.0108260019550342,0.9909619504233398,0.8219307894068871,48572,443,40477,20603,10.826001955034211,0.9872798486272376,0.977500745788259
122,20000,R0,FINAL,LATE_TEST_Q4,0.005,2.9355468750000004,0.7336297169179679,0.0068819481206987,0.9976327481972468,0.8455021065790083,27393,65,9380,9946,6.881948120698782,0.995257926958867,0.9920306965761512
122,20000,R0,DEV,DEV,0.01,1.3671875000000002,0.9027,0.0108,0.9881773399014778,0.9435066631826496,9027,108,9892,973,10.8,0.9925556928089908,0.9886912604303908
122,20000,R0,FINAL,OFFICIAL_TEST,0.01,1.3671875000000002,0.8421484375,0.0110344071882533,0.9846690213750684,0.9078493023778108,64677,1007,90253,12123,11.034407188253342,0.9831121007586712,0.9715936243780396
122,20000,R0,FINAL,DOMAIN_OOD_EXACT,0.01,1.3671875000000002,0.8542360637315889,0.0219841616868289,0.9860253242742434,0.915411687967257,63855,905,40261,10896,21.984161686828937,0.988064606810131,0.9778355909540144
122,20000,R0,FINAL,TEMPLATE_OOD_EXACT,0.01,1.3671875000000002,0.8442567472291943,0.0108853330380377,0.9838471144998028,0.9087225097515444,59873,983,89322,11045,10.88533303803776,0.9819751029169684,0.970738087633648
122,20000,R0,FINAL,DOMAIN_TEMPLATE_OOD_EXACT,0.01,1.3671875000000002,0.8560028912179255,0.0215786901270772,0.9853070868762168,0.9161148585927346,59214,883,40037,9961,21.578690127077223,0.9872798486272376,0.977500745788259
122,20000,R0,FINAL,LATE_TEST_Q4,0.01,1.3671875000000002,0.8557004740351911,0.0142932768660667,0.995792557501714,0.9204465250270076,31951,135,9310,5388,14.293276866066702,0.995257926958867,0.9920306965761512
122,20000,R0,DEV,DEV,0.02,-0.0744018554687499,0.9433,0.0192,0.980051948051948,0.9613248407643312,9433,192,9808,567,19.2,0.9925556928089908,0.9886912604303908
122,20000,R0,FINAL,OFFICIAL_TEST,0.02,-0.0744018554687499,0.9016796875,0.0229563883410037,0.970635232114824,0.934887676854952,69249,2095,89165,7551,22.956388341003727,0.9831121007586712,0.9715936243780396
122,20000,R0,FINAL,DOMAIN_OOD_EXACT,0.02,-0.0744018554687499,0.910048026113363,0.044745663897391,0.9736363766477264,0.94076891163048,68027,1842,39324,6724,44.74566389739105,0.988064606810131,0.9778355909540144
122,20000,R0,FINAL,TEMPLATE_OOD_EXACT,0.02,-0.0744018554687499,0.9031134549761696,0.022767288632966,0.9688970243408016,0.9348494026463098,64047,2056,88249,6871,22.767288632966057,0.9819751029169684,0.970738087633648
122,20000,R0,FINAL,DOMAIN_TEMPLATE_OOD_EXACT,0.02,-0.0744018554687499,0.9122226237802674,0.0441837732160312,0.9721464774845556,0.941231746789374,63103,1808,39112,6072,44.18377321603128,0.9872798486272376,0.977500745788259
122,20000,R0,FINAL,LATE_TEST_Q4,0.02,-0.0744018554687499,0.9051126168349448,0.0327157226045526,0.9909397449054392,0.9460836459324784,33796,309,9136,3543,32.715722604552674,0.995257926958867,0.9920306965761512
122,200000,R0,DEV,DEV,0.0001,9.406250000000002,0.6784,0.0002,0.9997052755673446,0.8082926248063863,6784,2,9998,3216,0.2,0.9990722134986276,0.9994480627000772
122,200000,R0,FINAL,OFFICIAL_TEST,0.0001,9.406250000000002,0.44359375,5.478851632697787e-05,0.9998532562439468,0.6145409612800231,34068,5,91255,42732,0.0547885163269778,0.9948197064319858,0.9958378339454166
122,200000,R0,FINAL,DOMAIN_OOD_EXACT,0.0001,9.406250000000002,0.4440609490174044,7.287567409998542e-05,0.999909630388288,0.6149998147256086,33194,3,41163,41557,0.0728756740999854,0.9963020096291246,0.9968925717667948
122,200000,R0,FINAL,TEMPLATE_OOD_EXACT,0.0001,9.406250000000002,0.4436109309343185,4.429433586180168e-05,0.9998728705822528,0.6145611533277334,31460,4,90301,39458,0.0442943358618016,0.9946920786734974,0.9956485799397976
122,200000,R0,FINAL,DOMAIN_TEMPLATE_OOD_EXACT,0.0001,9.406250000000002,0.4449006143838092,4.887585532746823e-05,0.999935018519722,0.6158094304323032,30776,2,40918,38399,0.0488758553274682,0.996245011879654,0.9967987707279596
122,200000,R0,FINAL,LATE_TEST_Q4,0.0001,9.406250000000002,0.4338091539677013,0.0004235044997353,0.9997531168991484,0.6050690125324517,16198,4,9441,21141,0.4235044997353097,0.9976356156559854,0.997213989330172
122,200000,R0,DEV,DEV,0.0005,7.308593750000001,0.8848,0.0003,0.9996610552479944,0.9387300408466396,8848,3,9997,1152,0.3,0.9990722134986276,0.9994480627000772
122,200000,R0,FINAL,OFFICIAL_TEST,0.0005,7.308593750000001,0.6959244791666667,0.000777996931843,0.9986733435479652,0.8202550683712151,53447,71,91189,23353,0.7779969318430856,0.9948197064319858,0.9958378339454166
122,200000,R0,FINAL,DOMAIN_OOD_EXACT,0.0005,7.308593750000001,0.6981311286805527,0.0012631783510664,0.9990045560702936,0.8218979596657977,52186,52,41114,22565,1.263178351066414,0.9963020096291246,0.9968925717667948
122,200000,R0,FINAL,TEMPLATE_OOD_EXACT,0.0005,7.308593750000001,0.6918412814800192,0.000764077293616,0.998595648545784,0.8173859443070028,49064,69,90236,21854,0.7640772936160789,0.9946920786734974,0.9956485799397976
122,200000,R0,FINAL,DOMAIN_TEMPLATE_OOD_EXACT,0.0005,7.308593750000001,0.6945717383447777,0.0012218963831867,0.9989604341227104,0.8194112831707484,48047,50,40870,21128,1.2218963831867058,0.996245011879654,0.9967987707279596
122,200000,R0,FINAL,LATE_TEST_Q4,0.0005,7.308593750000001,0.7061785264736602,0.0028586553732133,0.9989770789922334,0.8274390435246493,26368,27,9418,10971,2.8586553732133404,0.9976356156559854,0.997213989330172
122,200000,R0,DEV,DEV,0.001,5.875000000000001,0.9317,0.0012,0.9987136884982312,0.9640436649593874,9317,12,9988,683,1.2,0.9990722134986276,0.9994480627000772
122,200000,R0,FINAL,OFFICIAL_TEST,0.001,5.875000000000001,0.83375,0.0018408941485864,0.9973831775700934,0.9082553191489362,64032,168,91092,12768,1.8408941485864565,0.9948197064319858,0.9958378339454166
122,200000,R0,FINAL,DOMAIN_OOD_EXACT,0.001,5.875000000000001,0.8374336129282551,0.0027935675071661,0.9981662786618618,0.9107627396064452,62599,115,41051,12152,2.793567507166108,0.9963020096291246,0.9968925717667948
122,200000,R0,FINAL,TEMPLATE_OOD_EXACT,0.001,5.875000000000001,0.8330607180123523,0.0018049941863684,0.9972485736470748,0.9077904118008604,59079,163,90142,11839,1.8049941863684185,0.9946920786734974,0.9956485799397976
122,200000,R0,FINAL,DOMAIN_TEMPLATE_OOD_EXACT,0.001,5.875000000000001,0.8371087820744488,0.0026881720430107,0.998104003998828,0.910544688345179,57907,110,40810,11268,2.688172043010753,0.996245011879654,0.9967987707279596
122,200000,R0,FINAL,LATE_TEST_Q4,0.001,5.875000000000001,0.8378638956586947,0.0078348332451032,0.997640230874709,0.9107979853853096,31285,74,9371,6054,7.834833245103229,0.9976356156559854,0.997213989330172
122,200000,R0,DEV,DEV,0.0025,3.8515625,0.9636,0.0026,0.9973090457462224,0.9801647848642052,9636,26,9974,364,2.6,0.9990722134986276,0.9994480627000772
122,200000,R0,FINAL,OFFICIAL_TEST,0.0025,3.8515625,0.9128776041666666,0.00387902695595,0.9949760867405588,0.9521604204722164,70109,354,90906,6691,3.879026955950033,0.9948197064319858,0.9958378339454166
122,200000,R0,FINAL,DOMAIN_OOD_EXACT,0.0025,3.8515625,0.9164425893967972,0.0068503133653986,0.9959003881547386,0.954520754086026,68505,282,40884,6246,6.85031336539863,0.9963020096291246,0.9968925717667948
122,200000,R0,FINAL,TEMPLATE_OOD_EXACT,0.0025,3.8515625,0.912871203361629,0.0037982393001494,0.9947297255769644,0.9520441176470588,64739,343,89962,6179,3.798239300149493,0.9946920786734974,0.9956485799397976
122,200000,R0,FINAL,DOMAIN_TEMPLATE_OOD_EXACT,0.0025,3.8515625,0.9168196602818938,0.0066471163245356,0.9957295150173489,0.9546467170424784,63421,272,40648,5754,6.64711632453568,0.996245011879654,0.9967987707279596
122,200000,R0,FINAL,LATE_TEST_Q4,0.0025,3.8515625,0.9137095262326254,0.0114346214928533,0.9968444119795472,0.953468224246828,34117,108,9337,3222,11.434621492853362,0.9976356156559854,0.997213989330172
122,200000,R0,DEV,DEV,0.005,1.7001953125000002,0.9768,0.005,0.9949073130983908,0.9857705116560702,9768,50,9950,232,5.0,0.9990722134986276,0.9994480627000772
122,200000,R0,FINAL,OFFICIAL_TEST,0.005,1.7001953125000002,0.943671875,0.0073197457812842,0.9908670804735992,0.9666937882647958,72474,668,90592,4326,7.319745781284243,0.9948197064319858,0.9958378339454166
122,200000,R0,FINAL,DOMAIN_OOD_EXACT,0.005,1.7001953125000002,0.9460341667669998,0.0135548753825972,0.9921711680112242,0.9685535452590636,70717,558,40608,4034,13.55487538259729,0.9963020096291246,0.9968925717667948
122,200000,R0,FINAL,TEMPLATE_OOD_EXACT,0.005,1.7001953125000002,0.9437801404438928,0.0071867559935773,0.990396567031666,0.9665265924417682,66931,649,89656,3987,7.1867559935773215,0.9946920786734974,0.9956485799397976
122,200000,R0,FINAL,DOMAIN_TEMPLATE_OOD_EXACT,0.005,1.7001953125000002,0.9464546440187928,0.0132697947214076,0.9917744720816796,0.9685847221297592,65471,543,40377,3704,13.269794721407624,0.996245011879654,0.9967987707279596
122,200000,R0,FINAL,LATE_TEST_Q4,0.005,1.7001953125000002,0.9435442834569752,0.0157755426151402,0.9957885811192764,0.968962719509344,35231,149,9296,2108,15.775542615140283,0.9976356156559854,0.997213989330172
122,200000,R0,DEV,DEV,0.01,-0.7641601562499999,0.9863,0.0092,0.9907584128578604,0.988524179403658,9863,92,9908,137,9.2,0.9990722134986276,0.9994480627000772
122,200000,R0,FINAL,OFFICIAL_TEST,0.01,-0.7641601562499999,0.9602864583333334,0.0125465702388779,0.9847119300353828,0.9723458255051254,73750,1145,90115,3050,12.546570238877932,0.9948197064319858,0.9958378339454166
122,200000,R0,FINAL,DOMAIN_OOD_EXACT,0.01,-0.7641601562499999,0.9622881299246832,0.0233687994947286,0.9868027546848848,0.9743912763723795,71932,962,40204,2819,23.36879949472866,0.9963020096291246,0.9968925717667948
122,200000,R0,FINAL,TEMPLATE_OOD_EXACT,0.01,-0.7641601562499999,0.9607151921938012,0.0123248989535463,0.9839266373023324,0.9721823876486664,68132,1113,89192,2786,12.324898953546317,0.9946920786734974,0.9956485799397976
122,200000,R0,FINAL,DOMAIN_TEMPLATE_OOD_EXACT,0.01,-0.7641601562499999,0.9630068666425732,0.0228739002932551,0.9861440075793464,0.9744381139058124,66616,936,39984,2559,22.87390029325513,0.996245011879654,0.9967987707279596
122,200000,R0,FINAL,LATE_TEST_Q4,0.01,-0.7641601562499999,0.959961434425132,0.0233986236103758,0.9938721752391516,0.976622527382704,35844,221,9224,1495,23.39862361037586,0.9976356156559854,0.997213989330172
122,200000,R0,DEV,DEV,0.02,-3.2109375,0.992,0.02,0.9802371541501976,0.986083499005964,9920,200,9800,80,20.0,0.9990722134986276,0.9994480627000772
122,200000,R0,FINAL,OFFICIAL_TEST,0.02,-3.2109375,0.9745572916666668,0.0248739864124479,0.9705638259245812,0.9725564593674472,74846,2270,88990,1954,24.87398641244795,0.9948197064319858,0.9958378339454166
122,200000,R0,FINAL,DOMAIN_OOD_EXACT,0.02,-3.2109375,0.9763882757421304,0.0459845503570908,0.9747192136647124,0.9755530308093296,72986,1893,39273,1765,45.9845503570908,0.9963020096291246,0.9968925717667948
122,200000,R0,FINAL,TEMPLATE_OOD_EXACT,0.02,-3.2109375,0.975083899715164,0.0242954432201982,0.9692480201836148,0.9721572018022956,69151,2194,88111,1767,24.295443220198216,0.9946920786734974,0.9956485799397976
122,200000,R0,FINAL,DOMAIN_TEMPLATE_OOD_EXACT,0.02,-3.2109375,0.9771738344777736,0.0451368523949169,0.973402646775053,0.9752845950742328,67596,1847,39073,1579,45.13685239491691,0.996245011879654,0.9967987707279596
122,200000,R0,FINAL,LATE_TEST_Q4,0.02,-3.2109375,0.9722274297651248,0.0411858125992588,0.9893979450001362,0.9807375388356072,36302,389,9056,1037,41.18581259925887,0.9976356156559854,0.997213989330172
122,20000,RT,DEV,DEV,0.0001,9.554687500000002,0.3191,0.0001,0.99968671679198,0.4837780473013947,3191,1,9999,6809,0.1,0.9938708674194774,0.9911232876712328
122,20000,RT,FINAL,OFFICIAL_TEST,0.0001,9.554687500000002,0.1791536458333333,5.478851632697787e-05,0.9996367335077012,0.3038514199902831,13759,5,91255,63041,0.0547885163269778,0.9854048225553864,0.9803006665721176
122,20000,RT,FINAL,DOMAIN_OOD_EXACT,0.0001,9.554687500000002,0.1837299835453706,0.0001214594568333,0.9996360724943592,0.3104079557012091,13734,5,41161,61017,0.121459456833309,0.9900580738210598,0.9839440821220716
122,20000,RT,FINAL,TEMPLATE_OOD_EXACT,0.0001,9.554687500000002,0.1853549169463323,5.536791982725209e-05,0.999619771863118,0.3127230337345958,13145,5,90300,57773,0.055367919827252,0.9843667244733634,0.9797240257248546
122,20000,RT,FINAL,DOMAIN_TEMPLATE_OOD_EXACT,0.0001,9.554687500000002,0.1897361763642934,0.0001221896383186,0.9996191926884996,0.3189356661199198,13125,5,40915,56050,0.1221896383186705,0.9893742460438026,0.983356230359878
122,20000,RT,FINAL,LATE_TEST_Q4,0.0001,9.554687500000002,0.1910870671415945,0.0001058761249338,0.999859865470852,0.3208544125913434,7135,1,9444,30204,0.1058761249338274,0.9959807893196256,0.9942917985271066
122,20000,RT,DEV,DEV,0.0005,7.949218750000001,0.6287,0.0008,0.9987291501191422,0.7716477447069653,6287,8,9992,3713,0.8,0.9938708674194774,0.9911232876712328
122,20000,RT,FINAL,OFFICIAL_TEST,0.0005,7.949218750000001,0.3543880208333333,0.000471181240412,0.9984225972120324,0.523102056505862,27217,43,91217,49583,0.4711812404120096,0.9854048225553864,0.9803006665721176
122,20000,RT,FINAL,DOMAIN_OOD_EXACT,0.0005,7.949218750000001,0.3618680686545999,0.0008745080891998,0.9986709000959906,0.5312411009750876,27050,36,41130,47701,0.8745080891998251,0.9900580738210598,0.9839440821220716
122,20000,RT,FINAL,TEMPLATE_OOD_EXACT,0.0005,7.949218750000001,0.3521954933867283,0.0004761641105143,0.99828137490008,0.5206904459129855,24977,43,90262,45941,0.4761641105143679,0.9843667244733634,0.9797240257248546
122,20000,RT,FINAL,DOMAIN_TEMPLATE_OOD_EXACT,0.0005,7.949218750000001,0.3590892663534514,0.0008797653958944,0.9985528219971056,0.5282240486544535,24840,36,40884,44335,0.8797653958944281,0.9893742460438026,0.983356230359878
122,20000,RT,FINAL,LATE_TEST_Q4,0.0005,7.949218750000001,0.3866466697019202,0.0008470089994706,0.9994461751471098,0.5575853545496678,14437,8,9437,22902,0.8470089994706194,0.9959807893196256,0.9942917985271066
122,20000,RT,DEV,DEV,0.001,7.042968750000001,0.7043,0.0014,0.9980161541731614,0.8258193117195286,7043,14,9986,2957,1.4,0.9938708674194774,0.9911232876712328
122,20000,RT,FINAL,OFFICIAL_TEST,0.001,7.042968750000001,0.4519010416666666,0.0011176857330703,0.9970696391634108,0.6219267436026091,34706,102,91158,42094,1.1176857330703485,0.9854048225553864,0.9803006665721176
122,20000,RT,FINAL,DOMAIN_OOD_EXACT,0.001,7.042968750000001,0.4600473572259902,0.0022105621143662,0.9973607888631092,0.6296564162188389,34389,91,41075,40362,2.2105621143662244,0.9900580738210598,0.9839440821220716
122,20000,RT,FINAL,TEMPLATE_OOD_EXACT,0.001,7.042968750000001,0.4491525423728814,0.001107358396545,0.9968704034050012,0.6192804580494018,31853,100,90205,39065,1.1073583965450418,0.9843667244733634,0.9797240257248546
122,20000,RT,FINAL,DOMAIN_TEMPLATE_OOD_EXACT,0.001,7.042968750000001,0.4571304662088905,0.0021749755620723,0.9971934029201224,0.6268857918839086,31622,89,40831,37553,2.174975562072336,0.9893742460438026,0.983356230359878
122,20000,RT,FINAL,LATE_TEST_Q4,0.001,7.042968750000001,0.5013524732853049,0.0013763896241397,0.9993060374739764,0.6677129405050649,18720,13,9432,18619,1.3763896241397566,0.9959807893196256,0.9942917985271066
122,20000,RT,DEV,DEV,0.0025,5.492187500000001,0.7935,0.003,0.9962335216572504,0.8833843584748121,7935,30,9970,2065,3.0,0.9938708674194774,0.9911232876712328
122,20000,RT,FINAL,OFFICIAL_TEST,0.0025,5.492187500000001,0.5925,0.0025312294543063,0.9949491636602164,0.7427102460521484,45504,231,91029,31296,2.5312294543063776,0.9854048225553864,0.9803006665721176
122,20000,RT,FINAL,DOMAIN_OOD_EXACT,0.0025,5.492187500000001,0.6033899212050675,0.0049312539474323,0.995519456154678,0.7513701710839761,45104,203,40963,29647,4.931253947432347,0.9900580738210598,0.9839440821220716
122,20000,RT,FINAL,TEMPLATE_OOD_EXACT,0.0025,5.492187500000001,0.5912885304154093,0.0025247771441226,0.9945921586300136,0.7416584865448048,41933,228,90077,28985,2.5247771441226954,0.9843667244733634,0.9797240257248546
122,20000,RT,FINAL,DOMAIN_TEMPLATE_OOD_EXACT,0.0025,5.492187500000001,0.6017636429345862,0.0048875855327468,0.9952183995983456,0.7500225221167186,41627,200,40720,27548,4.887585532746823,0.9893742460438026,0.983356230359878
122,20000,RT,FINAL,LATE_TEST_Q4,0.0025,5.492187500000001,0.642947052679504,0.0026469031233456,0.9989597203728362,0.7823564875918593,24007,25,9420,13332,2.6469031233456857,0.9959807893196256,0.9942917985271066
122,20000,RT,DEV,DEV,0.005,3.3847656250000004,0.8665,0.0052,0.994034644946656,0.9258962440562056,8665,52,9948,1335,5.2,0.9938708674194774,0.9911232876712328
122,20000,RT,FINAL,OFFICIAL_TEST,0.005,3.3847656250000004,0.7262109375,0.0054678939294323,0.9911323571225475,0.8382379463748947,55773,499,90761,21027,5.467893929432391,0.9854048225553864,0.9803006665721176
122,20000,RT,FINAL,DOMAIN_OOD_EXACT,0.005,3.3847656250000004,0.7384382817621169,0.0108827673322644,0.9919492515319784,0.8466234144695471,55199,448,40718,19552,10.882767332264493,0.9900580738210598,0.9839440821220716
122,20000,RT,FINAL,TEMPLATE_OOD_EXACT,0.005,3.3847656250000004,0.7215657519952622,0.0054149825591052,0.9905344457134008,0.8349227844900025,51172,489,89816,19746,5.414982559105255,0.9843667244733634,0.9797240257248546
122,20000,RT,FINAL,DOMAIN_TEMPLATE_OOD_EXACT,0.005,3.3847656250000004,0.7331261293820022,0.0107038123167155,0.991437284954645,0.842936331829099,50714,438,40482,18461,10.703812316715542,0.9893742460438026,0.983356230359878
122,20000,RT,FINAL,LATE_TEST_Q4,0.005,3.3847656250000004,0.7831489863145773,0.0066701958708311,0.9978501962122504,0.8775583698457475,29242,63,9382,8097,6.670195870831128,0.9959807893196256,0.9942917985271066
122,20000,RT,DEV,DEV,0.01,1.5039062500000002,0.9256,0.0105,0.9887832496528148,0.9561489592479728,9256,105,9895,744,10.5,0.9938708674194774,0.9911232876712328
122,20000,RT,FINAL,OFFICIAL_TEST,0.01,1.5039062500000002,0.85125,0.0104865220249835,0.9855727918230744,0.9135000314392908,65376,957,90303,11424,10.486522024983564,0.9854048225553864,0.9803006665721176
122,20000,RT,FINAL,DOMAIN_OOD_EXACT,0.01,1.5039062500000002,0.8585704539069712,0.0203808968566292,0.9870958811406072,0.9183581480872012,64179,839,40327,10572,20.380896856629256,0.9900580738210598,0.9839440821220716
122,20000,RT,FINAL,TEMPLATE_OOD_EXACT,0.01,1.5039062500000002,0.8514481513861079,0.0103427274237306,0.9847676826981098,0.9132680455250124,60383,934,89371,10535,10.342727423730691,0.9843667244733634,0.9797240257248546
122,20000,RT,FINAL,DOMAIN_TEMPLATE_OOD_EXACT,0.01,1.5039062500000002,0.8591832309360318,0.0199902248289345,0.9864236871805084,0.918417331777759,59434,818,40102,9741,19.990224828934505,0.9893742460438026,0.983356230359878
122,20000,RT,FINAL,LATE_TEST_Q4,0.01,1.5039062500000002,0.8752778596105948,0.0149285336156696,0.9957042317886848,0.9316154043499332,32682,141,9304,4657,14.928533615669666,0.9959807893196256,0.9942917985271066
122,20000,RT,DEV,DEV,0.02,0.10107421875,0.955,0.0203,0.9791858915205578,0.9669417303700704,9550,203,9797,450,20.3,0.9938708674194774,0.9911232876712328
122,20000,RT,FINAL,OFFICIAL_TEST,0.02,0.10107421875,0.918203125,0.0228468113083497,0.9712821784223792,0.9439971084917974,70518,2085,89175,6282,22.84681130834977,0.9854048225553864,0.9803006665721176
122,20000,RT,FINAL,DOMAIN_OOD_EXACT,0.02,0.10107421875,0.9255260799186632,0.0412476315405917,0.9760446939984764,0.9501143284832422,69184,1698,39468,5567,41.24763154059176,0.9900580738210598,0.9839440821220716
122,20000,RT,FINAL,TEMPLATE_OOD_EXACT,0.02,0.10107421875,0.9199639019712909,0.0226786999612424,0.9695645712587307,0.9441132206529288,65242,2048,88257,5676,22.67869996124245,0.9843667244733634,0.9797240257248546
122,20000,RT,FINAL,DOMAIN_TEMPLATE_OOD_EXACT,0.02,0.10107421875,0.9279508492952656,0.040713587487781,0.97470276508192,0.95075241424255,64191,1666,39254,4984,40.71358748778104,0.9893742460438026,0.983356230359878
122,20000,RT,FINAL,LATE_TEST_Q4,0.02,0.10107421875,0.9253863252899114,0.0377977766013763,0.9897737038097966,0.9564976677877896,34553,357,9088,2786,37.79777660137639,0.9959807893196256,0.9942917985271066
122,200000,RT,DEV,DEV,0.0001,10.562500000000002,0.6179,0.0,1.0,0.763829655726559,6179,0,10000,3821,0.0,0.9991905406227664,0.9996704383170384
122,200000,RT,FINAL,OFFICIAL_TEST,0.0001,10.562500000000002,0.3988020833333333,6.574621959237344e-05,0.9998041391917476,0.5701733157101104,30628,6,91254,46172,0.0657462195923734,0.9950803713931176,0.9961574440526731
122,200000,RT,FINAL,DOMAIN_OOD_EXACT,0.0001,10.562500000000002,0.3975063878744097,9.716756546664723e-05,0.9998654014402046,0.5688577472743112,29714,4,41162,45037,0.0971675654666472,0.9965367364927652,0.9970883830919304
122,200000,RT,FINAL,TEMPLATE_OOD_EXACT,0.0001,10.562500000000002,0.4027609351645562,6.644150379270251e-05,0.9997899821484826,0.5742056751133314,28563,6,90299,42355,0.0664415037927025,0.9950706694073254,0.996010472509662
122,200000,RT,FINAL,DOMAIN_TEMPLATE_OOD_EXACT,0.0001,10.562500000000002,0.4025731839537405,9.775171065493646e-05,0.9998563837426396,0.5740257866367093,27848,4,40916,41327,0.0977517106549364,0.996566003051632,0.9970699841490944
122,200000,RT,FINAL,LATE_TEST_Q4,0.0001,10.562500000000002,0.3914673665604328,0.0005293806246691,0.9996580495144304,0.5626142683936028,14617,5,9440,22722,0.5293806246691372,0.997617723320797,0.9973036238110758
122,200000,RT,DEV,DEV,0.0005,8.054687500000002,0.8971,0.0003,0.9996657009137508,0.9456097818066828,8971,3,9997,1029,0.3,0.9991905406227664,0.9996704383170384
122,200000,RT,FINAL,OFFICIAL_TEST,0.0005,8.054687500000002,0.7274088541666667,0.0009533201840894,0.998445095796397,0.8416445703266241,55865,87,91173,20935,0.9533201840894148,0.9950803713931176,0.9961574440526731
122,200000,RT,FINAL,DOMAIN_OOD_EXACT,0.0005,8.054687500000002,0.7299032788859012,0.0014089296992663,0.9989380984639044,0.8434876710211022,54561,58,41108,20190,1.408929699266385,0.9965367364927652,0.9970883830919304
122,200000,RT,FINAL,TEMPLATE_OOD_EXACT,0.0005,8.054687500000002,0.7252037564511126,0.0009412546370632,0.9983499951470446,0.8401329706860079,51430,85,90220,19488,0.9412546370632856,0.9950706694073254,0.996010472509662
122,200000,RT,FINAL,DOMAIN_TEMPLATE_OOD_EXACT,0.0005,8.054687500000002,0.7280954101915432,0.0013685239491691,0.9988893736860894,0.8422619296470647,50366,56,40864,18809,1.3685239491691104,0.996566003051632,0.9970699841490944
122,200000,RT,FINAL,LATE_TEST_Q4,0.0005,8.054687500000002,0.7534481373362971,0.0046585494970884,0.9984384427014942,0.8588131143537455,28133,44,9401,9206,4.658549497088407,0.997617723320797,0.9973036238110758
122,200000,RT,DEV,DEV,0.001,6.511718750000001,0.9383,0.0012,0.9987227248536455,0.9675689610724412,9383,12,9988,617,1.2,0.9991905406227664,0.9996704383170384
122,200000,RT,FINAL,OFFICIAL_TEST,0.001,6.511718750000001,0.8407291666666666,0.001829936445321,0.9974202517957828,0.9123962270816406,64568,167,91093,12232,1.8299364453210607,0.9950803713931176,0.9961574440526731
122,200000,RT,FINAL,DOMAIN_OOD_EXACT,0.001,6.511718750000001,0.8440288424235127,0.0027692756157994,0.9981963737619848,0.9146618149133424,63092,114,41052,11659,2.769275615799446,0.9965367364927652,0.9970883830919304
122,200000,RT,FINAL,TEMPLATE_OOD_EXACT,0.001,6.511718750000001,0.8407879522829182,0.0018049941863684,0.9972737916039472,0.9123695565688404,59627,163,90142,11291,1.8049941863684185,0.9950706694073254,0.996010472509662
122,200000,RT,FINAL,DOMAIN_TEMPLATE_OOD_EXACT,0.001,6.511718750000001,0.8443512829779545,0.0026881720430107,0.9981202365084249,0.9148191365227538,58408,110,40810,10767,2.688172043010753,0.996566003051632,0.9970699841490944
122,200000,RT,FINAL,LATE_TEST_Q4,0.001,6.511718750000001,0.8616995634591178,0.0075172048703017,0.9977981765180176,0.9247682690234964,32175,71,9374,5164,7.517204870301747,0.997617723320797,0.9973036238110758
122,200000,RT,DEV,DEV,0.0025,4.398437500000001,0.9665,0.0023,0.9976259289843104,0.9818163348232426,9665,23,9977,335,2.3,0.9991905406227664,0.9996704383170384
122,200000,RT,FINAL,OFFICIAL_TEST,0.0025,4.398437500000001,0.9227994791666668,0.0037804076265614,0.9951555830150528,0.957612690519944,70871,345,90915,5929,3.780407626561473,0.9950803713931176,0.9961574440526731
122,200000,RT,FINAL,DOMAIN_OOD_EXACT,0.0025,4.398437500000001,0.9260745675643136,0.0064859349948987,0.9961578311172508,0.9598386056862378,69225,267,40899,5526,6.485934994898703,0.9965367364927652,0.9970883830919304
122,200000,RT,FINAL,TEMPLATE_OOD_EXACT,0.0025,4.398437500000001,0.9259144363913252,0.0036985770444604,0.994939240583048,0.9591866545911362,65664,334,89971,5254,3.69857704446044,0.9950706694073254,0.996010472509662
122,200000,RT,FINAL,DOMAIN_TEMPLATE_OOD_EXACT,0.0025,4.398437500000001,0.9295554752439464,0.0062561094819159,0.9960345735617584,0.961647461733454,64302,256,40664,4873,6.256109481915933,0.996566003051632,0.9970699841490944
122,200000,RT,FINAL,LATE_TEST_Q4,0.0025,4.398437500000001,0.9278770186668096,0.011011116993118,0.9970071942446044,0.9612007379766676,34646,104,9341,2693,11.011116993118051,0.997617723320797,0.9973036238110758
122,200000,RT,DEV,DEV,0.005,2.0273437500000004,0.9786,0.0052,0.994714372840008,0.9865913902611152,9786,52,9948,214,5.2,0.9991905406227664,0.9996704383170384
122,200000,RT,FINAL,OFFICIAL_TEST,0.005,2.0273437500000004,0.9480338541666666,0.0071772956388341,0.9910840683872372,0.969081083958899,72809,655,90605,3991,7.1772956388341,0.9950803713931176,0.9961574440526731
122,200000,RT,FINAL,DOMAIN_OOD_EXACT,0.005,2.0273437500000004,0.9501143797407392,0.0128747024243307,0.9925927996422182,0.970889182040013,71022,530,40636,3729,12.874702424330758,0.9965367364927652,0.9970883830919304
122,200000,RT,FINAL,TEMPLATE_OOD_EXACT,0.005,2.0273437500000004,0.9505767224117996,0.0070649465699573,0.9906246785499112,0.9701875957947456,67413,638,89667,3505,7.064946569957367,0.9950706694073254,0.996010472509662
122,200000,RT,FINAL,DOMAIN_TEMPLATE_OOD_EXACT,0.005,2.0273437500000004,0.9530032526201664,0.0126099706744868,0.9922335942203492,0.972222836706854,65924,516,40404,3251,12.609970674486805,0.996566003051632,0.9970699841490944
122,200000,RT,FINAL,LATE_TEST_Q4,0.005,2.0273437500000004,0.952221537802298,0.0157755426151402,0.995826798117858,0.9735361362485112,35555,149,9296,1784,15.775542615140283,0.997617723320797,0.9973036238110758
122,200000,RT,DEV,DEV,0.01,-0.6132812499999999,0.9874,0.0095,0.9904704584211056,0.9889328459111624,9874,95,9905,126,9.5,0.9991905406227664,0.9996704383170384
122,200000,RT,FINAL,OFFICIAL_TEST,0.01,-0.6132812499999999,0.9625911458333334,0.0125904010519395,0.9846955085513348,0.9735178698411864,73927,1149,90111,2873,12.590401051939512,0.9950803713931176,0.9961574440526731
122,200000,RT,FINAL,DOMAIN_OOD_EXACT,0.01,-0.6132812499999999,0.9643349252852804,0.023198756255162,0.9869249726177436,0.9754991846594177,72085,955,40211,2666,23.198756255162028,0.9965367364927652,0.9970883830919304
122,200000,RT,FINAL,TEMPLATE_OOD_EXACT,0.01,-0.6132812499999999,0.9638737697058576,0.0124134876252699,0.9838651640111116,0.9737668720396024,68356,1121,89184,2562,12.413487625269918,0.9950706694073254,0.996010472509662
122,200000,RT,FINAL,DOMAIN_TEMPLATE_OOD_EXACT,0.01,-0.6132812499999999,0.9658691723888688,0.0228005865102639,0.9862281724652014,0.9759425074129796,66814,933,39987,2361,22.80058651026393,0.996566003051632,0.9970699841490944
122,200000,RT,FINAL,LATE_TEST_Q4,0.01,-0.6132812499999999,0.9642197166501512,0.0233986236103758,0.9938990724381626,0.978834468414828,36003,221,9224,1336,23.39862361037586,0.997617723320797,0.9973036238110758
122,200000,RT,DEV,DEV,0.02,-3.11328125,0.9929,0.0188,0.9814174162301076,0.9871253168961576,9929,188,9812,71,18.8,0.9991905406227664,0.9996704383170384
122,200000,RT,FINAL,OFFICIAL_TEST,0.02,-3.11328125,0.9744791666666668,0.024128862590401,0.9714181874821526,0.972946269549278,74840,2202,89058,1960,24.12886259040105,0.9950803713931176,0.9961574440526731
122,200000,RT,FINAL,DOMAIN_OOD_EXACT,0.02,-3.11328125,0.9760270765608486,0.0444055774182577,0.9755572492545496,0.9757921063542376,72959,1828,39338,1792,44.405577418257785,0.9965367364927652,0.9970883830919304
122,200000,RT,FINAL,TEMPLATE_OOD_EXACT,0.02,-3.11328125,0.9753659155644548,0.0237417640219256,0.9699361985557036,0.9726434793613296,69171,2144,88161,1747,23.741764021925697,0.9950706694073254,0.996010472509662
122,200000,RT,FINAL,DOMAIN_TEMPLATE_OOD_EXACT,0.02,-3.11328125,0.977159378388146,0.0437927663734115,0.9741738365976336,0.9756643235519118,67595,1792,39128,1580,43.79276637341153,0.996566003051632,0.9970699841490944
122,200000,RT,FINAL,LATE_TEST_Q4,0.02,-3.11328125,0.9733254773828972,0.0429857067231339,0.9889520803287164,0.9810765576071698,36343,406,9039,996,42.98570672313393,0.997617723320797,0.9973036238110758
42,20000,R0,DEV,DEV,0.0001,8.195312500000002,0.3466,0.0002,0.9994232987312572,0.5147015147015147,3466,2,9998,6534,0.2,0.9923410130905946,0.9897020157756354
42,20000,R0,FINAL,OFFICIAL_TEST,0.0001,8.195312500000002,0.2369140625,0.0001534078457155,0.9992311494315996,0.3830163458198697,18195,14,91246,58605,0.153407845715538,0.9835989948937612,0.970406143392624
42,20000,R0,FINAL,DOMAIN_OOD_EXACT,0.0001,8.195312500000002,0.2427392275688619,0.0003400864791332,0.9992290324357068,0.3905930470347648,18145,14,41152,56606,0.3400864791332653,0.9890451585408438,0.979015992665784
42,20000,R0,FINAL,TEMPLATE_OOD_EXACT,0.0001,8.195312500000002,0.2372035308384331,0.0001550301755163,0.999168448562604,0.3833899309433188,16822,14,90291,54096,0.1550301755163058,0.982324051752784,0.9682640816759964
42,20000,R0,FINAL,DOMAIN_TEMPLATE_OOD_EXACT,0.0001,8.195312500000002,0.2426165522226238,0.0003421309872922,0.999166517830565,0.3904294421439538,16783,14,40906,52392,0.3421309872922776,0.9881771667859036,0.9782079281034456
42,20000,R0,FINAL,LATE_TEST_Q4,0.0001,8.195312500000002,0.2411687511716971,0.0001058761249338,0.9998889629136132,0.3886071852411263,9005,1,9444,28334,0.1058761249338274,0.99534564776553,0.9884445751249632
42,20000,R0,DEV,DEV,0.0005,7.035156250000001,0.5241,0.0009,0.9982857142857144,0.6873442622950819,5241,9,9991,4759,0.9,0.9923410130905946,0.9897020157756354
42,20000,R0,FINAL,OFFICIAL_TEST,0.0005,7.035156250000001,0.3744401041666667,0.0006465044926583,0.9979525263742364,0.5445576427813968,28757,59,91201,48043,0.6465044926583389,0.9835989948937612,0.970406143392624
42,20000,R0,FINAL,DOMAIN_OOD_EXACT,0.0005,7.035156250000001,0.3824965552300303,0.0011903026769664,0.9982891658810796,0.5530795419374807,28592,49,41117,46159,1.1903026769664284,0.9890451585408438,0.979015992665784
42,20000,R0,FINAL,TEMPLATE_OOD_EXACT,0.0005,7.035156250000001,0.3737274034800756,0.0006533414539615,0.9977788653390054,0.5437777618202523,26504,59,90246,44414,0.6533414539615747,0.982324051752784,0.9682640816759964
42,20000,R0,FINAL,DOMAIN_TEMPLATE_OOD_EXACT,0.0005,7.035156250000001,0.3813950126490784,0.0011974584555229,0.998146186440678,0.551905195226291,26383,49,40871,42792,1.1974584555229717,0.9881771667859036,0.9782079281034456
42,20000,R0,FINAL,LATE_TEST_Q4,0.0005,7.035156250000001,0.3888427649374648,0.0005293806246691,0.9996557422197742,0.5598981933170082,14519,5,9440,22820,0.5293806246691372,0.99534564776553,0.9884445751249632
42,20000,R0,DEV,DEV,0.001,6.382812500000001,0.6015,0.0018,0.9970164097463948,0.7503274496351275,6015,18,9982,3985,1.8,0.9923410130905946,0.9897020157756354
42,20000,R0,FINAL,OFFICIAL_TEST,0.001,6.382812500000001,0.4370963541666666,0.000942362480824,0.9974446590402616,0.6078312434928251,33569,86,91174,43231,0.9423624808240192,0.9835989948937612,0.970406143392624
42,20000,R0,FINAL,DOMAIN_OOD_EXACT,0.001,6.382812500000001,0.4455860122272612,0.0017975999611329,0.9977832364747468,0.6160561530707555,33308,74,41092,41443,1.7975999611329738,0.9890451585408438,0.979015992665784
42,20000,R0,FINAL,TEMPLATE_OOD_EXACT,0.001,6.382812500000001,0.4336416706618912,0.0009301810530978,0.9972759996108572,0.6044518696869933,30753,84,90221,40165,0.9301810530978352,0.982324051752784,0.9682640816759964
42,20000,R0,FINAL,DOMAIN_TEMPLATE_OOD_EXACT,0.001,6.382812500000001,0.4420672208167691,0.0017595307917888,0.9976510505024142,0.6126599016298196,30580,72,40848,38595,1.7595307917888563,0.9881771667859036,0.9782079281034456
42,20000,R0,FINAL,LATE_TEST_Q4,0.001,6.382812500000001,0.4546184954069471,0.0007411328745367,0.9995877988458368,0.6249884943207967,16975,7,9438,20364,0.741132874536792,0.99534564776553,0.9884445751249632
42,20000,R0,DEV,DEV,0.0025,4.441406250000001,0.7519,0.0033,0.9956302966101694,0.8567684594348222,7519,33,9967,2481,3.3,0.9923410130905946,0.9897020157756354
42,20000,R0,FINAL,OFFICIAL_TEST,0.0025,4.441406250000001,0.59015625,0.0027832566294104,0.9944271358988986,0.7407213714883395,45324,254,91006,31476,2.7832566294104755,0.9835989948937612,0.970406143392624
42,20000,R0,FINAL,DOMAIN_OOD_EXACT,0.0025,4.441406250000001,0.6008615269360945,0.0054170917747655,0.9950595950197172,0.7492764140162984,44915,223,40943,29836,5.417091774765583,0.9890451585408438,0.979015992665784
42,20000,R0,FINAL,TEMPLATE_OOD_EXACT,0.0025,4.441406250000001,0.5824896359175386,0.0027241016555008,0.99408013476116,0.7345585162661261,41309,246,90059,29609,2.724101655500803,0.982324051752784,0.9682640816759964
42,20000,R0,FINAL,DOMAIN_TEMPLATE_OOD_EXACT,0.0025,4.441406250000001,0.5928008673653776,0.0052541544477028,0.9947843384600455,0.742900622299519,41007,215,40705,28168,5.254154447702835,0.9881771667859036,0.9782079281034456
42,20000,R0,FINAL,LATE_TEST_Q4,0.0025,4.441406250000001,0.6030959586491336,0.0029645314981471,0.998758149642968,0.7520622516113951,22519,28,9417,14820,2.964531498147168,0.99534564776553,0.9884445751249632
42,20000,R0,DEV,DEV,0.005,2.2246093750000004,0.8402,0.0057,0.9932616148480908,0.9103418386694836,8402,57,9943,1598,5.7,0.9923410130905946,0.9897020157756354
42,20000,R0,FINAL,OFFICIAL_TEST,0.005,2.2246093750000004,0.7327213541666666,0.005708963401271,0.990826495756594,0.8424480141323711,56273,521,90739,20527,5.7089634012710935,0.9835989948937612,0.970406143392624
42,20000,R0,FINAL,DOMAIN_OOD_EXACT,0.005,2.2246093750000004,0.7446589343286377,0.0112957294854977,0.9917155124801796,0.8506112469437652,55664,465,40701,19087,11.29572948549774,0.9890451585408438,0.979015992665784
42,20000,R0,FINAL,TEMPLATE_OOD_EXACT,0.005,2.2246093750000004,0.7277701006796582,0.0055589391506561,0.9903672717503934,0.8390012354509396,51612,502,89803,19306,5.558939150656109,0.982324051752784,0.9682640816759964
42,20000,R0,FINAL,DOMAIN_TEMPLATE_OOD_EXACT,0.005,2.2246093750000004,0.7391976870256596,0.0108993157380254,0.9913532376890268,0.846904890066664,51134,446,40474,18041,10.899315738025416,0.9881771667859036,0.9782079281034456
42,20000,R0,FINAL,LATE_TEST_Q4,0.005,2.2246093750000004,0.7620718283831919,0.007305452620434,0.9975809844341608,0.8640663194813476,28455,69,9376,8884,7.3054526204340915,0.99534564776553,0.9884445751249632
42,20000,R0,DEV,DEV,0.01,0.5019531250000001,0.9112,0.0105,0.988608006943691,0.9483270021335276,9112,105,9895,888,10.5,0.9923410130905946,0.9897020157756354
42,20000,R0,FINAL,OFFICIAL_TEST,0.01,0.5019531250000001,0.8632942708333333,0.0115055884286653,0.984410031031462,0.9198826230827396,66301,1050,90210,10499,11.505588428665352,0.9835989948937612,0.970406143392624
42,20000,R0,FINAL,DOMAIN_OOD_EXACT,0.01,0.5019531250000001,0.8725368222498696,0.0222270806004955,0.9861652907556926,0.9258778187083448,65223,915,40251,9528,22.227080600495555,0.9890451585408438,0.979015992665784
42,20000,R0,FINAL,TEMPLATE_OOD_EXACT,0.01,0.5019531250000001,0.8628274909049889,0.0112950556447594,0.9836039221990034,0.9192656691304608,61190,1020,89285,9728,11.295055644759426,0.982324051752784,0.9682640816759964
42,20000,R0,FINAL,DOMAIN_TEMPLATE_OOD_EXACT,0.01,0.5019531250000001,0.8726418503794724,0.0216520039100684,0.9855349300419584,0.9256589943722876,60365,886,40034,8810,21.652003910068427,0.9881771667859036,0.9782079281034456
42,20000,R0,FINAL,LATE_TEST_Q4,0.01,0.5019531250000001,0.8652079595061464,0.0157755426151402,0.9954090278847636,0.925752930051294,32306,149,9296,5033,15.775542615140283,0.99534564776553,0.9884445751249632
42,20000,R0,DEV,DEV,0.02,-0.7597656249999999,0.943,0.0205,0.9787234042553192,0.9605296664120192,9430,205,9795,570,20.5,0.9923410130905946,0.9897020157756354
42,20000,R0,FINAL,OFFICIAL_TEST,0.02,-0.7597656249999999,0.9011328125,0.0238439623055007,0.9695165515598952,0.9340747589129657,69207,2176,89084,7593,23.843962305500767,0.9835989948937612,0.970406143392624
42,20000,R0,FINAL,DOMAIN_OOD_EXACT,0.02,-0.7597656249999999,0.9089778063169724,0.0427051450225914,0.974779427587691,0.9407293570360524,67947,1758,39408,6804,42.70514502259146,0.9890451585408438,0.979015992665784
42,20000,R0,FINAL,TEMPLATE_OOD_EXACT,0.02,-0.7597656249999999,0.9006458162948757,0.0236088810143402,0.9676989273377372,0.9329691357123032,63872,2132,88173,7046,23.60888101434029,0.982324051752784,0.9682640816759964
42,20000,R0,FINAL,DOMAIN_TEMPLATE_OOD_EXACT,0.02,-0.7597656249999999,0.9092157571376942,0.0420332355816226,0.9733807939332972,0.9402047985649152,62895,1720,39200,6280,42.03323558162268,0.9881771667859036,0.9782079281034456
42,20000,R0,FINAL,LATE_TEST_Q4,0.02,-0.7597656249999999,0.901657784086344,0.0430915828480677,0.988055408816106,0.9428815481775028,33667,407,9038,3672,43.09158284806776,0.99534564776553,0.9884445751249632
42,200000,R0,DEV,DEV,0.0001,9.125000000000002,0.6341,0.0001,0.999842321034374,0.7760372047485008,6341,1,9999,3659,0.1,0.9991939460195128,0.9995581087052584
42,200000,R0,FINAL,OFFICIAL_TEST,0.0001,9.125000000000002,0.3975,5.478851632697787e-05,0.9998362427537418,0.5688464871008916,30528,5,91255,46272,0.0547885163269778,0.9955753183759982,0.9955952209586872
42,200000,R0,FINAL,DOMAIN_OOD_EXACT,0.0001,9.125000000000002,0.3961151021391018,7.287567409998542e-05,0.9998986931415256,0.5674370472576751,29610,3,41163,45141,0.0728756740999854,0.9968655173581238,0.9967853756814412
42,200000,R0,FINAL,TEMPLATE_OOD_EXACT,0.0001,9.125000000000002,0.3992498378408866,4.429433586180168e-05,0.9998587470866588,0.5706396872102866,28314,4,90301,42604,0.0442943358618016,0.9953818388503906,0.9954039821767988
42,200000,R0,FINAL,DOMAIN_TEMPLATE_OOD_EXACT,0.0001,9.125000000000002,0.3985833032164799,4.887585532746823e-05,0.9999274679045478,0.5699697154492552,27572,2,40918,41603,0.0488758553274682,0.996755544251848,0.9966702418877168
42,200000,R0,FINAL,LATE_TEST_Q4,0.0001,9.125000000000002,0.3749966522938482,0.0004235044997353,0.9997144081108096,0.5454085110526828,14002,4,9441,23337,0.4235044997353097,0.9978870293611966,0.9970723917672109
42,200000,R0,DEV,DEV,0.0005,7.281250000000001,0.8809,0.0003,0.9996595551520654,0.9365298745481608,8809,3,9997,1191,0.3,0.9991939460195128,0.9995581087052584
42,200000,R0,FINAL,OFFICIAL_TEST,0.0005,7.281250000000001,0.6877083333333334,0.0007012930089853,0.9987897125567322,0.8145589142504628,52816,64,91196,23984,0.7012930089853167,0.9955753183759982,0.9955952209586872
42,200000,R0,FINAL,DOMAIN_OOD_EXACT,0.0005,7.281250000000001,0.6902115021872617,0.0011660107855997,0.9990705239920996,0.8164059718497069,51594,48,41118,23157,1.1660107855997668,0.9968655173581238,0.9967853756814412
42,200000,R0,FINAL,TEMPLATE_OOD_EXACT,0.0005,7.281250000000001,0.6833103020389746,0.0006865622058579,0.9987222027575688,0.8114434983548087,48459,62,90243,22459,0.6865622058579259,0.9953818388503906,0.9954039821767988
42,200000,R0,FINAL,DOMAIN_TEMPLATE_OOD_EXACT,0.0005,7.281250000000001,0.6862883989880737,0.0011241446725317,0.9990319865319864,0.8136424011311538,47474,46,40874,21701,1.1241446725317692,0.996755544251848,0.9966702418877168
42,200000,R0,FINAL,LATE_TEST_Q4,0.0005,7.281250000000001,0.6965906960550631,0.0029645314981471,0.9989246485905215,0.8208024993294097,26010,28,9417,11329,2.964531498147168,0.9978870293611966,0.9970723917672109
42,200000,R0,DEV,DEV,0.001,6.156250000000001,0.9267,0.0012,0.9987067571936632,0.9613569168525338,9267,12,9988,733,1.2,0.9991939460195128,0.9995581087052584
42,200000,R0,FINAL,OFFICIAL_TEST,0.001,6.156250000000001,0.8076041666666667,0.0015012053473591,0.9977960457521596,0.8926821194435849,62024,137,91123,14776,1.5012053473591935,0.9955753183759982,0.9955952209586872
42,200000,R0,FINAL,DOMAIN_OOD_EXACT,0.001,6.156250000000001,0.8111998501692285,0.0022834377884662,0.99845221629454,0.8951381354118229,60638,94,41072,14113,2.28343778846621,0.9968655173581238,0.9967853756814412
42,200000,R0,FINAL,TEMPLATE_OOD_EXACT,0.001,6.156250000000001,0.8058602893482614,0.0014617130834394,0.9976956111867602,0.8915756630265211,57150,132,90173,13768,1.4617130834394552,0.9953818388503906,0.9954039821767988
42,200000,R0,FINAL,DOMAIN_TEMPLATE_OOD_EXACT,0.001,6.156250000000001,0.8098301409468739,0.002199413489736,0.9983960078417394,0.8942810392305544,56020,90,40830,13155,2.19941348973607,0.996755544251848,0.9966702418877168
42,200000,R0,FINAL,LATE_TEST_Q4,0.001,6.156250000000001,0.8160904148477464,0.0057173107464266,0.998231016182926,0.8980181242171958,30472,54,9391,6867,5.717310746426681,0.9978870293611966,0.9970723917672109
42,200000,R0,DEV,DEV,0.0025,4.343750000000001,0.9623,0.0025,0.9974087893864012,0.9795399022801304,9623,25,9975,377,2.5,0.9991939460195128,0.9995581087052584
42,200000,R0,FINAL,OFFICIAL_TEST,0.0025,4.343750000000001,0.9103515625,0.0036598728906421,0.9952454839214792,0.9509075206223776,69915,334,90926,6885,3.6598728906421214,0.9955753183759982,0.9955952209586872
42,200000,R0,FINAL,DOMAIN_OOD_EXACT,0.0025,4.343750000000001,0.9143422830463808,0.0062187241898654,0.9962684391580666,0.9535488821457222,68348,256,40910,6403,6.218724189865423,0.9968655173581238,0.9967853756814412
42,200000,R0,FINAL,TEMPLATE_OOD_EXACT,0.0025,4.343750000000001,0.910798386869342,0.003565694036875,0.9950395908432697,0.9510571882914188,64592,322,89983,6326,3.5656940368750347,0.9953818388503906,0.9954039821767988
42,200000,R0,FINAL,DOMAIN_TEMPLATE_OOD_EXACT,0.0025,4.343750000000001,0.9152005782435852,0.006060606060606,0.9960979907799298,0.9539372570292016,63309,248,40672,5866,6.0606060606060606,0.996755544251848,0.9966702418877168
42,200000,R0,FINAL,LATE_TEST_Q4,0.0025,4.343750000000001,0.902327325316693,0.0104817363684489,0.9970702257997692,0.9473358639111484,33692,99,9346,3647,10.481736368448914,0.9978870293611966,0.9970723917672109
42,200000,R0,DEV,DEV,0.005,2.3417968750000004,0.9756,0.005,0.9949010809708342,0.985156013329294,9756,50,9950,244,5.0,0.9991939460195128,0.9995581087052584
42,200000,R0,FINAL,OFFICIAL_TEST,0.005,2.3417968750000004,0.9444010416666668,0.0068485645408722,0.9914564964800764,0.9673568737287854,72530,625,90635,4270,6.848564540872233,0.9955753183759982,0.9955952209586872
42,200000,R0,FINAL,DOMAIN_OOD_EXACT,0.005,2.3417968750000004,0.9471445198057552,0.0122674051401642,0.9929177477035273,0.969491154077888,70800,505,40661,3951,12.267405140164216,0.9968655173581238,0.9967853756814412
42,200000,R0,FINAL,TEMPLATE_OOD_EXACT,0.005,2.3417968750000004,0.9447953975013396,0.0067548862189247,0.9909780663481876,0.9673358309692416,67003,610,89695,3915,6.754886218924755,0.9953818388503906,0.9954039821767988
42,200000,R0,FINAL,DOMAIN_TEMPLATE_OOD_EXACT,0.005,2.3417968750000004,0.9478279725334297,0.0120723362658846,0.9925219497426582,0.9696602210966097,65566,494,40426,3609,12.072336265884651,0.996755544251848,0.9966702418877168
42,200000,R0,FINAL,LATE_TEST_Q4,0.005,2.3417968750000004,0.9414285331690726,0.0155637903652726,0.9958355760786424,0.9678680580412456,35152,147,9298,2187,15.56379036527263,0.9978870293611966,0.9970723917672109
42,200000,R0,DEV,DEV,0.01,-0.0966796874999999,0.9867,0.0102,0.9897682816731868,0.9882317592268016,9867,102,9898,133,10.2,0.9991939460195128,0.9995581087052584
42,200000,R0,FINAL,OFFICIAL_TEST,0.01,-0.0966796874999999,0.9643229166666668,0.012853385930309,0.9844084377866096,0.9742621667664256,74060,1173,90087,2740,12.853385930309008,0.9955753183759982,0.9955952209586872
42,200000,R0,FINAL,DOMAIN_OOD_EXACT,0.01,-0.0966796874999999,0.9665154981204264,0.0236603021911286,0.9866979869438148,0.976502470045211,72248,974,40192,2503,23.6603021911286,0.9968655173581238,0.9967853756814412
42,200000,R0,FINAL,TEMPLATE_OOD_EXACT,0.01,-0.0966796874999999,0.9647621196311232,0.0126571064725098,0.983568615048446,0.9740746013667426,68419,1143,89162,2499,12.657106472509827,0.9953818388503906,0.9954039821767988
42,200000,R0,FINAL,DOMAIN_TEMPLATE_OOD_EXACT,0.01,-0.0966796874999999,0.9672714130827612,0.0232160312805474,0.986000795744242,0.9765463089990952,66911,950,39970,2264,23.21603128054741,0.996755544251848,0.9966702418877168
42,200000,R0,FINAL,LATE_TEST_Q4,0.01,-0.0966796874999999,0.9621039663622486,0.0238221281101111,0.9937757614318516,0.977683431308513,35924,225,9220,1415,23.822128110111173,0.9978870293611966,0.9970723917672109
42,200000,R0,DEV,DEV,0.02,-2.458984375,0.9925,0.0204,0.9798598084707276,0.9861394008644244,9925,204,9796,75,20.4,0.9991939460195128,0.9995581087052584
42,200000,R0,FINAL,OFFICIAL_TEST,0.02,-2.458984375,0.9747916666666666,0.0240083278544817,0.9715657647135164,0.9731760423775632,74864,2191,89069,1936,24.0083278544817,0.9955753183759982,0.9955952209586872
42,200000,R0,FINAL,DOMAIN_OOD_EXACT,0.02,-2.458984375,0.9766558306912282,0.0439926152650245,0.9757942713554406,0.97622486093282,73006,1811,39355,1745,43.99261526502453,0.9968655173581238,0.9967853756814412
42,200000,R0,FINAL,TEMPLATE_OOD_EXACT,0.02,-2.458984375,0.9753518147719902,0.023553513094513,0.9701670477018668,0.9727525225890375,69170,2127,88178,1748,23.55351309451304,0.9953818388503906,0.9954039821767988
42,200000,R0,FINAL,DOMAIN_TEMPLATE_OOD_EXACT,0.02,-2.458984375,0.9774774123599568,0.0434261974584555,0.9743925987837564,0.9759325678903652,67617,1777,39143,1558,43.426197458455526,0.996755544251848,0.9966702418877168
42,200000,R0,FINAL,LATE_TEST_Q4,0.02,-2.458984375,0.9725488095556925,0.0412916887241926,0.9893744551002616,0.9808894831381764,36314,390,9055,1025,41.29168872419269,0.9978870293611966,0.9970723917672109
42,20000,RT,DEV,DEV,0.0001,8.781250000000002,0.399,0.0001,0.9997494362315208,0.5703666642841827,3990,1,9999,6010,0.1,0.9934727581807532,0.9916529379461834
42,20000,RT,FINAL,OFFICIAL_TEST,0.0001,8.781250000000002,0.2233203125,9.861932938856015e-05,0.9994755244755243,0.3650702426564495,17151,9,91251,59649,0.0986193293885601,0.9850406445164328,0.970937337584807
42,20000,RT,FINAL,DOMAIN_OOD_EXACT,0.0001,8.781250000000002,0.2288932589530574,0.0002186270222999,0.9994742683567964,0.3724828562098617,17110,9,41157,57641,0.2186270222999563,0.9900248769924092,0.979315866084425
42,20000,RT,FINAL,TEMPLATE_OOD_EXACT,0.0001,8.781250000000002,0.2268112467920697,9.966225568905376e-05,0.999440785385858,0.3697191192019491,16085,9,90296,54833,0.0996622556890537,0.9838329726422372,0.9690726345196162
42,20000,RT,FINAL,DOMAIN_TEMPLATE_OOD_EXACT,0.0001,8.781250000000002,0.2320202385254788,0.0002199413489736,0.9994395665981692,0.3766102728957927,16050,9,40911,53125,0.219941348973607,0.9892147956183328,0.9784535596416783
42,20000,RT,FINAL,LATE_TEST_Q4,0.0001,8.781250000000002,0.2461233562762795,0.0001058761249338,0.999891197911,0.3950139694820546,9190,1,9444,28149,0.1058761249338274,0.9955395142808184,0.9884117647058824
42,20000,RT,DEV,DEV,0.0005,7.585937500000001,0.6058,0.0007,0.9988458367683428,0.7541861188920013,6058,7,9993,3942,0.7,0.9934727581807532,0.9916529379461834
42,20000,RT,FINAL,OFFICIAL_TEST,0.0005,7.585937500000001,0.3872786458333333,0.0004054350208196,0.998757555406313,0.5581347344717582,29743,37,91223,47057,0.4054350208196362,0.9850406445164328,0.970937337584807
42,20000,RT,FINAL,DOMAIN_OOD_EXACT,0.0005,7.585937500000001,0.3951117710799856,0.0008502161978331,0.9988163679404802,0.5662330690848438,29535,35,41131,45216,0.8502161978331633,0.9900248769924092,0.979315866084425
42,20000,RT,FINAL,TEMPLATE_OOD_EXACT,0.0005,7.585937500000001,0.3840914859415099,0.0004097226067216,0.9986434961137995,0.5547996822616453,27239,37,90268,43679,0.4097226067216655,0.9838329726422372,0.9690726345196162
42,20000,RT,FINAL,DOMAIN_TEMPLATE_OOD_EXACT,0.0005,7.585937500000001,0.3917166606432959,0.0008553274682306,0.9987100103199176,0.5627212975173145,27097,35,40885,42078,0.855327468230694,0.9892147956183328,0.9784535596416783
42,20000,RT,FINAL,LATE_TEST_Q4,0.0005,7.585937500000001,0.4093307265861431,0.0004235044997353,0.999738356881214,0.5808425333003971,15284,4,9441,22055,0.4235044997353097,0.9955395142808184,0.9884117647058824
42,20000,RT,DEV,DEV,0.001,6.714843750000001,0.6781,0.0014,0.9979396615158204,0.8075022328073832,6781,14,9986,3219,1.4,0.9934727581807532,0.9916529379461834
42,20000,RT,FINAL,OFFICIAL_TEST,0.001,6.714843750000001,0.4660546875,0.000942362480824,0.9976030547116698,0.6353091525483897,35793,86,91174,41007,0.9423624808240192,0.9850406445164328,0.970937337584807
42,20000,RT,FINAL,DOMAIN_OOD_EXACT,0.001,6.714843750000001,0.4750036788805501,0.0018218918524996,0.9978921926816928,0.6436333644512521,35507,75,41091,39244,1.821891852499636,0.9900248769924092,0.979315866084425
42,20000,RT,FINAL,TEMPLATE_OOD_EXACT,0.001,6.714843750000001,0.461758650836177,0.0009301810530978,0.9974414425390636,0.6312735544438982,32747,84,90221,38171,0.9301810530978352,0.9838329726422372,0.9690726345196162
42,20000,RT,FINAL,DOMAIN_TEMPLATE_OOD_EXACT,0.001,6.714843750000001,0.4704445247560535,0.0017839687194525,0.9977618346823643,0.6394081991531667,32543,73,40847,36632,1.7839687194525906,0.9892147956183328,0.9784535596416783
42,20000,RT,FINAL,LATE_TEST_Q4,0.001,6.714843750000001,0.5113152467928975,0.0010587612493382,0.9994764946078945,0.6765294732552576,19092,10,9435,18247,1.0587612493382743,0.9955395142808184,0.9884117647058824
42,20000,RT,DEV,DEV,0.0025,4.636718750000001,0.7884,0.0031,0.996083385975995,0.8801562936087077,7884,31,9969,2116,3.1,0.9934727581807532,0.9916529379461834
42,20000,RT,FINAL,OFFICIAL_TEST,0.0025,4.636718750000001,0.6161328125,0.0024216524216524,0.9953512831299958,0.7611227280038603,47319,221,91039,29481,2.421652421652422,0.9850406445164328,0.970937337584807
42,20000,RT,FINAL,DOMAIN_OOD_EXACT,0.0025,4.636718750000001,0.6272424449171249,0.0047126269251323,0.9958794418130456,0.7696992579946155,46887,194,40972,27864,4.712626925132391,0.9900248769924092,0.979315866084425
42,20000,RT,FINAL,TEMPLATE_OOD_EXACT,0.0025,4.636718750000001,0.6063058743901407,0.0023808205525718,0.9950246453613496,0.7534850303598497,42998,215,90090,27920,2.38082055257184,0.9838329726422372,0.9690726345196162
42,20000,RT,FINAL,DOMAIN_TEMPLATE_OOD_EXACT,0.0025,4.636718750000001,0.6168558005059631,0.004594330400782,0.9956135234139852,0.76175089704911,42671,188,40732,26504,4.594330400782014,0.9892147956183328,0.9784535596416783
42,20000,RT,FINAL,LATE_TEST_Q4,0.0025,4.636718750000001,0.6621494951659124,0.0025410269984118,0.9990302246646192,0.7964308148243594,24724,24,9421,12615,2.541026998411858,0.9955395142808184,0.9884117647058824
42,20000,RT,DEV,DEV,0.005,2.1308593750000004,0.8739,0.0064,0.9927297512211746,0.9295325214061584,8739,64,9936,1261,6.4,0.9934727581807532,0.9916529379461834
42,20000,RT,FINAL,OFFICIAL_TEST,0.005,2.1308593750000004,0.7583072916666667,0.0056541748849441,0.991217619225925,0.859259040677516,58238,516,90744,18562,5.654174884944116,0.9850406445164328,0.970937337584807
42,20000,RT,FINAL,DOMAIN_OOD_EXACT,0.005,2.1308593750000004,0.767494749234124,0.0110771024631977,0.992114410223598,0.8654678755147913,57371,456,40710,17380,11.077102463197784,0.9900248769924092,0.979315866084425
42,20000,RT,FINAL,TEMPLATE_OOD_EXACT,0.005,2.1308593750000004,0.7524323867001326,0.0055478655666906,0.9906984515985297,0.8552812950793397,53361,501,89804,17557,5.54786556669066,0.9838329726422372,0.9690726345196162
42,20000,RT,FINAL,DOMAIN_TEMPLATE_OOD_EXACT,0.005,2.1308593750000004,0.7616046259486808,0.0107771260997067,0.9916988235294116,0.8615535568274734,52684,441,40479,16491,10.777126099706743,0.9892147956183328,0.9784535596416783
42,20000,RT,FINAL,LATE_TEST_Q4,0.005,2.1308593750000004,0.792415436942607,0.0076230809952355,0.9975724881995954,0.8832370632397499,29588,72,9373,7751,7.623080995235575,0.9955395142808184,0.9884117647058824
42,20000,RT,DEV,DEV,0.01,0.6708984375000001,0.9259,0.0114,0.9878374053131336,0.9558664120167242,9259,114,9886,741,11.4,0.9934727581807532,0.9916529379461834
42,20000,RT,FINAL,OFFICIAL_TEST,0.01,0.6708984375000001,0.8619010416666667,0.0113631382862152,0.9845755678184172,0.9191632356923164,66194,1037,90223,10606,11.363138286215207,0.9850406445164328,0.970937337584807
42,20000,RT,FINAL,DOMAIN_OOD_EXACT,0.01,0.6708984375000001,0.8688713194472315,0.0213039887285624,0.9866769969313036,0.9240345148921943,64949,877,40289,9802,21.303988728562405,0.9900248769924092,0.979315866084425
42,20000,RT,FINAL,TEMPLATE_OOD_EXACT,0.01,0.6708984375000001,0.8610366902619927,0.0111843198051049,0.9837288354034766,0.9183027422908318,61063,1010,89295,9855,11.184319805104922,0.9838329726422372,0.9690726345196162
42,20000,RT,FINAL,DOMAIN_TEMPLATE_OOD_EXACT,0.01,0.6708984375000001,0.8685074087459342,0.0208211143695014,0.9860169700152632,0.923539267981492,60079,852,40068,9096,20.821114369501466,0.9892147956183328,0.9784535596416783
42,20000,RT,FINAL,LATE_TEST_Q4,0.01,0.6708984375000001,0.8687699188516029,0.0203282159872948,0.9941160246391468,0.9272259539802772,32439,192,9253,4900,20.328215987294865,0.9955395142808184,0.9884117647058824
42,20000,RT,DEV,DEV,0.02,-0.3647460937499999,0.9532,0.0231,0.9763392399877088,0.9646308758791682,9532,231,9769,468,23.1,0.9934727581807532,0.9916529379461834
42,20000,RT,FINAL,OFFICIAL_TEST,0.02,-0.3647460937499999,0.9026171875,0.0239535393381547,0.9694295663361628,0.9348311273237272,69321,2186,89074,7479,23.953539338154723,0.9850406445164328,0.970937337584807
42,20000,RT,FINAL,DOMAIN_OOD_EXACT,0.02,-0.3647460937499999,0.9089778063169724,0.0411018801923917,0.9757032697195536,0.9411593600664866,67947,1692,39474,6804,41.101880192391775,0.9900248769924092,0.979315866084425
42,20000,RT,FINAL,TEMPLATE_OOD_EXACT,0.02,-0.3647460937499999,0.9022392058433684,0.0236753225181329,0.9676663188300592,0.9338081304135258,63985,2138,88167,6933,23.675322518133,0.9838329726422372,0.9690726345196162
42,20000,RT,FINAL,DOMAIN_TEMPLATE_OOD_EXACT,0.02,-0.3647460937499999,0.9092446693169498,0.040347018572825,0.9744221354650804,0.940705787336509,62897,1651,39269,6278,40.34701857282502,0.9892147956183328,0.9784535596416783
42,20000,RT,FINAL,LATE_TEST_Q4,0.02,-0.3647460937499999,0.9061303195050752,0.0463737427210164,0.987219887955182,0.9449386267472876,33834,438,9007,3505,46.373742721016406,0.9955395142808184,0.9884117647058824
42,200000,RT,DEV,DEV,0.0001,9.546875000000002,0.6403,0.0,1.0,0.7807108455770286,6403,0,10000,3597,0.0,0.9992223899510804,0.999342105263158
42,200000,RT,FINAL,OFFICIAL_TEST,0.0001,9.546875000000002,0.4394791666666666,0.0001095770326539,0.9997038090160536,0.6105533546788228,33752,10,91250,43048,0.1095770326539557,0.995505293939922,0.994850032367115
42,200000,RT,FINAL,DOMAIN_OOD_EXACT,0.0001,9.546875000000002,0.4378001632085189,0.0001457513481999,0.9998166931443236,0.6089521133574611,32726,6,41160,42025,0.1457513481999708,0.9968904323502518,0.9961662003937416
42,200000,RT,FINAL,TEMPLATE_OOD_EXACT,0.0001,9.546875000000002,0.4438647451986802,0.0001107358396545,0.999682418699187,0.6147686658984824,31478,10,90295,39440,0.1107358396545041,0.9954478910403676,0.994608996431966
42,200000,RT,FINAL,DOMAIN_TEMPLATE_OOD_EXACT,0.0001,9.546875000000002,0.4427466570292735,0.0001466275659824,0.999804132797963,0.6137183392112856,30627,6,40914,38548,0.1466275659824047,0.9968777214253768,0.9960328886329464
42,200000,RT,FINAL,LATE_TEST_Q4,0.0001,9.546875000000002,0.4386834141246418,0.0007411328745367,0.9995728321230244,0.6097606373078212,16380,7,9438,20959,0.741132874536792,0.9978075659043548,0.9973601471198908
42,200000,RT,DEV,DEV,0.0005,7.847656250000001,0.8818,0.0004,0.9995465880752664,0.936988630326214,8818,4,9996,1182,0.4,0.9992223899510804,0.999342105263158
42,200000,RT,FINAL,OFFICIAL_TEST,0.0005,7.847656250000001,0.7010026041666667,0.0007122507122507,0.9987941078253126,0.8238129485394255,53837,65,91195,22963,0.7122507122507122,0.995505293939922,0.994850032367115
42,200000,RT,FINAL,DOMAIN_OOD_EXACT,0.0005,7.847656250000001,0.7032280504608635,0.0010931351114997,0.9991446818216376,0.825467364933301,52567,45,41121,22184,1.0931351114997814,0.9968904323502518,0.9961662003937416
42,200000,RT,FINAL,TEMPLATE_OOD_EXACT,0.0005,7.847656250000001,0.7007388815251417,0.0006976357898233,0.9987338719401904,0.8236103284828797,49695,63,90242,21223,0.6976357898233764,0.9954478910403676,0.994608996431966
42,200000,RT,FINAL,DOMAIN_TEMPLATE_OOD_EXACT,0.0005,7.847656250000001,0.703375496928081,0.0010508308895405,0.9991170249902462,0.8255594957327317,48656,43,40877,20519,1.0508308895405671,0.9968777214253768,0.9960328886329464
42,200000,RT,FINAL,LATE_TEST_Q4,0.0005,7.847656250000001,0.7237205067088032,0.0032821598729486,0.9988541435647224,0.8393148323575543,27023,31,9414,10316,3.2821598729486503,0.9978075659043548,0.9973601471198908
42,200000,RT,DEV,DEV,0.001,6.316406250000001,0.9401,0.0011,0.9988312792180196,0.9685761384710488,9401,11,9989,599,1.1,0.9992223899510804,0.999342105263158
42,200000,RT,FINAL,OFFICIAL_TEST,0.001,6.316406250000001,0.8156510416666667,0.0018956826649134,0.9972458807609648,0.8973534362353616,62642,173,91087,14158,1.8956826649134344,0.995505293939922,0.994850032367115
42,200000,RT,FINAL,DOMAIN_OOD_EXACT,0.001,6.316406250000001,0.8185308557745047,0.0029150269639994,0.9980426059439532,0.8994171560448928,61186,120,41046,13565,2.915026963999417,0.9968904323502518,0.9961662003937416
42,200000,RT,FINAL,TEMPLATE_OOD_EXACT,0.001,6.316406250000001,0.8132491045996785,0.0018603621061956,0.9970955361156252,0.8958372165268718,57674,168,90137,13244,1.8603621061956703,0.9954478910403676,0.994608996431966
42,200000,RT,FINAL,DOMAIN_TEMPLATE_OOD_EXACT,0.001,6.316406250000001,0.8162631008312251,0.0028103616813294,0.9979674796747968,0.8980159834599022,56465,115,40805,12710,2.8103616813294234,0.9968777214253768,0.9960328886329464
42,200000,RT,FINAL,LATE_TEST_Q4,0.001,6.316406250000001,0.8440772382763331,0.0069878242456326,0.99791026818225,0.914570093729143,31517,66,9379,5822,6.98782424563261,0.9978075659043548,0.9973601471198908
42,200000,RT,DEV,DEV,0.0025,4.652343750000001,0.9643,0.0022,0.9977237454733576,0.9807271802695144,9643,22,9978,357,2.2,0.9992223899510804,0.999342105263158
42,200000,RT,FINAL,OFFICIAL_TEST,0.0025,4.652343750000001,0.8973567708333333,0.0037913653298268,0.995004547882708,0.943661296837666,68917,346,90914,7883,3.791365329826869,0.995505293939922,0.994850032367115
42,200000,RT,FINAL,DOMAIN_OOD_EXACT,0.0025,4.652343750000001,0.900857513611858,0.0063644755380653,0.9961243750184906,0.9460987826038088,67340,262,40904,7411,6.364475538065394,0.9968904323502518,0.9961662003937416
42,200000,RT,FINAL,TEMPLATE_OOD_EXACT,0.0025,4.652343750000001,0.8981781776135819,0.0037207242123913,0.9947527056361564,0.9440018969848316,63697,336,89969,7221,3.7207242123913407,0.9954478910403676,0.994608996431966
42,200000,RT,FINAL,DOMAIN_TEMPLATE_OOD_EXACT,0.0025,4.652343750000001,0.9019154318756776,0.0061827956989247,0.9959612406813212,0.94660820221821,62390,253,40667,6785,6.182795698924731,0.9968777214253768,0.9960328886329464
42,200000,RT,FINAL,LATE_TEST_Q4,0.0025,4.652343750000001,0.9141915959184768,0.010375860243515,0.99713726521193,0.9538646398032752,34135,98,9347,3204,10.375860243515088,0.9978075659043548,0.9973601471198908
42,200000,RT,DEV,DEV,0.005,2.6171875000000004,0.9787,0.0052,0.9947149100518344,0.9866424718987852,9787,52,9948,213,5.2,0.9992223899510804,0.999342105263158
42,200000,RT,FINAL,OFFICIAL_TEST,0.005,2.6171875000000004,0.9454296875,0.0068485645408722,0.9914657126471312,0.967900609195249,72609,625,90635,4191,6.848564540872233,0.995505293939922,0.994850032367115
42,200000,RT,FINAL,DOMAIN_OOD_EXACT,0.005,2.6171875000000004,0.9479471846530482,0.0120730700092309,0.9930350210911332,0.9699674213595424,70860,497,40669,3891,12.073070009230918,0.9968904323502518,0.9961662003937416
42,200000,RT,FINAL,TEMPLATE_OOD_EXACT,0.005,2.6171875000000004,0.946487492597084,0.0067105918830629,0.9910525771825952,0.968257517292116,67123,606,89699,3795,6.710591883062953,0.9954478910403676,0.994608996431966
42,200000,RT,FINAL,DOMAIN_TEMPLATE_OOD_EXACT,0.005,2.6171875000000004,0.9492591254065776,0.0117790811339198,0.9927131993892392,0.9704999926102184,65665,482,40438,3510,11.779081133919844,0.9968777214253768,0.9960328886329464
42,200000,RT,FINAL,LATE_TEST_Q4,0.005,2.6171875000000004,0.9487131417552692,0.014716781365802,0.9960914433540478,0.9718251899810706,35424,139,9306,1915,14.716781365802012,0.9978075659043548,0.9973601471198908
42,200000,RT,DEV,DEV,0.01,0.1768798828125,0.9876,0.0104,0.9895791583166332,0.9885885885885888,9876,104,9896,124,10.4,0.9992223899510804,0.999342105263158
42,200000,RT,FINAL,OFFICIAL_TEST,0.01,0.1768798828125,0.9657161458333332,0.0126561472715318,0.984665834683094,0.9750989337505422,74167,1155,90105,2633,12.656147271531887,0.995505293939922,0.994850032367115
42,200000,RT,FINAL,DOMAIN_OOD_EXACT,0.01,0.1768798828125,0.9676927398964562,0.0228586697760287,0.9871583170708408,0.977328613505553,72336,941,40225,2415,22.85866977602876,0.9968904323502518,0.9961662003937416
42,200000,RT,FINAL,TEMPLATE_OOD_EXACT,0.01,0.1768798828125,0.9663414083871512,0.0124688555450971,0.9838350775944988,0.9750097812555576,68531,1126,89179,2387,12.468855545097172,0.9954478910403676,0.994608996431966
42,200000,RT,FINAL,DOMAIN_TEMPLATE_OOD_EXACT,0.01,0.1768798828125,0.9685724611492592,0.0224340175953079,0.986483899939634,0.9774461318511388,67001,918,40002,2174,22.43401759530792,0.9968777214253768,0.9960328886329464
42,200000,RT,FINAL,LATE_TEST_Q4,0.01,0.1768798828125,0.9648089129328584,0.0237162519851773,0.9938205191867362,0.9790998532369408,36025,224,9221,1314,23.716251985177344,0.9978075659043548,0.9973601471198908
42,200000,RT,DEV,DEV,0.02,-2.142578125,0.9927,0.0195,0.9807350326022524,0.9866812444091044,9927,195,9805,73,19.5,0.9992223899510804,0.999342105263158
42,200000,RT,FINAL,OFFICIAL_TEST,0.02,-2.142578125,0.975390625,0.0232960771422309,0.9724025131107534,0.9738942770222836,74910,2126,89134,1890,23.29607714223099,0.995505293939922,0.994850032367115
42,200000,RT,FINAL,DOMAIN_OOD_EXACT,0.02,-2.142578125,0.976910007892871,0.0422678909779915,0.976727078178292,0.9768185344712272,73025,1740,39426,1726,42.26789097799154,0.9968904323502518,0.9961662003937416
42,200000,RT,FINAL,TEMPLATE_OOD_EXACT,0.02,-2.142578125,0.9761555599424688,0.0228226565527933,0.9710891033554034,0.973615740545406,69227,2061,88244,1691,22.822656552793312,0.9954478910403676,0.994608996431966
42,200000,RT,FINAL,DOMAIN_TEMPLATE_OOD_EXACT,0.02,-2.142578125,0.9779110950487891,0.0416911045943304,0.975401208311104,0.9766545391545391,67647,1706,39214,1528,41.691104594330405,0.9968777214253768,0.9960328886329464
42,200000,RT,FINAL,LATE_TEST_Q4,0.02,-2.142578125,0.9737807654195344,0.0413975648491265,0.9893608337188105,0.9815089755702524,36360,391,9054,979,41.397564849126525,0.9978075659043548,0.9973601471198908
82,20000,R0,DEV,DEV,0.0001,7.871093750000001,0.3599,0.0002,0.9994445987225772,0.5292257922211602,3599,2,9998,6401,0.2,0.992794529821499,0.988369541364933
82,20000,R0,FINAL,OFFICIAL_TEST,0.0001,7.871093750000001,0.2319661458333333,0.0001424501424501,0.9992708099618578,0.3765270321680686,17815,13,91247,58985,0.1424501424501424,0.9842204012345636,0.977639804259893
82,20000,R0,FINAL,DOMAIN_OOD_EXACT,0.0001,7.871093750000001,0.2374550173241829,0.0003157945877666,0.9992681416427406,0.383725706379575,17750,13,41153,57001,0.3157945877666035,0.9890407892477422,0.982836191533495
82,20000,R0,FINAL,TEMPLATE_OOD_EXACT,0.0001,7.871093750000001,0.2363997856679545,0.0001439565915508,0.9992251758254858,0.3823435504469987,16765,13,90292,54153,0.1439565915508554,0.983001930605544,0.9763215859030836
82,20000,R0,FINAL,DOMAIN_TEMPLATE_OOD_EXACT,0.0001,7.871093750000001,0.2415034333212866,0.0003176930596285,0.9992224415335844,0.388991082031341,16706,13,40907,52469,0.3176930596285435,0.9881867530961834,0.9820958149953464
82,20000,R0,FINAL,LATE_TEST_Q4,0.0001,7.871093750000001,0.2384370229518733,0.0004235044997353,0.9995509150106656,0.3850278943043723,8903,4,9441,28436,0.4235044997353097,0.9953347935477967,0.993261813990602
82,20000,R0,DEV,DEV,0.0005,7.085937500000001,0.4881,0.0008,0.9983636735528738,0.6556518234938545,4881,8,9992,5119,0.8,0.992794529821499,0.988369541364933
82,20000,R0,FINAL,OFFICIAL_TEST,0.0005,7.085937500000001,0.3238932291666667,0.0004273504273504,0.998434615075861,0.4891165424621979,24875,39,91221,51925,0.4273504273504273,0.9842204012345636,0.977639804259893
82,20000,R0,FINAL,DOMAIN_OOD_EXACT,0.0005,7.085937500000001,0.3305775173576273,0.0008745080891998,0.9985452782155412,0.4967135017789302,24711,36,41130,50040,0.8745080891998251,0.9890407892477422,0.982836191533495
82,20000,R0,FINAL,TEMPLATE_OOD_EXACT,0.0005,7.085937500000001,0.3245297385713077,0.0004318697746525,0.9983083195974668,0.4898267569063125,23015,39,90266,47903,0.4318697746525663,0.983001930605544,0.9763215859030836
82,20000,R0,FINAL,DOMAIN_TEMPLATE_OOD_EXACT,0.0005,7.085937500000001,0.330827611131189,0.0008797653958944,0.9984293878975612,0.4969814107018763,22885,36,40884,46290,0.8797653958944281,0.9881867530961834,0.9820958149953464
82,20000,R0,FINAL,LATE_TEST_Q4,0.0005,7.085937500000001,0.3311015292321701,0.0008470089994706,0.999353326327702,0.4974049487024743,12363,8,9437,24976,0.8470089994706194,0.9953347935477967,0.993261813990602
82,20000,R0,DEV,DEV,0.001,6.382812500000001,0.5786,0.0012,0.997930320800276,0.7324977845296872,5786,12,9988,4214,1.2,0.992794529821499,0.988369541364933
82,20000,R0,FINAL,OFFICIAL_TEST,0.001,6.382812500000001,0.3904166666666667,0.0009094893710278,0.997239498453454,0.5611460974856597,29984,83,91177,46816,0.9094893710278326,0.9842204012345636,0.977639804259893
82,20000,R0,FINAL,DOMAIN_OOD_EXACT,0.001,6.382812500000001,0.3973057216625864,0.0017975999611329,0.9975145265844892,0.5682714017833225,29699,74,41092,45052,1.7975999611329738,0.9890407892477422,0.982836191533495
82,20000,R0,FINAL,TEMPLATE_OOD_EXACT,0.001,6.382812500000001,0.380467582278124,0.0009191074691323,0.9969333087012748,0.5507485992468081,26982,83,90222,43936,0.9191074691323848,0.983001930605544,0.9763215859030836
82,20000,R0,FINAL,DOMAIN_TEMPLATE_OOD_EXACT,0.001,6.382812500000001,0.3872352728586917,0.0018084066471163,0.99724507650497,0.557853305010621,26787,74,40846,42388,1.8084066471163245,0.9881867530961834,0.9820958149953464
82,20000,R0,FINAL,LATE_TEST_Q4,0.001,6.382812500000001,0.3971986394922199,0.0010587612493382,0.9993261909574828,0.5684553468761978,14831,10,9435,22508,1.0587612493382743,0.9953347935477967,0.993261813990602
82,20000,R0,DEV,DEV,0.0025,4.558593750000001,0.755,0.0038,0.9949920927780708,0.8585399135774392,7550,38,9962,2450,3.8,0.992794529821499,0.988369541364933
82,20000,R0,FINAL,OFFICIAL_TEST,0.0025,4.558593750000001,0.53078125,0.0027832566294104,0.9938075966648788,0.6919825493557861,40764,254,91006,36036,2.7832566294104755,0.9842204012345636,0.977639804259893
82,20000,R0,FINAL,DOMAIN_OOD_EXACT,0.0025,4.558593750000001,0.5396048213401827,0.0055628431229655,0.9943547393072846,0.6995733462832564,40336,229,40937,34415,5.562843122965554,0.9890407892477422,0.982836191533495
82,20000,R0,FINAL,TEMPLATE_OOD_EXACT,0.0025,4.558593750000001,0.5189655658648016,0.0027130280715353,0.9933871359550864,0.6817638722943121,36804,245,90060,34114,2.7130280715353523,0.983001930605544,0.9763215859030836
82,20000,R0,FINAL,DOMAIN_TEMPLATE_OOD_EXACT,0.0025,4.558593750000001,0.527632815323455,0.0053763440860215,0.9940085514311392,0.6893497270855762,36499,220,40700,32676,5.376344086021506,0.9881867530961834,0.9820958149953464
82,20000,R0,FINAL,LATE_TEST_Q4,0.0025,4.558593750000001,0.5301159645410964,0.0030704076230809,0.9985370529183272,0.6925579930723208,19794,29,9416,17545,3.070407623080995,0.9953347935477967,0.993261813990602
82,20000,R0,DEV,DEV,0.005,2.6855468750000004,0.8369,0.0062,0.99264618669197,0.9081438880147578,8369,62,9938,1631,6.2,0.992794529821499,0.988369541364933
82,20000,R0,FINAL,OFFICIAL_TEST,0.005,2.6855468750000004,0.6989453125,0.0058514135437212,0.9901499640307676,0.8194453985482356,53679,534,90726,23121,5.851413543721236,0.9842204012345636,0.977639804259893
82,20000,R0,FINAL,DOMAIN_OOD_EXACT,0.005,2.6855468750000004,0.7096092359968429,0.0113200213768644,0.9912913474116988,0.8271259385159947,53044,466,40700,21707,11.320021376864402,0.9890407892477422,0.982836191533495
82,20000,R0,FINAL,TEMPLATE_OOD_EXACT,0.005,2.6855468750000004,0.6878225556276263,0.0057250429101378,0.9895123336579033,0.8115360939657611,48779,517,89788,22139,5.725042910137866,0.983001930605544,0.9763215859030836
82,20000,R0,FINAL,DOMAIN_TEMPLATE_OOD_EXACT,0.005,2.6855468750000004,0.6983158655583664,0.0109726295210166,0.9907906881345504,0.8192317476469092,48306,449,40471,20869,10.972629521016618,0.9881867530961834,0.9820958149953464
82,20000,R0,FINAL,LATE_TEST_Q4,0.005,2.6855468750000004,0.7291303998500228,0.0078348332451032,0.997289277995531,0.8423837371205793,27225,74,9371,10114,7.834833245103229,0.9953347935477967,0.993261813990602
82,20000,R0,DEV,DEV,0.01,1.2314453125000002,0.9019,0.0107,0.9882752575060268,0.943114085538011,9019,107,9893,981,10.7,0.992794529821499,0.988369541364933
82,20000,R0,FINAL,OFFICIAL_TEST,0.01,1.2314453125000002,0.8606380208333333,0.010749506903353,0.985375234801276,0.9187923101516562,66097,981,90279,10703,10.749506903353058,0.9842204012345636,0.977639804259893
82,20000,R0,FINAL,DOMAIN_OOD_EXACT,0.01,1.2314453125000002,0.8714933579483887,0.0206481076616625,0.987120236381544,0.9257101445156524,65145,850,40316,9606,20.648107661662536,0.9890407892477422,0.982836191533495
82,20000,R0,FINAL,TEMPLATE_OOD_EXACT,0.01,1.2314453125000002,0.8592740912039256,0.0105088311832124,0.9846656002068286,0.9177064116561876,60938,949,89356,9980,10.508831183212449,0.983001930605544,0.9763215859030836
82,20000,R0,FINAL,DOMAIN_TEMPLATE_OOD_EXACT,0.01,1.2314453125000002,0.8705168052041923,0.0200391006842619,0.9865657459287656,0.9249153310345356,60218,820,40100,8957,20.03910068426197,0.9881867530961834,0.9820958149953464
82,20000,R0,FINAL,LATE_TEST_Q4,0.01,1.2314453125000002,0.8717159002651383,0.0151402858655373,0.9956258411843876,0.9295597663891704,32549,143,9302,4790,15.14028586553732,0.9953347935477967,0.993261813990602
82,20000,R0,DEV,DEV,0.02,-0.2305908203124999,0.9462,0.0207,0.9785913744958114,0.9621231379327876,9462,207,9793,538,20.7,0.992794529821499,0.988369541364933
82,20000,R0,FINAL,OFFICIAL_TEST,0.02,-0.2305908203124999,0.9140234375,0.0233070348454963,0.970590675294508,0.9414581153939005,70197,2127,89133,6603,23.307034845496386,0.9842204012345636,0.977639804259893
82,20000,R0,FINAL,DOMAIN_OOD_EXACT,0.02,-0.2305908203124999,0.9220077323380288,0.0420492639556915,0.9754996319990942,0.9479996973927636,68921,1731,39435,5830,42.04926395569159,0.9890407892477422,0.982836191533495
82,20000,R0,FINAL,TEMPLATE_OOD_EXACT,0.02,-0.2305908203124999,0.9140838715135792,0.0229555395603787,0.9690125265329308,0.9407470830672782,64825,2073,88232,6093,22.95553956037872,0.983001930605544,0.9763215859030836
82,20000,R0,FINAL,DOMAIN_TEMPLATE_OOD_EXACT,0.02,-0.2305908203124999,0.9229345861944344,0.0413734115347018,0.9741672642934526,0.9478591365282976,63844,1693,39227,5331,41.37341153470186,0.9881867530961834,0.9820958149953464
82,20000,R0,FINAL,LATE_TEST_Q4,0.02,-0.2305908203124999,0.9168697608398724,0.0383271572260455,0.9895366650287596,0.9518182829181494,34235,362,9083,3104,38.32715722604553,0.9953347935477967,0.993261813990602
82,200000,R0,DEV,DEV,0.0001,9.421875000000002,0.4135,0.0,1.0,0.5850725150336045,4135,0,10000,5865,0.0,0.999118294756444,0.9993367967281972
82,200000,R0,FINAL,OFFICIAL_TEST,0.0001,9.421875000000002,0.2619010416666666,2.1915406530791147e-05,0.9999005766553988,0.4150811011597672,20114,2,91258,56686,0.0219154065307911,0.995114989990488,0.9961538461538462
82,200000,R0,FINAL,DOMAIN_OOD_EXACT,0.0001,9.421875000000002,0.2600901660178459,4.858378273332362e-05,0.9998971405060688,0.4128032273475238,19442,2,41164,55309,0.0485837827333236,0.9964759421174456,0.9971116246000712
82,200000,R0,FINAL,TEMPLATE_OOD_EXACT,0.0001,9.421875000000002,0.2685072901097041,2.214716793090084e-05,0.9998949800462088,0.4233342967030524,19042,2,90303,51876,0.0221471679309008,0.994983628593765,0.9960518718496902
82,200000,R0,FINAL,DOMAIN_TEMPLATE_OOD_EXACT,0.0001,9.421875000000002,0.2671051680520419,4.887585532746823e-05,0.999891769035121,0.4215894311725648,18477,2,40918,50698,0.0488758553274682,0.996400061236409,0.9969935393078744
82,200000,R0,FINAL,LATE_TEST_Q4,0.0001,9.421875000000002,0.2285545943919226,0.0002117522498676,0.9997656982193064,0.3720544959128066,8534,2,9443,28805,0.2117522498676548,0.9978481724296668,0.9973630410950788
82,200000,R0,DEV,DEV,0.0005,6.906250000000001,0.8815,0.0005,0.9994331065759636,0.936769394261424,8815,5,9995,1185,0.5,0.999118294756444,0.9993367967281972
82,200000,R0,FINAL,OFFICIAL_TEST,0.0005,6.906250000000001,0.6681119791666666,0.0005807582730659,0.9989681488980608,0.8007084672763022,51311,53,91207,25489,0.5807582730659654,0.995114989990488,0.9961538461538462
82,200000,R0,FINAL,DOMAIN_OOD_EXACT,0.0005,6.906250000000001,0.6699040815507484,0.0010202594373997,0.9991619777325512,0.8020565552699229,50076,42,41124,24675,1.020259437399796,0.9964759421174456,0.9971116246000712
82,200000,R0,FINAL,TEMPLATE_OOD_EXACT,0.0005,6.906250000000001,0.6641332242872049,0.0005647527822379,0.9989183457051962,0.7978283700918114,47099,51,90254,23819,0.5647527822379713,0.994983628593765,0.9960518718496902
82,200000,R0,FINAL,DOMAIN_TEMPLATE_OOD_EXACT,0.0005,6.906250000000001,0.6664401879291652,0.0009775171065493,0.9991330920439524,0.7995594713656389,46101,40,40880,23074,0.9775171065493646,0.996400061236409,0.9969935393078744
82,200000,R0,FINAL,LATE_TEST_Q4,0.0005,6.906250000000001,0.690216663542141,0.0019057702488088,0.9993020550601008,0.8164868760791395,25772,18,9427,11567,1.9057702488088937,0.9978481724296668,0.9973630410950788
82,200000,R0,DEV,DEV,0.001,5.386718750000001,0.9352,0.0011,0.9988251628751468,0.9659660176625524,9352,11,9989,648,1.1,0.999118294756444,0.9993367967281972
82,200000,R0,FINAL,OFFICIAL_TEST,0.001,5.386718750000001,0.8338541666666667,0.0015779092702169,0.9977564502056588,0.9084718833342792,64040,144,91116,12760,1.5779092702169624,0.995114989990488,0.9961538461538462
82,200000,R0,FINAL,DOMAIN_OOD_EXACT,0.001,5.386718750000001,0.8375272571604393,0.0025992323762328,0.998293814679572,0.9108712099167782,62606,107,41059,12145,2.5992323762328136,0.9964759421174456,0.9971116246000712
82,200000,R0,FINAL,TEMPLATE_OOD_EXACT,0.001,5.386718750000001,0.8330607180123523,0.0015170810032667,0.9976864360983518,0.90797178293144,59079,137,90168,11839,1.5170810032667073,0.994983628593765,0.9960518718496902
82,200000,R0,FINAL,DOMAIN_TEMPLATE_OOD_EXACT,0.001,5.386718750000001,0.8370943259848211,0.0025415444770283,0.9982072056541976,0.9105790777214294,57906,104,40816,11269,2.541544477028348,0.996400061236409,0.9969935393078744
82,200000,R0,FINAL,LATE_TEST_Q4,0.001,5.386718750000001,0.8573877179356705,0.0058231868713605,0.998284948080701,0.9224873213462425,32014,55,9390,5325,5.823186871360508,0.9978481724296668,0.9973630410950788
82,200000,R0,DEV,DEV,0.0025,3.3457031250000004,0.9646,0.0031,0.99679652784954,0.9804340092493774,9646,31,9969,354,3.1,0.999118294756444,0.9993367967281972
82,200000,R0,FINAL,OFFICIAL_TEST,0.0025,3.3457031250000004,0.9226953125,0.0039228577690116,0.9949733926791255,0.9574722505590424,70863,358,90902,5937,3.922857769011615,0.995114989990488,0.9961538461538462
82,200000,R0,FINAL,DOMAIN_OOD_EXACT,0.0025,3.3457031250000004,0.9260745675643136,0.0067288539085653,0.9960145031797646,0.9597720671320528,69225,277,40889,5526,6.728853908565321,0.9964759421174456,0.9971116246000712
82,200000,R0,FINAL,TEMPLATE_OOD_EXACT,0.0025,3.3457031250000004,0.9251106912208468,0.0038536072199767,0.9947236752331134,0.9586551036362176,65607,348,89957,5311,3.8536072199767455,0.994983628593765,0.9960518718496902
82,200000,R0,FINAL,DOMAIN_TEMPLATE_OOD_EXACT,0.0025,3.3457031250000004,0.9288326707625588,0.0066226783968719,0.995799947305612,0.9611512513276188,64252,271,40649,4923,6.622678396871945,0.996400061236409,0.9969935393078744
82,200000,R0,FINAL,LATE_TEST_Q4,0.0025,3.3457031250000004,0.922386780577948,0.011011116993118,0.996989434071501,0.9582382727728006,34441,104,9341,2898,11.011116993118051,0.9978481724296668,0.9973630410950788
82,200000,R0,DEV,DEV,0.005,0.98681640625,0.9785,0.0057,0.9942084942084942,0.9862917044652756,9785,57,9943,215,5.7,0.999118294756444,0.9993367967281972
82,200000,R0,FINAL,OFFICIAL_TEST,0.005,0.98681640625,0.9475130208333332,0.0073854920008766,0.9908228149721552,0.9686840651477938,72769,674,90586,4031,7.385492000876616,0.995114989990488,0.9961538461538462
82,200000,R0,FINAL,DOMAIN_OOD_EXACT,0.005,0.98681640625,0.949699669569638,0.0134819997084973,0.992242752914209,0.9705052051648358,70991,555,40611,3760,13.481999708497304,0.9964759421174456,0.9971116246000712
82,200000,R0,FINAL,TEMPLATE_OOD_EXACT,0.005,0.98681640625,0.9489410304859132,0.0072421239134045,0.9903754175803152,0.9692155916727276,67297,654,89651,3621,7.242123913404574,0.994983628593765,0.9960518718496902
82,200000,R0,FINAL,DOMAIN_TEMPLATE_OOD_EXACT,0.005,0.98681640625,0.9513986266714852,0.0131720430107526,0.9918766578249336,0.971216067647037,65813,539,40381,3362,13.172043010752688,0.996400061236409,0.9969935393078744
82,200000,R0,FINAL,LATE_TEST_Q4,0.005,0.98681640625,0.9478293473312086,0.0157755426151402,0.9958075407990996,0.9712262791750712,35391,149,9296,1948,15.775542615140283,0.9978481724296668,0.9973630410950788
82,200000,R0,DEV,DEV,0.01,-1.5136718749999998,0.9866,0.0105,0.9894694614381708,0.988032647338641,9866,105,9895,134,10.5,0.999118294756444,0.9993367967281972
82,200000,R0,FINAL,OFFICIAL_TEST,0.01,-1.5136718749999998,0.9635026041666668,0.0133574402805172,0.9837933418421612,0.9735422587096096,73997,1219,90041,2803,13.357440280517205,0.995114989990488,0.9961538461538462
82,200000,R0,FINAL,DOMAIN_OOD_EXACT,0.01,-1.5136718749999998,0.9652579898596674,0.0251906913472282,0.9858315913158722,0.9754363196387772,72154,1037,40129,2597,25.19069134722829,0.9964759421174456,0.9971116246000712
82,200000,R0,FINAL,TEMPLATE_OOD_EXACT,0.01,-1.5136718749999998,0.964042979215432,0.0131775649188859,0.9828919750424108,0.9733762350864203,68368,1190,89115,2550,13.177564918886,0.994983628593765,0.9960518718496902
82,200000,R0,FINAL,DOMAIN_TEMPLATE_OOD_EXACT,0.01,-1.5136718749999998,0.9660715576436574,0.0248289345063538,0.98502446789694,0.9754559586626672,66828,1016,39904,2347,24.82893450635386,0.996400061236409,0.9969935393078744
82,200000,R0,FINAL,LATE_TEST_Q4,0.01,-1.5136718749999998,0.9629341974878812,0.0245632609846479,0.9935888578771382,0.978021380192041,35955,232,9213,1384,24.56326098464796,0.9978481724296668,0.9973630410950788
82,200000,R0,DEV,DEV,0.02,-3.76171875,0.9928,0.0191,0.9811246170570216,0.9869277797107212,9928,191,9809,72,19.1,0.999118294756444,0.9993367967281972
82,200000,R0,FINAL,OFFICIAL_TEST,0.02,-3.76171875,0.9744401041666668,0.0253999561691869,0.9699565809085609,0.9721931733298692,74837,2318,88942,1963,25.39995616918694,0.995114989990488,0.9961538461538462
82,200000,R0,FINAL,DOMAIN_OOD_EXACT,0.02,-3.76171875,0.9760270765608486,0.0470776854685905,0.9741244642642564,0.9750748422965893,72959,1938,39228,1792,47.07768546859059,0.9964759421174456,0.9971116246000712
82,200000,R0,FINAL,TEMPLATE_OOD_EXACT,0.02,-3.76171875,0.974872387828196,0.0248712695864016,0.9685354851363088,0.9716936050597328,69136,2246,88059,1782,24.87126958640164,0.994983628593765,0.9960518718496902
82,200000,R0,FINAL,DOMAIN_TEMPLATE_OOD_EXACT,0.02,-3.76171875,0.9766967835200578,0.046407624633431,0.9726613112205236,0.9746748703448574,67563,1899,39021,1612,46.40762463343109,0.996400061236409,0.9969935393078744
82,200000,R0,FINAL,LATE_TEST_Q4,0.02,-3.76171875,0.9730040975923298,0.041079936474325,0.9894332634331,0.9811499095303682,36331,388,9057,1008,41.079936474325045,0.9978481724296668,0.9973630410950788
82,20000,RT,DEV,DEV,0.0001,8.687500000000002,0.453,0.0001,0.9997792981681748,0.6234945977565205,4530,1,9999,5470,0.1,0.9937163309413456,0.9907965377451518
82,20000,RT,FINAL,OFFICIAL_TEST,0.0001,8.687500000000002,0.2580208333333333,0.0001205347359193,0.9994452009885508,0.4101545116789302,19816,11,91249,56984,0.1205347359193513,0.987125562472066,0.985373364126251
82,20000,RT,FINAL,DOMAIN_OOD_EXACT,0.0001,8.687500000000002,0.2642238899814049,0.0002429189136666,0.9994939527351856,0.4179575080413069,19751,10,41156,55000,0.242918913666618,0.9912499990582953,0.987740959875501
82,20000,RT,FINAL,TEMPLATE_OOD_EXACT,0.0001,8.687500000000002,0.2609774669336416,0.0001218094236199,0.9994060154435984,0.4138779252434674,18508,11,90294,52410,0.1218094236199546,0.986079790332383,0.9846357942800728
82,20000,RT,FINAL,DOMAIN_TEMPLATE_OOD_EXACT,0.0001,8.687500000000002,0.2668305023491145,0.0002443792766373,0.9994585228503358,0.4212087673858721,18458,10,40910,50717,0.2443792766373411,0.9905392797921608,0.9871892440385592
82,20000,RT,FINAL,LATE_TEST_Q4,0.0001,8.687500000000002,0.277484667505825,0.0004235044997353,0.9996140858658948,0.4343870534965621,10361,4,9441,26978,0.4235044997353097,0.9962893829585932,0.9953837959401076
82,20000,RT,DEV,DEV,0.0005,7.582031250000001,0.6141,0.0009,0.9985365853658535,0.7604953560371517,6141,9,9991,3859,0.9,0.9937163309413456,0.9907965377451518
82,20000,RT,FINAL,OFFICIAL_TEST,0.0005,7.582031250000001,0.42203125,0.0005150120534735,0.9985520194707168,0.5933058146239669,32412,47,91213,44388,0.5150120534735919,0.987125562472066,0.985373364126251
82,20000,RT,FINAL,DOMAIN_OOD_EXACT,0.0005,7.582031250000001,0.4306832015625209,0.0010931351114997,0.9986041750674648,0.6018132535751004,32194,45,41121,42557,1.0931351114997814,0.9912499990582953,0.987740959875501
82,20000,RT,FINAL,TEMPLATE_OOD_EXACT,0.0005,7.582031250000001,0.4191460560083476,0.0005204584463761,0.9984213354830042,0.5904260601847254,29725,47,90258,41193,0.5204584463761697,0.986079790332383,0.9846357942800728
82,20000,RT,FINAL,DOMAIN_TEMPLATE_OOD_EXACT,0.0005,7.582031250000001,0.4276111311890134,0.001099706744868,0.998481012658228,0.5987854251012146,29580,45,40875,39595,1.099706744868035,0.9905392797921608,0.9871892440385592
82,20000,RT,FINAL,LATE_TEST_Q4,0.0005,7.582031250000001,0.4774364605372398,0.0010587612493382,0.9994393676066604,0.646186747861389,17827,10,9435,19512,1.0587612493382743,0.9962893829585932,0.9953837959401076
82,20000,RT,DEV,DEV,0.001,6.843750000000001,0.6755,0.0014,0.997931747673216,0.8056532888067267,6755,14,9986,3245,1.4,0.9937163309413456,0.9907965377451518
82,20000,RT,FINAL,OFFICIAL_TEST,0.001,6.843750000000001,0.4748828125,0.0008766162612316,0.9978112773932314,0.6435055711903733,36471,80,91180,40329,0.8766162612316459,0.987125562472066,0.985373364126251
82,20000,RT,FINAL,DOMAIN_OOD_EXACT,0.001,6.843750000000001,0.4841005471498709,0.0018218918524996,0.9979317191550384,0.6519416644897444,36187,75,41091,38564,1.821891852499636,0.9912499990582953,0.987740959875501
82,20000,RT,FINAL,TEMPLATE_OOD_EXACT,0.001,6.843750000000001,0.4682309145773992,0.0008748131332705,0.9976265585098392,0.6373328982850782,33206,79,90226,37712,0.8748131332705831,0.986079790332383,0.9846357942800728
82,20000,RT,FINAL,DOMAIN_TEMPLATE_OOD_EXACT,0.001,6.843750000000001,0.4771810625225876,0.0018084066471163,0.9977632016443492,0.6456023000645427,33009,74,40846,36166,1.8084066471163245,0.9905392797921608,0.9871892440385592
82,20000,RT,FINAL,LATE_TEST_Q4,0.001,6.843750000000001,0.5282948123945472,0.0013763896241397,0.9993414053396829,0.6911945057640423,19726,13,9432,17613,1.3763896241397566,0.9962893829585932,0.9953837959401076
82,20000,RT,DEV,DEV,0.0025,4.929687500000001,0.7911,0.0034,0.9957205789804908,0.8816940651992199,7911,34,9966,2089,3.4,0.9937163309413456,0.9907965377451518
82,20000,RT,FINAL,OFFICIAL_TEST,0.0025,4.929687500000001,0.6027994791666667,0.002465483234714,0.9951633705932932,0.7508108984755109,46295,225,91035,30505,2.465483234714004,0.987125562472066,0.985373364126251
82,20000,RT,FINAL,DOMAIN_OOD_EXACT,0.0025,4.929687500000001,0.6138914529571511,0.0050041296215323,0.9955309686516975,0.7594624563494035,45889,206,40960,28862,5.004129621532333,0.9912499990582953,0.987740959875501
82,20000,RT,FINAL,TEMPLATE_OOD_EXACT,0.0025,4.929687500000001,0.5913449335852675,0.0023918941365372,0.9948758095509216,0.7417817123754101,41937,216,90089,28981,2.3918941365372905,0.986079790332383,0.9846357942800728
82,20000,RT,FINAL,DOMAIN_TEMPLATE_OOD_EXACT,0.0025,4.929687500000001,0.6020383086375135,0.0048142717497556,0.9952919245751978,0.7502567151272765,41646,197,40723,27529,4.814271749755621,0.9905392797921608,0.9871892440385592
82,20000,RT,FINAL,LATE_TEST_Q4,0.0025,4.929687500000001,0.6530705160823803,0.0031762837480148,0.998771247184108,0.7897464131878097,24385,30,9415,12954,3.1762837480148227,0.9962893829585932,0.9953837959401076
82,20000,RT,DEV,DEV,0.005,2.8066406250000004,0.8597,0.0061,0.992954492954493,0.9215349983921108,8597,61,9939,1403,6.1000000000000005,0.9937163309413456,0.9907965377451518
82,20000,RT,FINAL,OFFICIAL_TEST,0.005,2.8066406250000004,0.7432421875,0.0054459785229016,0.9913682309215324,0.8495587075265296,57081,497,90763,19719,5.4459785229016,0.987125562472066,0.985373364126251
82,20000,RT,FINAL,DOMAIN_OOD_EXACT,0.005,2.8066406250000004,0.7546788671723456,0.0107613078754311,0.992208386098213,0.8572948247433648,56413,443,40723,18338,10.761307875431182,0.9912499990582953,0.987740959875501
82,20000,RT,FINAL,TEMPLATE_OOD_EXACT,0.005,2.8066406250000004,0.734806396119462,0.0053263938873816,0.9908541222999696,0.843834507327342,52111,481,89824,18807,5.326393887381651,0.986079790332383,0.9846357942800728
82,20000,RT,FINAL,DOMAIN_TEMPLATE_OOD_EXACT,0.005,2.8066406250000004,0.745977593061077,0.0104349951124144,0.9917931962329424,0.8514995255971288,51603,427,40493,17572,10.434995112414468,0.9905392797921608,0.9871892440385592
82,20000,RT,FINAL,LATE_TEST_Q4,0.005,2.8066406250000004,0.7949061303195051,0.0075172048703017,0.997613605808013,0.8847982590809498,29681,71,9374,7658,7.517204870301747,0.9962893829585932,0.9953837959401076
82,20000,RT,DEV,DEV,0.01,1.0292968750000002,0.9263,0.0109,0.9883696116090482,0.9563287218666116,9263,109,9891,737,10.9,0.9937163309413456,0.9907965377451518
82,20000,RT,FINAL,OFFICIAL_TEST,0.01,1.0292968750000002,0.9005598958333333,0.0113521805829498,0.9852419550136042,0.9409995986367254,69163,1036,90224,7637,11.352180582949812,0.987125562472066,0.985373364126251
82,20000,RT,FINAL,DOMAIN_OOD_EXACT,0.01,1.0292968750000002,0.9077738090460328,0.0215226157508623,0.9871114149804344,0.945781705158404,67857,886,40280,6894,21.522615750862364,0.9912499990582953,0.987740959875501
82,20000,RT,FINAL,TEMPLATE_OOD_EXACT,0.01,1.0292968750000002,0.9006599170873403,0.0111400254692431,0.9844942123029023,0.9407129759862148,63873,1006,89299,7045,11.140025469243122,0.986079790332383,0.9846357942800728
82,20000,RT,FINAL,DOMAIN_TEMPLATE_OOD_EXACT,0.01,1.0292968750000002,0.9085941452837007,0.0209921798631476,0.9865172419205476,0.94595367457821,62852,859,40061,6323,20.992179863147605,0.9905392797921608,0.9871892440385592
82,20000,RT,FINAL,LATE_TEST_Q4,0.01,1.0292968750000002,0.9109777980128017,0.0184224457384859,0.9949106437743134,0.9510960742646236,34015,174,9271,3324,18.422445738485973,0.9962893829585932,0.9953837959401076
82,20000,RT,DEV,DEV,0.02,-0.1215820312499999,0.9546,0.0213,0.978173993237012,0.9662432309327396,9546,213,9787,454,21.3,0.9937163309413456,0.9907965377451518
82,20000,RT,FINAL,OFFICIAL_TEST,0.02,-0.1215820312499999,0.9303385416666666,0.023657681349989,0.9706693474982678,0.9500761257637508,71450,2159,89101,5350,23.65768134998904,0.987125562472066,0.985373364126251
82,20000,RT,FINAL,DOMAIN_OOD_EXACT,0.02,-0.1215820312499999,0.937044320477318,0.0413447991060584,0.976277753773677,0.9562587885158842,70045,1702,39464,4706,41.3447991060584,0.9912499990582953,0.987740959875501
82,20000,RT,FINAL,TEMPLATE_OOD_EXACT,0.02,-0.1215820312499999,0.9303561860176542,0.0233541885831349,0.9690253789213958,0.9492971526408932,65979,2109,88196,4939,23.35418858313493,0.986079790332383,0.9846357942800728
82,20000,RT,FINAL,DOMAIN_TEMPLATE_OOD_EXACT,0.02,-0.1215820312499999,0.9378243585110227,0.0406158357771261,0.975021041240832,0.9560610414778464,64874,1662,39258,4301,40.6158357771261,0.9905392797921608,0.9871892440385592
82,20000,RT,FINAL,LATE_TEST_Q4,0.02,-0.1215820312499999,0.94174991295964,0.0407623080995235,0.9891698781962924,0.964877620458786,35164,385,9060,2175,40.76230809952356,0.9962893829585932,0.9953837959401076
82,200000,RT,DEV,DEV,0.0001,9.804687500000002,0.6036,0.0,1.0,0.752806186081317,6036,0,10000,3964,0.0,0.9992199950969622,0.9994524148505092
82,200000,RT,FINAL,OFFICIAL_TEST,0.0001,9.804687500000002,0.3813671875,7.670392285776902e-05,0.9997610595303114,0.5521226059417886,29289,7,91253,47511,0.076703922857769,0.9951734812852716,0.9960804657328952
82,200000,RT,FINAL,DOMAIN_OOD_EXACT,0.0001,9.804687500000002,0.3799547832136025,0.0001214594568333,0.9998239870454464,0.5506504585199403,28402,5,41161,46349,0.121459456833309,0.9966088816980424,0.997051851851852
82,200000,RT,FINAL,TEMPLATE_OOD_EXACT,0.0001,9.804687500000002,0.3862630079810485,7.751508775815292e-05,0.9997445255474452,0.5572326532272829,27393,7,90298,43525,0.0775150877581529,0.9952886267240534,0.995943141568756
82,200000,RT,FINAL,DOMAIN_TEMPLATE_OOD_EXACT,0.0001,9.804687500000002,0.3852837007589447,0.0001221896383186,0.9998124320066024,0.5562233909341348,26652,5,40915,42523,0.1221896383186705,0.9967230028578784,0.9969924812030077
82,200000,RT,FINAL,LATE_TEST_Q4,0.0001,9.804687500000002,0.3878518439165483,0.0003176283748014,0.9997928891957196,0.5588916332201297,14482,3,9442,22857,0.3176283748014822,0.997914547558985,0.9977802770214276
82,200000,RT,DEV,DEV,0.0005,7.617187500000001,0.8904,0.0005,0.9994387697833652,0.9417737585276852,8904,5,9995,1096,0.5,0.9992199950969622,0.9994524148505092
82,200000,RT,FINAL,OFFICIAL_TEST,0.0005,7.617187500000001,0.7109244791666667,0.0005698005698005,0.9990485078040658,0.8307125849175738,54599,52,91208,22201,0.5698005698005698,0.9951734812852716,0.9960804657328952
82,200000,RT,FINAL,DOMAIN_OOD_EXACT,0.0005,7.617187500000001,0.7135690492434884,0.0009959675460331,0.9992319364567918,0.8325789030062748,53340,41,41125,21411,0.9959675460331342,0.9966088816980424,0.997051851851852
82,200000,RT,FINAL,TEMPLATE_OOD_EXACT,0.0005,7.617187500000001,0.7117657012324092,0.0005536791982725,0.9990104300670928,0.8312734159496069,50477,50,90255,20441,0.5536791982725209,0.9952886267240534,0.995943141568756
82,200000,RT,FINAL,DOMAIN_TEMPLATE_OOD_EXACT,0.0005,7.617187500000001,0.7149259125406577,0.0009530791788856,0.9992120257000848,0.8334948470114353,49455,39,40881,19720,0.9530791788856304,0.9967230028578784,0.9969924812030077
82,200000,RT,FINAL,LATE_TEST_Q4,0.0005,7.617187500000001,0.7442888133051233,0.0020116463737427,0.999316792520676,0.8531520054029993,27791,19,9426,9548,2.011646373742721,0.997914547558985,0.9977802770214276
82,200000,RT,DEV,DEV,0.001,5.996093750000001,0.9432,0.0011,0.9988351159589114,0.9702206449621972,9432,11,9989,568,1.1,0.9992199950969622,0.9994524148505092
82,200000,RT,FINAL,OFFICIAL_TEST,0.001,5.996093750000001,0.8218229166666666,0.0017313171159325,0.9975029237917628,0.901180804431943,63116,158,91102,13684,1.7313171159325005,0.9951734812852716,0.9960804657328952
82,200000,RT,FINAL,DOMAIN_OOD_EXACT,0.001,5.996093750000001,0.8255809286832283,0.0027935675071661,0.998140001293912,0.9036967615812094,61713,115,41051,13038,2.793567507166108,0.9966088816980424,0.997051851851852
82,200000,RT,FINAL,TEMPLATE_OOD_EXACT,0.001,5.996093750000001,0.8201161905299078,0.0017053319306793,0.997359170024865,0.9000951769284936,58161,154,90151,12757,1.7053319306793644,0.9952886267240534,0.995943141568756
82,200000,RT,FINAL,DOMAIN_TEMPLATE_OOD_EXACT,0.001,5.996093750000001,0.824083845319841,0.0027126099706744,0.9980566206208308,0.9027650207455736,57006,111,40809,12169,2.712609970674487,0.9967230028578784,0.9969924812030077
82,200000,RT,FINAL,LATE_TEST_Q4,0.001,5.996093750000001,0.8657435924904255,0.0061408152461619,0.9982089920948616,0.9272693372344852,32326,58,9387,5013,6.14081524616199,0.997914547558985,0.9977802770214276
82,200000,RT,DEV,DEV,0.0025,4.062500000000001,0.9671,0.0028,0.9971131044437572,0.9818772526524188,9671,28,9972,329,2.8,0.9992199950969622,0.9994524148505092
82,200000,RT,FINAL,OFFICIAL_TEST,0.0025,4.062500000000001,0.9182942708333334,0.0036160420775805,0.9953426010867265,0.955267346178592,70525,330,90930,6275,3.616042077580539,0.9951734812852716,0.9960804657328952
82,200000,RT,FINAL,DOMAIN_OOD_EXACT,0.0025,4.062500000000001,0.9217267996414764,0.0061458485157654,0.996341445779648,0.9575828329997776,68900,253,40913,5851,6.145848515765437,0.9966088816980424,0.997051851851852
82,200000,RT,FINAL,TEMPLATE_OOD_EXACT,0.0025,4.062500000000001,0.9208663526890212,0.0035435468689441,0.9951238838265322,0.9565561284274668,65306,320,89985,5612,3.543546868944134,0.9952886267240534,0.995943141568756
82,200000,RT,FINAL,DOMAIN_TEMPLATE_OOD_EXACT,0.0025,4.062500000000001,0.9245102999638598,0.0059872922776148,0.9961836817346336,0.9590096946158518,63953,245,40675,5222,5.987292277614858,0.9967230028578784,0.9969924812030077
82,200000,RT,FINAL,LATE_TEST_Q4,0.0025,4.062500000000001,0.92889472133694,0.0105876124933827,0.9971251149954,0.9618013671089668,34684,100,9345,2655,10.587612493382744,0.997914547558985,0.9977802770214276
82,200000,RT,DEV,DEV,0.005,1.7919921875000002,0.9799,0.0054,0.9945194357048616,0.987155593613056,9799,54,9946,201,5.4,0.9992199950969622,0.9994524148505092
82,200000,RT,FINAL,OFFICIAL_TEST,0.005,1.7919921875000002,0.9495442708333334,0.0068376068376068,0.9915158601748494,0.9700762891672045,72925,624,90636,3875,6.837606837606837,0.9951734812852716,0.9960804657328952
82,200000,RT,FINAL,DOMAIN_OOD_EXACT,0.005,1.7919921875000002,0.9517865981725996,0.0123159889228975,0.9929243308119574,0.9719203579112736,71147,507,40659,3604,12.315988922897535,0.9966088816980424,0.997051851851852
82,200000,RT,FINAL,TEMPLATE_OOD_EXACT,0.005,1.7919921875000002,0.952635438111622,0.0067105918830629,0.9911098070857478,0.9714918430002228,67559,606,89699,3359,6.710591883062953,0.9952886267240534,0.995943141568756
82,200000,RT,FINAL,DOMAIN_TEMPLATE_OOD_EXACT,0.005,1.7919921875000002,0.9551282977954464,0.0120478983382209,0.9925935941349678,0.9735006151511356,66071,493,40427,3104,12.04789833822092,0.9967230028578784,0.9969924812030077
82,200000,RT,FINAL,LATE_TEST_Q4,0.005,1.7919921875000002,0.9522483194515118,0.0138697723663313,0.996329195505366,0.9737901569304084,35556,131,9314,1783,13.869772366331391,0.997914547558985,0.9977802770214276
82,200000,RT,DEV,DEV,0.01,-0.8002929687499999,0.9871,0.0094,0.9905669844455596,0.9888304532932632,9871,94,9906,129,9.4,0.9992199950969622,0.9994524148505092
82,200000,RT,FINAL,OFFICIAL_TEST,0.01,-0.8002929687499999,0.9637760416666666,0.0131492439184746,0.9840463718790716,0.9738057335315556,74018,1200,90060,2782,13.149243918474689,0.9951734812852716,0.9960804657328952
82,200000,RT,FINAL,DOMAIN_OOD_EXACT,0.01,-0.8002929687499999,0.9653382563443969,0.0243161832580284,0.9863178469403098,0.9757152901725352,72160,1001,40165,2591,24.31618325802847,0.9966088816980424,0.997051851851852
82,200000,RT,FINAL,TEMPLATE_OOD_EXACT,0.01,-0.8002929687499999,0.966567021066584,0.0129782404075078,0.9831896613548674,0.974807483094776,68547,1172,89133,2371,12.97824040750789,0.9952886267240534,0.995943141568756
82,200000,RT,FINAL,DOMAIN_TEMPLATE_OOD_EXACT,0.01,-0.8002929687499999,0.9684423563426092,0.0239247311827957,0.9855967986347118,0.9769442783602876,66992,979,39941,2183,23.9247311827957,0.9967230028578784,0.9969924812030077
82,200000,RT,FINAL,LATE_TEST_Q4,0.01,-0.8002929687499999,0.9648356945820724,0.0242456326098464,0.9936836298441596,0.9790472049351848,36026,229,9216,1313,24.24563260984648,0.997914547558985,0.9977802770214276
82,200000,RT,DEV,DEV,0.02,-3.263671875,0.9938,0.02,0.9802722430459656,0.9869897705829777,9938,200,9800,62,20.0,0.9992199950969622,0.9994524148505092
82,200000,RT,FINAL,OFFICIAL_TEST,0.02,-3.263671875,0.9758463541666668,0.025235590620206,0.9701869304059652,0.9730084129621936,74945,2303,88957,1855,25.235590620206004,0.9951734812852716,0.9960804657328952
82,200000,RT,FINAL,DOMAIN_OOD_EXACT,0.02,-3.263671875,0.9773113403165176,0.0461060098139241,0.9746774645444478,0.9759926254475496,73055,1898,39268,1696,46.10600981392411,0.9966088816980424,0.997051851851852
82,200000,RT,FINAL,TEMPLATE_OOD_EXACT,0.02,-3.263671875,0.9773682280944188,0.0247494601627816,0.9687622295521888,0.9730462004969608,69313,2235,88070,1605,24.749460162781684,0.9952886267240534,0.995943141568756
82,200000,RT,FINAL,DOMAIN_TEMPLATE_OOD_EXACT,0.02,-3.263671875,0.9790820383086376,0.0456011730205278,0.973187343736529,0.9761257917834676,67728,1866,39054,1447,45.60117302052786,0.9967230028578784,0.9969924812030077
82,200000,RT,FINAL,LATE_TEST_Q4,0.02,-3.263671875,0.9743431800530276,0.0427739544732662,0.989017262471116,0.9816253844908532,36381,404,9041,958,42.77395447326628,0.997914547558985,0.9977802770214276
