system,rep,budget,use_dom,mode,scenario,target_fpr,threshold,tpr,fpr,precision,f1,tp,fp,tn,fn,fp_per_1000,fpr_ci_lo,fpr_ci_hi,AP,AUC,P_at_R90,FPR_at_TPR90,FPR_at_TPR95
DUAL_RUT_20000,RUT,20000,False,url,OFFICIAL_TEST,0.0001,1.7558593750000002,0.20649739583333335,0.00010957703265395574,0.9993698405696642,0.34227195718093434,15859,10,91250,60941,0.10957703265395574,5.254765691075914e-05,0.00020150680090776042,0.9878110671257059,0.9883628089130644,0.9823257796405485,0.013631382862152094,0.05039447731755424
DUAL_RUT_20000,RUT,20000,False,url,DOMAIN_OOD_EXACT,0.0001,1.7558593750000002,0.2118232532006261,0.0002429189136666181,0.9993688462509467,0.3495557149953088,15834,10,41156,58917,0.24291891366661808,0.00011649501082428655,0.0004466910053269789,0.9909551632807996,0.9829319788441704,0.9863949567512095,0.02254287518826216,0.07336151192731866
DUAL_RUT_20000,RUT,20000,False,url,TEMPLATE_OOD_EXACT,0.0001,1.7558593750000002,0.2132462844411856,0.00011073583965450419,0.9993391924932267,0.35148923312919084,15123,10,90295,55795,0.11073583965450419,5.310337564936145e-05,0.0002036376912756663,0.9873509686355317,0.9885729981474379,0.9818637706128477,0.013055755495266042,0.04787110348264216
DUAL_RUT_20000,RUT,20000,False,url,DOMAIN_TEMPLATE_OOD_EXACT,0.0001,1.7558593750000002,0.2183303216479942,0.00024437927663734115,0.9993383180043671,0.3583665527714503,15103,10,40910,54072,0.24437927663734116,0.00011719538338530166,0.0004493761158050493,0.9906489548624264,0.9834454289682089,0.9859395781873456,0.021700879765395895,0.0689149560117302
DUAL_RUT_20000,RUT,20000,False,url,LATE_TEST_Q4,0.0001,1.7558593750000002,0.2518278475588527,0.0,1.0,0.40233622865944974,9403,0,9445,27936,0.0,0.0,0.0003904880016567448,0.9970414071664416,0.9885797943784652,0.9953226761397277,0.01672842773954473,0.04690312334568555
DUAL_RUT_20000,RUT,20000,False,url,OFFICIAL_TEST,0.0005,1.7236328125000002,0.45733072916666667,0.0004492658338812185,0.9988340348083267,0.6273980922439355,35123,41,91219,41677,0.4492658338812185,0.00032241960620037674,0.0006094310068397188,0.9878110671257059,0.9883628089130644,0.9823257796405485,0.013631382862152094,0.05039447731755424
DUAL_RUT_20000,RUT,20000,False,url,DOMAIN_OOD_EXACT,0.0005,1.7236328125000002,0.46550547818758276,0.0009230918719331487,0.9989091431032008,0.6350628729947256,34797,38,41128,39954,0.9230918719331488,0.0006533149798790112,0.0012667978134869443,0.9909551632807996,0.9829319788441704,0.9863949567512095,0.02254287518826216,0.07336151192731866
DUAL_RUT_20000,RUT,20000,False,url,TEMPLATE_OOD_EXACT,0.0005,1.7236328125000002,0.4610959135903438,0.00045401694258346713,0.9987477474725879,0.6309148264984227,32700,41,90264,38218,0.45401694258346714,0.00032582948119898775,0.0006158753840813637,0.9873509686355317,0.9885729981474379,0.9818637706128477,0.013055755495266042,0.04787110348264216
DUAL_RUT_20000,RUT,20000,False,url,DOMAIN_TEMPLATE_OOD_EXACT,0.0005,1.7236328125000002,0.4689700036140224,0.0009286412512218964,0.9988300132393239,0.6382631278651111,32441,38,40882,36734,0.9286412512218963,0.0006572430186648248,0.0012744121421869438,0.9906489548624264,0.9834454289682089,0.9859395781873456,0.021700879765395895,0.0689149560117302
DUAL_RUT_20000,RUT,20000,False,url,LATE_TEST_Q4,0.0005,1.7236328125000002,0.4616620691502183,0.00042350449973530967,0.9997680083516993,0.6316483758084316,17238,4,9441,20101,0.4235044997353097,0.00011540239267044071,0.0010839814822113754,0.9970414071664416,0.9885797943784652,0.9953226761397277,0.01672842773954473,0.04690312334568555
DUAL_RUT_20000,RUT,20000,False,url,OFFICIAL_TEST,0.001,1.6972656250000002,0.5713151041666666,0.0007999123383738768,0.9983390216154722,0.7267412008281574,43877,73,91187,32923,0.7999123383738769,0.0006270543674770203,0.0010056661356818845,0.9878110671257059,0.9883628089130644,0.9823257796405485,0.013631382862152094,0.05039447731755424
DUAL_RUT_20000,RUT,20000,False,url,DOMAIN_OOD_EXACT,0.001,1.6972656250000002,0.5812631269146901,0.0016032648301996793,0.9984833164812943,0.734778086871232,43450,66,41100,31301,1.6032648301996792,0.0012401751933328196,0.002039300703697264,0.9909551632807996,0.9829319788441704,0.9863949567512095,0.02254287518826216,0.07336151192731866
DUAL_RUT_20000,RUT,20000,False,url,TEMPLATE_OOD_EXACT,0.001,1.6972656250000002,0.5739163540991004,0.0008083716294778805,0.998209643400206,0.7288077928589334,40701,73,90232,30217,0.8083716294778805,0.0006336861812919339,0.0010163002226656317,0.9873509686355317,0.9885729981474379,0.9818637706128477,0.013055755495266042,0.04787110348264216
DUAL_RUT_20000,RUT,20000,False,url,DOMAIN_TEMPLATE_OOD_EXACT,0.001,1.6972656250000002,0.5837658113480304,0.0016129032258064516,0.9983682753164557,0.7367432017003731,40382,66,40854,28793,1.6129032258064515,0.0012476320644825671,0.0020515577357929932,0.9906489548624264,0.9834454289682089,0.9859395781873456,0.021700879765395895,0.0689149560117302
DUAL_RUT_20000,RUT,20000,False,url,LATE_TEST_Q4,0.001,1.6972656250000002,0.5412303489648893,0.000741132874536792,0.9996537396121884,0.7022500217183564,20209,7,9438,17130,0.741132874536792,0.00029802412010012313,0.0015264170052670643,0.9970414071664416,0.9885797943784652,0.9953226761397277,0.01672842773954473,0.04690312334568555
DUAL_RUT_20000,RUT,20000,False,url,OFFICIAL_TEST,0.0025,1.5830078125000002,0.7337890625,0.0029585798816568047,0.9952317880794702,0.844744238336144,56355,270,90990,20445,2.9585798816568047,0.0026166060122232793,0.003332725238362398,0.9878110671257059,0.9883628089130644,0.9823257796405485,0.013631382862152094,0.05039447731755424
DUAL_RUT_20000,RUT,20000,False,url,DOMAIN_OOD_EXACT,0.0025,1.5830078125000002,0.7417559631309281,0.00551425934023223,0.9959226928189101,0.8502511021659958,55447,227,40939,19304,5.51425934023223,0.004821818485324132,0.006277781805780503,0.9909551632807996,0.9829319788441704,0.9863949567512095,0.02254287518826216,0.07336151192731866
DUAL_RUT_20000,RUT,20000,False,url,TEMPLATE_OOD_EXACT,0.0025,1.5830078125000002,0.735201218308469,0.00291235258291346,0.9949811075913133,0.8455887122932209,52139,263,90042,18779,2.91235258291346,0.0025714034745512224,0.003285824933030068,0.9873509686355317,0.9885729981474379,0.9818637706128477,0.013055755495266042,0.04787110348264216
DUAL_RUT_20000,RUT,20000,False,url,DOMAIN_TEMPLATE_OOD_EXACT,0.0025,1.5830078125000002,0.7438814600650524,0.005449657869012707,0.9956850680133899,0.8515588799894089,51458,223,40697,17717,5.449657869012707,0.00475940668719709,0.006211441045742166,0.9906489548624264,0.9834454289682089,0.9859395781873456,0.021700879765395895,0.0689149560117302
DUAL_RUT_20000,RUT,20000,False,url,LATE_TEST_Q4,0.0025,1.5830078125000002,0.6909397680709178,0.0021175224986765486,0.9992253766605987,0.816966971721714,25799,20,9425,11540,2.1175224986765486,0.0012939026011061713,0.0032684564884044925,0.9970414071664416,0.9885797943784652,0.9953226761397277,0.01672842773954473,0.04690312334568555
DUAL_RUT_20000,RUT,20000,False,url,OFFICIAL_TEST,0.005,1.4267578125000002,0.8107942708333333,0.005150120534735919,0.9925086469341239,0.8924960047011947,62269,470,90790,14531,5.150120534735919,0.004696024837456062,0.0056360921643508624,0.9878110671257059,0.9883628089130644,0.9823257796405485,0.013631382862152094,0.05039447731755424
DUAL_RUT_20000,RUT,20000,False,url,DOMAIN_OOD_EXACT,0.005,1.4267578125000002,0.8182231675830424,0.00954671330709809,0.9936155695626746,0.8974300659540596,61163,393,40773,13588,9.54671330709809,0.008629948498303933,0.010533616152560248,0.9909551632807996,0.9829319788441704,0.9863949567512095,0.02254287518826216,0.07336151192731866
DUAL_RUT_20000,RUT,20000,False,url,TEMPLATE_OOD_EXACT,0.005,1.4267578125000002,0.8115711102963986,0.005093848624107192,0.9920710161165216,0.8927892781522186,57555,460,89845,13363,5.093848624107192,0.004639959876094924,0.005579959340104915,0.9873509686355317,0.9885729981474379,0.9818637706128477,0.013055755495266042,0.04787110348264216
DUAL_RUT_20000,RUT,20000,False,url,DOMAIN_TEMPLATE_OOD_EXACT,0.005,1.4267578125000002,0.8194868088182147,0.009457478005865102,0.9932194480946124,0.8980277227722773,56688,387,40533,12487,9.457478005865102,0.008542408822891225,0.010443128700713313,0.9906489548624264,0.9834454289682089,0.9859395781873456,0.021700879765395895,0.0689149560117302
DUAL_RUT_20000,RUT,20000,False,url,LATE_TEST_Q4,0.005,1.4267578125000002,0.7831222046653633,0.005187930121757544,0.9983270740867191,0.8777259151420552,29241,49,9396,8098,5.187930121757543,0.0038404507330677034,0.00685298507682251,0.9970414071664416,0.9885797943784652,0.9953226761397277,0.01672842773954473,0.04690312334568555
DUAL_RUT_20000,RUT,20000,False,url,OFFICIAL_TEST,0.01,0.9707031250000001,0.8913020833333334,0.012031558185404339,0.9842127965492451,0.9354560983942604,68452,1098,90162,8348,12.03155818540434,0.011334262443266043,0.01276012202139827,0.9878110671257059,0.9883628089130644,0.9823257796405485,0.013631382862152094,0.05039447731755424
DUAL_RUT_20000,RUT,20000,False,url,DOMAIN_OOD_EXACT,0.01,0.9707031250000001,0.8991050286952683,0.02229995627459554,0.9865251662336518,0.9407886448578507,67209,918,40248,7542,22.29995627459554,0.02089520603002807,0.023772632095260482,0.9909551632807996,0.9829319788441704,0.9863949567512095,0.02254287518826216,0.07336151192731866
DUAL_RUT_20000,RUT,20000,False,url,TEMPLATE_OOD_EXACT,0.01,0.9707031250000001,0.8937787303646465,0.0119262499307901,0.9832924823927275,0.9364012409513962,63385,1077,89228,7533,11.9262499307901,0.011228415199927077,0.01265569331358943,0.9873509686355317,0.9885729981474379,0.9818637706128477,0.013055755495266042,0.04787110348264216
DUAL_RUT_20000,RUT,20000,False,url,DOMAIN_TEMPLATE_OOD_EXACT,0.01,0.9707031250000001,0.9018720636067944,0.022067448680351907,0.9857323431821773,0.9419393802136413,62387,903,40017,6788,22.067448680351905,0.020665873432033254,0.023537397267382673,0.9906489548624264,0.9834454289682089,0.9859395781873456,0.021700879765395895,0.0689149560117302
DUAL_RUT_20000,RUT,20000,False,url,LATE_TEST_Q4,0.01,0.9707031250000001,0.8905166180133373,0.014293276866066702,0.9959563889055293,0.9402898550724639,33251,135,9310,4088,14.293276866066702,0.011997242435167279,0.01689556401282871,0.9970414071664416,0.9885797943784652,0.9953226761397277,0.01672842773954473,0.04690312334568555
DUAL_RUT_20000,RUT,20000,False,url,OFFICIAL_TEST,0.02,0.25097656250000006,0.9230989583333333,0.02229892614507999,0.9720961483086289,0.9469641819553994,70894,2035,89225,5906,22.29892614507999,0.021350681383258355,0.023277700225050484,0.9878110671257059,0.9883628089130644,0.9823257796405485,0.013631382862152094,0.05039447731755424
DUAL_RUT_20000,RUT,20000,False,url,DOMAIN_OOD_EXACT,0.02,0.25097656250000006,0.9304357132346056,0.042000680172958264,0.9757435465768799,0.95255117064185,69551,1729,39437,5200,42.00068017295826,0.04008318642669535,0.04398310775139464,0.9909551632807996,0.9829319788441704,0.9863949567512095,0.02254287518826216,0.07336151192731866
DUAL_RUT_20000,RUT,20000,False,url,TEMPLATE_OOD_EXACT,0.02,0.25097656250000006,0.9248286753715559,0.021914622667626376,0.970710120474795,0.9472141185985384,65587,1979,88326,5331,21.914622667626375,0.02096958845808973,0.022890537067097583,0.9873509686355317,0.9885729981474379,0.9818637706128477,0.013055755495266042,0.04787110348264216
DUAL_RUT_20000,RUT,20000,False,url,DOMAIN_TEMPLATE_OOD_EXACT,0.02,0.25097656250000006,0.9324322370798699,0.041348973607038125,0.9744383847234602,0.9529726375509722,64501,1692,39228,4674,41.348973607038126,0.03944031412360514,0.04332305586964461,0.9906489548624264,0.9834454289682089,0.9859395781873456,0.021700879765395895,0.0689149560117302
DUAL_RUT_20000,RUT,20000,False,url,LATE_TEST_Q4,0.02,0.25097656250000006,0.9284126516510887,0.028163049232398093,0.9923852055421962,0.959333619294046,34666,266,9179,2673,28.163049232398095,0.024919831686021913,0.031701432643701045,0.9970414071664416,0.9885797943784652,0.9953226761397277,0.01672842773954473,0.04690312334568555
DUAL_RUT_20000,RUT,20000,False,text,OFFICIAL_TEST,0.0001,1.7763671875000002,0.03380208333333334,2.1915406530791147e-05,0.9992301770592764,0.06539207536713772,2596,2,91258,74204,0.021915406530791146,2.6540684216739374e-06,7.916371753137014e-05,0.8926824320769515,0.9033662367622955,0.7434607107294667,0.26254657023887795,0.43286215209292134
DUAL_RUT_20000,RUT,20000,False,text,DOMAIN_OOD_EXACT,0.0001,1.7763671875000002,0.03459485491832885,2.429189136666181e-05,0.9996134518747584,0.06687527476790195,2586,1,41165,72165,0.024291891366661808,6.150172520731849e-07,0.00013533824089104776,0.9326671538597046,0.8879318647046806,0.8406399206299994,0.3121508040616042,0.48063936258077056
DUAL_RUT_20000,RUT,20000,False,text,TEMPLATE_OOD_EXACT,0.0001,1.7763671875000002,0.0361544318790716,2.2147167930900837e-05,0.9992205767731879,0.06978389853573566,2564,2,90303,68354,0.022147167930900838,2.6821360367281235e-06,8.000087121329501e-05,0.8819666283045657,0.8992278736764303,0.7250332208933865,0.26809146780355464,0.45636454238414265
DUAL_RUT_20000,RUT,20000,False,text,DOMAIN_TEMPLATE_OOD_EXACT,0.0001,1.7763671875000002,0.036993133357426815,2.4437927663734115e-05,0.999609375,0.07134592597755628,2559,1,40919,66616,0.024437927663734114,6.187145687204483e-07,0.0001361518124328687,0.9247166218103872,0.8823815853017039,0.8295726996643401,0.312683284457478,0.5035190615835777
DUAL_RUT_20000,RUT,20000,False,text,LATE_TEST_Q4,0.0001,1.7763671875000002,0.04119017649106832,0.0,1.0,0.07912133137844998,1538,0,9445,35801,0.0,0.0,0.0003904880016567448,0.9655606649902434,0.8948906766415574,0.9328911215342344,0.2560084700899947,0.3419798835362626
DUAL_RUT_20000,RUT,20000,False,text,OFFICIAL_TEST,0.0005,1.7675781250000002,0.09330729166666667,0.000591715976331361,0.9925207756232687,0.1705784337062604,7166,54,91206,69634,0.591715976331361,0.0004445455398816368,0.0007719913705150312,0.8926824320769515,0.9033662367622955,0.7434607107294667,0.26254657023887795,0.43286215209292134
DUAL_RUT_20000,RUT,20000,False,text,DOMAIN_OOD_EXACT,0.0005,1.7675781250000002,0.09527631737368061,0.0009716756546664724,0.9944149678860653,0.1738918120444862,7122,40,41126,67629,0.9716756546664723,0.0006942672476939622,0.00132291390461017,0.9326671538597046,0.8879318647046806,0.8406399206299994,0.3121508040616042,0.48063936258077056
DUAL_RUT_20000,RUT,20000,False,text,TEMPLATE_OOD_EXACT,0.0005,1.7675781250000002,0.09635071491017795,0.0005536791982725209,0.9927357257010024,0.17565326923818458,6833,50,90255,64085,0.5536791982725209,0.00041097842979516094,0.0007298926551961603,0.8819666283045657,0.8992278736764303,0.7250332208933865,0.26809146780355464,0.45636454238414265
DUAL_RUT_20000,RUT,20000,False,text,DOMAIN_TEMPLATE_OOD_EXACT,0.0005,1.7675781250000002,0.09846042645464402,0.0009775171065493646,0.9941614362866735,0.17917554520821824,6811,40,40880,62364,0.9775171065493646,0.0006984415269513857,0.001330865499492807,0.9247166218103872,0.8823815853017039,0.8295726996643401,0.312683284457478,0.5035190615835777
DUAL_RUT_20000,RUT,20000,False,text,LATE_TEST_Q4,0.0005,1.7675781250000002,0.09652106376710679,0.002541026998411858,0.9933847850055126,0.175946493519174,3604,24,9421,33735,2.541026998411858,0.001628741543235621,0.0037785025335086856,0.9655606649902434,0.8948906766415574,0.9328911215342344,0.2560084700899947,0.3419798835362626
DUAL_RUT_20000,RUT,20000,False,text,OFFICIAL_TEST,0.001,1.7626953125000002,0.12515625,0.000821827744904668,0.9922576649117374,0.22227618023517984,9612,75,91185,67188,0.821827744904668,0.0006464728210024248,0.001030060868024288,0.8926824320769515,0.9033662367622955,0.7434607107294667,0.26254657023887795,0.43286215209292134
DUAL_RUT_20000,RUT,20000,False,text,DOMAIN_OOD_EXACT,0.001,1.7626953125000002,0.12758357747722437,0.0013603459165330613,0.9941624100906912,0.2261453096841506,9537,56,41110,65214,1.3603459165330614,0.0010277492451561416,0.001766163495961223,0.9326671538597046,0.8879318647046806,0.8406399206299994,0.3121508040616042,0.48063936258077056
DUAL_RUT_20000,RUT,20000,False,text,TEMPLATE_OOD_EXACT,0.001,1.7626953125000002,0.12284610395104205,0.0007751508775815293,0.9920291505351856,0.2186198243412798,8712,70,90235,62206,0.7751508775815293,0.0006043164329742705,0.0009792564941739272,0.8819666283045657,0.8992278736764303,0.7250332208933865,0.26809146780355464,0.45636454238414265
DUAL_RUT_20000,RUT,20000,False,text,DOMAIN_TEMPLATE_OOD_EXACT,0.001,1.7626953125000002,0.12547885796891942,0.0013440860215053765,0.9937034917000572,0.22282120395327945,8680,55,40865,60495,1.3440860215053765,0.0010127050812112903,0.0017491579910612772,0.9247166218103872,0.8823815853017039,0.8295726996643401,0.312683284457478,0.5035190615835777
DUAL_RUT_20000,RUT,20000,False,text,LATE_TEST_Q4,0.001,1.7626953125000002,0.12788237499665228,0.002964531498147168,0.9941703102227775,0.22661477860566653,4775,28,9417,32564,2.964531498147168,0.0019707859616686614,0.00428174476969615,0.9655606649902434,0.8948906766415574,0.9328911215342344,0.2560084700899947,0.3419798835362626
DUAL_RUT_20000,RUT,20000,False,text,OFFICIAL_TEST,0.0025,1.7382812500000002,0.19744791666666667,0.0023449484987946526,0.9860840161269346,0.3290156002516869,15164,214,91046,61636,2.3449484987946527,0.002041574188888055,0.0026806124704249292,0.8926824320769515,0.9033662367622955,0.7434607107294667,0.26254657023887795,0.43286215209292134
DUAL_RUT_20000,RUT,20000,False,text,DOMAIN_OOD_EXACT,0.0025,1.7382812500000002,0.1978970181000923,0.003959578292765875,0.9891013640010698,0.3298070384696846,14793,163,41003,59958,3.959578292765875,0.0033759900814081967,0.004614746839436984,0.9326671538597046,0.8879318647046806,0.8406399206299994,0.3121508040616042,0.48063936258077056
DUAL_RUT_20000,RUT,20000,False,text,TEMPLATE_OOD_EXACT,0.0025,1.7382812500000002,0.1926309258580332,0.002225790377055534,0.9854999278603376,0.3222694031611229,13661,201,90104,57257,2.225790377055534,0.001928980339615967,0.0025552623372012426,0.8819666283045657,0.8992278736764303,0.7250332208933865,0.26809146780355464,0.45636454238414265
DUAL_RUT_20000,RUT,20000,False,text,DOMAIN_TEMPLATE_OOD_EXACT,0.0025,1.7382812500000002,0.1945500542103361,0.003787878787878788,0.9886138250202012,0.32511958254819545,13458,155,40765,55717,3.787878787878788,0.0032159156357922203,0.004431923681504482,0.9247166218103872,0.8823815853017039,0.8295726996643401,0.312683284457478,0.5035190615835777
DUAL_RUT_20000,RUT,20000,False,text,LATE_TEST_Q4,0.0025,1.7382812500000002,0.20011248292669861,0.0065643197458973,0.9917706397663923,0.3330287700844605,7472,62,9383,29867,6.564319745897301,0.005036421561052054,0.008407366576794001,0.9655606649902434,0.8948906766415574,0.9328911215342344,0.2560084700899947,0.3419798835362626
DUAL_RUT_20000,RUT,20000,False,text,OFFICIAL_TEST,0.005,1.7333984375000002,0.20955729166666667,0.002651764190225729,0.9851860920666013,0.3456021302181756,16094,242,91018,60706,2.651764190225729,0.002328525875513545,0.0030072296707075747,0.8926824320769515,0.9033662367622955,0.7434607107294667,0.26254657023887795,0.43286215209292134
DUAL_RUT_20000,RUT,20000,False,text,DOMAIN_OOD_EXACT,0.005,1.7333984375000002,0.20973632459766425,0.004445416120099111,0.9884622659353131,0.3460468812077871,15678,183,40983,59073,4.445416120099111,0.003825793018967564,0.0051364482559533515,0.9326671538597046,0.8879318647046806,0.8406399206299994,0.3121508040616042,0.48063936258077056
DUAL_RUT_20000,RUT,20000,False,text,TEMPLATE_OOD_EXACT,0.005,1.7333984375000002,0.20415127330155955,0.0025247771441226953,0.9844961240310077,0.3381762122769317,14478,228,90077,56440,2.5247771441226954,0.0022080056919666245,0.0028741454326185615,0.8819666283045657,0.8992278736764303,0.7250332208933865,0.26809146780355464,0.45636454238414265
DUAL_RUT_20000,RUT,20000,False,text,DOMAIN_TEMPLATE_OOD_EXACT,0.005,1.7333984375000002,0.2057679797614745,0.004252199413489736,0.9879233759022765,0.3405955756553366,14234,174,40746,54941,4.252199413489736,0.0036449088525716735,0.0049313999872051305,0.9247166218103872,0.8823815853017039,0.8295726996643401,0.312683284457478,0.5035190615835777
DUAL_RUT_20000,RUT,20000,False,text,LATE_TEST_Q4,0.005,1.7333984375000002,0.21141433889498915,0.007199576495500265,0.9914594323034414,0.348513277852586,7894,68,9377,29445,7.199576495500265,0.005594964104986726,0.009118372310480616,0.9655606649902434,0.8948906766415574,0.9328911215342344,0.2560084700899947,0.3419798835362626
DUAL_RUT_20000,RUT,20000,False,text,OFFICIAL_TEST,0.01,1.6728515625000002,0.29544270833333336,0.007264957264957265,0.9716096433006466,0.45310674667758327,22690,663,90597,54110,7.264957264957265,0.0067241992606087994,0.00783737905022932,0.8926824320769515,0.9033662367622955,0.7434607107294667,0.26254657023887795,0.43286215209292134
DUAL_RUT_20000,RUT,20000,False,text,DOMAIN_OOD_EXACT,0.01,1.6728515625000002,0.29249107035357386,0.011320021376864402,0.9791312136139723,0.45042799311914794,21864,466,40700,52887,11.320021376864402,0.01032050648324216,0.01238932678402166,0.9326671538597046,0.8879318647046806,0.8406399206299994,0.3121508040616042,0.48063936258077056
DUAL_RUT_20000,RUT,20000,False,text,TEMPLATE_OOD_EXACT,0.01,1.6728515625000002,0.27568459347415325,0.0070095786501301145,0.9686385255648038,0.4292112138043073,19551,633,89672,51367,7.0095786501301145,0.006475785176711156,0.007575396936512738,0.8819666283045657,0.8992278736764303,0.7250332208933865,0.26809146780355464,0.45636454238414265
DUAL_RUT_20000,RUT,20000,False,text,DOMAIN_TEMPLATE_OOD_EXACT,0.01,1.6728515625000002,0.2736537766534152,0.010874877810361682,0.9770322580645161,0.42755505364201013,18930,445,40475,50245,10.874877810361681,0.009892595494676068,0.011927458988856427,0.9247166218103872,0.8823815853017039,0.8295726996643401,0.312683284457478,0.5035190615835777
DUAL_RUT_20000,RUT,20000,False,text,LATE_TEST_Q4,0.01,1.6728515625000002,0.27534213556870835,0.015775542615140286,0.9857142857142858,0.4304465238962507,10281,149,9296,27058,15.775542615140285,0.01335983154632458,0.018496169927055536,0.9655606649902434,0.8948906766415574,0.9328911215342344,0.2560084700899947,0.3419798835362626
DUAL_RUT_20000,RUT,20000,False,text,OFFICIAL_TEST,0.02,1.5498046875000002,0.42059895833333333,0.016283147052377822,0.956019888717888,0.5841863493326582,32302,1486,89774,44498,16.28314705237782,0.015471939810089513,0.017125306613582483,0.8926824320769515,0.9033662367622955,0.7434607107294667,0.26254657023887795,0.43286215209292134
DUAL_RUT_20000,RUT,20000,False,text,DOMAIN_OOD_EXACT,0.02,1.5498046875000002,0.41838905165148293,0.025020648107661664,0.9681163906516019,0.5842736511732177,31275,1030,40136,43476,25.020648107661664,0.023533296968241305,0.02657549712747029,0.9326671538597046,0.8879318647046806,0.8406399206299994,0.3121508040616042,0.48063936258077056
DUAL_RUT_20000,RUT,20000,False,text,TEMPLATE_OOD_EXACT,0.02,1.5498046875000002,0.39781155700950394,0.015968108078179503,0.9513724961219397,0.5610309032335044,28212,1442,88863,42706,15.968108078179503,0.015160579570066725,0.016806940685537557,0.8819666283045657,0.8992278736764303,0.7250332208933865,0.26809146780355464,0.45636454238414265
DUAL_RUT_20000,RUT,20000,False,text,DOMAIN_TEMPLATE_OOD_EXACT,0.02,1.5498046875000002,0.3966750993856162,0.024413489736070382,0.9648721825661943,0.5622144364537873,27440,999,39921,41735,24.41348973607038,0.022939792056901356,0.02595518859962819,0.9247166218103872,0.8823815853017039,0.8295726996643401,0.312683284457478,0.5035190615835777
DUAL_RUT_20000,RUT,20000,False,text,LATE_TEST_Q4,0.02,1.5498046875000002,0.3955381772409545,0.0347273689782954,0.9782738292375969,0.5633152795789153,14769,328,9117,22570,34.727368978295395,0.03112613418361292,0.03861909493663494,0.9655606649902434,0.8948906766415574,0.9328911215342344,0.2560084700899947,0.3419798835362626
DUAL_RUT_20000,RUT,20000,False,gated,OFFICIAL_TEST,0.0001,9.000000000000002,0.36950520833333333,0.00026298487836949375,0.9991549890852757,0.5394954468546226,28378,24,91236,48422,0.26298487836949375,0.0001685064116879131,0.00039127554750454746,0.9893381149237048,0.9896081891282461,0.9878533253308183,0.009314047775586237,0.024611001534078455
DUAL_RUT_20000,RUT,20000,False,gated,DOMAIN_OOD_EXACT,0.0001,9.000000000000002,0.37104520340865005,0.00038867026186658894,0.9994234649754973,0.5411744046515711,27736,16,41150,47015,0.38867026186658893,0.0002221744370938496,0.0006310996222976036,0.9927352974553707,0.9865666245330992,0.9900531187004311,0.016421318563863384,0.040033036972258663
DUAL_RUT_20000,RUT,20000,False,gated,TEMPLATE_OOD_EXACT,0.0001,9.000000000000002,0.3685947150229843,0.00026576601517081005,0.999082709065892,0.5385138336663852,26140,24,90281,44778,0.26576601517081005,0.00017028848816282418,0.0003954131248046662,0.9884585973540184,0.9893173054445364,0.9873464715527643,0.009058191683738443,0.023631028182271193
DUAL_RUT_20000,RUT,20000,False,gated,DOMAIN_TEMPLATE_OOD_EXACT,0.0001,9.000000000000002,0.3710589085652331,0.00039100684261974585,0.9993770440741317,0.5411821756501756,25668,16,40904,43507,0.39100684261974583,0.0002235101854389877,0.0006348931600948771,0.9921171922020753,0.986294334922726,0.9896217418944692,0.015957966764418376,0.03848973607038123
DUAL_RUT_20000,RUT,20000,False,gated,LATE_TEST_Q4,0.0001,9.000000000000002,0.3745681459064249,0.000741132874536792,0.9994997498749375,0.5449232447596041,13986,7,9438,23353,0.741132874536792,0.00029802412010012313,0.0015264170052670643,0.9964507579724461,0.9867350193711855,0.9959695344219541,0.01439915299100053,0.03112758073054526
DUAL_RUT_20000,RUT,20000,False,gated,OFFICIAL_TEST,0.0005,8.398437500000002,0.4511328125,0.0005259697567389875,0.9986165153480329,0.6214987219157809,34647,48,91212,42153,0.5259697567389875,0.00038783324765205357,0.0006972998257038648,0.9893381149237048,0.9896081891282461,0.9878533253308183,0.009314047775586237,0.024611001534078455
DUAL_RUT_20000,RUT,20000,False,gated,DOMAIN_OOD_EXACT,0.0005,8.398437500000002,0.45341199448836805,0.0007287567409998542,0.9991156442531616,0.6237554520860555,33893,30,41136,40858,0.7287567409998542,0.0004917414362802722,0.0010401834705557206,0.9927352974553707,0.9865666245330992,0.9900531187004311,0.016421318563863384,0.040033036972258663
DUAL_RUT_20000,RUT,20000,False,gated,TEMPLATE_OOD_EXACT,0.0005,8.398437500000002,0.4452466228602047,0.0005204584463761697,0.9985137399993675,0.6158707248807793,31576,47,90258,39342,0.5204584463761697,0.00038243757225925226,0.0006920399999623435,0.9884585973540184,0.9893173054445364,0.9873464715527643,0.009058191683738443,0.023631028182271193
DUAL_RUT_20000,RUT,20000,False,gated,DOMAIN_TEMPLATE_OOD_EXACT,0.0005,8.398437500000002,0.44829779544633175,0.0007086999022482893,0.9990657216494845,0.6188893878161952,31011,29,40891,38164,0.7086999022482894,0.00047467720895723174,0.001017653957882661,0.9921171922020753,0.986294334922726,0.9896217418944692,0.015957966764418376,0.03848973607038123
DUAL_RUT_20000,RUT,20000,False,gated,LATE_TEST_Q4,0.0005,8.398437500000002,0.46910736763169875,0.0015881418740074113,0.9991443728252809,0.6384545288864588,17516,15,9430,19823,1.5881418740074114,0.0008891348384130677,0.0026180478326420184,0.9964507579724461,0.9867350193711855,0.9959695344219541,0.01439915299100053,0.03112758073054526
DUAL_RUT_20000,RUT,20000,False,gated,OFFICIAL_TEST,0.001,7.578125000000001,0.53921875,0.0010409818102125794,0.9977112294311803,0.700076918525531,41412,95,91165,35388,1.0409818102125794,0.0008422955616787287,0.0012723989171843475,0.9893381149237048,0.9896081891282461,0.9878533253308183,0.009314047775586237,0.024611001534078455
DUAL_RUT_20000,RUT,20000,False,gated,DOMAIN_OOD_EXACT,0.001,7.578125000000001,0.5424810370429827,0.0016275567215663412,0.9983504850066472,0.7029791365098076,40551,67,41099,34200,1.6275567215663413,0.00126154986364338,0.002066485303784884,0.9927352974553707,0.9865666245330992,0.9900531187004311,0.016421318563863384,0.040033036972258663
DUAL_RUT_20000,RUT,20000,False,gated,TEMPLATE_OOD_EXACT,0.001,7.578125000000001,0.5307256267802251,0.0010409168927523393,0.9975087458920809,0.6928301886792453,37638,94,90211,33280,1.0409168927523393,0.0008412461862549463,0.001273670292804128,0.9884585973540184,0.9893173054445364,0.9873464715527643,0.009058191683738443,0.023631028182271193
DUAL_RUT_20000,RUT,20000,False,gated,DOMAIN_TEMPLATE_OOD_EXACT,0.001,7.578125000000001,0.5347741235995663,0.0016129032258064516,0.9982190560997328,0.6964436997571399,36993,66,40854,32182,1.6129032258064515,0.0012476320644825671,0.0020515577357929932,0.9921171922020753,0.986294334922726,0.9896217418944692,0.015957966764418376,0.03848973607038123
DUAL_RUT_20000,RUT,20000,False,gated,LATE_TEST_Q4,0.001,7.578125000000001,0.5678513082835641,0.002752779248279513,0.9987752602571953,0.7240472613031007,21203,26,9419,16136,2.7527792482795133,0.001798970628547102,0.004030876041398292,0.9964507579724461,0.9867350193711855,0.9959695344219541,0.01439915299100053,0.03112758073054526
DUAL_RUT_20000,RUT,20000,False,gated,OFFICIAL_TEST,0.0025,5.597656250000001,0.6704557291666666,0.0030352838045145736,0.9946492041415547,0.8009924709103353,51491,277,90983,25309,3.035283804514574,0.0026887813099776272,0.003413944727825446,0.9893381149237048,0.9896081891282461,0.9878533253308183,0.009314047775586237,0.024611001534078455
DUAL_RUT_20000,RUT,20000,False,gated,DOMAIN_OOD_EXACT,0.0025,5.597656250000001,0.6757501571885326,0.005319924209298936,0.9956831979815501,0.8050971047871026,50513,219,40947,24238,5.319924209298936,0.004640151113937765,0.006070834479777252,0.9927352974553707,0.9865666245330992,0.9900531187004311,0.016421318563863384,0.040033036972258663
DUAL_RUT_20000,RUT,20000,False,gated,TEMPLATE_OOD_EXACT,0.0025,5.597656250000001,0.6555458416763023,0.0029566469187752614,0.9942896250828753,0.7901423411939665,46490,267,90038,24428,2.9566469187752613,0.002613040815999438,0.0033327684656553804,0.9884585973540184,0.9893173054445364,0.9873464715527643,0.009058191683738443,0.023631028182271193
DUAL_RUT_20000,RUT,20000,False,gated,DOMAIN_TEMPLATE_OOD_EXACT,0.0025,5.597656250000001,0.6614239248283339,0.0052052785923753665,0.9953662409989775,0.79474040749683,45754,213,40707,23421,5.205278592375366,0.004531141594897906,0.005951018882940613,0.9921171922020753,0.986294334922726,0.9896217418944692,0.015957966764418376,0.03848973607038123
DUAL_RUT_20000,RUT,20000,False,gated,LATE_TEST_Q4,0.0025,5.597656250000001,0.7045180642223948,0.005611434621492853,0.9979893015668273,0.8259599987440736,26306,53,9392,11033,5.611434621492853,0.004206091589418399,0.007333546391872705,0.9964507579724461,0.9867350193711855,0.9959695344219541,0.01439915299100053,0.03112758073054526
DUAL_RUT_20000,RUT,20000,False,gated,OFFICIAL_TEST,0.005,3.6250000000000004,0.795234375,0.006004821389436774,0.991107072149557,0.882431983355247,61074,548,90712,15726,6.004821389436774,0.005513851307061697,0.006527576767985241,0.9893381149237048,0.9896081891282461,0.9878533253308183,0.009314047775586237,0.024611001534078455
DUAL_RUT_20000,RUT,20000,False,gated,DOMAIN_OOD_EXACT,0.005,3.6250000000000004,0.8007250739120547,0.0110042267890978,0.9924885587318432,0.8863533714894972,59855,453,40713,14896,11.0042267890978,0.010018930879036471,0.012059373374341984,0.9927352974553707,0.9865666245330992,0.9900531187004311,0.016421318563863384,0.040033036972258663
DUAL_RUT_20000,RUT,20000,False,gated,TEMPLATE_OOD_EXACT,0.005,3.6250000000000004,0.7874869567669703,0.005802557997896019,0.9907044402263575,0.8774835217497191,55847,524,89781,15071,5.802557997896019,0.00531756997368494,0.006319690827601813,0.9884585973540184,0.9893173054445364,0.9873464715527643,0.009058191683738443,0.023631028182271193
DUAL_RUT_20000,RUT,20000,False,gated,DOMAIN_TEMPLATE_OOD_EXACT,0.005,3.6250000000000004,0.7934080231297435,0.010654936461388074,0.9921185827910339,0.8817060926141612,54884,436,40484,14291,10.654936461388074,0.0096827744476207,0.011697440130706683,0.9921171922020753,0.986294334922726,0.9896217418944692,0.015957966764418376,0.03848973607038123
DUAL_RUT_20000,RUT,20000,False,gated,LATE_TEST_Q4,0.005,3.6250000000000004,0.820830766758617,0.00942297511911064,0.9971045611295465,0.9004215814445407,30649,89,9356,6690,9.42297511911064,0.0075740630479439585,0.01158316434085325,0.9964507579724461,0.9867350193711855,0.9959695344219541,0.01439915299100053,0.03112758073054526
DUAL_RUT_20000,RUT,20000,False,gated,OFFICIAL_TEST,0.01,1.6835937500000002,0.9187239583333333,0.010771422309883849,0.9862596273465565,0.9512946521865162,70558,983,90277,6242,10.77142230988385,0.010111809701808607,0.01146240152413368,0.9893381149237048,0.9896081891282461,0.9878533253308183,0.009314047775586237,0.024611001534078455
DUAL_RUT_20000,RUT,20000,False,gated,DOMAIN_OOD_EXACT,0.01,1.6835937500000002,0.9240946609409908,0.020016518486129332,0.9882118996866998,0.955078395044659,69077,824,40342,5674,20.016518486129332,0.018685356264170654,0.02141597194899587,0.9927352974553707,0.9865666245330992,0.9900531187004311,0.016421318563863384,0.040033036972258663
DUAL_RUT_20000,RUT,20000,False,gated,TEMPLATE_OOD_EXACT,0.01,1.6835937500000002,0.9186384274796243,0.010442389679419744,0.9857317940415488,0.9510032187666503,65148,943,89362,5770,10.442389679419744,0.009789616068614799,0.011126889946431122,0.9884585973540184,0.9893173054445364,0.9873464715527643,0.009058191683738443,0.023631028182271193
DUAL_RUT_20000,RUT,20000,False,gated,DOMAIN_TEMPLATE_OOD_EXACT,0.01,1.6835937500000002,0.9243079147090711,0.01940371456500489,0.9877342313812121,0.9549690832511873,63939,794,40126,5236,19.40371456500489,0.01808918429699814,0.02078704906772187,0.9921171922020753,0.986294334922726,0.9896217418944692,0.015957966764418376,0.03848973607038123
DUAL_RUT_20000,RUT,20000,False,gated,LATE_TEST_Q4,0.01,1.6835937500000002,0.9218779292428828,0.016199047114875596,0.9955748373101952,0.9573101204216148,34422,153,9292,2917,16.199047114875597,0.013750233086119952,0.01895240619379355,0.9964507579724461,0.9867350193711855,0.9959695344219541,0.01439915299100053,0.03112758073054526
DUAL_RUT_20000,RUT,20000,False,gated,OFFICIAL_TEST,0.02,-0.45458984374999994,0.9479817708333333,0.023328950252027175,0.9715883310646702,0.959639896134024,72805,2129,89131,3995,23.328950252027173,0.022359313115454218,0.024329045905674807,0.9893381149237048,0.9896081891282461,0.9878533253308183,0.009314047775586237,0.024611001534078455
DUAL_RUT_20000,RUT,20000,False,gated,DOMAIN_OOD_EXACT,0.02,-0.45458984374999994,0.9517197094353252,0.04246222610892484,0.9760186582521608,0.9637160409371381,71142,1748,39418,3609,42.46222610892484,0.04053455141151966,0.04445476643314364,0.9927352974553707,0.9865666245330992,0.9900531187004311,0.016421318563863384,0.040033036972258663
DUAL_RUT_20000,RUT,20000,False,gated,TEMPLATE_OOD_EXACT,0.02,-0.45458984374999994,0.9483205956174737,0.022656552793311555,0.9704757644410453,0.9592702739325475,67253,2046,88259,3665,22.656552793311555,0.021695833286396033,0.02364810079287316,0.9884585973540184,0.9893173054445364,0.9873464715527643,0.009058191683738443,0.023631028182271193
DUAL_RUT_20000,RUT,20000,False,gated,DOMAIN_TEMPLATE_OOD_EXACT,0.02,-0.45458984374999994,0.9524539212143115,0.041593352883675466,0.9748180150322543,0.9635062114753259,65886,1702,39218,3289,41.593352883675465,0.039679230520228245,0.04357286164409166,0.9921171922020753,0.986294334922726,0.9896217418944692,0.015957966764418376,0.03848973607038123
DUAL_RUT_20000,RUT,20000,False,gated,LATE_TEST_Q4,0.02,-0.45458984374999994,0.9526500441897212,0.03440974060349391,0.9909460664140851,0.9714207687581075,35571,325,9120,1768,34.40974060349391,0.03082492527573353,0.03828526909198051,0.9964507579724461,0.9867350193711855,0.9959695344219541,0.01439915299100053,0.03112758073054526
DUAL_RUT_20000,RUT,20000,False,equal,OFFICIAL_TEST,0.0001,9.046875000000002,0.3561197916666667,0.0002520271751040982,0.999159755963906,0.5250880746450616,27350,23,91237,49450,0.2520271751040982,0.00015977010533508538,0.00037814065610281597,0.9891007197934025,0.9894113314922108,0.9874630531320948,0.009620863467017312,0.025750602673679596
DUAL_RUT_20000,RUT,20000,False,equal,DOMAIN_OOD_EXACT,0.0001,9.046875000000002,0.357613944963947,0.00038867026186658894,0.9994018244354718,0.5267441058532597,26732,16,41150,48019,0.38867026186658893,0.0002221744370938496,0.0006310996222976036,0.9925567208301218,0.986298511284188,0.9895597447284064,0.017247242870329884,0.041004712626925136
DUAL_RUT_20000,RUT,20000,False,equal,TEMPLATE_OOD_EXACT,0.0001,9.046875000000002,0.3557911954651851,0.0002546924312053596,0.9990892892496536,0.5247210755617481,25232,23,90282,45686,0.2546924312053596,0.0001614597871904532,0.000382139341755183,0.9882117027023746,0.9891247716580783,0.9869495299356754,0.009346104866840153,0.024782680914678036
DUAL_RUT_20000,RUT,20000,False,equal,DOMAIN_TEMPLATE_OOD_EXACT,0.0001,9.046875000000002,0.35826526924466934,0.00039100684261974585,0.9993548126940602,0.5274437610402877,24783,16,40904,44392,0.39100684261974583,0.0002235101854389877,0.0006348931600948771,0.9919302730080697,0.9860353158524872,0.9890881367238997,0.016788856304985337,0.03932062561094819
DUAL_RUT_20000,RUT,20000,False,equal,LATE_TEST_Q4,0.0001,9.046875000000002,0.36077559656123626,0.000741132874536792,0.9994806351090666,0.5301769093020052,13471,7,9438,23868,0.741132874536792,0.00029802412010012313,0.0015264170052670643,0.9963756978866757,0.9864967732791333,0.9958298828818171,0.014928533615669667,0.031021704605611433
DUAL_RUT_20000,RUT,20000,False,equal,OFFICIAL_TEST,0.0005,8.429687500000002,0.4415234375,0.0005150120534735919,0.9986158558134056,0.612318971432699,33909,47,91213,42891,0.5150120534735919,0.0003784352620217409,0.0006847986887354517,0.9891007197934025,0.9894113314922108,0.9874630531320948,0.009620863467017312,0.025750602673679596
DUAL_RUT_20000,RUT,20000,False,equal,DOMAIN_OOD_EXACT,0.0005,8.429687500000002,0.4436729943412128,0.0007287567409998542,0.9990962494351558,0.6144739036184759,33165,30,41136,41586,0.7287567409998542,0.0004917414362802722,0.0010401834705557206,0.9925567208301218,0.986298511284188,0.9895597447284064,0.017247242870329884,0.041004712626925136
DUAL_RUT_20000,RUT,20000,False,equal,TEMPLATE_OOD_EXACT,0.0005,8.429687500000002,0.4359683014185397,0.0005093848624107192,0.9985144038237954,0.6069374374276123,30918,46,90259,40000,0.5093848624107192,0.0003729571230215583,0.0006793902446256809,0.9882117027023746,0.9891247716580783,0.9869495299356754,0.009346104866840153,0.024782680914678036
DUAL_RUT_20000,RUT,20000,False,equal,DOMAIN_TEMPLATE_OOD_EXACT,0.0005,8.429687500000002,0.4389157932779183,0.0007086999022482893,0.9990457701293146,0.6098869091858666,30362,29,40891,38813,0.7086999022482894,0.00047467720895723174,0.001017653957882661,0.9919302730080697,0.9860353158524872,0.9890881367238997,0.016788856304985337,0.03932062561094819
DUAL_RUT_20000,RUT,20000,False,equal,LATE_TEST_Q4,0.0005,8.429687500000002,0.4583411446476874,0.0015881418740074113,0.9991242921361434,0.6284056693838583,17114,15,9430,20225,1.5881418740074114,0.0008891348384130677,0.0026180478326420184,0.9963756978866757,0.9864967732791333,0.9958298828818171,0.014928533615669667,0.031021704605611433
DUAL_RUT_20000,RUT,20000,False,equal,OFFICIAL_TEST,0.001,7.585937500000001,0.5150651041666666,0.0010628972167433706,0.9975538407222474,0.6793583732632626,39557,97,91163,37243,1.0628972167433706,0.0008620199527923436,0.0012964928948628256,0.9891007197934025,0.9894113314922108,0.9874630531320948,0.009620863467017312,0.025750602673679596
DUAL_RUT_20000,RUT,20000,False,equal,DOMAIN_OOD_EXACT,0.001,7.585937500000001,0.5177589597463579,0.0016761405042996648,0.9982203652120086,0.6818530165693295,38703,69,41097,36048,1.6761405042996647,0.0013043642158764273,0.0021207908517482583,0.9925567208301218,0.986298511284188,0.9895597447284064,0.017247242870329884,0.041004712626925136
DUAL_RUT_20000,RUT,20000,False,equal,TEMPLATE_OOD_EXACT,0.001,7.585937500000001,0.5060210383823571,0.0010630640606832402,0.9973319993329999,0.6713938260056128,35886,96,90209,35032,1.0630640606832402,0.0008611675227157528,0.00129803052697024,0.9882117027023746,0.9891247716580783,0.9869495299356754,0.009346104866840153,0.024782680914678036
DUAL_RUT_20000,RUT,20000,False,equal,DOMAIN_TEMPLATE_OOD_EXACT,0.001,7.585937500000001,0.5095337911095049,0.0016617790811339198,0.9980744726037095,0.6746482917025554,35247,68,40852,33928,1.66177908113392,0.0012906604309136829,0.002106232180045606,0.9919302730080697,0.9860353158524872,0.9890881367238997,0.016788856304985337,0.03932062561094819
DUAL_RUT_20000,RUT,20000,False,equal,LATE_TEST_Q4,0.001,7.585937500000001,0.5451136881009132,0.002752779248279513,0.9987242394504416,0.7052790242381192,20354,26,9419,16985,2.7527792482795133,0.001798970628547102,0.004030876041398292,0.9963756978866757,0.9864967732791333,0.9958298828818171,0.014928533615669667,0.031021704605611433
DUAL_RUT_20000,RUT,20000,False,equal,OFFICIAL_TEST,0.0025,5.554687500000001,0.66546875,0.0029914529914529917,0.9946867519121855,0.7974348772438973,51108,273,90987,25692,2.9914529914529915,0.0026475311150257895,0.003367540720460855,0.9891007197934025,0.9894113314922108,0.9874630531320948,0.009620863467017312,0.025750602673679596
DUAL_RUT_20000,RUT,20000,False,equal,DOMAIN_OOD_EXACT,0.0025,5.554687500000001,0.6706933686505866,0.005247048535198951,0.9957101149927509,0.8015059711275598,50135,216,40950,24616,5.247048535198951,0.004572086325043838,0.005993169154036889,0.9925567208301218,0.986298511284188,0.9895597447284064,0.017247242870329884,0.041004712626925136
DUAL_RUT_20000,RUT,20000,False,equal,TEMPLATE_OOD_EXACT,0.0025,5.554687500000001,0.6505541611438563,0.00291235258291346,0.9943317743916895,0.786518577870215,46136,263,90042,24782,2.91235258291346,0.0025714034745512224,0.003285824933030068,0.9882117027023746,0.9891247716580783,0.9869495299356754,0.009346104866840153,0.024782680914678036
DUAL_RUT_20000,RUT,20000,False,equal,DOMAIN_TEMPLATE_OOD_EXACT,0.0025,5.554687500000001,0.6563642934586195,0.005131964809384164,0.995396150304731,0.7910862539093467,45404,210,40710,23771,5.131964809384164,0.0044627366540620625,0.005872818148767021,0.9919302730080697,0.9860353158524872,0.9890881367238997,0.016788856304985337,0.03932062561094819
DUAL_RUT_20000,RUT,20000,False,equal,LATE_TEST_Q4,0.0025,5.554687500000001,0.7023219689868502,0.005611434621492853,0.9979830269817711,0.8244466800804827,26224,53,9392,11115,5.611434621492853,0.004206091589418399,0.007333546391872705,0.9963756978866757,0.9864967732791333,0.9958298828818171,0.014928533615669667,0.031021704605611433
DUAL_RUT_20000,RUT,20000,False,equal,OFFICIAL_TEST,0.005,3.5664062500000004,0.780078125,0.005895244356782819,0.9910997882477501,0.8730181860573559,59910,538,90722,16890,5.895244356782818,0.005408845483659294,0.006413439703667872,0.9891007197934025,0.9894113314922108,0.9874630531320948,0.009620863467017312,0.025750602673679596
DUAL_RUT_20000,RUT,20000,False,equal,DOMAIN_OOD_EXACT,0.005,3.5664062500000004,0.7855814637931265,0.01073701598406452,0.9925293670244232,0.8770124555691627,58723,442,40724,16028,10.73701598406452,0.009763916965586912,0.011780017114208464,0.9925567208301218,0.986298511284188,0.9895597447284064,0.017247242870329884,0.041004712626925136
DUAL_RUT_20000,RUT,20000,False,equal,TEMPLATE_OOD_EXACT,0.005,3.5664062500000004,0.7712428438478243,0.005680748574276064,0.9907078684248659,0.8673072958787245,54695,513,89792,16223,5.680748574276064,0.005200962377902239,0.006192692417052402,0.9882117027023746,0.9891247716580783,0.9869495299356754,0.009346104866840153,0.024782680914678036
DUAL_RUT_20000,RUT,20000,False,equal,DOMAIN_TEMPLATE_OOD_EXACT,0.005,3.5664062500000004,0.7772172027466571,0.010361681329423266,0.9921753893851037,0.8716389841362484,53764,424,40496,15411,10.361681329423266,0.009403182157896582,0.011390579778906193,0.9919302730080697,0.9860353158524872,0.9890881367238997,0.016788856304985337,0.03932062561094819
DUAL_RUT_20000,RUT,20000,False,equal,LATE_TEST_Q4,0.005,3.5664062500000004,0.8118589142719409,0.009634727368978295,0.9970070712053939,0.8949574870099197,30314,91,9354,7025,9.634727368978295,0.007764173936724427,0.011816309135296497,0.9963756978866757,0.9864967732791333,0.9958298828818171,0.014928533615669667,0.031021704605611433
DUAL_RUT_20000,RUT,20000,False,equal,OFFICIAL_TEST,0.01,1.5429687500000002,0.91796875,0.010935787858864782,0.9860415675962964,0.9507882776571498,70500,998,90262,6300,10.935787858864781,0.010271135323048346,0.011631793973182637,0.9891007197934025,0.9894113314922108,0.9874630531320948,0.009620863467017312,0.025750602673679596
DUAL_RUT_20000,RUT,20000,False,equal,DOMAIN_OOD_EXACT,0.01,1.5429687500000002,0.9233990180733368,0.020308021182529272,0.988033380569989,0.9546234060797167,69025,836,40330,5726,20.308021182529274,0.018967224482220737,0.021717062037736896,0.9925567208301218,0.986298511284188,0.9895597447284064,0.017247242870329884,0.041004712626925136
DUAL_RUT_20000,RUT,20000,False,equal,TEMPLATE_OOD_EXACT,0.01,1.5429687500000002,0.9178910854790039,0.010564199103039698,0.9855561779890687,0.9505209283988113,65095,954,89351,5823,10.564199103039698,0.009907606647191017,0.011252508350807553,0.9882117027023746,0.9891247716580783,0.9869495299356754,0.009346104866840153,0.024782680914678036
DUAL_RUT_20000,RUT,20000,False,equal,DOMAIN_TEMPLATE_OOD_EXACT,0.01,1.5429687500000002,0.9236284784965667,0.01964809384164223,0.9875726474588846,0.9545308543299147,63892,804,40116,5283,19.64809384164223,0.0183253233642132,0.021039628579089347,0.9919302730080697,0.9860353158524872,0.9890881367238997,0.016788856304985337,0.03932062561094819
DUAL_RUT_20000,RUT,20000,False,equal,LATE_TEST_Q4,0.01,1.5429687500000002,0.9213422962586036,0.01630492323980942,0.9955434656788981,0.9570067459489533,34402,154,9291,2937,16.304923239809423,0.01384790448933344,0.01906639490647127,0.9963756978866757,0.9864967732791333,0.9958298828818171,0.014928533615669667,0.031021704605611433
DUAL_RUT_20000,RUT,20000,False,equal,OFFICIAL_TEST,0.02,-0.5395507812499999,0.946796875,0.023208415516107823,0.971696600384862,0.959085153529598,72714,2118,89142,4086,23.208415516107824,0.022241255249617377,0.02420604256652587,0.9891007197934025,0.9894113314922108,0.9874630531320948,0.009620863467017312,0.025750602673679596
DUAL_RUT_20000,RUT,20000,False,equal,DOMAIN_OOD_EXACT,0.02,-0.5395507812499999,0.9508501558507578,0.04219501530389156,0.9761446974482929,0.9633314132755058,71077,1737,39429,3674,42.19501530389156,0.04027322712918395,0.04418170858642287,0.9925567208301218,0.986298511284188,0.9895597447284064,0.017247242870329884,0.041004712626925136
DUAL_RUT_20000,RUT,20000,False,equal,TEMPLATE_OOD_EXACT,0.02,-0.5395507812499999,0.9472207338052399,0.02252366978572615,0.9706107587163519,0.9587731129618132,67175,2034,88271,3743,22.52366978572615,0.021565739173428106,0.023512438135199282,0.9882117027023746,0.9891247716580783,0.9869495299356754,0.009346104866840153,0.024782680914678036
DUAL_RUT_20000,RUT,20000,False,equal,DOMAIN_TEMPLATE_OOD_EXACT,0.02,-0.5395507812499999,0.951658836284785,0.04130009775171065,0.9749707498407902,0.9631737578275882,65831,1690,39230,3344,41.30009775171065,0.0393925330391502,0.04327309252172661,0.9919302730080697,0.9860353158524872,0.9890881367238997,0.016788856304985337,0.03932062561094819
DUAL_RUT_20000,RUT,20000,False,equal,LATE_TEST_Q4,0.02,-0.5395507812499999,0.9522215378022979,0.0339862361037586,0.9910525142156317,0.9712490609847709,35555,321,9124,1784,33.9862361037586,0.03042344431865648,0.03784003761538564,0.9963756978866757,0.9864967732791333,0.9958298828818171,0.014928533615669667,0.031021704605611433
TRI_RUT_20000,RUT,20000,True,url,OFFICIAL_TEST,0.0001,2.6738281250000004,0.2748567708333333,0.00010957703265395574,0.9995264927316634,0.4311522789244171,21109,10,91250,55691,0.10957703265395574,5.254765691075914e-05,0.00020150680090776042,0.9882157577914056,0.9884571711461985,0.9830525343001351,0.013061582292351524,0.043754109138724524
TRI_RUT_20000,RUT,20000,True,url,DOMAIN_OOD_EXACT,0.0001,2.6738281250000004,0.2817219836523926,0.0002429189136666181,0.9995253690255826,0.4395533291588395,21059,10,41156,53692,0.24291891366661808,0.00011649501082428655,0.0004466910053269789,0.9912166880071582,0.9829765391635786,0.9870307067091152,0.02147403196812904,0.06935334985181946
TRI_RUT_20000,RUT,20000,True,url,TEMPLATE_OOD_EXACT,0.0001,2.6738281250000004,0.28396175865083617,0.00011073583965450419,0.9995036728211237,0.4422726374277996,20138,10,90295,50780,0.11073583965450419,5.310337564936145e-05,0.0002036376912756663,0.9877669557204357,0.9886563097765643,0.9828332127295961,0.012347046121477216,0.041016555008028345
TRI_RUT_20000,RUT,20000,True,url,DOMAIN_TEMPLATE_OOD_EXACT,0.0001,2.6738281250000004,0.29062522587640044,0.00024437927663734115,0.9995028338470717,0.450313028480552,20104,10,40910,49071,0.24437927663734116,0.00011719538338530166,0.0004493761158050493,0.9909231928863766,0.9834840806375658,0.9866719492868463,0.020552297165200392,0.06463831867057673
TRI_RUT_20000,RUT,20000,True,url,LATE_TEST_Q4,0.0001,2.6738281250000004,0.2941964166153352,0.00021175224986765483,0.9998179666879039,0.45462070107188673,10985,2,9443,26354,0.21175224986765484,2.5645208655171814e-05,0.0007647103975401616,0.9969024752548705,0.988206115939078,0.9951763731060606,0.01725780836421387,0.04351508734780307
TRI_RUT_20000,RUT,20000,True,url,OFFICIAL_TEST,0.0005,2.6425781250000004,0.5685286458333333,0.0006136313828621521,0.9987190923854617,0.7245828458583294,43663,56,91204,33137,0.6136313828621521,0.0004635628072350015,0.0007967783858558126,0.9882157577914056,0.9884571711461985,0.9830525343001351,0.013061582292351524,0.043754109138724524
TRI_RUT_20000,RUT,20000,True,url,DOMAIN_OOD_EXACT,0.0005,2.6425781250000004,0.5791895760591832,0.0012145945683330905,0.9988464644134272,0.733217043761008,43295,50,41116,31456,1.2145945683330905,0.0009016257322838223,0.0016009818613583076,0.9912166880071582,0.9829765391635786,0.9870307067091152,0.02147403196812904,0.06935334985181946
TRI_RUT_20000,RUT,20000,True,url,TEMPLATE_OOD_EXACT,0.0005,2.6425781250000004,0.5708987845116895,0.0006201207020652234,0.998618750462472,0.7264783197710409,40487,56,90249,30431,0.6201207020652234,0.0004684654551148779,0.0008052037542677854,0.9877669557204357,0.9886563097765643,0.9828332127295961,0.012347046121477216,0.041016555008028345
TRI_RUT_20000,RUT,20000,True,url,DOMAIN_TEMPLATE_OOD_EXACT,0.0005,2.6425781250000004,0.5813805565594506,0.0012218963831867058,0.9987582884247647,0.7349463642842784,40217,50,40870,28958,1.2218963831867058,0.000907046850888363,0.0016106046592981745,0.9909231928863766,0.9834840806375658,0.9866719492868463,0.020552297165200392,0.06463831867057673
TRI_RUT_20000,RUT,20000,True,url,LATE_TEST_Q4,0.0005,2.6425781250000004,0.5243846916093093,0.0009528851244044468,0.9995405584766961,0.6878864530635189,19580,9,9436,17759,0.9528851244044468,0.00043580939416321487,0.001808098649943385,0.9969024752548705,0.988206115939078,0.9951763731060606,0.01725780836421387,0.04351508734780307
TRI_RUT_20000,RUT,20000,True,url,OFFICIAL_TEST,0.001,2.6132812500000004,0.6385286458333334,0.0010190664036817882,0.9981071399495237,0.7788171394085698,49039,93,91167,27761,1.0190664036817882,0.0008225944605897157,0.0012482819990121761,0.9882157577914056,0.9884571711461985,0.9830525343001351,0.013061582292351524,0.043754109138724524
TRI_RUT_20000,RUT,20000,True,url,DOMAIN_OOD_EXACT,0.001,2.6132812500000004,0.6466268009792511,0.001894767526599621,0.9983888957739497,0.7848983071489465,48336,78,41088,26415,1.894767526599621,0.0014980144062411995,0.002364199754032235,0.9912166880071582,0.9829765391635786,0.9870307067091152,0.02147403196812904,0.06935334985181946
TRI_RUT_20000,RUT,20000,True,url,TEMPLATE_OOD_EXACT,0.001,2.6132812500000004,0.6382864716997095,0.0010187697248214384,0.9979716918735394,0.7785957549279301,45266,92,90213,25652,1.0187697248214385,0.0008213487633290182,0.0012492865076920415,0.9877669557204357,0.9886563097765643,0.9828332127295961,0.012347046121477216,0.041016555008028345
TRI_RUT_20000,RUT,20000,True,url,DOMAIN_TEMPLATE_OOD_EXACT,0.001,2.6132812500000004,0.6471268521864836,0.001881720430107527,0.9982828598189197,0.7852337809274056,44765,77,40843,24410,1.881720430107527,0.0014853009112546672,0.00235127470575308,0.9909231928863766,0.9834840806375658,0.9866719492868463,0.020552297165200392,0.06463831867057673
TRI_RUT_20000,RUT,20000,True,url,LATE_TEST_Q4,0.001,2.6132812500000004,0.5835989180213718,0.0021175224986765486,0.999083031497868,0.7368047337278106,21791,20,9425,15548,2.1175224986765486,0.0012939026011061713,0.0032684564884044925,0.9969024752548705,0.988206115939078,0.9951763731060606,0.01725780836421387,0.04351508734780307
TRI_RUT_20000,RUT,20000,True,url,OFFICIAL_TEST,0.0025,2.4667968750000004,0.7605729166666667,0.0031667762436993208,0.9950767448595425,0.8621633788680527,58412,289,90971,18388,3.1667762436993208,0.0028126427380911995,0.0035530464842336595,0.9882157577914056,0.9884571711461985,0.9830525343001351,0.013061582292351524,0.043754109138724524
TRI_RUT_20000,RUT,20000,True,url,DOMAIN_OOD_EXACT,0.0025,2.4667968750000004,0.7666653288919212,0.005538551231598892,0.9960373324990875,0.866427793904209,57309,228,40938,17442,5.538551231598892,0.004844542962697058,0.006303634269092018,0.9912166880071582,0.9829765391635786,0.9870307067091152,0.02147403196812904,0.06935334985181946
TRI_RUT_20000,RUT,20000,True,url,TEMPLATE_OOD_EXACT,0.0025,2.4667968750000004,0.7605544431597056,0.0031116770942915674,0.9948172193736398,0.8620540851553509,53937,281,90024,16981,3.1116770942915672,0.0027589262145601107,0.00349691696003814,0.9877669557204357,0.9886563097765643,0.9828332127295961,0.012347046121477216,0.041016555008028345
TRI_RUT_20000,RUT,20000,True,url,DOMAIN_TEMPLATE_OOD_EXACT,0.0025,2.4667968750000004,0.7672280448138779,0.005474095796676442,0.9957971367994446,0.8666960611405056,53073,224,40696,16102,5.474095796676441,0.004782253569563995,0.006237463022991928,0.9909231928863766,0.9834840806375658,0.9866719492868463,0.020552297165200392,0.06463831867057673
TRI_RUT_20000,RUT,20000,True,url,LATE_TEST_Q4,0.0025,2.4667968750000004,0.7106778435416053,0.0041291688724192695,0.9985324553151458,0.8303658040491912,26536,39,9406,10803,4.129168872419269,0.0029378409338742043,0.005640430330653427,0.9969024752548705,0.988206115939078,0.9951763731060606,0.01725780836421387,0.04351508734780307
TRI_RUT_20000,RUT,20000,True,url,OFFICIAL_TEST,0.005,2.2011718750000004,0.8317838541666667,0.005599386368617138,0.9920642315815629,0.9048812963907303,63881,511,90749,12919,5.599386368617139,0.005125550230849498,0.0061050497664456044,0.9882157577914056,0.9884571711461985,0.9830525343001351,0.013061582292351524,0.043754109138724524
TRI_RUT_20000,RUT,20000,True,url,DOMAIN_OOD_EXACT,0.005,2.2011718750000004,0.8384770772297361,0.010154010591264636,0.9933750693398843,0.9093771310012623,62677,418,40748,12074,10.154010591264637,0.009208078366106313,0.011169958999780773,0.9912166880071582,0.9829765391635786,0.9870307067091152,0.02147403196812904,0.06935334985181946
TRI_RUT_20000,RUT,20000,True,url,TEMPLATE_OOD_EXACT,0.005,2.2011718750000004,0.8330325164274233,0.005536791982725209,0.9916074995384124,0.9054293267941299,59077,500,89805,11841,5.536791982725209,0.005063227065226214,0.006042529932794804,0.9877669557204357,0.9886563097765643,0.9828332127295961,0.012347046121477216,0.041016555008028345
TRI_RUT_20000,RUT,20000,True,url,DOMAIN_TEMPLATE_OOD_EXACT,0.005,2.2011718750000004,0.840115648717022,0.010043988269794722,0.9929774800943171,0.9101729822006092,58115,411,40509,11060,10.043988269794722,0.009100517341706199,0.011057921678895128,0.9909231928863766,0.9834840806375658,0.9866719492868463,0.020552297165200392,0.06463831867057673
TRI_RUT_20000,RUT,20000,True,url,LATE_TEST_Q4,0.005,2.2011718750000004,0.8047082139318139,0.0076230809952355745,0.9976094823865335,0.8908357792997124,30047,72,9373,7292,7.623080995235575,0.00596923328249426,0.009590508402887972,0.9969024752548705,0.988206115939078,0.9951763731060606,0.01725780836421387,0.04351508734780307
TRI_RUT_20000,RUT,20000,True,url,OFFICIAL_TEST,0.01,1.4218750000000002,0.8973697916666666,0.012360289283366207,0.9838962967192988,0.9386432044454736,68918,1128,90132,7882,12.360289283366207,0.011653503540957118,0.013098317887663623,0.9882157577914056,0.9884571711461985,0.9830525343001351,0.013061582292351524,0.043754109138724524
TRI_RUT_20000,RUT,20000,True,url,DOMAIN_OOD_EXACT,0.01,1.4218750000000002,0.9047504381212291,0.022980129232862072,0.9862052874870584,0.9437234873855771,67631,946,40220,7120,22.980129232862073,0.021554244023532027,0.024473832367095338,0.9912166880071582,0.9829765391635786,0.9870307067091152,0.02147403196812904,0.06935334985181946
TRI_RUT_20000,RUT,20000,True,url,TEMPLATE_OOD_EXACT,0.01,1.4218750000000002,0.8997997687470036,0.012269531033719062,0.9829328404189772,0.9395309118214344,63812,1108,89197,7106,12.269531033719062,0.011561692155754434,0.013008951856279823,0.9877669557204357,0.9886563097765643,0.9828332127295961,0.012347046121477216,0.041016555008028345
TRI_RUT_20000,RUT,20000,True,url,DOMAIN_TEMPLATE_OOD_EXACT,0.01,1.4218750000000002,0.9074087459342248,0.02275171065493646,0.9853848448219024,0.9447906318673048,62770,931,39989,6405,22.75171065493646,0.021328692442439155,0.024242993037054787,0.9909231928863766,0.9834840806375658,0.9866719492868463,0.020552297165200392,0.06463831867057673
TRI_RUT_20000,RUT,20000,True,url,LATE_TEST_Q4,0.01,1.4218750000000002,0.8938107608666541,0.015881418740074114,0.9955255936045818,0.9419302033501262,33374,150,9295,3965,15.881418740074114,0.013457388763664922,0.01861027175405409,0.9969024752548705,0.988206115939078,0.9951763731060606,0.01725780836421387,0.04351508734780307
TRI_RUT_20000,RUT,20000,True,url,OFFICIAL_TEST,0.02,0.10955810546875001,0.928046875,0.023109796186719263,0.9712603736560239,0.949162022332754,71274,2109,89151,5526,23.109796186719265,0.0221446675836973,0.024105398340975928,0.9882157577914056,0.9884571711461985,0.9830525343001351,0.013061582292351524,0.043754109138724524
TRI_RUT_20000,RUT,20000,True,url,DOMAIN_OOD_EXACT,0.02,0.10955810546875001,0.9343286377439767,0.043725404459991256,0.9748750732810363,0.9541713060050686,69842,1800,39366,4909,43.72540445999125,0.04177018418229485,0.04574530395398261,0.9912166880071582,0.9829765391635786,0.9870307067091152,0.02147403196812904,0.06935334985181946
TRI_RUT_20000,RUT,20000,True,url,TEMPLATE_OOD_EXACT,0.02,0.10955810546875001,0.9299613638286471,0.022844803720724213,0.9696680095274502,0.9493997063311548,65951,2063,88242,4967,22.84480372072421,0.021880148221407093,0.02384027462687074,0.9877669557204357,0.9886563097765643,0.9828332127295961,0.012347046121477216,0.041016555008028345
TRI_RUT_20000,RUT,20000,True,url,DOMAIN_TEMPLATE_OOD_EXACT,0.02,0.10955810546875001,0.9364365739067583,0.04323069403714565,0.9734172840248245,0.9545688981889451,64778,1769,39151,4397,43.230694037145646,0.04128043193807037,0.045246099153538194,0.9909231928863766,0.9834840806375658,0.9866719492868463,0.020552297165200392,0.06463831867057673
TRI_RUT_20000,RUT,20000,True,url,LATE_TEST_Q4,0.02,0.10955810546875001,0.9315996679075498,0.02869242985706723,0.9922695116385212,0.960977968091719,34785,271,9174,2554,28.692429857067232,0.025418750451683524,0.03226089028308644,0.9969024752548705,0.988206115939078,0.9951763731060606,0.01725780836421387,0.04351508734780307
TRI_RUT_20000,RUT,20000,True,text,OFFICIAL_TEST,0.0001,2.4199218750000004,0.01015625,2.1915406530791147e-05,0.9974424552429667,0.020107756953932614,780,2,91258,76020,0.021915406530791146,2.6540684216739374e-06,7.916371753137014e-05,0.902142411973651,0.9129102340810824,0.765081892881236,0.23276353276353276,0.40707867630944555
TRI_RUT_20000,RUT,20000,True,text,DOMAIN_OOD_EXACT,0.0001,2.4199218750000004,0.010354376530079866,2.429189136666181e-05,0.9987096774193548,0.02049625294600535,774,1,41165,73977,0.024291891366661808,6.150172520731849e-07,0.00013533824089104776,0.9379455475239892,0.8978505793845356,0.8557433290978399,0.27564009133751155,0.45124617402710976
TRI_RUT_20000,RUT,20000,True,text,TEMPLATE_OOD_EXACT,0.0001,2.4199218750000004,0.01061789672579599,2.2147167930900837e-05,0.9973509933774835,0.021012096605416263,753,2,90303,70165,0.022147167930900838,2.6821360367281235e-06,8.000087121329501e-05,0.8925590181500063,0.9093284370680854,0.7449319001435524,0.24201317756491889,0.4233652621671004
TRI_RUT_20000,RUT,20000,True,text,DOMAIN_TEMPLATE_OOD_EXACT,0.0001,2.4199218750000004,0.01084206722081677,2.4437927663734115e-05,0.9986684420772304,0.021451248462660527,750,1,40919,68425,0.024437927663734114,6.187145687204483e-07,0.0001361518124328687,0.9308792431531198,0.8931309334175546,0.8424534300131221,0.2846041055718475,0.46480938416422285
TRI_RUT_20000,RUT,20000,True,text,LATE_TEST_Q4,0.0001,2.4199218750000004,0.011783925654141781,0.0,1.0,0.02329336403822229,440,0,9445,36899,0.0,0.0,0.0003904880016567448,0.9691688857086794,0.905245901262822,0.939670114621191,0.2284806776071996,0.3191106405505558
TRI_RUT_20000,RUT,20000,True,text,OFFICIAL_TEST,0.0005,2.4062500000000004,0.11515625,0.0005259697567389875,0.9946018893387314,0.20641366755356394,8844,48,91212,67956,0.5259697567389875,0.00038783324765205357,0.0006972998257038648,0.902142411973651,0.9129102340810824,0.765081892881236,0.23276353276353276,0.40707867630944555
TRI_RUT_20000,RUT,20000,True,text,DOMAIN_OOD_EXACT,0.0005,2.4062500000000004,0.11753688913860684,0.0008745080891998251,0.9959192926773974,0.2102592942696804,8786,36,41130,65965,0.8745080891998251,0.000612567538388443,0.0012104842885949322,0.9379455475239892,0.8978505793845356,0.8557433290978399,0.27564009133751155,0.45124617402710976
TRI_RUT_20000,RUT,20000,True,text,TEMPLATE_OOD_EXACT,0.0005,2.4062500000000004,0.11376519360388054,0.0004872376944798184,0.9945759368836292,0.20417562950778187,8068,44,90261,62850,0.4872376944798184,0.0003540492781569101,0.0006540392896849653,0.8925590181500063,0.9093284370680854,0.7449319001435524,0.24201317756491889,0.4233652621671004
TRI_RUT_20000,RUT,20000,True,text,DOMAIN_TEMPLATE_OOD_EXACT,0.0005,2.4062500000000004,0.11621250451752801,0.0008797653958944282,0.9955417956656347,0.2081294498381877,8039,36,40884,61136,0.8797653958944281,0.0006162505697269905,0.0012177601625503248,0.9308792431531198,0.8931309334175546,0.8424534300131221,0.2846041055718475,0.46480938416422285
TRI_RUT_20000,RUT,20000,True,text,LATE_TEST_Q4,0.0005,2.4062500000000004,0.10436808698679664,0.0010587612493382743,0.9974404914256463,0.1889637783057751,3897,10,9435,33442,1.0587612493382743,0.0005078302303908118,0.0019462348375257747,0.9691688857086794,0.905245901262822,0.939670114621191,0.2284806776071996,0.3191106405505558
TRI_RUT_20000,RUT,20000,True,text,OFFICIAL_TEST,0.001,2.3984375000000004,0.1567578125,0.0011396011396011395,0.9914353948777073,0.27071270364165817,12039,104,91156,64761,1.1396011396011396,0.0009312286975633303,0.0013806509507706525,0.902142411973651,0.9129102340810824,0.765081892881236,0.23276353276353276,0.40707867630944555
TRI_RUT_20000,RUT,20000,True,text,DOMAIN_OOD_EXACT,0.001,2.3984375000000004,0.15966341587403513,0.0019919350920662685,0.9931763335275027,0.2751014198782961,11935,82,41084,62816,1.9919350920662684,0.001584548985257072,0.00247192235363989,0.9379455475239892,0.8978505793845356,0.8557433290978399,0.27564009133751155,0.45124617402710976
TRI_RUT_20000,RUT,20000,True,text,TEMPLATE_OOD_EXACT,0.001,2.3984375000000004,0.155277926619476,0.0010962848125795914,0.991089910899109,0.268490411927489,11012,99,90206,59906,1.0962848125795914,0.0008910927485175007,0.0013345282971010772,0.8925590181500063,0.9093284370680854,0.7449319001435524,0.24201317756491889,0.4233652621671004
TRI_RUT_20000,RUT,20000,True,text,DOMAIN_TEMPLATE_OOD_EXACT,0.001,2.3984375000000004,0.15833754969280808,0.0019794721407624632,0.9926590538336052,0.27311149621613534,10953,81,40839,58222,1.9794721407624631,0.001572287872771627,0.002459711449265726,0.9308792431531198,0.8931309334175546,0.8424534300131221,0.2846041055718475,0.46480938416422285
TRI_RUT_20000,RUT,20000,True,text,LATE_TEST_Q4,0.001,2.3984375000000004,0.15798494871314175,0.002435150873478031,0.9961161769672408,0.27271676567809344,5899,23,9422,31440,2.435150873478031,0.0015442836630799835,0.0036516949376624915,0.9691688857086794,0.905245901262822,0.939670114621191,0.2284806776071996,0.3191106405505558
TRI_RUT_20000,RUT,20000,True,text,OFFICIAL_TEST,0.0025,2.3750000000000004,0.21888020833333333,0.0028599605522682445,0.984710913244684,0.3581510796731685,16810,261,90999,59990,2.8599605522682445,0.0025238971511623875,0.0032282127057922092,0.902142411973651,0.9129102340810824,0.765081892881236,0.23276353276353276,0.40707867630944555
TRI_RUT_20000,RUT,20000,True,text,DOMAIN_OOD_EXACT,0.0025,2.3750000000000004,0.22014421211756363,0.004979837730165671,0.9876958165776364,0.360040257296635,16456,205,40961,58295,4.979837730165671,0.004322812308176587,0.005708101432151294,0.9379455475239892,0.8978505793845356,0.8557433290978399,0.27564009133751155,0.45124617402710976
TRI_RUT_20000,RUT,20000,True,text,TEMPLATE_OOD_EXACT,0.0025,2.3750000000000004,0.20948137285315435,0.0027683959913626043,0.983450284655104,0.3453919836324747,14856,250,90055,56062,2.7683959913626044,0.002436225933960789,0.003133115438306762,0.8925590181500063,0.9093284370680854,0.7449319001435524,0.24201317756491889,0.4233652621671004
TRI_RUT_20000,RUT,20000,True,text,DOMAIN_TEMPLATE_OOD_EXACT,0.0025,2.3750000000000004,0.21178171304662088,0.004838709677419355,0.9866648706896551,0.3487140425835783,14650,198,40722,54525,4.838709677419355,0.0041894820929144275,0.005559652563567393,0.9308792431531198,0.8931309334175546,0.8424534300131221,0.2846041055718475,0.46480938416422285
TRI_RUT_20000,RUT,20000,True,text,LATE_TEST_Q4,0.0025,2.3750000000000004,0.22343929939205656,0.006776071995764955,0.9923872963007018,0.3647532024657894,8343,64,9381,28996,6.776071995764955,0.005222197626686839,0.008644764510559663,0.9691688857086794,0.905245901262822,0.939670114621191,0.2284806776071996,0.3191106405505558
TRI_RUT_20000,RUT,20000,True,text,OFFICIAL_TEST,0.005,2.3398437500000004,0.27001302083333334,0.006147271531886917,0.9736594985444643,0.42278130033232075,20737,561,90699,56063,6.147271531886917,0.00565042188181294,0.006675892115376246,0.902142411973651,0.9129102340810824,0.765081892881236,0.23276353276353276,0.40707867630944555
TRI_RUT_20000,RUT,20000,True,text,DOMAIN_OOD_EXACT,0.005,2.3398437500000004,0.2693743227515351,0.00993538356896468,0.9800924799221221,0.42259905977165885,20136,409,40757,54615,9.93538356896468,0.00899984545176542,0.010940981356971536,0.9379455475239892,0.8978505793845356,0.8557433290978399,0.27564009133751155,0.45124617402710976
TRI_RUT_20000,RUT,20000,True,text,TEMPLATE_OOD_EXACT,0.005,2.3398437500000004,0.2490481965086438,0.006046176845135929,0.9700131810193322,0.3963377690011894,17662,546,89759,53256,6.046176845135928,0.005550949222277557,0.0065735240471074576,0.8925590181500063,0.9093284370680854,0.7449319001435524,0.24201317756491889,0.4233652621671004
TRI_RUT_20000,RUT,20000,True,text,DOMAIN_TEMPLATE_OOD_EXACT,0.005,2.3398437500000004,0.24943982652692448,0.009775171065493646,0.9773435287453979,0.3974432799723598,17255,400,40520,51920,9.775171065493646,0.008844608631466832,0.010776250139440344,0.9308792431531198,0.8931309334175546,0.8424534300131221,0.2846041055718475,0.46480938416422285
TRI_RUT_20000,RUT,20000,True,text,LATE_TEST_Q4,0.005,2.3398437500000004,0.26379924475749217,0.014610905240868183,0.986183420104125,0.41625287890633256,9850,138,9307,27489,14.610905240868183,0.01228869983193974,0.01723907166023042,0.9691688857086794,0.905245901262822,0.939670114621191,0.2284806776071996,0.3191106405505558
TRI_RUT_20000,RUT,20000,True,text,OFFICIAL_TEST,0.01,2.3066406250000004,0.30669270833333334,0.00878807801884725,0.9670717687633438,0.46569654790620424,23554,802,90458,53246,8.78807801884725,0.008192719384656832,0.009414965923212584,0.902142411973651,0.9129102340810824,0.765081892881236,0.23276353276353276,0.40707867630944555
TRI_RUT_20000,RUT,20000,True,text,DOMAIN_OOD_EXACT,0.01,2.3066406250000004,0.30493237548661556,0.014065005101297186,0.9752278269798486,0.464595817536994,22794,579,40587,51957,14.065005101297187,0.012949677184183675,0.015249623424662946,0.9379455475239892,0.8978505793845356,0.8557433290978399,0.27564009133751155,0.45124617402710976
TRI_RUT_20000,RUT,20000,True,text,TEMPLATE_OOD_EXACT,0.01,2.3066406250000004,0.28774077103133194,0.008659542660982227,0.9630923164055125,0.44309816950035824,20406,782,89523,50512,8.659542660982227,0.008065532008894791,0.009285429076858849,0.8925590181500063,0.9093284370680854,0.7449319001435524,0.24201317756491889,0.4233652621671004
TRI_RUT_20000,RUT,20000,True,text,DOMAIN_TEMPLATE_OOD_EXACT,0.01,2.3066406250000004,0.2869533791109505,0.013807429130009775,0.9723242713690914,0.4431298135952673,19850,565,40355,49325,13.807429130009774,0.01269918874015959,0.014985425138907526,0.9308792431531198,0.8931309334175546,0.8424534300131221,0.2846041055718475,0.46480938416422285
TRI_RUT_20000,RUT,20000,True,text,LATE_TEST_Q4,0.01,2.3066406250000004,0.2975976860655079,0.021281101111699313,0.9822328294881995,0.45679519855298856,11112,201,9244,26227,21.281101111699314,0.018465994450197407,0.024396563994366297,0.9691688857086794,0.905245901262822,0.939670114621191,0.2284806776071996,0.3191106405505558
TRI_RUT_20000,RUT,20000,True,text,OFFICIAL_TEST,0.02,2.1679687500000004,0.438984375,0.01787201402586018,0.953854859244589,0.6012573008159079,33714,1631,89629,43086,17.87201402586018,0.017022320258614814,0.01875254642338779,0.902142411973651,0.9129102340810824,0.765081892881236,0.23276353276353276,0.40707867630944555
TRI_RUT_20000,RUT,20000,True,text,DOMAIN_OOD_EXACT,0.02,2.1679687500000004,0.4363821219783013,0.027231210222027888,0.9667763255386621,0.6013346606201379,32620,1121,40045,42131,27.231210222027887,0.025680246416000713,0.028849329365935695,0.9379455475239892,0.8978505793845356,0.8557433290978399,0.27564009133751155,0.45124617402710976
TRI_RUT_20000,RUT,20000,True,text,TEMPLATE_OOD_EXACT,0.02,2.1679687500000004,0.4197241884993937,0.017684513592824316,0.9490801262634314,0.5820435858077259,29766,1597,88708,41152,17.684513592824317,0.01683486025733668,0.018565346524631432,0.8925590181500063,0.9093284370680854,0.7449319001435524,0.24201317756491889,0.4233652621671004
TRI_RUT_20000,RUT,20000,True,text,DOMAIN_TEMPLATE_OOD_EXACT,0.02,2.1679687500000004,0.41815684857246116,0.026881720430107527,0.9633650835942184,0.583179605044304,28926,1100,39820,40249,26.881720430107528,0.025336062043999033,0.028494994139947383,0.9308792431531198,0.8931309334175546,0.8424534300131221,0.2846041055718475,0.46480938416422285
TRI_RUT_20000,RUT,20000,True,text,LATE_TEST_Q4,0.02,2.1679687500000004,0.41168751171697154,0.03642138697723663,0.9781114787477729,0.5794741306191687,15372,344,9101,21967,36.42138697723663,0.03273395625562111,0.04039813072023567,0.9691688857086794,0.905245901262822,0.939670114621191,0.2284806776071996,0.3191106405505558
TRI_RUT_20000,RUT,20000,True,gated,OFFICIAL_TEST,0.0001,11.593750000000002,0.285546875,7.670392285776902e-05,0.9996809044080777,0.4442103770622969,21930,7,91253,54870,0.07670392285776902,3.083949346839135e-05,0.00015803296986410527,0.9908554699107501,0.9909042236096274,0.9899192393607882,0.0077142230988384835,0.01938417707648477
TRI_RUT_20000,RUT,20000,True,gated,DOMAIN_OOD_EXACT,0.0001,11.593750000000002,0.2898021431151423,9.716756546664723e-05,0.9998153874555776,0.4493559293907777,21663,4,41162,53088,0.09716756546664723,2.647550551285466e-05,0.00024876869948476564,0.9939466014352761,0.98861170567279,0.9920233549091017,0.013141913229364038,0.031603750668027016
TRI_RUT_20000,RUT,20000,True,gated,TEMPLATE_OOD_EXACT,0.0001,11.593750000000002,0.29435404269719956,7.751508775815292e-05,0.9996647830667561,0.45479302832244,20875,7,90298,50043,0.07751508775815293,3.116563527406867e-05,0.0001597041429281209,0.9900456318667586,0.9905762577047685,0.9893819850262737,0.007585405016333536,0.018802945573334808
TRI_RUT_20000,RUT,20000,True,gated,DOMAIN_TEMPLATE_OOD_EXACT,0.0001,11.593750000000002,0.2987929165160824,9.775171065493646e-05,0.9998065109079476,0.46008814887365335,20669,4,40916,48506,0.09775171065493646,2.6634672824115537e-05,0.0002502641157298036,0.9933998945453543,0.9883016237311619,0.9916068101100511,0.012878787878787878,0.030327468230694037
TRI_RUT_20000,RUT,20000,True,gated,LATE_TEST_Q4,0.0001,11.593750000000002,0.2725836256996706,0.00031762837480148225,0.9997053334642962,0.4283670033670034,10178,3,9442,27161,0.31762837480148226,6.550739745275095e-05,0.0009279615358002064,0.9970679127155306,0.9891401107144022,0.9965045322590201,0.012493382742191635,0.024775013234515617
TRI_RUT_20000,RUT,20000,True,gated,OFFICIAL_TEST,0.0005,10.273437500000002,0.4526822916666667,0.0003835196142888451,0.9989942817735122,0.6230410121773103,34766,35,91225,42034,0.38351961428884507,0.0002671495470075948,0.0005333429739795551,0.9908554699107501,0.9909042236096274,0.9899192393607882,0.0077142230988384835,0.01938417707648477
TRI_RUT_20000,RUT,20000,True,gated,DOMAIN_OOD_EXACT,0.0005,10.273437500000002,0.456060788484435,0.000510129718699898,0.9993843808630394,0.6263101329193573,34091,21,41145,40660,0.510129718699898,0.00031580519175128743,0.0007796823227846604,0.9939466014352761,0.98861170567279,0.9920233549091017,0.013141913229364038,0.031603750668027016
TRI_RUT_20000,RUT,20000,True,gated,TEMPLATE_OOD_EXACT,0.0005,10.273437500000002,0.4424546659522265,0.0003765018548253142,0.9989176111040367,0.6132707905794976,31378,34,90271,39540,0.37650185482531423,0.00026075212956602566,0.0005260842430720399,0.9900456318667586,0.9905762577047685,0.9893819850262737,0.007585405016333536,0.018802945573334808
TRI_RUT_20000,RUT,20000,True,gated,DOMAIN_TEMPLATE_OOD_EXACT,0.0005,10.273437500000002,0.4465630646910011,0.0004887585532746823,0.9993529811394002,0.6172891313470416,30891,20,40900,38284,0.4887585532746823,0.0002985711721017016,0.0007547475137067036,0.9933998945453543,0.9883016237311619,0.9916068101100511,0.012878787878787878,0.030327468230694037
TRI_RUT_20000,RUT,20000,True,gated,LATE_TEST_Q4,0.0005,10.273437500000002,0.43804065454350677,0.0006352567496029645,0.9996332966629996,0.6091506675853335,16356,6,9439,20983,0.6352567496029645,0.00023316257253775012,0.0013821698270750993,0.9970679127155306,0.9891401107144022,0.9965045322590201,0.012493382742191635,0.024775013234515617
TRI_RUT_20000,RUT,20000,True,gated,OFFICIAL_TEST,0.001,9.250000000000002,0.5285286458333334,0.0008656585579662503,0.998057536267519,0.6910870860645272,40591,79,91181,36209,0.8656585579662502,0.0006854080809441838,0.0010787538202122254,0.9908554699107501,0.9909042236096274,0.9899192393607882,0.0077142230988384835,0.01938417707648477
TRI_RUT_20000,RUT,20000,True,gated,DOMAIN_OOD_EXACT,0.001,9.250000000000002,0.5311099517063317,0.0012874702424330758,0.9986668008250742,0.6934369678179992,39701,53,41113,35050,1.2874702424330757,0.0009645476916361644,0.0016837087947530792,0.9939466014352761,0.98861170567279,0.9920233549091017,0.013141913229364038,0.031603750668027016
TRI_RUT_20000,RUT,20000,True,gated,TEMPLATE_OOD_EXACT,0.001,9.250000000000002,0.5178657040525677,0.0008526659653396822,0.9979077792571258,0.6818726153674771,36726,77,90228,34192,0.8526659653396822,0.0006729674151684641,0.0010655726363814008,0.9900456318667586,0.9905762577047685,0.9893819850262737,0.007585405016333536,0.018802945573334808
TRI_RUT_20000,RUT,20000,True,gated,DOMAIN_TEMPLATE_OOD_EXACT,0.001,9.250000000000002,0.5213877846042645,0.00124633431085044,0.9985879616811562,0.6850787801658229,36067,51,40869,33108,1.2463343108504399,0.000928114189873503,0.0016383779088621738,0.9933998945453543,0.9883016237311619,0.9916068101100511,0.012878787878787878,0.030327468230694037
TRI_RUT_20000,RUT,20000,True,gated,LATE_TEST_Q4,0.001,9.250000000000002,0.53041056268245,0.0015881418740074113,0.9992431886982845,0.692979233366574,19805,15,9430,17534,1.5881418740074114,0.0008891348384130677,0.0026180478326420184,0.9970679127155306,0.9891401107144022,0.9965045322590201,0.012493382742191635,0.024775013234515617
TRI_RUT_20000,RUT,20000,True,gated,OFFICIAL_TEST,0.0025,6.558593750000001,0.746015625,0.0032106070567609027,0.9949120461215205,0.8526717614054931,57294,293,90967,19506,3.2106070567609026,0.002853965548591326,0.003599378250150613,0.9908554699107501,0.9909042236096274,0.9899192393607882,0.0077142230988384835,0.01938417707648477
TRI_RUT_20000,RUT,20000,True,gated,DOMAIN_OOD_EXACT,0.0025,6.558593750000001,0.7511337640968013,0.005417091774765583,0.9960440652108353,0.8564237885328168,56148,223,40943,18603,5.417091774765583,0.004730955938126804,0.0061743368168550574,0.9939466014352761,0.98861170567279,0.9920233549091017,0.013141913229364038,0.031603750668027016
TRI_RUT_20000,RUT,20000,True,gated,TEMPLATE_OOD_EXACT,0.0025,6.558593750000001,0.7361036690261993,0.0031338242622224685,0.9946080859657813,0.8460503711386989,52203,283,90022,18715,3.1338242622224683,0.0027797859261901614,0.0035203479041763094,0.9900456318667586,0.9905762577047685,0.9893819850262737,0.007585405016333536,0.018802945573334808
TRI_RUT_20000,RUT,20000,True,gated,DOMAIN_TEMPLATE_OOD_EXACT,0.0025,6.558593750000001,0.7416407661727503,0.005303030303030303,0.9957880434782609,0.8501263515472888,51303,217,40703,17872,5.303030303030304,0.0046224024713708515,0.006055232608120526,0.9933998945453543,0.9883016237311619,0.9916068101100511,0.012878787878787878,0.030327468230694037
TRI_RUT_20000,RUT,20000,True,gated,LATE_TEST_Q4,0.0025,6.558593750000001,0.7714989689065053,0.005611434621492853,0.9981635481635481,0.8703152615598423,28807,53,9392,8532,5.611434621492853,0.004206091589418399,0.007333546391872705,0.9970679127155306,0.9891401107144022,0.9965045322590201,0.012493382742191635,0.024775013234515617
TRI_RUT_20000,RUT,20000,True,gated,OFFICIAL_TEST,0.005,4.316406250000001,0.8702994791666666,0.005960990576375192,0.9919267471023848,0.9271412024996011,66839,544,90716,9961,5.960990576375192,0.005471843842198698,0.0064819270639176136,0.9908554699107501,0.9909042236096274,0.9899192393607882,0.0077142230988384835,0.01938417707648477
TRI_RUT_20000,RUT,20000,True,gated,DOMAIN_OOD_EXACT,0.005,4.316406250000001,0.8756003264170379,0.010639848418597872,0.9933525572924571,0.9307669882893324,65452,438,40728,9299,10.639848418597872,0.009671223407607054,0.011678394372345632,0.9939466014352761,0.98861170567279,0.9920233549091017,0.013141913229364038,0.031603750668027016
TRI_RUT_20000,RUT,20000,True,gated,TEMPLATE_OOD_EXACT,0.005,4.316406250000001,0.8679460785696156,0.00582470516582692,0.9915269253692875,0.9256299014263479,61553,526,89779,9365,5.82470516582692,0.005338777341015117,0.006342775478247225,0.9900456318667586,0.9905762577047685,0.9893819850262737,0.007585405016333536,0.018802945573334808
TRI_RUT_20000,RUT,20000,True,gated,DOMAIN_TEMPLATE_OOD_EXACT,0.005,4.316406250000001,0.8735092157571377,0.010361681329423266,0.993031931502572,0.9294437949916938,60425,424,40496,8750,10.361681329423266,0.009403182157896582,0.011390579778906193,0.9933998945453543,0.9883016237311619,0.9916068101100511,0.012878787878787878,0.030327468230694037
TRI_RUT_20000,RUT,20000,True,gated,LATE_TEST_Q4,0.005,4.316406250000001,0.8601194461554943,0.00942297511911064,0.9972364539667753,0.9236167030944438,32116,89,9356,5223,9.42297511911064,0.0075740630479439585,0.01158316434085325,0.9970679127155306,0.9891401107144022,0.9965045322590201,0.012493382742191635,0.024775013234515617
TRI_RUT_20000,RUT,20000,True,gated,OFFICIAL_TEST,0.01,2.0078125000000004,0.928984375,0.011297392066622836,0.9857551432084778,0.956528151122492,71346,1031,90229,5454,11.297392066622836,0.010621787652555179,0.012004321596684398,0.9908554699107501,0.9909042236096274,0.9899192393607882,0.0077142230988384835,0.01938417707648477
TRI_RUT_20000,RUT,20000,True,gated,DOMAIN_OOD_EXACT,0.01,2.0078125000000004,0.933833661088146,0.020988194140795804,0.9877739885947162,0.9600467611057626,69805,864,40302,4946,20.988194140795805,0.019625198847018164,0.02241932420743296,0.9939466014352761,0.98861170567279,0.9920233549091017,0.013141913229364038,0.031603750668027016
TRI_RUT_20000,RUT,20000,True,gated,TEMPLATE_OOD_EXACT,0.01,2.0078125000000004,0.9291576186581686,0.011106804717346768,0.9850068015008147,0.9562674600007256,65894,1003,89302,5024,11.106804717346769,0.01043347090368855,0.011811811791047368,0.9900456318667586,0.9905762577047685,0.9893819850262737,0.007585405016333536,0.018802945573334808
TRI_RUT_20000,RUT,20000,True,gated,DOMAIN_TEMPLATE_OOD_EXACT,0.01,2.0078125000000004,0.9342103361040839,0.020576735092864125,0.987138361897779,0.9599453361160419,64624,842,40078,4551,20.576735092864126,0.019223137294358567,0.021998946112668828,0.9933998945453543,0.9883016237311619,0.9916068101100511,0.012878787878787878,0.030327468230694037
TRI_RUT_20000,RUT,20000,True,gated,LATE_TEST_Q4,0.01,2.0078125000000004,0.9310104716248426,0.017151932239280042,0.995361488904796,0.9621111480128418,34763,162,9283,2576,17.151932239280043,0.01463025700549663,0.019977332245150664,0.9970679127155306,0.9891401107144022,0.9965045322590201,0.012493382742191635,0.024775013234515617
TRI_RUT_20000,RUT,20000,True,gated,OFFICIAL_TEST,0.02,-0.36914062499999994,0.95484375,0.02333990795529257,0.9717738729426731,0.9632344248729164,73332,2130,89130,3468,23.33990795529257,0.022370045989288448,0.024340227687071798,0.9908554699107501,0.9909042236096274,0.9899192393607882,0.0077142230988384835,0.01938417707648477
TRI_RUT_20000,RUT,20000,True,gated,DOMAIN_OOD_EXACT,0.02,-0.36914062499999994,0.9579002287594814,0.04326385852402468,0.9757307351638618,0.9667332721283144,71604,1781,39385,3147,43.26385852402468,0.041318649716951886,0.04527381461637273,0.9939466014352761,0.98861170567279,0.9920233549091017,0.013141913229364038,0.031603750668027016
TRI_RUT_20000,RUT,20000,True,gated,TEMPLATE_OOD_EXACT,0.02,-0.36914062499999994,0.9551453791703094,0.022878024472620564,0.9704024182341733,0.9627134542818768,67737,2066,88239,3181,22.878024472620563,0.021912676191060406,0.023874185853021694,0.9900456318667586,0.9905762577047685,0.9893819850262737,0.007585405016333536,0.018802945573334808
TRI_RUT_20000,RUT,20000,True,gated,DOMAIN_TEMPLATE_OOD_EXACT,0.02,-0.36914062499999994,0.9586122153957355,0.04232649071358749,0.9745458820763035,0.9665133837150831,66312,1732,39188,2863,42.32649071358749,0.04039608816980063,0.04432217059794398,0.9933998945453543,0.9883016237311619,0.9916068101100511,0.012878787878787878,0.030327468230694037
TRI_RUT_20000,RUT,20000,True,gated,LATE_TEST_Q4,0.02,-0.36914062499999994,0.9595597096869225,0.03451561672842774,0.9909832664914949,0.9750183688464364,35829,326,9119,1510,34.51561672842774,0.03092531896289568,0.03839655361548417,0.9970679127155306,0.9891401107144022,0.9965045322590201,0.012493382742191635,0.024775013234515617
TRI_RUT_20000,RUT,20000,True,equal,OFFICIAL_TEST,0.0001,11.578125000000002,0.2569921875,7.670392285776902e-05,0.9996454619124797,0.40887056678820016,19737,7,91253,57063,0.07670392285776902,3.083949346839135e-05,0.00015803296986410527,0.990601585001044,0.9906875219724779,0.9895496320897873,0.007999123383738769,0.019712908174446635
TRI_RUT_20000,RUT,20000,True,equal,DOMAIN_OOD_EXACT,0.0001,11.578125000000002,0.2608393198753194,9.716756546664723e-05,0.9997948928315045,0.4137374937667767,19498,4,41162,55253,0.09716756546664723,2.647550551285466e-05,0.00024876869948476564,0.9937461482282559,0.9883082581876246,0.991891971577675,0.013360540251663994,0.03211388038672691
TRI_RUT_20000,RUT,20000,True,equal,TEMPLATE_OOD_EXACT,0.0001,11.578125000000002,0.265560224484616,7.751508775815292e-05,0.9996284501061571,0.41963947503286614,18833,7,90298,52085,0.07751508775815293,3.116563527406867e-05,0.0001597041429281209,0.9897754377893795,0.990356051279004,0.988894396084384,0.00793975970322795,0.019190521012125573
TRI_RUT_20000,RUT,20000,True,equal,DOMAIN_TEMPLATE_OOD_EXACT,0.0001,11.578125000000002,0.2696205276472714,9.775171065493646e-05,0.9997855802733852,0.4247068199931686,18651,4,40916,50524,0.09775171065493646,2.6634672824115537e-05,0.0002502641157298036,0.9931886848072005,0.9880033455319837,0.9914660552795822,0.013098729227761487,0.03081622678396872
TRI_RUT_20000,RUT,20000,True,equal,LATE_TEST_Q4,0.0001,11.578125000000002,0.2443825490773722,0.00031762837480148225,0.9996713409290097,0.39275184539565716,9125,3,9442,28214,0.31762837480148226,6.550739745275095e-05,0.0009279615358002064,0.9969978839381484,0.9888926477085578,0.9963873260290198,0.012916887241926946,0.024457384859714135
TRI_RUT_20000,RUT,20000,True,equal,OFFICIAL_TEST,0.0005,10.195312500000002,0.44569010416666666,0.00041639272408503175,0.9988910613709984,0.6163666975789389,34229,38,91222,42571,0.41639272408503175,0.00029468059645674507,0.0005714872108718163,0.990601585001044,0.9906875219724779,0.9895496320897873,0.007999123383738769,0.019712908174446635
TRI_RUT_20000,RUT,20000,True,equal,DOMAIN_OOD_EXACT,0.0005,10.195312500000002,0.45058928977538765,0.0005587135014332216,0.999317608663403,0.6211182414988567,33682,23,41143,41069,0.5587135014332216,0.00035420835877125994,0.0008382273598251463,0.9937461482282559,0.9883082581876246,0.991891971577675,0.013360540251663994,0.03211388038672691
TRI_RUT_20000,RUT,20000,True,equal,TEMPLATE_OOD_EXACT,0.0005,10.195312500000002,0.43540426971995827,0.0004097226067216655,0.9988031699822093,0.606443883613367,30878,37,90268,40040,0.4097226067216655,0.00028849841945601337,0.00056470486490886,0.9897754377893795,0.990356051279004,0.988894396084384,0.00793975970322795,0.019190521012125573
TRI_RUT_20000,RUT,20000,True,equal,DOMAIN_TEMPLATE_OOD_EXACT,0.0005,10.195312500000002,0.44044813877846045,0.0005376344086021505,0.9992784519514595,0.6114082175287212,30468,22,40898,38707,0.5376344086021505,0.000336962321941367,0.0008138724792357392,0.9931886848072005,0.9880033455319837,0.9914660552795822,0.013098729227761487,0.03081622678396872
TRI_RUT_20000,RUT,20000,True,equal,LATE_TEST_Q4,0.0005,10.195312500000002,0.4369426069257345,0.0006352567496029645,0.9996323754671895,0.6080879612374208,16315,6,9439,21024,0.6352567496029645,0.00023316257253775012,0.0013821698270750993,0.9969978839381484,0.9888926477085578,0.9963873260290198,0.012916887241926946,0.024457384859714135
TRI_RUT_20000,RUT,20000,True,equal,OFFICIAL_TEST,0.001,9.195312500000002,0.5122395833333333,0.0008108700416392724,0.9981224945450855,0.6770268642332249,39340,74,91186,37460,0.8108700416392725,0.0006367593587447726,0.0010178676564182145,0.990601585001044,0.9906875219724779,0.9895496320897873,0.007999123383738769,0.019712908174446635
TRI_RUT_20000,RUT,20000,True,equal,DOMAIN_OOD_EXACT,0.001,9.195312500000002,0.5148158553062835,0.001263178351066414,0.9986505773971714,0.6793955122433486,38483,52,41114,36268,1.263178351066414,0.0009435414509929998,0.0016561645350892157,0.9937461482282559,0.9883082581876246,0.991891971577675,0.013360540251663994,0.03211388038672691
TRI_RUT_20000,RUT,20000,True,equal,TEMPLATE_OOD_EXACT,0.001,9.195312500000002,0.5005640316985814,0.0007972980455124301,0.9979758792274606,0.6667167500868634,35499,72,90233,35419,0.7972980455124301,0.00062388728180888,0.0010039611194954477,0.9897754377893795,0.990356051279004,0.988894396084384,0.00793975970322795,0.019190521012125573
TRI_RUT_20000,RUT,20000,True,equal,DOMAIN_TEMPLATE_OOD_EXACT,0.001,9.195312500000002,0.5041272135887243,0.0012218963831867058,0.9985682787847551,0.6700032661530481,34873,50,40870,34302,1.2218963831867058,0.000907046850888363,0.0016106046592981745,0.9931886848072005,0.9880033455319837,0.9914660552795822,0.013098729227761487,0.03081622678396872
TRI_RUT_20000,RUT,20000,True,equal,LATE_TEST_Q4,0.001,9.195312500000002,0.5097886927877019,0.001270513499205929,0.9993699795243346,0.6751675947930338,19035,12,9433,18304,1.270513499205929,0.0006566597451132674,0.00221827855005892,0.9969978839381484,0.9888926477085578,0.9963873260290198,0.012916887241926946,0.024457384859714135
TRI_RUT_20000,RUT,20000,True,equal,OFFICIAL_TEST,0.0025,6.449218750000001,0.721796875,0.003155818540433925,0.9948314848713256,0.8366007153529225,55434,288,90972,21366,3.1558185404339247,0.0028023147688143665,0.003541460823142838,0.990601585001044,0.9906875219724779,0.9895496320897873,0.007999123383738769,0.019712908174446635
TRI_RUT_20000,RUT,20000,True,equal,DOMAIN_OOD_EXACT,0.0025,6.449218750000001,0.7265722197696352,0.005295632317932274,0.99600220062351,0.8402162730795709,54312,218,40948,20439,5.295632317932274,0.004617459110833425,0.006044949753129846,0.9937461482282559,0.9883082581876246,0.991891971577675,0.013360540251663994,0.03211388038672691
TRI_RUT_20000,RUT,20000,True,equal,TEMPLATE_OOD_EXACT,0.0025,6.449218750000001,0.709946699004484,0.003078456342395216,0.9945087504444357,0.8284736391759363,50348,278,90027,20570,3.0784563423952163,0.002727645349962567,0.003461761886155556,0.9897754377893795,0.990356051279004,0.988894396084384,0.00793975970322795,0.019190521012125573
TRI_RUT_20000,RUT,20000,True,equal,DOMAIN_TEMPLATE_OOD_EXACT,0.0025,6.449218750000001,0.7151427538850741,0.005180840664711633,0.9957328609959342,0.8324288851308715,49470,212,40708,19705,5.180840664711633,0.004508336024772624,0.005924955867909168,0.9931886848072005,0.9880033455319837,0.9914660552795822,0.013098729227761487,0.03081622678396872
TRI_RUT_20000,RUT,20000,True,equal,LATE_TEST_Q4,0.0025,6.449218750000001,0.7523768713677388,0.005611434621492853,0.9981169615575926,0.8579980148125524,28093,53,9392,9246,5.611434621492853,0.004206091589418399,0.007333546391872705,0.9969978839381484,0.9888926477085578,0.9963873260290198,0.012916887241926946,0.024457384859714135
TRI_RUT_20000,RUT,20000,True,equal,OFFICIAL_TEST,0.005,4.117187500000001,0.8567057291666667,0.005950032873109796,0.9918146462057945,0.9193226117453087,65795,543,90717,11005,5.950032873109796,0.005461343040982435,0.0064705135757631,0.990601585001044,0.9906875219724779,0.9895496320897873,0.007999123383738769,0.019712908174446635
TRI_RUT_20000,RUT,20000,True,equal,DOMAIN_OOD_EXACT,0.005,4.117187500000001,0.8620620459926958,0.010639848418597872,0.9932488671044114,0.9230174247470082,64440,438,40728,10311,10.639848418597872,0.009671223407607054,0.011678394372345632,0.9937461482282559,0.9883082581876246,0.991891971577675,0.013360540251663994,0.03211388038672691
TRI_RUT_20000,RUT,20000,True,equal,TEMPLATE_OOD_EXACT,0.005,4.117187500000001,0.8532953551989622,0.005802557997896019,0.9914151839837478,0.9171845160508048,60514,524,89781,10404,5.802557997896019,0.00531756997368494,0.006319690827601813,0.9897754377893795,0.990356051279004,0.988894396084384,0.00793975970322795,0.019190521012125573
TRI_RUT_20000,RUT,20000,True,equal,DOMAIN_TEMPLATE_OOD_EXACT,0.005,4.117187500000001,0.8589230213227322,0.010337243401759531,0.9929310316014639,0.9210783325840608,59416,423,40497,9759,10.337243401759531,0.00937989174632028,0.011364999167441875,0.9931886848072005,0.9880033455319837,0.9914660552795822,0.013098729227761487,0.03081622678396872
TRI_RUT_20000,RUT,20000,True,equal,LATE_TEST_Q4,0.005,4.117187500000001,0.8504780524384692,0.009528851244044468,0.9971738993908184,0.9180024571800246,31756,90,9355,5583,9.528851244044468,0.007669087598164297,0.01169976714782489,0.9969978839381484,0.9888926477085578,0.9963873260290198,0.012916887241926946,0.024457384859714135
TRI_RUT_20000,RUT,20000,True,equal,OFFICIAL_TEST,0.01,1.7539062500000002,0.92578125,0.011319307473153626,0.9856792314197386,0.9547917519958639,71100,1033,90227,5700,11.319307473153627,0.010643045171974038,0.012026893173740004,0.990601585001044,0.9906875219724779,0.9895496320897873,0.007999123383738769,0.019712908174446635
TRI_RUT_20000,RUT,20000,True,equal,DOMAIN_OOD_EXACT,0.01,1.7539062500000002,0.9307434014260679,0.021085361706262448,0.9876778058544619,0.9583657614347799,69574,868,40298,5177,21.085361706262447,0.019719226587924642,0.022519616024582256,0.9937461482282559,0.9883082581876246,0.991891971577675,0.013360540251663994,0.03211388038672691
TRI_RUT_20000,RUT,20000,True,equal,TEMPLATE_OOD_EXACT,0.01,1.7539062500000002,0.9257875292591443,0.01111787830131222,0.9849382679008086,0.9544473276783183,65655,1004,89301,5263,11.117878301312219,0.01044420727684174,0.01182322170402368,0.9897754377893795,0.990356051279004,0.988894396084384,0.00793975970322795,0.019190521012125573
TRI_RUT_20000,RUT,20000,True,equal,DOMAIN_TEMPLATE_OOD_EXACT,0.01,1.7539062500000002,0.9309577159378388,0.020650048875855326,0.9870486174973944,0.9581829949635096,64399,845,40075,4776,20.650048875855326,0.019294049096904686,0.022074650007405203,0.9931886848072005,0.9880033455319837,0.9914660552795822,0.013098729227761487,0.03081622678396872
TRI_RUT_20000,RUT,20000,True,equal,LATE_TEST_Q4,0.01,1.7539062500000002,0.9270200058919629,0.0173636844891477,0.9952843751797114,0.9599400973418196,34614,164,9281,2725,17.363684489147698,0.01482610855556451,0.0202048055008129,0.9969978839381484,0.9888926477085578,0.9963873260290198,0.012916887241926946,0.024457384859714135
TRI_RUT_20000,RUT,20000,True,equal,OFFICIAL_TEST,0.02,-0.7070312499999999,0.9544140625,0.023230330922638615,0.971890372452565,0.9630729409600642,73299,2120,89140,3501,23.230330922638615,0.02226271980409372,0.024228407321696812,0.990601585001044,0.9906875219724779,0.9895496320897873,0.007999123383738769,0.019712908174446635
TRI_RUT_20000,RUT,20000,True,equal,DOMAIN_OOD_EXACT,0.02,-0.7070312499999999,0.9575791628205643,0.043190982849924696,0.9757626980015813,0.9665854201972873,71580,1778,39388,3171,43.190982849924694,0.041247360362567265,0.0451993633747081,0.9937461482282559,0.9883082581876246,0.991891971577675,0.013360540251663994,0.03211388038672691
TRI_RUT_20000,RUT,20000,True,equal,TEMPLATE_OOD_EXACT,0.02,-0.7070312499999999,0.9547364561888378,0.022811582968827862,0.9704735695447769,0.9625406934591928,67708,2060,88245,3210,22.811582968827864,0.021847620791351663,0.02380636286150162,0.9897754377893795,0.990356051279004,0.988894396084384,0.00793975970322795,0.019190521012125573
TRI_RUT_20000,RUT,20000,True,equal,DOMAIN_TEMPLATE_OOD_EXACT,0.02,-0.7070312499999999,0.9583230936031804,0.04235092864125122,0.974524072032341,0.9663556851311953,66292,1733,39187,2883,42.35092864125122,0.04041998619478834,0.04434714479535535,0.9931886848072005,0.9880033455319837,0.9914660552795822,0.013098729227761487,0.03081622678396872
TRI_RUT_20000,RUT,20000,True,equal,LATE_TEST_Q4,0.02,-0.7070312499999999,0.9596936179329923,0.03366860772895712,0.9912038061518035,0.9751942414717449,35834,318,9127,1505,33.66860772895712,0.030122433268918444,0.03750601477818947,0.9969978839381484,0.9888926477085578,0.9963873260290198,0.012916887241926946,0.024457384859714135
TRI_RUT_20000,RUT,20000,True,dom,OFFICIAL_TEST,0.0001,2.0937500000000004,0.0004947916666666667,0.0001205347359193513,0.7755102040816326,0.0009889523611237624,38,11,91249,76762,0.12053473591935131,6.017199236596024e-05,0.000215659678825251,0.8631229476996396,0.8912656870651161,0.7228042741725306,0.2906311637080868,0.5144093797939951
TRI_RUT_20000,RUT,20000,True,dom,DOMAIN_OOD_EXACT,0.0001,2.0937500000000004,0.0004949766558306912,0.00014575134819997084,0.8604651162790697,0.0009893841752012195,37,6,41160,74714,0.14575134819997085,5.3489993946137224e-05,0.00031721212355325306,0.9112856236695608,0.8681068765266141,0.8167075331989998,0.3668075596365933,0.5709566146820192
TRI_RUT_20000,RUT,20000,True,dom,TEMPLATE_OOD_EXACT,0.0001,2.0937500000000004,0.0005358301136523872,0.0001218094236199546,0.7755102040816326,0.0010709202868939083,38,11,90294,70880,0.1218094236199546,6.080834348028405e-05,0.00021794022909927809,0.8548916654013099,0.8881825884969864,0.7014559639580242,0.3008582027573224,0.5307458058800731
TRI_RUT_20000,RUT,20000,True,dom,DOMAIN_TEMPLATE_OOD_EXACT,0.0001,2.0937500000000004,0.0005348753162269606,0.0001466275659824047,0.8604651162790697,0.0010690860758762171,37,6,40914,69138,0.1466275659824047,5.381157235375347e-05,0.0003191189527555247,0.9033644577679196,0.8627139524227905,0.7985122483006285,0.38391984359726294,0.5904692082111437
TRI_RUT_20000,RUT,20000,True,dom,LATE_TEST_Q4,0.0001,2.0937500000000004,0.0004820696858512547,0.0,1.0,0.000963674813288005,18,0,9445,37321,0.0,0.0,0.0003904880016567448,0.9570548232029357,0.8741216948215901,0.9213455422743722,0.30375860243515085,0.5093700370566437
TRI_RUT_20000,RUT,20000,True,dom,OFFICIAL_TEST,0.0005,2.0898437500000004,0.003841145833333333,0.0003835196142888451,0.8939393939393939,0.007649423051990146,295,35,91225,76505,0.38351961428884507,0.0002671495470075948,0.0005333429739795551,0.8631229476996396,0.8912656870651161,0.7228042741725306,0.2906311637080868,0.5144093797939951
TRI_RUT_20000,RUT,20000,True,dom,DOMAIN_OOD_EXACT,0.0005,2.0898437500000004,0.003906302256825996,0.0005344216100665598,0.9299363057324841,0.007779924065809633,292,22,41144,74459,0.5344216100665597,0.00033494852426175505,0.0008090096039238854,0.9112856236695608,0.8681068765266141,0.8167075331989998,0.3668075596365933,0.5709566146820192
TRI_RUT_20000,RUT,20000,True,dom,TEMPLATE_OOD_EXACT,0.0005,2.0898437500000004,0.0037931131729603204,0.0003765018548253142,0.8877887788778878,0.007553951783883967,269,34,90271,70649,0.37650185482531423,0.00026075212956602566,0.0005260842430720399,0.8548916654013099,0.8881825884969864,0.7014559639580242,0.3008582027573224,0.5307458058800731
TRI_RUT_20000,RUT,20000,True,dom,DOMAIN_TEMPLATE_OOD_EXACT,0.0005,2.0898437500000004,0.003845319840983014,0.0005131964809384164,0.926829268292683,0.007658863839221444,266,21,40899,68909,0.5131964809384164,0.00031770388981202204,0.000784368926656533,0.9033644577679196,0.8627139524227905,0.7985122483006285,0.38391984359726294,0.5904692082111437
TRI_RUT_20000,RUT,20000,True,dom,LATE_TEST_Q4,0.0005,2.0898437500000004,0.003160234607247114,0.00021175224986765483,0.9833333333333333,0.006300221575589311,118,2,9443,37221,0.21175224986765484,2.5645208655171814e-05,0.0007647103975401616,0.9570548232029357,0.8741216948215901,0.9213455422743722,0.30375860243515085,0.5093700370566437
TRI_RUT_20000,RUT,20000,True,dom,OFFICIAL_TEST,0.001,2.0878906250000004,0.007174479166666667,0.0007341661187815034,0.8915857605177994,0.014234415768942623,551,67,91193,76249,0.7341661187815034,0.00056901254732046,0.0009322726118385636,0.8631229476996396,0.8912656870651161,0.7228042741725306,0.2906311637080868,0.5144093797939951
TRI_RUT_20000,RUT,20000,True,dom,DOMAIN_OOD_EXACT,0.001,2.0878906250000004,0.0073042501103664165,0.0009230918719331487,0.934931506849315,0.01449525452976704,546,38,41128,74205,0.9230918719331488,0.0006533149798790112,0.0012667978134869443,0.9112856236695608,0.8681068765266141,0.8167075331989998,0.3668075596365933,0.5709566146820192
TRI_RUT_20000,RUT,20000,True,dom,TEMPLATE_OOD_EXACT,0.001,2.0878906250000004,0.0071067994021263995,0.0007087093737888268,0.8873239436619719,0.014100663066894217,504,64,90241,70414,0.7087093737888268,0.00054583402280269,0.000904917214313417,0.8548916654013099,0.8881825884969864,0.7014559639580242,0.3008582027573224,0.5307458058800731
TRI_RUT_20000,RUT,20000,True,dom,DOMAIN_TEMPLATE_OOD_EXACT,0.001,2.0878906250000004,0.00721358872425009,0.0009042033235581623,0.9309701492537313,0.014316248511712643,499,37,40883,68676,0.9042033235581622,0.0006367200003417562,0.0012461119553982308,0.9033644577679196,0.8627139524227905,0.7985122483006285,0.38391984359726294,0.5904692082111437
TRI_RUT_20000,RUT,20000,True,dom,LATE_TEST_Q4,0.001,2.0878906250000004,0.007552425078336324,0.0008470089994706193,0.9724137931034482,0.01498843976720083,282,8,9437,37057,0.8470089994706194,0.0003657470385538283,0.0016682595628832457,0.9570548232029357,0.8741216948215901,0.9213455422743722,0.30375860243515085,0.5093700370566437
TRI_RUT_20000,RUT,20000,True,dom,OFFICIAL_TEST,0.0025,2.0820312500000004,0.024765625,0.0018080210387902695,0.9201741654571843,0.04823310129712047,1902,165,91095,74898,1.8080210387902695,0.0015428647180974915,0.002105600979116663,0.8631229476996396,0.8912656870651161,0.7228042741725306,0.2906311637080868,0.5144093797939951
TRI_RUT_20000,RUT,20000,True,dom,DOMAIN_OOD_EXACT,0.0025,2.0820312500000004,0.02508327647790665,0.002793567507166108,0.9422110552763819,0.048865665029123935,1875,115,41051,72876,2.793567507166108,0.002306910757434581,0.0033523158666191035,0.9112856236695608,0.8681068765266141,0.8167075331989998,0.3668075596365933,0.5709566146820192
TRI_RUT_20000,RUT,20000,True,dom,TEMPLATE_OOD_EXACT,0.0025,2.0820312500000004,0.025325023266307565,0.0016721111787830131,0.9224447868515665,0.04929664447951691,1796,151,90154,69122,1.6721111787830132,0.0014162217795951214,0.001960813200093853,0.8548916654013099,0.8881825884969864,0.7014559639580242,0.3008582027573224,0.5307458058800731
TRI_RUT_20000,RUT,20000,True,dom,DOMAIN_TEMPLATE_OOD_EXACT,0.0025,2.0820312500000004,0.02567401517889411,0.0025904203323558164,0.9436769394261424,0.049988037772492507,1776,106,40814,67399,2.5904203323558166,0.0021212963548684774,0.003132188368423302,0.9033644577679196,0.8627139524227905,0.7985122483006285,0.38391984359726294,0.5904692082111437
TRI_RUT_20000,RUT,20000,True,dom,LATE_TEST_Q4,0.0025,2.0820312500000004,0.022228768847585633,0.0021175224986765486,0.9764705882352941,0.043468014349681845,830,20,9425,36509,2.1175224986765486,0.0012939026011061713,0.0032684564884044925,0.9570548232029357,0.8741216948215901,0.9213455422743722,0.30375860243515085,0.5093700370566437
TRI_RUT_20000,RUT,20000,True,dom,OFFICIAL_TEST,0.005,2.0742187500000004,0.059921875,0.005128205128205128,0.9076923076923077,0.11242213264932209,4602,468,90792,72198,5.128205128205129,0.004675094330782778,0.005613194298809944,0.8631229476996396,0.8912656870651161,0.7228042741725306,0.2906311637080868,0.5144093797939951
TRI_RUT_20000,RUT,20000,True,dom,DOMAIN_OOD_EXACT,0.005,2.0742187500000004,0.06076172894008107,0.00738473497546519,0.9372678497730087,0.11412490420493235,4542,304,40862,70209,7.38473497546519,0.006580426315396746,0.00825964957348007,0.9112856236695608,0.8681068765266141,0.8167075331989998,0.3668075596365933,0.5709566146820192
TRI_RUT_20000,RUT,20000,True,dom,TEMPLATE_OOD_EXACT,0.005,2.0742187500000004,0.06202938605149609,0.004717346769281878,0.9117098445595855,0.11615594840447302,4399,426,89879,66519,4.717346769281877,0.004280877195248424,0.005186082111610802,0.8548916654013099,0.8881825884969864,0.7014559639580242,0.3008582027573224,0.5307458058800731
TRI_RUT_20000,RUT,20000,True,dom,DOMAIN_TEMPLATE_OOD_EXACT,0.005,2.0742187500000004,0.06292735814962053,0.00706256109481916,0.9377423524342956,0.11794031185228335,4353,289,40631,64822,7.062561094819159,0.006274100385249753,0.007922132627176207,0.9033644577679196,0.8627139524227905,0.7985122483006285,0.38391984359726294,0.5904692082111437
TRI_RUT_20000,RUT,20000,True,dom,LATE_TEST_Q4,0.005,2.0742187500000004,0.05878572002463912,0.007199576495500265,0.9699513919575784,0.11085298722286753,2195,68,9377,35144,7.199576495500265,0.005594964104986726,0.009118372310480616,0.9570548232029357,0.8741216948215901,0.9213455422743722,0.30375860243515085,0.5093700370566437
TRI_RUT_20000,RUT,20000,True,dom,OFFICIAL_TEST,0.01,2.0605468750000004,0.17608072916666667,0.010628972167433706,0.9330711377906575,0.2962549154918778,13523,970,90290,63277,10.628972167433707,0.009973759699835834,0.01131556257980901,0.8631229476996396,0.8912656870651161,0.7228042741725306,0.2906311637080868,0.5144093797939951
TRI_RUT_20000,RUT,20000,True,dom,DOMAIN_OOD_EXACT,0.01,2.0605468750000004,0.1778972856550414,0.014696594276830394,0.9564842120405668,0.29999774403862206,13298,605,40561,61453,14.696594276830394,0.013556331139344187,0.015906037312346827,0.9112856236695608,0.8681068765266141,0.8167075331989998,0.3668075596365933,0.5709566146820192
TRI_RUT_20000,RUT,20000,True,dom,TEMPLATE_OOD_EXACT,0.01,2.0605468750000004,0.17565357173073126,0.00980012180942362,0.9336681157247789,0.2956800379776881,12457,885,89420,58461,9.80012180942362,0.009167874696357707,0.010464148208050677,0.8548916654013099,0.8881825884969864,0.7014559639580242,0.3008582027573224,0.5307458058800731
TRI_RUT_20000,RUT,20000,True,dom,DOMAIN_TEMPLATE_OOD_EXACT,0.01,2.0605468750000004,0.1788941091434767,0.014198435972629521,0.9551559123186169,0.3013478467326588,12375,581,40339,56800,14.198435972629522,0.013074496347518236,0.015392061812381045,0.9033644577679196,0.8627139524227905,0.7985122483006285,0.38391984359726294,0.5904692082111437
TRI_RUT_20000,RUT,20000,True,dom,LATE_TEST_Q4,0.01,2.0605468750000004,0.18814108572805913,0.013446267866596083,0.9822427293064877,0.31579420556966575,7025,127,9318,30314,13.446267866596083,0.011221540554665845,0.015978041953583027,0.9570548232029357,0.8741216948215901,0.9213455422743722,0.30375860243515085,0.5093700370566437
TRI_RUT_20000,RUT,20000,True,dom,OFFICIAL_TEST,0.02,2.0273437500000004,0.30731770833333333,0.01920885382423844,0.9308617629658844,0.4620821300964221,23602,1753,89507,53198,19.20885382423844,0.018328154851082235,0.020120297012682635,0.8631229476996396,0.8912656870651161,0.7228042741725306,0.2906311637080868,0.5144093797939951
TRI_RUT_20000,RUT,20000,True,dom,DOMAIN_OOD_EXACT,0.02,2.0273437500000004,0.3115677382242378,0.025943739979594812,0.9561540356351096,0.46998758942174773,23290,1068,40098,51461,25.943739979594813,0.024429470245361257,0.027525364076919752,0.9112856236695608,0.8681068765266141,0.8167075331989998,0.3668075596365933,0.5709566146820192
TRI_RUT_20000,RUT,20000,True,dom,TEMPLATE_OOD_EXACT,0.02,2.0273437500000004,0.30917397557742743,0.017872764520236974,0.9314358538657604,0.4642486607804526,21926,1614,88691,48992,17.872764520236974,0.01701862450504567,0.018758070602337685,0.8548916654013099,0.8881825884969864,0.7014559639580242,0.3008582027573224,0.5307458058800731
TRI_RUT_20000,RUT,20000,True,dom,DOMAIN_TEMPLATE_OOD_EXACT,0.02,2.0273437500000004,0.31460787856884714,0.024853372434017595,0.9553555750658472,0.4733402207601544,21763,1017,39903,47412,24.853372434017594,0.023366572074372465,0.026408104824194943,0.9033644577679196,0.8627139524227905,0.7985122483006285,0.38391984359726294,0.5904692082111437
TRI_RUT_20000,RUT,20000,True,dom,LATE_TEST_Q4,0.02,2.0273437500000004,0.2832427220868261,0.02339862361037586,0.9795313513012874,0.4394216386903772,10576,221,9224,26763,23.39862361037586,0.020444765886873533,0.0266511966346332,0.9570548232029357,0.8741216948215901,0.9213455422743722,0.30375860243515085,0.5093700370566437
DUAL_RUT_200000,RUT,200000,False,url,OFFICIAL_TEST,0.0001,5.753906250000001,0.20588541666666665,6.574621959237344e-05,0.9996206852952333,0.34144550735278234,15812,6,91254,60988,0.06574621959237344,2.4128073749088267e-05,0.00014309630633530185,0.9936908777093497,0.993772142835945,0.9952054597287413,0.0036489151873767257,0.016096866096866096
DUAL_RUT_200000,RUT,200000,False,url,DOMAIN_OOD_EXACT,0.0001,5.753906250000001,0.2113148987973405,0.00014575134819997084,0.9996203012276927,0.34887855730897926,15796,6,41160,58955,0.14575134819997085,5.3489993946137224e-05,0.00031721212355325306,0.995345534754449,0.9909903521028135,0.996548710580498,0.005660010688432201,0.026453869698294708
DUAL_RUT_200000,RUT,200000,False,url,TEMPLATE_OOD_EXACT,0.0001,5.753906250000001,0.21289376462957219,6.644150379270251e-05,0.9996027542372882,0.3510264815977308,15098,6,90299,55820,0.06644150379270251,2.4383238661641157e-05,0.0001446095296448813,0.9934186812007216,0.9938086288695921,0.9952755168865188,0.003355295941531477,0.014705719506118155
DUAL_RUT_200000,RUT,200000,False,url,DOMAIN_TEMPLATE_OOD_EXACT,0.0001,5.753906250000001,0.21807011203469462,0.0001466275659824047,0.9996024120336624,0.3580328958298721,15085,6,40914,54090,0.1466275659824047,5.381157235375347e-05,0.0003191189527555247,0.9951910353448662,0.9912237728132957,0.9964323424951205,0.005449657869012707,0.023435972629521018
DUAL_RUT_200000,RUT,200000,False,url,LATE_TEST_Q4,0.0001,5.753906250000001,0.24387369774230697,0.0,1.0,0.39211971148670466,9106,0,9445,28233,0.0,0.0,0.0003904880016567448,0.9981755181992025,0.9931199049028863,0.9977734235838974,0.007940709370037057,0.017151932239280042
DUAL_RUT_200000,RUT,200000,False,url,OFFICIAL_TEST,0.0005,5.519531250000001,0.7381901041666666,0.0006684198991891299,0.9989251858899814,0.8489899216796202,56693,61,91199,20107,0.6684198991891299,0.0005113256362706003,0.0008585316643830596,0.9936908777093497,0.993772142835945,0.9952054597287413,0.0036489151873767257,0.016096866096866096
DUAL_RUT_200000,RUT,200000,False,url,DOMAIN_OOD_EXACT,0.0005,5.519531250000001,0.7457960428623028,0.0010688432201331195,0.9992113706020469,0.8541028312293174,55749,44,41122,19002,1.0688432201331195,0.0007767271977497136,0.0014346094969000568,0.995345534754449,0.9909903521028135,0.996548710580498,0.005660010688432201,0.026453869698294708
DUAL_RUT_200000,RUT,200000,False,url,TEMPLATE_OOD_EXACT,0.0005,5.519531250000001,0.7425900335598861,0.0006533414539615747,0.9988809225750162,0.8518764153995472,52663,59,90246,18255,0.6533414539615747,0.0004973898304310645,0.0008426830481255526,0.9934186812007216,0.9938086288695921,0.9952755168865188,0.003355295941531477,0.014705719506118155
DUAL_RUT_200000,RUT,200000,False,url,DOMAIN_TEMPLATE_OOD_EXACT,0.0005,5.519531250000001,0.750242139501265,0.0010263929618768328,0.9991913746630727,0.857003674193948,51898,42,40878,17277,1.0263929618768328,0.0007398307879403465,0.0013871346630779933,0.9951910353448662,0.9912237728132957,0.9964323424951205,0.005449657869012707,0.023435972629521018
DUAL_RUT_200000,RUT,200000,False,url,LATE_TEST_Q4,0.0005,5.519531250000001,0.7015453011596454,0.003070407623080995,0.9988941427699817,0.8242216383745261,26195,29,9416,11144,3.070407623080995,0.0020572350016881116,0.004406663983472172,0.9981755181992025,0.9931199049028863,0.9977734235838974,0.007940709370037057,0.017151932239280042
DUAL_RUT_200000,RUT,200000,False,url,OFFICIAL_TEST,0.001,5.015625000000001,0.8210807291666666,0.0016765285996055226,0.9975795734987027,0.9007656486586864,63059,153,91107,13741,1.6765285996055226,0.0014215759343448708,0.0019639446664997643,0.9936908777093497,0.993772142835945,0.9952054597287413,0.0036489151873767257,0.016096866096866096
DUAL_RUT_200000,RUT,200000,False,url,DOMAIN_OOD_EXACT,0.001,5.015625000000001,0.8273869245896376,0.0025749404848661515,0.9982890531684798,0.9048388866537433,61848,106,41060,12903,2.5749404848661515,0.0021086170923318953,0.003113476074371174,0.995345534754449,0.9909903521028135,0.996548710580498,0.005660010688432201,0.026453869698294708
DUAL_RUT_200000,RUT,200000,False,url,TEMPLATE_OOD_EXACT,0.001,5.015625000000001,0.8251642742322118,0.0016721111787830131,0.9974262825975797,0.9031546130814582,58519,151,90154,12399,1.6721111787830132,0.0014162217795951214,0.001960813200093853,0.9934186812007216,0.9938086288695921,0.9952755168865188,0.003355295941531477,0.014705719506118155
DUAL_RUT_200000,RUT,200000,False,url,DOMAIN_TEMPLATE_OOD_EXACT,0.001,5.015625000000001,0.8316732923744127,0.002541544477028348,0.9981955409039646,0.9073574639224036,57531,104,40816,11644,2.541544477028348,0.0020770837322808375,0.0030786778336642615,0.9951910353448662,0.9912237728132957,0.9964323424951205,0.005449657869012707,0.023435972629521018
DUAL_RUT_200000,RUT,200000,False,url,LATE_TEST_Q4,0.001,5.015625000000001,0.7944240606336538,0.005082053996823716,0.9983844367406012,0.8848023862788963,29663,48,9397,7676,5.082053996823716,0.003749412148971652,0.00673248341961968,0.9981755181992025,0.9931199049028863,0.9977734235838974,0.007940709370037057,0.017151932239280042
DUAL_RUT_200000,RUT,200000,False,url,OFFICIAL_TEST,0.0025,3.6269531250000004,0.8989192708333333,0.003594126671049748,0.9952713904706985,0.944644750795334,69037,328,90932,7763,3.594126671049748,0.003216238869567404,0.0040040858382904615,0.9936908777093497,0.993772142835945,0.9952054597287413,0.0036489151873767257,0.016096866096866096
DUAL_RUT_200000,RUT,200000,False,url,DOMAIN_OOD_EXACT,0.0025,3.6269531250000004,0.9032253749113724,0.006145848515765437,0.9962667847129999,0.947467390770483,67517,253,40913,7234,6.1458485157654374,0.005413733490534932,0.006948873890727018,0.995345534754449,0.9909903521028135,0.996548710580498,0.005660010688432201,0.026453869698294708
DUAL_RUT_200000,RUT,200000,False,url,TEMPLATE_OOD_EXACT,0.0025,3.6269531250000004,0.9032685636932796,0.0036099883727368364,0.9949366302186878,0.9468891812390061,64058,326,89979,6860,3.6099883727368365,0.0032293053283662366,0.0040230827043744736,0.9934186812007216,0.9938086288695921,0.9952755168865188,0.003355295941531477,0.014705719506118155
DUAL_RUT_200000,RUT,200000,False,url,DOMAIN_TEMPLATE_OOD_EXACT,0.0025,3.6269531250000004,0.9076689555475244,0.006133919843597263,0.9960183378543441,0.9497935165716187,62788,251,40669,6387,6.133919843597263,0.005400408866271156,0.006938774979476998,0.9951910353448662,0.9912237728132957,0.9964323424951205,0.005449657869012707,0.023435972629521018
DUAL_RUT_200000,RUT,200000,False,url,LATE_TEST_Q4,0.0025,3.6269531250000004,0.8975869734058224,0.007940709370037057,0.9977671926168502,0.9450295365788323,33515,75,9370,3824,7.940709370037057,0.006250846703246941,0.00994371679377242,0.9981755181992025,0.9931199049028863,0.9977734235838974,0.007940709370037057,0.017151932239280042
DUAL_RUT_200000,RUT,200000,False,url,OFFICIAL_TEST,0.005,2.1582031250000004,0.9272526041666667,0.006936226166995398,0.9911894886284554,0.9581556180455579,71213,633,90627,5587,6.9362261669953975,0.0064080009852393385,0.0074961457396331395,0.9936908777093497,0.993772142835945,0.9952054597287413,0.0036489151873767257,0.016096866096866096
DUAL_RUT_200000,RUT,200000,False,url,DOMAIN_OOD_EXACT,0.005,2.1582031250000004,0.9310510896175302,0.012728951076130788,0.9925272029777099,0.96080678115854,69597,524,40642,5154,12.728951076130787,0.011668367731634658,0.013859063703676797,0.995345534754449,0.9909903521028135,0.996548710580498,0.005660010688432201,0.026453869698294708
DUAL_RUT_200000,RUT,200000,False,url,TEMPLATE_OOD_EXACT,0.005,2.1582031250000004,0.9311317296032037,0.006954210730302862,0.9905793405538388,0.9599360372147114,66034,628,89677,4884,6.954210730302862,0.006422557492173694,0.007517894041899138,0.9934186812007216,0.9938086288695921,0.9952755168865188,0.003355295941531477,0.014705719506118155
DUAL_RUT_200000,RUT,200000,False,url,DOMAIN_TEMPLATE_OOD_EXACT,0.005,2.1582031250000004,0.9349186844958439,0.012683284457478006,0.9920389004785863,0.9626321939166611,64673,519,40401,4502,12.683284457478006,0.01162151430588524,0.013815013266765035,0.9951910353448662,0.9912237728132957,0.9964323424951205,0.005449657869012707,0.023435972629521018
DUAL_RUT_200000,RUT,200000,False,url,LATE_TEST_Q4,0.005,2.1582031250000004,0.9337154181954525,0.010799364743250398,0.9970828805124978,0.9643593112509509,34864,102,9343,2475,10.799364743250397,0.008813931803640313,0.013094519989704297,0.9981755181992025,0.9931199049028863,0.9977734235838974,0.007940709370037057,0.017151932239280042
DUAL_RUT_200000,RUT,200000,False,url,OFFICIAL_TEST,0.01,0.6196289062500001,0.9435546875,0.012360289283366207,0.9846724552606906,0.9636751710518442,72465,1128,90132,4335,12.360289283366207,0.011653503540957118,0.013098317887663623,0.9936908777093497,0.993772142835945,0.9952054597287413,0.0036489151873767257,0.016096866096866096
DUAL_RUT_200000,RUT,200000,False,url,DOMAIN_OOD_EXACT,0.01,0.6196289062500001,0.9468903426041123,0.023077296798328716,0.9867560747793841,0.9664122554307014,70781,950,40216,3970,23.077296798328717,0.021648419767318332,0.0245739764178323,0.995345534754449,0.9909903521028135,0.996548710580498,0.005660010688432201,0.026453869698294708
DUAL_RUT_200000,RUT,200000,False,url,TEMPLATE_OOD_EXACT,0.01,0.6196289062500001,0.9460503680306833,0.012358119705442667,0.9836382828993666,0.9644782427439875,67092,1116,89189,3826,12.358119705442666,0.011647722740791467,0.013100091753907861,0.9934186812007216,0.9938086288695921,0.9952755168865188,0.003355295941531477,0.014705719506118155
DUAL_RUT_200000,RUT,200000,False,url,DOMAIN_TEMPLATE_OOD_EXACT,0.01,0.6196289062500001,0.9494759667509939,0.0229227761485826,0.9859197213966195,0.9673547237339186,65680,938,39982,3495,22.9227761485826,0.021494451259583516,0.02441933799955247,0.9951910353448662,0.9912237728132957,0.9964323424951205,0.005449657869012707,0.023435972629521018
DUAL_RUT_200000,RUT,200000,False,url,LATE_TEST_Q4,0.01,0.6196289062500001,0.9510967085353116,0.017787188988883006,0.995291611782181,0.972692413037524,35513,168,9277,1826,17.787188988883006,0.01521811456457677,0.020659451719485356,0.9981755181992025,0.9931199049028863,0.9977734235838974,0.007940709370037057,0.017151932239280042
DUAL_RUT_200000,RUT,200000,False,url,OFFICIAL_TEST,0.02,-0.9941406249999999,0.9581640625,0.023602892833662063,0.9715609775418862,0.9648160166774835,73587,2154,89106,3213,23.602892833662064,0.022627651850511833,0.024608573562869426,0.9936908777093497,0.993772142835945,0.9952054597287413,0.0036489151873767257,0.016096866096866096
DUAL_RUT_200000,RUT,200000,False,url,DOMAIN_OOD_EXACT,0.02,-0.9941406249999999,0.9611911546333828,0.044794247680124376,0.9749776101175129,0.9680352992690895,71850,1844,39322,2901,44.79424768012438,0.042816072475481554,0.04683694464764999,0.995345534754449,0.9909903521028135,0.996548710580498,0.005660010688432201,0.026453869698294708
DUAL_RUT_200000,RUT,200000,False,url,TEMPLATE_OOD_EXACT,0.02,-0.9941406249999999,0.9595307256267802,0.023597807430374842,0.969634791034355,0.9645562981495,68048,2131,88174,2870,23.597807430374843,0.022617579185857103,0.02460879885801651,0.9934186812007216,0.9938086288695921,0.9952755168865188,0.003355295941531477,0.014705719506118155
DUAL_RUT_200000,RUT,200000,False,url,DOMAIN_TEMPLATE_OOD_EXACT,0.02,-0.9941406249999999,0.9627322009396458,0.044501466275659825,0.9733841971411032,0.9680288968188789,66597,1821,39099,2578,44.50146627565982,0.042523689894859315,0.04654419721231111,0.9951910353448662,0.9912237728132957,0.9964323424951205,0.005449657869012707,0.023435972629521018
DUAL_RUT_200000,RUT,200000,False,url,LATE_TEST_Q4,0.02,-0.9941406249999999,0.9638715552103698,0.032186341979883536,0.9916239598831763,0.9775508263957736,35990,304,9141,1349,32.18634197988354,0.02871888147896805,0.03594608034404738,0.9981755181992025,0.9931199049028863,0.9977734235838974,0.007940709370037057,0.017151932239280042
DUAL_RUT_200000,RUT,200000,False,text,OFFICIAL_TEST,0.0001,5.113281250000001,0.104765625,3.287310979618672e-05,0.9996272828922848,0.18965456281158294,8046,3,91257,68754,0.03287310979618672,6.779276847730352e-06,9.606614118974933e-05,0.9431459666674453,0.9489507108096602,0.8539532472661746,0.1296625027394258,0.27286872671488055
DUAL_RUT_200000,RUT,200000,False,text,DOMAIN_OOD_EXACT,0.0001,5.113281250000001,0.10644673649850839,7.287567409998542e-05,0.9996231155778894,0.19240487964116018,7957,3,41163,66794,0.07287567409998542,1.5028968153107236e-05,0.00021295872686057568,0.9626976434324943,0.9360064617594431,0.9056362486033895,0.17028615848029927,0.33617548462323277
DUAL_RUT_200000,RUT,200000,False,text,TEMPLATE_OOD_EXACT,0.0001,5.113281250000001,0.10596745537099185,3.3220751896351256e-05,0.9996009577015164,0.19162119434953337,7515,3,90302,63403,0.03322075189635126,6.850970097340919e-06,9.708203438796226e-05,0.9392439698958263,0.9477842246130058,0.8423142370958593,0.1323736227229943,0.27914290460107416
DUAL_RUT_200000,RUT,200000,False,text,DOMAIN_TEMPLATE_OOD_EXACT,0.0001,5.113281250000001,0.10755330683050235,7.331378299120235e-05,0.9995969367190649,0.19421023780312718,7440,3,40917,61735,0.07331378299120235,1.511931977993591e-05,0.00021423888705116096,0.9594034752248388,0.9340580626437617,0.895781494958793,0.1770772238514174,0.34384164222873903
DUAL_RUT_200000,RUT,200000,False,text,LATE_TEST_Q4,0.0001,5.113281250000001,0.10107394413347974,0.00010587612493382742,0.9997350993377483,0.18358709928491512,3774,1,9444,33565,0.10587612493382742,2.6805478085206315e-06,0.0005897612665539468,0.9827908890797004,0.9452263170577796,0.9611919810106672,0.14367390153520382,0.19661196400211753
DUAL_RUT_200000,RUT,200000,False,text,OFFICIAL_TEST,0.0005,4.980468750000001,0.2020703125,0.0006245890861275476,0.9963405238828967,0.3359963626916082,15519,57,91203,61281,0.6245890861275476,0.0004730909310309861,0.0008091528929677143,0.9431459666674453,0.9489507108096602,0.8539532472661746,0.1296625027394258,0.27286872671488055
DUAL_RUT_200000,RUT,200000,False,text,DOMAIN_OOD_EXACT,0.0005,4.980468750000001,0.19877994943211463,0.0009959675460331342,0.997248322147651,0.3314854268217867,14859,41,41125,59892,0.9959675460331342,0.0007148153629600982,0.0013509024625372665,0.9626976434324943,0.9360064617594431,0.9056362486033895,0.17028615848029927,0.33617548462323277
DUAL_RUT_200000,RUT,200000,False,text,TEMPLATE_OOD_EXACT,0.0005,4.980468750000001,0.20283989960235765,0.0005647527822379713,0.9964671654197839,0.3370668041333739,14385,51,90254,56533,0.5647527822379713,0.0004205235479942299,0.0007424795960612595,0.9392439698958263,0.9477842246130058,0.8423142370958593,0.1323736227229943,0.27914290460107416
DUAL_RUT_200000,RUT,200000,False,text,DOMAIN_TEMPLATE_OOD_EXACT,0.0005,4.980468750000001,0.2007228044813878,0.0009530791788856305,0.9971990807239299,0.3341797133539513,13885,39,40881,55290,0.9530791788856305,0.000677817518189724,0.0013026627043284588,0.9594034752248388,0.9340580626437617,0.895781494958793,0.1770772238514174,0.34384164222873903
DUAL_RUT_200000,RUT,200000,False,text,LATE_TEST_Q4,0.0005,4.980468750000001,0.19202442486408314,0.002541026998411858,0.9966638865721434,0.3220083982664541,7170,24,9421,30169,2.541026998411858,0.001628741543235621,0.0037785025335086856,0.9827908890797004,0.9452263170577796,0.9611919810106672,0.14367390153520382,0.19661196400211753
DUAL_RUT_200000,RUT,200000,False,text,OFFICIAL_TEST,0.001,4.890625000000001,0.23015625,0.0010738549200087662,0.9944863283447732,0.37380252500687294,17676,98,91162,59124,1.0738549200087661,0.0008718906566009401,0.0013085315009934884,0.9431459666674453,0.9489507108096602,0.8539532472661746,0.1296625027394258,0.27286872671488055
DUAL_RUT_200000,RUT,200000,False,text,DOMAIN_OOD_EXACT,0.001,4.890625000000001,0.2246391352624045,0.001773308069766312,0.9956715090423955,0.36657352427523576,16792,73,41093,57959,1.773308069766312,0.001390240116587652,0.0022291597563005713,0.9626976434324943,0.9360064617594431,0.9056362486033895,0.17028615848029927,0.33617548462323277
DUAL_RUT_200000,RUT,200000,False,text,TEMPLATE_OOD_EXACT,0.001,4.890625000000001,0.23064666234242365,0.0009966225568905375,0.9945278774244543,0.374452011675156,16357,90,90215,54561,0.9966225568905376,0.0008014760384986363,0.0012248784068639143,0.9392439698958263,0.9477842246130058,0.8423142370958593,0.1323736227229943,0.27914290460107416
DUAL_RUT_200000,RUT,200000,False,text,DOMAIN_TEMPLATE_OOD_EXACT,0.001,4.890625000000001,0.22631008312251535,0.001686217008797654,0.9956118036123124,0.36879115183924427,15655,69,40851,53520,1.686217008797654,0.0013122070743849161,0.0021335376174390387,0.9594034752248388,0.9340580626437617,0.895781494958793,0.1770772238514174,0.34384164222873903
DUAL_RUT_200000,RUT,200000,False,text,LATE_TEST_Q4,0.001,4.890625000000001,0.2145477918530223,0.0037056643726839597,0.9956500124285359,0.3530241269141787,8011,35,9410,29328,3.7056643726839598,0.0025824473700400354,0.005149949290670688,0.9827908890797004,0.9452263170577796,0.9611919810106672,0.14367390153520382,0.19661196400211753
DUAL_RUT_200000,RUT,200000,False,text,OFFICIAL_TEST,0.0025,4.578125000000001,0.321796875,0.002892833662064431,0.9894306990151334,0.4856452278488475,24714,264,90996,52086,2.8928336620644313,0.002554788843015191,0.003263061416609146,0.9431459666674453,0.9489507108096602,0.8539532472661746,0.1296625027394258,0.27286872671488055
DUAL_RUT_200000,RUT,200000,False,text,DOMAIN_OOD_EXACT,0.0025,4.578125000000001,0.315567684713248,0.004809794490599038,0.9916761256148316,0.4787797600925531,23589,198,40968,51162,4.809794490599038,0.004164438753088928,0.0055264411270156645,0.9626976434324943,0.9360064617594431,0.9056362486033895,0.17028615848029927,0.33617548462323277
DUAL_RUT_200000,RUT,200000,False,text,TEMPLATE_OOD_EXACT,0.0025,4.578125000000001,0.3202148960771595,0.002757322407397154,0.9891541075006534,0.48380842813924746,22709,249,90056,48209,2.757322407397154,0.0024258370955948403,0.0031213591741689386,0.9392439698958263,0.9477842246130058,0.8423142370958593,0.1323736227229943,0.27914290460107416
DUAL_RUT_200000,RUT,200000,False,text,DOMAIN_TEMPLATE_OOD_EXACT,0.0025,4.578125000000001,0.3150704734369353,0.004618768328445748,0.9914028384279476,0.4781754955626981,21795,189,40731,47380,4.618768328445747,0.003984948053079577,0.005324374453134371,0.9594034752248388,0.9340580626437617,0.895781494958793,0.1770772238514174,0.34384164222873903
DUAL_RUT_200000,RUT,200000,False,text,LATE_TEST_Q4,0.0025,4.578125000000001,0.2942499799137631,0.008999470619375331,0.9923229768786127,0.4539051042118527,10987,85,9360,26352,8.999470619375332,0.007194603899073255,0.011116124307028949,0.9827908890797004,0.9452263170577796,0.9611919810106672,0.14367390153520382,0.19661196400211753
DUAL_RUT_200000,RUT,200000,False,text,OFFICIAL_TEST,0.005,4.023437500000001,0.3863802083333333,0.006399298706991015,0.9806993191883139,0.5543537148087951,29674,584,90676,47126,6.399298706991015,0.005892214227584728,0.0069381291436619785,0.9431459666674453,0.9489507108096602,0.8539532472661746,0.1296625027394258,0.27286872671488055
DUAL_RUT_200000,RUT,200000,False,text,DOMAIN_OOD_EXACT,0.005,4.023437500000001,0.3798477612339634,0.010591264635864548,0.9848768643773846,0.5482472654251261,28394,436,40730,46357,10.591264635864547,0.009624884531983674,0.011627575124248082,0.9626976434324943,0.9360064617594431,0.9056362486033895,0.17028615848029927,0.33617548462323277
DUAL_RUT_200000,RUT,200000,False,text,TEMPLATE_OOD_EXACT,0.005,4.023437500000001,0.3795933331453228,0.006256574940479486,0.979443332726942,0.5471377905145168,26920,565,89740,43998,6.256574940479486,0.005752671798180236,0.006792576326537907,0.9392439698958263,0.9477842246130058,0.8423142370958593,0.1323736227229943,0.27914290460107416
DUAL_RUT_200000,RUT,200000,False,text,DOMAIN_TEMPLATE_OOD_EXACT,0.005,4.023437500000001,0.37384893386338997,0.010361681329423266,0.9838691268784477,0.5418185627487953,25861,424,40496,43314,10.361681329423266,0.009403182157896582,0.011390579778906193,0.9594034752248388,0.9340580626437617,0.895781494958793,0.1770772238514174,0.34384164222873903
DUAL_RUT_200000,RUT,200000,False,text,LATE_TEST_Q4,0.005,4.023437500000001,0.3588740994670452,0.015352038115404976,0.9892949427833149,0.526688153447056,13400,145,9300,23939,15.352038115404977,0.012969898166548465,0.01803946996754468,0.9827908890797004,0.9452263170577796,0.9611919810106672,0.14367390153520382,0.19661196400211753
DUAL_RUT_200000,RUT,200000,False,text,OFFICIAL_TEST,0.01,3.1386718750000004,0.5619401041666666,0.012305500767039228,0.9746386630532972,0.7128675256029071,43157,1123,90137,33643,12.305500767039227,0.011600287524220295,0.013041961065053695,0.9431459666674453,0.9489507108096602,0.8539532472661746,0.1296625027394258,0.27286872671488055
DUAL_RUT_200000,RUT,200000,False,text,DOMAIN_OOD_EXACT,0.01,3.1386718750000004,0.557959090848283,0.020478064422095904,0.9801884797067049,0.711121720004774,41708,843,40323,33043,20.478064422095905,0.019131681488429954,0.021892664102642165,0.9626976434324943,0.9360064617594431,0.9056362486033895,0.17028615848029927,0.33617548462323277
DUAL_RUT_200000,RUT,200000,False,text,TEMPLATE_OOD_EXACT,0.01,3.1386718750000004,0.549620688682704,0.012147721610099109,0.9726263256394261,0.7023505986864036,38978,1097,89208,31940,12.147721610099108,0.011443415787152444,0.012883618831956328,0.9392439698958263,0.9477842246130058,0.8423142370958593,0.1323736227229943,0.27914290460107416
DUAL_RUT_200000,RUT,200000,False,text,DOMAIN_TEMPLATE_OOD_EXACT,0.01,3.1386718750000004,0.5463534513913987,0.02018572825024438,0.978612118073537,0.7012199081590056,37794,826,40094,31381,20.18572825024438,0.018845018477235184,0.02159511467821577,0.9594034752248388,0.9340580626437617,0.895781494958793,0.1770772238514174,0.34384164222873903
DUAL_RUT_200000,RUT,200000,False,text,LATE_TEST_Q4,0.01,3.1386718750000004,0.5948472106912344,0.02869242985706723,0.9879459122853839,0.7425820364086191,22211,271,9174,15128,28.692429857067232,0.025418750451683524,0.03226089028308644,0.9827908890797004,0.9452263170577796,0.9611919810106672,0.14367390153520382,0.19661196400211753
DUAL_RUT_200000,RUT,200000,False,text,OFFICIAL_TEST,0.02,1.7617187500000002,0.6350390625,0.023208415516107823,0.9583800035371102,0.7639029203768531,48771,2118,89142,28029,23.208415516107824,0.022241255249617377,0.02420604256652587,0.9431459666674453,0.9489507108096602,0.8539532472661746,0.1296625027394258,0.27286872671488055
DUAL_RUT_200000,RUT,200000,False,text,DOMAIN_OOD_EXACT,0.02,1.7617187500000002,0.63183101229415,0.03755526405285915,0.9683040839757258,0.7646911201599651,47230,1546,39620,27521,37.55526405285915,0.035739251411571894,0.039436870365431156,0.9626976434324943,0.9360064617594431,0.9056362486033895,0.17028615848029927,0.33617548462323277
DUAL_RUT_200000,RUT,200000,False,text,TEMPLATE_OOD_EXACT,0.02,1.7617187500000002,0.6271327448602612,0.02304412823210232,0.9553011427098548,0.7571888247612237,44475,2081,88224,26443,23.04412823210232,0.022075324093277535,0.024043733935477027,0.9392439698958263,0.9477842246130058,0.8423142370958593,0.1323736227229943,0.27914290460107416
DUAL_RUT_200000,RUT,200000,False,text,DOMAIN_TEMPLATE_OOD_EXACT,0.02,1.7617187500000002,0.6245030719190459,0.037243401759530795,0.9659243359270191,0.7585668004108903,43200,1524,39396,25975,37.2434017595308,0.03542939025812609,0.039123449758813024,0.9594034752248388,0.9340580626437617,0.895781494958793,0.1770772238514174,0.34384164222873903
DUAL_RUT_200000,RUT,200000,False,text,LATE_TEST_Q4,0.02,1.7617187500000002,0.6747368702964729,0.04436209634727369,0.98364111974388,0.8004193671368661,25194,419,9026,12145,44.36209634727369,0.04029785219226366,0.048710237192591266,0.9827908890797004,0.9452263170577796,0.9611919810106672,0.14367390153520382,0.19661196400211753
DUAL_RUT_200000,RUT,200000,False,gated,OFFICIAL_TEST,0.0001,9.664062500000002,0.4266796875,6.574621959237344e-05,0.9998169336384439,0.5981108829568789,32769,6,91254,44031,0.06574621959237344,2.4128073749088267e-05,0.00014309630633530185,0.9964836849306892,0.9965694378812369,0.9968436072236715,0.0023997370151216304,0.006070567609029147
DUAL_RUT_200000,RUT,200000,False,gated,DOMAIN_OOD_EXACT,0.0001,9.664062500000002,0.4253989913178419,9.716756546664723e-05,0.9998742257019778,0.596861685154945,31799,4,41162,42952,0.09716756546664723,2.647550551285466e-05,0.00024876869948476564,0.9975652012422085,0.9954284245330476,0.9976870728127271,0.003789535053199242,0.009886799786231356
DUAL_RUT_200000,RUT,200000,False,gated,TEMPLATE_OOD_EXACT,0.0001,9.664062500000002,0.4277334386192504,6.644150379270251e-05,0.9998022412656559,0.5991427837800469,30334,6,90299,40584,0.06644150379270251,2.4383238661641157e-05,0.0001446095296448813,0.9964119689190589,0.9966613698663565,0.996738248330108,0.0023143790487791375,0.005392835391174354
DUAL_RUT_200000,RUT,200000,False,gated,DOMAIN_TEMPLATE_OOD_EXACT,0.0001,9.664062500000002,0.42700397542464763,9.775171065493646e-05,0.9998645995531785,0.5984379590141516,29538,4,40916,39637,0.09775171065493646,2.6634672824115537e-05,0.0002502641157298036,0.9975673501507191,0.995715117353278,0.9976934535727443,0.0035190615835777126,0.008797653958944282
DUAL_RUT_200000,RUT,200000,False,gated,LATE_TEST_Q4,0.0001,9.664062500000002,0.43656766383673906,0.00042350449973530967,0.9997546764796075,0.6077473715606592,16301,4,9441,21038,0.4235044997353097,0.00011540239267044071,0.0010839814822113754,0.9987075834444821,0.9953584878284067,0.9986083557871672,0.0049761778718898884,0.01111699311805188
DUAL_RUT_200000,RUT,200000,False,gated,OFFICIAL_TEST,0.0005,7.230468750000001,0.7855729166666666,0.000821827744904668,0.9987584220371811,0.879430349763496,60332,75,91185,16468,0.821827744904668,0.0006464728210024248,0.001030060868024288,0.9964836849306892,0.9965694378812369,0.9968436072236715,0.0023997370151216304,0.006070567609029147
DUAL_RUT_200000,RUT,200000,False,gated,DOMAIN_OOD_EXACT,0.0005,7.230468750000001,0.7880295915773702,0.0012388864596997522,0.9991349627694761,0.8811140694648039,58906,51,41115,15845,1.2388864596997522,0.0009225671494407413,0.0016285891917969565,0.9975652012422085,0.9954284245330476,0.9976870728127271,0.003789535053199242,0.009886799786231356
DUAL_RUT_200000,RUT,200000,False,gated,TEMPLATE_OOD_EXACT,0.0005,7.230468750000001,0.7834400293296483,0.0008083716294778805,0.9986878291661424,0.8780649698540509,55560,73,90232,15358,0.8083716294778805,0.0006336861812919339,0.0010163002226656317,0.9964119689190589,0.9966613698663565,0.996738248330108,0.0023143790487791375,0.005392835391174354
DUAL_RUT_200000,RUT,200000,False,gated,DOMAIN_TEMPLATE_OOD_EXACT,0.0005,7.230468750000001,0.7861076978677268,0.0011974584555229718,0.9990997280811347,0.8798977371099407,54379,49,40871,14796,1.1974584555229717,0.0008860135932387912,0.001582798276019498,0.9975673501507191,0.995715117353278,0.9976934535727443,0.0035190615835777126,0.008797653958944282
DUAL_RUT_200000,RUT,200000,False,gated,LATE_TEST_Q4,0.0005,7.230468750000001,0.8262406598998366,0.002541026998411858,0.9992226720647773,0.904535725804087,30851,24,9421,6488,2.541026998411858,0.001628741543235621,0.0037785025335086856,0.9987075834444821,0.9953584878284067,0.9986083557871672,0.0049761778718898884,0.01111699311805188
DUAL_RUT_200000,RUT,200000,False,gated,OFFICIAL_TEST,0.001,6.261718750000001,0.8534635416666667,0.0013916283147052378,0.9980661763586253,0.9201181978339756,65546,127,91133,11254,1.3916283147052377,0.0011602658036326753,0.0016555549319752388,0.9964836849306892,0.9965694378812369,0.9968436072236715,0.0023997370151216304,0.006070567609029147
DUAL_RUT_200000,RUT,200000,False,gated,DOMAIN_OOD_EXACT,0.001,6.261718750000001,0.8562694813447311,0.002161978331632901,0.9986114578132801,0.9219788688268381,64007,89,41077,10744,2.161978331632901,0.0017365948691526114,0.002659836978037529,0.9975652012422085,0.9954284245330476,0.9976870728127271,0.003789535053199242,0.009886799786231356
DUAL_RUT_200000,RUT,200000,False,gated,TEMPLATE_OOD_EXACT,0.001,6.261718750000001,0.8535068670859303,0.0013620508277504015,0.9979720371958056,0.920103367028958,60529,123,90182,10389,1.3620508277504015,0.0011321213978025975,0.001624905726182106,0.9964119689190589,0.9966613698663565,0.996738248330108,0.0023143790487791375,0.005392835391174354
DUAL_RUT_200000,RUT,200000,False,gated,DOMAIN_TEMPLATE_OOD_EXACT,0.001,6.261718750000001,0.8564365739067582,0.0020772238514173997,0.9985673110957541,0.9220569009524995,59244,85,40835,9931,2.0772238514173997,0.0016595393629790089,0.0025678882955140164,0.9975673501507191,0.995715117353278,0.9976934535727443,0.0035190615835777126,0.008797653958944282
DUAL_RUT_200000,RUT,200000,False,gated,LATE_TEST_Q4,0.001,6.261718750000001,0.8846782184846943,0.004235044997353097,0.9987905542285248,0.9382775663239221,33033,40,9405,4306,4.235044997353097,0.0030272501893441467,0.005762509925235094,0.9987075834444821,0.9953584878284067,0.9986083557871672,0.0049761778718898884,0.01111699311805188
DUAL_RUT_200000,RUT,200000,False,gated,OFFICIAL_TEST,0.0025,3.5781250000000004,0.9361458333333333,0.004218715757177295,0.9946735656673261,0.9645226420536487,71896,385,90875,4904,4.2187157571772955,0.003808547488590599,0.004660870594051521,0.9964836849306892,0.9965694378812369,0.9968436072236715,0.0023997370151216304,0.006070567609029147
DUAL_RUT_200000,RUT,200000,False,gated,DOMAIN_OOD_EXACT,0.0025,3.5781250000000004,0.9386228946769943,0.007238983627265219,0.9957707100381772,0.9663526430322564,70163,298,40868,4588,7.238983627265219,0.006442829551809705,0.00810577772130062,0.9975652012422085,0.9954284245330476,0.9976870728127271,0.003789535053199242,0.009886799786231356
DUAL_RUT_200000,RUT,200000,False,gated,TEMPLATE_OOD_EXACT,0.0025,3.5781250000000004,0.9386897543641952,0.004152593987043907,0.9943983867353798,0.9657413519218354,66570,375,89930,4348,4.1525939870439075,0.0037436327645067402,0.004593891498837887,0.9964119689190589,0.9966613698663565,0.996738248330108,0.0023143790487791375,0.005392835391174354
DUAL_RUT_200000,RUT,200000,False,gated,DOMAIN_TEMPLATE_OOD_EXACT,0.0025,3.5781250000000004,0.9414528370075894,0.007038123167155425,0.9955972054484583,0.9677683002942312,65125,288,40632,4050,7.038123167155425,0.006251059560715355,0.007896303478808103,0.9975673501507191,0.995715117353278,0.9976934535727443,0.0035190615835777126,0.008797653958944282
DUAL_RUT_200000,RUT,200000,False,gated,LATE_TEST_Q4,0.0025,3.5781250000000004,0.943758536650687,0.00984647961884595,0.997367825200951,0.969822900469238,35239,93,9352,2100,9.846479618845951,0.00795452797588894,0.012049214551518656,0.9987075834444821,0.9953584878284067,0.9986083557871672,0.0049761778718898884,0.01111699311805188
DUAL_RUT_200000,RUT,200000,False,gated,OFFICIAL_TEST,0.005,1.7041015625000002,0.9535807291666667,0.006903353057199211,0.9914709266905841,0.972156771645704,73235,630,90630,3565,6.903353057199211,0.006376397680328487,0.007462005923669265,0.9964836849306892,0.9965694378812369,0.9968436072236715,0.0023997370151216304,0.006070567609029147
DUAL_RUT_200000,RUT,200000,False,gated,DOMAIN_OOD_EXACT,0.005,1.7041015625000002,0.9553317012481438,0.012413156488364184,0.992895179567037,0.9737513124343782,71412,511,40655,3339,12.413156488364184,0.011365943539583055,0.013529956348114248,0.9975652012422085,0.9954284245330476,0.9976870728127271,0.003789535053199242,0.009886799786231356
DUAL_RUT_200000,RUT,200000,False,gated,TEMPLATE_OOD_EXACT,0.005,1.7041015625000002,0.9562734425674723,0.006832401306682908,0.9909840137943128,0.9733193639129686,67817,617,89688,3101,6.832401306682908,0.006305487405156946,0.007391356926914975,0.9964119689190589,0.9966613698663565,0.996738248330108,0.0023143790487791375,0.005392835391174354
DUAL_RUT_200000,RUT,200000,False,gated,DOMAIN_TEMPLATE_OOD_EXACT,0.005,1.7041015625000002,0.958337549692808,0.01217008797653959,0.9925439056160261,0.975140844034538,66293,498,40422,2882,12.17008797653959,0.011130243033558952,0.013279986230932177,0.9975673501507191,0.995715117353278,0.9976934535727443,0.0035190615835777126,0.008797653958944282
DUAL_RUT_200000,RUT,200000,False,gated,LATE_TEST_Q4,0.005,1.7041015625000002,0.957336832802164,0.014610905240868183,0.9961542748857429,0.9763598869207762,35746,138,9307,1593,14.610905240868183,0.01228869983193974,0.01723907166023042,0.9987075834444821,0.9953584878284067,0.9986083557871672,0.0049761778718898884,0.01111699311805188
DUAL_RUT_200000,RUT,200000,False,gated,OFFICIAL_TEST,0.01,-0.5205078124999999,0.9673046875,0.012294543063773833,0.9851215339937145,0.976131817017167,74289,1122,90138,2511,12.294543063773833,0.01158964475623721,0.013030689265734188,0.9964836849306892,0.9965694378812369,0.9968436072236715,0.0023997370151216304,0.006070567609029147
DUAL_RUT_200000,RUT,200000,False,gated,DOMAIN_OOD_EXACT,0.01,-0.5205078124999999,0.968642559965753,0.022785794101928776,0.9872111255027609,0.9778386992221263,72407,938,40228,2344,22.785794101928776,0.021365912915725097,0.024273523917044505,0.9975652012422085,0.9954284245330476,0.9976870728127271,0.003789535053199242,0.009886799786231356
DUAL_RUT_200000,RUT,200000,False,gated,TEMPLATE_OOD_EXACT,0.01,-0.5205078124999999,0.9695704898615303,0.012236310281822711,0.9841837830100909,0.9768224856694345,68760,1105,89200,2158,12.23631028182271,0.011529433154224947,0.01297477193006483,0.9964119689190589,0.9966613698663565,0.996738248330108,0.0023143790487791375,0.005392835391174354
DUAL_RUT_200000,RUT,200000,False,gated,DOMAIN_TEMPLATE_OOD_EXACT,0.01,-0.5205078124999999,0.9711890133718829,0.022531769305962856,0.9864618818277928,0.9787658709635122,67182,922,39998,1993,22.531769305962857,0.02111560542029708,0.024016232391403682,0.9975673501507191,0.995715117353278,0.9976934535727443,0.0035190615835777126,0.008797653958944282
DUAL_RUT_200000,RUT,200000,False,gated,LATE_TEST_Q4,0.01,-0.5205078124999999,0.9685851254720266,0.023716251985177343,0.9938444627644958,0.9810522318219426,36166,224,9221,1173,23.716251985177344,0.020742169121589996,0.02698880789517989,0.9987075834444821,0.9953584878284067,0.9986083557871672,0.0049761778718898884,0.01111699311805188
DUAL_RUT_200000,RUT,200000,False,gated,OFFICIAL_TEST,0.02,-3.1855468749999996,0.9780078125,0.02492877492877493,0.970601917659525,0.9742907916412644,75111,2275,88985,1689,24.928774928774928,0.023926892770393726,0.02596100630122896,0.9964836849306892,0.9965694378812369,0.9968436072236715,0.0023997370151216304,0.006070567609029147
DUAL_RUT_200000,RUT,200000,False,gated,DOMAIN_OOD_EXACT,0.02,-3.1855468749999996,0.9794250244143891,0.04634892872759073,0.9746009770902944,0.9770070460125975,73213,1908,39258,1538,46.34892872759073,0.04433791833066215,0.048424232288291076,0.9975652012422085,0.9954284245330476,0.9976870728127271,0.003789535053199242,0.009886799786231356
DUAL_RUT_200000,RUT,200000,False,gated,TEMPLATE_OOD_EXACT,0.02,-3.1855468749999996,0.9793282382469894,0.024782680914678036,0.9687822569396011,0.9740267025692807,69452,2238,88067,1466,24.782680914678036,0.02377847932051364,0.02581756387598423,0.9964119689190589,0.9966613698663565,0.996738248330108,0.0023143790487791375,0.005392835391174354
DUAL_RUT_200000,RUT,200000,False,gated,DOMAIN_TEMPLATE_OOD_EXACT,0.02,-3.1855468749999996,0.9809757860498735,0.045918866080156405,0.9730562964237575,0.9769999928012497,67859,1879,39041,1316,45.918866080156405,0.04391092635888338,0.04799155055903577,0.9975673501507191,0.995715117353278,0.9976934535727443,0.0035190615835777126,0.008797653958944282
DUAL_RUT_200000,RUT,200000,False,gated,LATE_TEST_Q4,0.02,-3.1855468749999996,0.9775034146602748,0.04182106934886183,0.9892936520843497,0.9833631942667007,36499,395,9050,840,41.82106934886183,0.03787293319957621,0.04605481905886001,0.9987075834444821,0.9953584878284067,0.9986083557871672,0.0049761778718898884,0.01111699311805188
DUAL_RUT_200000,RUT,200000,False,equal,OFFICIAL_TEST,0.0001,9.343750000000002,0.36485677083333334,5.478851632697787e-05,0.9998215942339257,0.5346192738442752,28021,5,91255,48779,0.05478851632697787,1.77899137553076e-05,0.00012785344931237223,0.9957405934904929,0.9959959530690701,0.9945613075882709,0.004142011834319527,0.006563664255971948
DUAL_RUT_200000,RUT,200000,False,equal,DOMAIN_OOD_EXACT,0.0001,9.343750000000002,0.3618948241495097,7.287567409998542e-05,0.999889114766217,0.5314421546863642,27052,3,41163,47699,0.07287567409998542,1.5028968153107236e-05,0.00021295872686057568,0.9969956632711847,0.9944694063280846,0.9956793228966293,0.007093232279065248,0.011174270028664432
DUAL_RUT_200000,RUT,200000,False,equal,TEMPLATE_OOD_EXACT,0.0001,9.343750000000002,0.3704983220056967,5.536791982725209e-05,0.9998097412480974,0.5406489845470072,26275,5,90300,44643,0.055367919827252095,1.797804941993478e-05,0.00012920548448164796,0.995656861590036,0.9961369353884326,0.9942238829207536,0.004108299651182105,0.006267648524444937
DUAL_RUT_200000,RUT,200000,False,equal,DOMAIN_TEMPLATE_OOD_EXACT,0.0001,9.343750000000002,0.36823997108782075,7.331378299120235e-05,0.9998822421102214,0.5382510485890271,25473,3,40917,43702,0.07331378299120235,1.511931977993591e-05,0.00021423888705116096,0.9969777165314743,0.9948013868590189,0.9954595597051912,0.006940371456500489,0.010557184750733138
DUAL_RUT_200000,RUT,200000,False,equal,LATE_TEST_Q4,0.0001,9.343750000000002,0.3849326441522269,0.00042350449973530967,0.9997217778396049,0.5558434527032253,14373,4,9441,22966,0.4235044997353097,0.00011540239267044071,0.0010839814822113754,0.9985879763320299,0.9948025268776676,0.9984907223816992,0.005399682371625199,0.011752249867654843
DUAL_RUT_200000,RUT,200000,False,equal,OFFICIAL_TEST,0.0005,6.566406250000001,0.6978125,0.0007779969318430856,0.998676928237333,0.8215662678307261,53592,71,91189,23208,0.7779969318430856,0.0006076705034399745,0.0009812374836461284,0.9957405934904929,0.9959959530690701,0.9945613075882709,0.004142011834319527,0.006563664255971948
DUAL_RUT_200000,RUT,200000,False,equal,DOMAIN_OOD_EXACT,0.0005,6.566406250000001,0.6985190833567444,0.0013603459165330613,0.9989286602513823,0.8221410464329015,52215,56,41110,22536,1.3603459165330614,0.0010277492451561416,0.001766163495961223,0.9969956632711847,0.9944694063280846,0.9956793228966293,0.007093232279065248,0.011174270028664432
DUAL_RUT_200000,RUT,200000,False,equal,TEMPLATE_OOD_EXACT,0.0005,6.566406250000001,0.6977636143151245,0.0007530037096506284,0.9986277042298999,0.8215157300572756,49484,68,90237,21434,0.7530037096506285,0.0005847828143001654,0.0009545153893692436,0.995656861590036,0.9961369353884326,0.9942238829207536,0.004108299651182105,0.006267648524444937
DUAL_RUT_200000,RUT,200000,False,equal,DOMAIN_TEMPLATE_OOD_EXACT,0.0005,6.566406250000001,0.6989519335019877,0.0012952101661779082,0.9989050265479412,0.8224327680348364,48350,53,40867,20825,1.2952101661779083,0.0009703471642003118,0.001693828777534843,0.9969777165314743,0.9948013868590189,0.9954595597051912,0.006940371456500489,0.010557184750733138
DUAL_RUT_200000,RUT,200000,False,equal,LATE_TEST_Q4,0.0005,6.566406250000001,0.7357454672058705,0.0016940179989412387,0.9994179278230501,0.8475480895305968,27472,16,9429,9867,1.6940179989412387,0.0009685779504636915,0.0027495251982407576,0.9985879763320299,0.9948025268776676,0.9984907223816992,0.005399682371625199,0.011752249867654843
DUAL_RUT_200000,RUT,200000,False,equal,OFFICIAL_TEST,0.001,4.875000000000001,0.7954036458333333,0.001643655489809336,0.9975505005143949,0.8850815361098836,61087,150,91110,15713,1.643655489809336,0.0013913160432885467,0.0019284688604450041,0.9957405934904929,0.9959959530690701,0.9945613075882709,0.004142011834319527,0.006563664255971948
DUAL_RUT_200000,RUT,200000,False,equal,DOMAIN_OOD_EXACT,0.001,4.875000000000001,0.7972201040788752,0.002793567507166108,0.9980739599383667,0.8864114711547758,59593,115,41051,15158,2.793567507166108,0.002306910757434581,0.0033523158666191035,0.9969956632711847,0.9944694063280846,0.9956793228966293,0.007093232279065248,0.011174270028664432
DUAL_RUT_200000,RUT,200000,False,equal,TEMPLATE_OOD_EXACT,0.001,4.875000000000001,0.7910121548831044,0.0016056696749903107,0.9974218555527897,0.8823057565272098,56097,145,90160,14821,1.6056696749903108,0.001355124514680345,0.0018890493746540969,0.995656861590036,0.9961369353884326,0.9942238829207536,0.004108299651182105,0.006267648524444937
DUAL_RUT_200000,RUT,200000,False,equal,DOMAIN_TEMPLATE_OOD_EXACT,0.001,4.875000000000001,0.7931189013371883,0.002688172043010753,0.997999054098301,0.8838411908271513,54864,110,40810,14311,2.688172043010753,0.0022098528602090524,0.0032390799358279062,0.9969777165314743,0.9948013868590189,0.9954595597051912,0.006940371456500489,0.010557184750733138
DUAL_RUT_200000,RUT,200000,False,equal,LATE_TEST_Q4,0.001,4.875000000000001,0.8403010257371649,0.003070407623080995,0.9990765801623945,0.9128360293261958,31376,29,9416,5963,3.070407623080995,0.0020572350016881116,0.004406663983472172,0.9985879763320299,0.9948025268776676,0.9984907223816992,0.005399682371625199,0.011752249867654843
DUAL_RUT_200000,RUT,200000,False,equal,OFFICIAL_TEST,0.0025,2.9980468750000004,0.8844401041666666,0.0036050843743151437,0.995179769683828,0.9365477684172792,67925,329,90931,8875,3.6050843743151435,0.003226606812096732,0.004015631715748216,0.9957405934904929,0.9959959530690701,0.9945613075882709,0.004142011834319527,0.006563664255971948
DUAL_RUT_200000,RUT,200000,False,equal,DOMAIN_OOD_EXACT,0.0025,2.9980468750000004,0.8868643897740498,0.006461643103532041,0.9960036057692307,0.9382709060158091,66294,266,40900,8457,6.461643103532041,0.005710469797505449,0.007283645681387835,0.9969956632711847,0.9944694063280846,0.9956793228966293,0.007093232279065248,0.011174270028664432
DUAL_RUT_200000,RUT,200000,False,equal,TEMPLATE_OOD_EXACT,0.0025,2.9980468750000004,0.8833018415634959,0.003543546868944134,0.9949175693275308,0.9357932476844936,62642,320,89985,8276,3.543546868944134,0.0031664703092312567,0.003953044518299726,0.995656861590036,0.9961369353884326,0.9942238829207536,0.004108299651182105,0.006267648524444937
DUAL_RUT_200000,RUT,200000,False,equal,DOMAIN_TEMPLATE_OOD_EXACT,0.0025,2.9980468750000004,0.8860426454644019,0.006280547409579668,0.9958244650603584,0.9377314035678223,61292,257,40663,7883,6.280547409579668,0.0055380913602749455,0.0070943093037793056,0.9969777165314743,0.9948013868590189,0.9954595597051912,0.006940371456500489,0.010557184750733138
DUAL_RUT_200000,RUT,200000,False,equal,LATE_TEST_Q4,0.0025,2.9980468750000004,0.9251988537454137,0.006881948120698782,0.9981219843402387,0.9602779708130647,34546,65,9380,2793,6.881948120698782,0.00531524094661829,0.008763311599644677,0.9985879763320299,0.9948025268776676,0.9984907223816992,0.005399682371625199,0.011752249867654843
DUAL_RUT_200000,RUT,200000,False,equal,OFFICIAL_TEST,0.005,1.2890625000000002,0.9515494791666667,0.006815691431076047,0.9915604944301977,0.9711430488833962,73079,622,90638,3721,6.815691431076047,0.006292137362422098,0.00737095128793225,0.9957405934904929,0.9959959530690701,0.9945613075882709,0.004142011834319527,0.006563664255971948
DUAL_RUT_200000,RUT,200000,False,equal,DOMAIN_OOD_EXACT,0.005,1.2890625000000002,0.9547698358550387,0.012315988922897536,0.9929462832338578,0.9734839184876013,71370,507,40659,3381,12.315988922897535,0.011272925350016803,0.013428657238586047,0.9969956632711847,0.9944694063280846,0.9956793228966293,0.007093232279065248,0.011174270028664432
DUAL_RUT_200000,RUT,200000,False,equal,TEMPLATE_OOD_EXACT,0.005,1.2890625000000002,0.9541583236977919,0.006777033386855656,0.9910367755825363,0.9722479651141906,67667,612,89693,3251,6.777033386855656,0.006252287974566898,0.007333825844858265,0.995656861590036,0.9961369353884326,0.9942238829207536,0.004108299651182105,0.006267648524444937
DUAL_RUT_200000,RUT,200000,False,equal,DOMAIN_TEMPLATE_OOD_EXACT,0.005,1.2890625000000002,0.9577159378388146,0.012145650048875856,0.9925539724631819,0.9748237960006475,66250,497,40423,2925,12.145650048875856,0.01110686100747184,0.013254496943142033,0.9969777165314743,0.9948013868590189,0.9954595597051912,0.006940371456500489,0.010557184750733138
DUAL_RUT_200000,RUT,200000,False,equal,LATE_TEST_Q4,0.005,1.2890625000000002,0.9578992474356571,0.01355214399152991,0.9964340437386823,0.9767867384001967,35767,128,9317,1572,13.55214399152991,0.011318377968410218,0.016092856163074654,0.9985879763320299,0.9948025268776676,0.9984907223816992,0.005399682371625199,0.011752249867654843
DUAL_RUT_200000,RUT,200000,False,equal,OFFICIAL_TEST,0.01,-0.6162109374999999,0.9643229166666667,0.012568485645408722,0.9847487600888215,0.9744288091995764,74060,1147,90113,2740,12.568485645408723,0.011855757133423989,0.013312441127006452,0.9957405934904929,0.9959959530690701,0.9945613075882709,0.004142011834319527,0.006563664255971948
DUAL_RUT_200000,RUT,200000,False,equal,DOMAIN_OOD_EXACT,0.01,-0.6162109374999999,0.9664084761407874,0.023417383277461984,0.9868313206928583,0.9765131289919232,72240,964,40202,2511,23.417383277461983,0.021978087657448034,0.02492442788857312,0.9969956632711847,0.9944694063280846,0.9956793228966293,0.007093232279065248,0.011174270028664432
DUAL_RUT_200000,RUT,200000,False,equal,TEMPLATE_OOD_EXACT,0.01,-0.6162109374999999,0.9662145012549705,0.012524223464924423,0.9837623648658349,0.9749094763500296,68522,1131,89174,2396,12.524223464924424,0.011809055593073423,0.013270953590001373,0.995656861590036,0.9961369353884326,0.9942238829207536,0.004108299651182105,0.006267648524444937
DUAL_RUT_200000,RUT,200000,False,equal,DOMAIN_TEMPLATE_OOD_EXACT,0.01,-0.6162109374999999,0.9686302855077702,0.02316715542521994,0.9860491810516092,0.9772621200630068,67005,948,39972,2170,23.167155425219942,0.021731286205535813,0.024671222795206848,0.9969777165314743,0.9948013868590189,0.9954595597051912,0.006940371456500489,0.010557184750733138
DUAL_RUT_200000,RUT,200000,False,equal,LATE_TEST_Q4,0.01,-0.6162109374999999,0.9684244355767428,0.02223398623610376,0.9942260104481716,0.9811556255002782,36160,210,9235,1179,22.23398623610376,0.01935557141829849,0.02541201298337764,0.9985879763320299,0.9948025268776676,0.9984907223816992,0.005399682371625199,0.011752249867654843
DUAL_RUT_200000,RUT,200000,False,equal,OFFICIAL_TEST,0.02,-2.5410156249999996,0.9771484375,0.02453429761122069,0.9710289322498835,0.9740790737519796,75045,2239,89021,1755,24.534297611220687,0.02354026037713866,0.02555871094138851,0.9957405934904929,0.9959959530690701,0.9945613075882709,0.004142011834319527,0.006563664255971948
DUAL_RUT_200000,RUT,200000,False,equal,DOMAIN_OOD_EXACT,0.02,-2.5410156249999996,0.9785554708298216,0.04562017198659087,0.9749686775251246,0.9767587813883306,73148,1878,39288,1603,45.620171986590876,0.043624472989797505,0.047680271242564215,0.9969956632711847,0.9944694063280846,0.9956793228966293,0.007093232279065248,0.011174270028664432
DUAL_RUT_200000,RUT,200000,False,equal,TEMPLATE_OOD_EXACT,0.02,-2.5410156249999996,0.9782847796046138,0.024483694147610875,0.9691153668859741,0.9736784859691102,69378,2211,88094,1540,24.483694147610876,0.023485482694307044,0.02551260757404318,0.995656861590036,0.9961369353884326,0.9942238829207536,0.004108299651182105,0.006267648524444937
DUAL_RUT_200000,RUT,200000,False,equal,DOMAIN_TEMPLATE_OOD_EXACT,0.02,-2.5410156249999996,0.9799204915070473,0.04523460410557185,0.9734193029567615,0.9766590784658387,67786,1851,39069,1389,45.23460410557185,0.043241158257305526,0.04729289594150757,0.9969777165314743,0.9948013868590189,0.9954595597051912,0.006940371456500489,0.010557184750733138
DUAL_RUT_200000,RUT,200000,False,equal,LATE_TEST_Q4,0.02,-2.5410156249999996,0.9768606550791398,0.0405505558496559,0.9896087687883227,0.9831933905683519,36475,383,9062,864,40.5505558496559,0.03666197530708383,0.044725613676803895,0.9985879763320299,0.9948025268776676,0.9984907223816992,0.005399682371625199,0.011752249867654843
TRI_RUT_200000,RUT,200000,True,url,OFFICIAL_TEST,0.0001,6.660156250000001,0.057565104166666665,5.478851632697787e-05,0.9988703117939449,0.10885676999975377,4421,5,91255,72379,0.05478851632697787,1.77899137553076e-05,0.00012785344931237223,0.9936804669632964,0.9937782845715538,0.9955790443823622,0.003364014902476441,0.013905325443786982
TRI_RUT_200000,RUT,200000,True,url,DOMAIN_OOD_EXACT,0.0001,6.660156250000001,0.05906275501331086,0.00012145945683330905,0.998868778280543,0.1115307372649076,4415,5,41161,70336,0.12145945683330904,3.9438693446562146e-05,0.00028342289872657057,0.9952945471354531,0.9911162207632969,0.996814909187876,0.005222756643832289,0.022372831948695524
TRI_RUT_200000,RUT,200000,True,url,TEMPLATE_OOD_EXACT,0.0001,6.660156250000001,0.058532389520291044,4.4294335861801674e-05,0.9990373044524669,0.1105856965886537,4151,4,90301,66767,0.044294335861801676,1.2068843367173913e-05,0.00011340717288481262,0.9934323071962698,0.9938006221552885,0.9956014474669329,0.003122750678257018,0.012269531033719062
TRI_RUT_200000,RUT,200000,True,url,DOMAIN_TEMPLATE_OOD_EXACT,0.0001,6.660156250000001,0.05994940368630285,9.775171065493646e-05,0.9990363767766803,0.11311131113111311,4147,4,40916,65028,0.09775171065493646,2.6634672824115537e-05,0.0002502641157298036,0.9951711710143035,0.9913550768182897,0.996846890105317,0.004814271749755621,0.018963831867057673
TRI_RUT_200000,RUT,200000,True,url,LATE_TEST_Q4,0.0001,6.660156250000001,0.0663649267521894,0.0,1.0,0.12446944772333426,2478,0,9445,34861,0.0,0.0,0.0003904880016567448,0.9982114655402027,0.9930364522064316,0.9977454761198458,0.008046585494970884,0.015881418740074114
TRI_RUT_200000,RUT,200000,True,url,OFFICIAL_TEST,0.0005,6.367187500000001,0.7669010416666666,0.0007670392285776902,0.9988129154795822,0.8676271286311944,58898,70,91190,17902,0.7670392285776901,0.0005979919989947845,0.0009690099958871784,0.9936804669632964,0.9937782845715538,0.9955790443823622,0.003364014902476441,0.013905325443786982
TRI_RUT_200000,RUT,200000,True,url,DOMAIN_OOD_EXACT,0.0005,6.367187500000001,0.7723508715602467,0.001384637807899723,0.9990136872523403,0.8711804560063979,57734,57,41109,17017,1.384637807899723,0.001048874636850265,0.0017935916589990458,0.9952945471354531,0.9911162207632969,0.996814909187876,0.005222756643832289,0.022372831948695524
TRI_RUT_200000,RUT,200000,True,url,TEMPLATE_OOD_EXACT,0.0005,6.367187500000001,0.769762260639048,0.0007530037096506284,0.9987559003256614,0.869433649741989,54590,68,90237,16328,0.7530037096506285,0.0005847828143001654,0.0009545153893692436,0.9934323071962698,0.9938006221552885,0.9956014474669329,0.003122750678257018,0.012269531033719062
TRI_RUT_200000,RUT,200000,True,url,DOMAIN_TEMPLATE_OOD_EXACT,0.0005,6.367187500000001,0.7756270328876039,0.0013440860215053765,0.9989759630601948,0.8732463135965627,53654,55,40865,15521,1.3440860215053765,0.0010127050812112903,0.0017491579910612772,0.9951711710143035,0.9913550768182897,0.996846890105317,0.004814271749755621,0.018963831867057673
TRI_RUT_200000,RUT,200000,True,url,LATE_TEST_Q4,0.0005,6.367187500000001,0.7308444253997162,0.0028586553732133403,0.9990115683116122,0.844141984378625,27289,27,9418,10050,2.8586553732133404,0.0018846912062296976,0.004156488231043357,0.9982114655402027,0.9930364522064316,0.9977454761198458,0.008046585494970884,0.015881418740074114
TRI_RUT_200000,RUT,200000,True,url,OFFICIAL_TEST,0.001,5.816406250000001,0.8420182291666667,0.0018189787420556651,0.9974395755248099,0.9131628928286488,64667,166,91094,12133,1.8189787420556651,0.0015529892286998998,0.0021173887131796213,0.9936804669632964,0.9937782845715538,0.9955790443823622,0.003364014902476441,0.013905325443786982
TRI_RUT_200000,RUT,200000,True,url,DOMAIN_OOD_EXACT,0.001,5.816406250000001,0.8465438589450308,0.0027206918330661225,0.9982332155477032,0.9161521032553225,63280,112,41054,11471,2.7206918330661227,0.0022407206552938247,0.0032727936277911793,0.9952945471354531,0.9911162207632969,0.996814909187876,0.005222756643832289,0.022372831948695524
TRI_RUT_200000,RUT,200000,True,url,TEMPLATE_OOD_EXACT,0.001,5.816406250000001,0.8457655320228997,0.0018160677703338685,0.9972732109603618,0.9152919992064825,59980,164,90141,10938,1.8160677703338686,0.001548954002597932,0.0021159500164837923,0.9934323071962698,0.9938006221552885,0.9956014474669329,0.003122750678257018,0.012269531033719062
TRI_RUT_200000,RUT,200000,True,url,DOMAIN_TEMPLATE_OOD_EXACT,0.001,5.816406250000001,0.8504806649801229,0.002688172043010753,0.9981337586101592,0.918410515388278,58832,110,40810,10343,2.688172043010753,0.0022098528602090524,0.0032390799358279062,0.9951711710143035,0.9913550768182897,0.996846890105317,0.004814271749755621,0.018963831867057673
TRI_RUT_200000,RUT,200000,True,url,LATE_TEST_Q4,0.001,5.816406250000001,0.8257853718631993,0.00614081524616199,0.9981224912598731,0.9038120502410928,30834,58,9387,6505,6.14081524616199,0.004666183742552744,0.00793128633388848,0.9982114655402027,0.9930364522064316,0.9977454761198458,0.008046585494970884,0.015881418740074114
TRI_RUT_200000,RUT,200000,True,url,OFFICIAL_TEST,0.0025,4.031250000000001,0.9078515625,0.003692746000438308,0.9951898372823295,0.9495165463706932,69723,337,90923,7077,3.692746000438308,0.0033095826021340684,0.004107966627674336,0.9936804669632964,0.9937782845715538,0.9955790443823622,0.003364014902476441,0.013905325443786982
TRI_RUT_200000,RUT,200000,True,url,DOMAIN_OOD_EXACT,0.0025,4.031250000000001,0.9119610439994114,0.006291599863965408,0.9962150550205322,0.952227964799553,68170,259,40907,6581,6.291599863965408,0.005550628220471759,0.007103444098247467,0.9952945471354531,0.9911162207632969,0.996814909187876,0.005222756643832289,0.022372831948695524
TRI_RUT_200000,RUT,200000,True,url,TEMPLATE_OOD_EXACT,0.0025,4.031250000000001,0.9126173890972673,0.00370965062842589,0.9948505902606984,0.9519614043861326,64721,335,89970,6197,3.70965062842589,0.003323620189338881,0.0041280779294293815,0.9934323071962698,0.9938006221552885,0.9956014474669329,0.003122750678257018,0.012269531033719062
TRI_RUT_200000,RUT,200000,True,url,DOMAIN_TEMPLATE_OOD_EXACT,0.0025,4.031250000000001,0.9167762920130105,0.006280547409579668,0.9959638790734197,0.9547308995107263,63418,257,40663,5757,6.280547409579668,0.0055380913602749455,0.0070943093037793056,0.9951711710143035,0.9913550768182897,0.996846890105317,0.004814271749755621,0.018963831867057673
TRI_RUT_200000,RUT,200000,True,url,LATE_TEST_Q4,0.0025,4.031250000000001,0.9109777980128017,0.008575966119640021,0.997624354763022,0.9523342899139077,34015,81,9364,3324,8.575966119640022,0.006816221849349891,0.010648025047623813,0.9982114655402027,0.9930364522064316,0.9977454761198458,0.008046585494970884,0.015881418740074114
TRI_RUT_200000,RUT,200000,True,url,OFFICIAL_TEST,0.005,2.2929687500000004,0.9315625,0.006815691431076047,0.9913809827342516,0.960541331579018,71544,622,90638,5256,6.815691431076047,0.006292137362422098,0.00737095128793225,0.9936804669632964,0.9937782845715538,0.9955790443823622,0.003364014902476441,0.013905325443786982
TRI_RUT_200000,RUT,200000,True,url,DOMAIN_OOD_EXACT,0.005,2.2929687500000004,0.9349573918743562,0.012413156488364184,0.9927414772727273,0.9629833759326495,69889,511,40655,4862,12.413156488364184,0.011365943539583055,0.013529956348114248,0.9952945471354531,0.9911162207632969,0.996814909187876,0.005222756643832289,0.022372831948695524
TRI_RUT_200000,RUT,200000,True,url,TEMPLATE_OOD_EXACT,0.005,2.2929687500000004,0.9354465720973518,0.006810254138752007,0.9908147263087148,0.9623349024101889,66340,615,89690,4578,6.810254138752007,0.006284206553331418,0.007368345571108738,0.9934323071962698,0.9938006221552885,0.9956014474669329,0.003122750678257018,0.012269531033719062
TRI_RUT_200000,RUT,200000,True,url,DOMAIN_TEMPLATE_OOD_EXACT,0.005,2.2929687500000004,0.93893747741236,0.012316715542521995,0.9923000534718509,0.964881527148481,64951,504,40416,4224,12.316715542521996,0.011270558133644512,0.013432899080873507,0.9951711710143035,0.9913550768182897,0.996846890105317,0.004814271749755621,0.018963831867057673
TRI_RUT_200000,RUT,200000,True,url,LATE_TEST_Q4,0.005,2.2929687500000004,0.9377594472267602,0.011964002117522498,0.9967831928945571,0.9663708998578664,35015,113,9332,2324,11.964002117522499,0.009869918729689668,0.014366588588849831,0.9982114655402027,0.9930364522064316,0.9977454761198458,0.008046585494970884,0.015881418740074114
TRI_RUT_200000,RUT,200000,True,url,OFFICIAL_TEST,0.01,0.5268554687500001,0.9479427083333334,0.012382204689896998,0.9847156846832225,0.9659793540853967,72802,1130,90130,3998,12.382204689896998,0.011674790959943582,0.013120859605730438,0.9936804669632964,0.9937782845715538,0.9955790443823622,0.003364014902476441,0.013905325443786982
TRI_RUT_200000,RUT,200000,True,url,DOMAIN_OOD_EXACT,0.01,0.5268554687500001,0.9509705555778518,0.023150172472428704,0.9867710545676648,0.9685400912868724,71086,953,40213,3665,23.150172472428704,0.021719055998851346,0.024649080038925367,0.9952945471354531,0.9911162207632969,0.996814909187876,0.005222756643832289,0.022372831948695524
TRI_RUT_200000,RUT,200000,True,url,TEMPLATE_OOD_EXACT,0.01,0.5268554687500001,0.9503934121097606,0.012347046121477216,0.983726191344961,0.9667725717728227,67400,1115,89190,3518,12.347046121477216,0.011636968396499343,0.013088699787181586,0.9934323071962698,0.9938006221552885,0.9956014474669329,0.003122750678257018,0.012269531033719062
TRI_RUT_200000,RUT,200000,True,url,DOMAIN_TEMPLATE_OOD_EXACT,0.01,0.5268554687500001,0.9536393205637875,0.0229227761485826,0.985980330613099,0.969540200321867,65968,938,39982,3207,22.9227761485826,0.021494451259583516,0.02441933799955247,0.9951711710143035,0.9913550768182897,0.996846890105317,0.004814271749755621,0.018963831867057673
TRI_RUT_200000,RUT,200000,True,url,LATE_TEST_Q4,0.01,0.5268554687500001,0.9536945285090656,0.018422445738485973,0.9951374916163649,0.9739753565909495,35610,174,9271,1729,18.422445738485973,0.01580685464267304,0.021340696149139447,0.9982114655402027,0.9930364522064316,0.9977454761198458,0.008046585494970884,0.015881418740074114
TRI_RUT_200000,RUT,200000,True,url,OFFICIAL_TEST,0.02,-1.1123046874999998,0.9598567708333333,0.024095989480604867,0.9710337741714526,0.9654129233348177,73717,2199,89061,3083,24.095989480604867,0.023110748869554953,0.025111636108526236,0.9936804669632964,0.9937782845715538,0.9955790443823622,0.003364014902476441,0.013905325443786982
TRI_RUT_200000,RUT,200000,True,url,DOMAIN_OOD_EXACT,0.02,-1.1123046874999998,0.9626894623483297,0.04552300442112423,0.9746194268378569,0.9686177121820886,71962,1874,39292,2789,45.523004421124234,0.043529357542482994,0.04758106584628331,0.9952945471354531,0.9911162207632969,0.996814909187876,0.005222756643832289,0.022372831948695524
TRI_RUT_200000,RUT,200000,True,url,TEMPLATE_OOD_EXACT,0.02,-1.1123046874999998,0.9611664175526664,0.02405182437295831,0.9691196542311192,0.9651266512806717,68164,2172,88133,2754,24.05182437295831,0.023062335255718706,0.025072045273475674,0.9934323071962698,0.9938006221552885,0.9956014474669329,0.003122750678257018,0.012269531033719062
TRI_RUT_200000,RUT,200000,True,url,DOMAIN_TEMPLATE_OOD_EXACT,0.02,-1.1123046874999998,0.9642211781713047,0.04513685239491691,0.9730549841714444,0.9686179404888108,66700,1847,39073,2475,45.13685239491691,0.043145487352994026,0.04719307789375555,0.9951711710143035,0.9913550768182897,0.996846890105317,0.004814271749755621,0.018963831867057673
TRI_RUT_200000,RUT,200000,True,url,LATE_TEST_Q4,0.02,-1.1123046874999998,0.9648089129328584,0.03250397035468502,0.9915501486293075,0.9779967694208032,36025,307,9138,1314,32.503970354685016,0.02901947731199886,0.036280516518362796,0.9982114655402027,0.9930364522064316,0.9977454761198458,0.008046585494970884,0.015881418740074114
TRI_RUT_200000,RUT,200000,True,text,OFFICIAL_TEST,0.0001,5.695312500000001,0.12486979166666666,0.00015340784571553804,0.9985422740524781,0.22198046386741355,9590,14,91246,67210,0.15340784571553803,8.387195349274061e-05,0.0002573789156577171,0.9459536329251648,0.9518288473808807,0.8562510816089397,0.12742713127328512,0.23917378917378918
TRI_RUT_200000,RUT,200000,True,text,DOMAIN_OOD_EXACT,0.0001,5.695312500000001,0.1269146901044802,0.0002672108050332799,0.9988418614445146,0.22521335564813824,9487,11,41155,65264,0.2672108050332799,0.00013339797691676333,0.0004780635240094981,0.9644594815458631,0.938641722509533,0.9065158091347639,0.1688772287810329,0.3048632366516057
TRI_RUT_200000,RUT,200000,True,text,TEMPLATE_OOD_EXACT,0.0001,5.695312500000001,0.13019261682506558,0.00015503017551630585,0.9984859954579863,0.23034990332439348,9233,14,90291,61685,0.15503017551630585,8.475894852843772e-05,0.00026010062485524283,0.9423312530038765,0.9508103373553662,0.8360366021285788,0.1386966391672665,0.2439953490947345
TRI_RUT_200000,RUT,200000,True,text,DOMAIN_TEMPLATE_OOD_EXACT,0.0001,5.695312500000001,0.13217202746657028,0.00026881720430107527,0.9987983395237054,0.23345121219471715,9143,11,40909,60032,0.26881720430107525,0.00013419997375316937,0.0004809372080213537,0.961357662973934,0.9367676731171491,0.892640543679298,0.18299120234604105,0.31207233626588465
TRI_RUT_200000,RUT,200000,True,text,LATE_TEST_Q4,0.0001,5.695312500000001,0.12729317871394522,0.0009528851244044468,0.998110037799244,0.225790361274079,4753,9,9436,32586,0.9528851244044468,0.00043580939416321487,0.001808098649943385,0.9835980011640612,0.9468832958515483,0.9660880560984021,0.12493382742191636,0.20518793012175754
TRI_RUT_200000,RUT,200000,True,text,OFFICIAL_TEST,0.0005,5.539062500000001,0.20251302083333333,0.0005588428665351743,0.9967316072801846,0.3366304488983161,15553,51,91209,61247,0.5588428665351742,0.0004161226444217496,0.0007347105228060943,0.9459536329251648,0.9518288473808807,0.8562510816089397,0.12742713127328512,0.23917378917378918
TRI_RUT_200000,RUT,200000,True,text,DOMAIN_OOD_EXACT,0.0005,5.539062500000001,0.20364944950569222,0.0008745080891998251,0.9976407366144571,0.33825130541050996,15223,36,41130,59528,0.8745080891998251,0.000612567538388443,0.0012104842885949322,0.9644594815458631,0.938641722509533,0.9065158091347639,0.1688772287810329,0.3048632366516057
TRI_RUT_200000,RUT,200000,True,text,TEMPLATE_OOD_EXACT,0.0005,5.539062500000001,0.20542034462336783,0.0005536791982725209,0.9965795594472568,0.34062850729517397,14568,50,90255,56350,0.5536791982725209,0.00041097842979516094,0.0007298926551961603,0.9423312530038765,0.9508103373553662,0.8360366021285788,0.1386966391672665,0.2439953490947345
TRI_RUT_200000,RUT,200000,True,text,DOMAIN_TEMPLATE_OOD_EXACT,0.0005,5.539062500000001,0.20677990603541743,0.000855327468230694,0.9975591045400656,0.3425533443494504,14304,35,40885,54871,0.855327468230694,0.0005958369810776372,0.0011893546466299311,0.961357662973934,0.9367676731171491,0.892640543679298,0.18299120234604105,0.31207233626588465
TRI_RUT_200000,RUT,200000,True,text,LATE_TEST_Q4,0.0005,5.539062500000001,0.20779881625110475,0.0021175224986765486,0.9974289754467155,0.3439425506449754,7759,20,9425,29580,2.1175224986765486,0.0012939026011061713,0.0032684564884044925,0.9835980011640612,0.9468832958515483,0.9660880560984021,0.12493382742191636,0.20518793012175754
TRI_RUT_200000,RUT,200000,True,text,OFFICIAL_TEST,0.001,5.386718750000001,0.2745052083333333,0.0011724742493973263,0.9949502100146302,0.4302931961750808,21082,107,91153,55718,1.1724742493973264,0.0009609673750744481,0.001416641985692307,0.9459536329251648,0.9518288473808807,0.8562510816089397,0.12742713127328512,0.23917378917378918
TRI_RUT_200000,RUT,200000,True,text,DOMAIN_OOD_EXACT,0.001,5.386718750000001,0.2720364944950569,0.0019433513093329447,0.9960813127602254,0.42735851039236694,20335,80,41086,54416,1.9433513093329446,0.0015412482287975886,0.0024180939281794626,0.9644594815458631,0.938641722509533,0.9065158091347639,0.1688772287810329,0.3048632366516057
TRI_RUT_200000,RUT,200000,True,text,TEMPLATE_OOD_EXACT,0.001,5.386718750000001,0.27596660932344397,0.0011405791484413931,0.9947646640235844,0.4320690568703638,19571,103,90202,51347,1.1405791484413932,0.0009310701141186317,0.0013831160339805248,0.9423312530038765,0.9508103373553662,0.8360366021285788,0.1386966391672665,0.2439953490947345
TRI_RUT_200000,RUT,200000,True,text,DOMAIN_TEMPLATE_OOD_EXACT,0.001,5.386718750000001,0.27459342247921936,0.001881720430107527,0.9959626677852349,0.43049622083470257,18995,77,40843,50180,1.881720430107527,0.0014853009112546672,0.00235127470575308,0.961357662973934,0.9367676731171491,0.892640543679298,0.18299120234604105,0.31207233626588465
TRI_RUT_200000,RUT,200000,True,text,LATE_TEST_Q4,0.001,5.386718750000001,0.2699054607782747,0.0035997882477501325,0.9966376582278481,0.42477503108469794,10078,34,9411,27261,3.5997882477501326,0.0024942072620836846,0.0050267438032238045,0.9835980011640612,0.9468832958515483,0.9660880560984021,0.12493382742191636,0.20518793012175754
TRI_RUT_200000,RUT,200000,True,text,OFFICIAL_TEST,0.0025,5.082031250000001,0.35953125,0.002750383519614289,0.9909916376556724,0.5276363184697553,27612,251,91009,49188,2.750383519614289,0.0024210091893581524,0.003111966466704991,0.9459536329251648,0.9518288473808807,0.8562510816089397,0.12742713127328512,0.23917378917378918
TRI_RUT_200000,RUT,200000,True,text,DOMAIN_OOD_EXACT,0.0025,5.082031250000001,0.35404208639349305,0.004518291794199096,0.99302089977862,0.5219818149543402,26465,186,40980,48286,4.518291794199096,0.00389343898958253,0.005214529370101127,0.9644594815458631,0.938641722509533,0.9065158091347639,0.1688772287810329,0.3048632366516057
TRI_RUT_200000,RUT,200000,True,text,TEMPLATE_OOD_EXACT,0.0025,5.082031250000001,0.3617558306776841,0.002624439399811749,0.9908465935424069,0.5300072306579898,25655,237,90068,45263,2.624439399811749,0.0023012817614853796,0.0029801739348106586,0.9423312530038765,0.9508103373553662,0.8360366021285788,0.1386966391672665,0.2439953490947345
TRI_RUT_200000,RUT,200000,True,text,DOMAIN_TEMPLATE_OOD_EXACT,0.0025,5.082031250000001,0.3573545355981207,0.004325513196480939,0.9928907097240631,0.52555489412365,24720,177,40743,44455,4.325513196480939,0.003712826678549749,0.0050100841720089485,0.961357662973934,0.9367676731171491,0.892640543679298,0.18299120234604105,0.31207233626588465
TRI_RUT_200000,RUT,200000,True,text,LATE_TEST_Q4,0.0025,5.082031250000001,0.339591312032995,0.007411328745367919,0.9945098039215686,0.5062987881570803,12680,70,9375,24659,7.4113287453679195,0.005781918954662503,0.009354616495258667,0.9835980011640612,0.9468832958515483,0.9660880560984021,0.12493382742191636,0.20518793012175754
TRI_RUT_200000,RUT,200000,True,text,OFFICIAL_TEST,0.005,4.332031250000001,0.442890625,0.006541748849441157,0.9827511484788073,0.6106039798583622,34014,597,90663,42786,6.5417488494411575,0.006028970186716384,0.007086259581430025,0.9459536329251648,0.9518288473808807,0.8562510816089397,0.12742713127328512,0.23917378917378918
TRI_RUT_200000,RUT,200000,True,text,DOMAIN_OOD_EXACT,0.005,4.332031250000001,0.4377600299661543,0.010907059223631152,0.986464488122513,0.6064138320839859,32723,449,40717,42028,10.907059223631151,0.009926180672435305,0.011957807096161817,0.9644594815458631,0.938641722509533,0.9065158091347639,0.1688772287810329,0.3048632366516057
TRI_RUT_200000,RUT,200000,True,text,TEMPLATE_OOD_EXACT,0.005,4.332031250000001,0.44108688908316646,0.006411605115995792,0.9818267419962335,0.6087100352215454,31281,579,89726,39637,6.411605115995792,0.00590140417877241,0.00695388882247099,0.9423312530038765,0.9508103373553662,0.8360366021285788,0.1386966391672665,0.2439953490947345
TRI_RUT_200000,RUT,200000,True,text,DOMAIN_TEMPLATE_OOD_EXACT,0.005,4.332031250000001,0.4367762920130105,0.010703812316715543,0.9857105572230197,0.6053272160838251,30214,438,40482,38961,10.703812316715542,0.009729392101151915,0.011748564647752245,0.961357662973934,0.9367676731171491,0.892640543679298,0.18299120234604105,0.31207233626588465
TRI_RUT_200000,RUT,200000,True,text,LATE_TEST_Q4,0.005,4.332031250000001,0.4135086638635207,0.015881418740074114,0.9903784477228993,0.5834230761964141,15440,150,9295,21899,15.881418740074114,0.013457388763664922,0.01861027175405409,0.9835980011640612,0.9468832958515483,0.9660880560984021,0.12493382742191636,0.20518793012175754
TRI_RUT_200000,RUT,200000,True,text,OFFICIAL_TEST,0.01,3.1875000000000004,0.536015625,0.01269997808459347,0.9726166568222091,0.6911395592864639,41166,1159,90101,35634,12.69997808459347,0.011983522531256017,0.013447650603927799,0.9459536329251648,0.9518288473808807,0.8562510816089397,0.12742713127328512,0.23917378917378918
TRI_RUT_200000,RUT,200000,True,text,DOMAIN_OOD_EXACT,0.01,3.1875000000000004,0.5312169736859708,0.021279696837195744,0.9784156708143402,0.6885794548102935,39709,876,40290,35042,21.279696837195743,0.019907305091020764,0.022720176675933384,0.9644594815458631,0.938641722509533,0.9065158091347639,0.1688772287810329,0.3048632366516057
TRI_RUT_200000,RUT,200000,True,text,TEMPLATE_OOD_EXACT,0.01,3.1875000000000004,0.533588087650526,0.012557444216820774,0.9709044259140475,0.6886880875032988,37841,1134,89171,33077,12.557444216820775,0.011841326110234038,0.013305122015640837,0.9423312530038765,0.9508103373553662,0.8360366021285788,0.1386966391672665,0.2439953490947345
TRI_RUT_200000,RUT,200000,True,text,DOMAIN_TEMPLATE_OOD_EXACT,0.01,3.1875000000000004,0.5297723165883629,0.020967741935483872,0.9771230502599654,0.6870453693288339,36647,858,40062,32528,20.967741935483872,0.019601385599005847,0.022402648282327044,0.961357662973934,0.9367676731171491,0.892640543679298,0.18299120234604105,0.31207233626588465
TRI_RUT_200000,RUT,200000,True,text,LATE_TEST_Q4,0.01,3.1875000000000004,0.5311604488604408,0.028163049232398093,0.9867655107219264,0.6905881123994566,19833,266,9179,17506,28.163049232398095,0.024919831686021913,0.031701432643701045,0.9835980011640612,0.9468832958515483,0.9660880560984021,0.12493382742191636,0.20518793012175754
TRI_RUT_200000,RUT,200000,True,text,OFFICIAL_TEST,0.02,1.5253906250000002,0.6465625,0.023427569581415734,0.9587210873846391,0.7722910866758946,49656,2138,89122,27144,23.427569581415735,0.022455911014069338,0.02442967990552638,0.9459536329251648,0.9518288473808807,0.8562510816089397,0.12742713127328512,0.23917378917378918
TRI_RUT_200000,RUT,200000,True,text,DOMAIN_OOD_EXACT,0.02,1.5253906250000002,0.6429746759240679,0.03748238837875917,0.9688948917469661,0.7729842308836655,48063,1543,39623,26688,37.48238837875917,0.035668094211144426,0.03936228708345221,0.9644594815458631,0.938641722509533,0.9065158091347639,0.1688772287810329,0.3048632366516057
TRI_RUT_200000,RUT,200000,True,text,TEMPLATE_OOD_EXACT,0.02,1.5253906250000002,0.6382864716997095,0.02327667349537678,0.9556240499915555,0.7653653010499974,45266,2102,88203,25652,23.27667349537678,0.022303053501945252,0.02428107892092825,0.9423312530038765,0.9508103373553662,0.8360366021285788,0.1386966391672665,0.2439953490947345
TRI_RUT_200000,RUT,200000,True,text,DOMAIN_TEMPLATE_OOD_EXACT,0.02,1.5253906250000002,0.6355330683050235,0.037121212121212124,0.9666021722879381,0.7668611598070768,43963,1519,39401,25212,37.121212121212125,0.03531010524670027,0.03899837383840414,0.961357662973934,0.9367676731171491,0.892640543679298,0.18299120234604105,0.31207233626588465
TRI_RUT_200000,RUT,200000,True,text,LATE_TEST_Q4,0.02,1.5253906250000002,0.6795307855057714,0.04436209634727369,0.983754652605459,0.8038206269503095,25373,419,9026,11966,44.36209634727369,0.04029785219226366,0.048710237192591266,0.9835980011640612,0.9468832958515483,0.9660880560984021,0.12493382742191636,0.20518793012175754
TRI_RUT_200000,RUT,200000,True,gated,OFFICIAL_TEST,0.0001,10.421875000000002,0.4219661458333333,7.670392285776902e-05,0.9997840439316344,0.5934587140842749,32407,7,91253,44393,0.07670392285776902,3.083949346839135e-05,0.00015803296986410527,0.9967911643979621,0.9968110575924329,0.997144217039505,0.0021696252465483235,0.004898093359631821
TRI_RUT_200000,RUT,200000,True,gated,DOMAIN_OOD_EXACT,0.0001,10.421875000000002,0.42333881820978986,0.00014575134819997084,0.9998104325297779,0.594819646247251,31645,6,41160,43106,0.14575134819997085,5.3489993946137224e-05,0.00031721212355325306,0.9978577959522682,0.9959630653359105,0.9981012001008738,0.0031093620949327115,0.007943448476898412
TRI_RUT_200000,RUT,200000,True,gated,TEMPLATE_OOD_EXACT,0.0001,10.421875000000002,0.41698863476127357,7.751508775815292e-05,0.9997633456168228,0.5885150800521408,29572,7,90298,41346,0.07751508775815293,3.116563527406867e-05,0.0001597041429281209,0.9965331847849699,0.9967195880809144,0.9969759792994871,0.002148275289297381,0.0046841260173855264
TRI_RUT_200000,RUT,200000,True,gated,DOMAIN_TEMPLATE_OOD_EXACT,0.0001,10.421875000000002,0.4192844235634261,0.0001466275659824047,0.9997931747673217,0.5908030758262464,29004,6,40914,40171,0.1466275659824047,5.381157235375347e-05,0.0003191189527555247,0.9977161257439405,0.9959488518678278,0.9979966985592256,0.0030547409579667643,0.0074535679374389055
TRI_RUT_200000,RUT,200000,True,gated,LATE_TEST_Q4,0.0001,10.421875000000002,0.4188917753555264,0.00031762837480148225,0.9998082331884428,0.5904157937451635,15641,3,9442,21698,0.31762837480148226,6.550739745275095e-05,0.0009279615358002064,0.9987632319872987,0.9954668166930517,0.9983961507618284,0.005717310746426681,0.011222869242985706
TRI_RUT_200000,RUT,200000,True,gated,OFFICIAL_TEST,0.0005,7.699218750000001,0.7555598958333334,0.0007999123383738768,0.9987435456110155,0.8602965159377318,58027,73,91187,18773,0.7999123383738769,0.0006270543674770203,0.0010056661356818845,0.9967911643979621,0.9968110575924329,0.997144217039505,0.0021696252465483235,0.004898093359631821
TRI_RUT_200000,RUT,200000,True,gated,DOMAIN_OOD_EXACT,0.0005,7.699218750000001,0.7562841968669315,0.0010688432201331195,0.9992222988140057,0.8609435916179337,56533,44,41122,18218,1.0688432201331195,0.0007767271977497136,0.0014346094969000568,0.9978577959522682,0.9959630653359105,0.9981012001008738,0.0031093620949327115,0.007943448476898412
TRI_RUT_200000,RUT,200000,True,gated,TEMPLATE_OOD_EXACT,0.0005,7.699218750000001,0.747215093488254,0.0007530037096506284,0.9987184078101736,0.8548521096655024,52991,68,90237,17927,0.7530037096506285,0.0005847828143001654,0.0009545153893692436,0.9965331847849699,0.9967195880809144,0.9969759792994871,0.002148275289297381,0.0046841260173855264
TRI_RUT_200000,RUT,200000,True,gated,DOMAIN_TEMPLATE_OOD_EXACT,0.0005,7.699218750000001,0.7483628478496567,0.0009530791788856305,0.9992472059760265,0.8557967300920799,51768,39,40881,17407,0.9530791788856305,0.000677817518189724,0.0013026627043284588,0.9977161257439405,0.9959488518678278,0.9979966985592256,0.0030547409579667643,0.0074535679374389055
TRI_RUT_200000,RUT,200000,True,gated,LATE_TEST_Q4,0.0005,7.699218750000001,0.7791049572832695,0.0033880359978824773,0.9989012121004017,0.8754175318226958,29091,32,9413,8248,3.3880359978824774,0.002318533318401442,0.004779559063099444,0.9987632319872987,0.9954668166930517,0.9983961507618284,0.005717310746426681,0.011222869242985706
TRI_RUT_200000,RUT,200000,True,gated,OFFICIAL_TEST,0.001,6.386718750000001,0.8678776041666667,0.001545036160420776,0.9978890319489775,0.9283535523768403,66653,141,91119,10147,1.5450361604207759,0.001300698141107646,0.0018218812481647561,0.9967911643979621,0.9968110575924329,0.997144217039505,0.0021696252465483235,0.004898093359631821
TRI_RUT_200000,RUT,200000,True,gated,DOMAIN_OOD_EXACT,0.001,6.386718750000001,0.8699281614961673,0.002161978331632901,0.9986332294178172,0.9298481425343896,65028,89,41077,9723,2.161978331632901,0.0017365948691526114,0.002659836978037529,0.9978577959522682,0.9959630653359105,0.9981012001008738,0.0031093620949327115,0.007943448476898412
TRI_RUT_200000,RUT,200000,True,gated,TEMPLATE_OOD_EXACT,0.001,6.386718750000001,0.8660283707944386,0.0015060074193012569,0.9977905219891801,0.9272520023250371,61417,136,90169,9501,1.506007419301257,0.0012636916077156213,0.0017811927794370243,0.9965331847849699,0.9967195880809144,0.9969759792994871,0.002148275289297381,0.0046841260173855264
TRI_RUT_200000,RUT,200000,True,gated,DOMAIN_TEMPLATE_OOD_EXACT,0.001,6.386718750000001,0.8684929526563064,0.0020527859237536657,0.998603769821482,0.92901489906214,60078,84,40836,9097,2.0527859237536656,0.0016377027382786552,0.002540867431809462,0.9977161257439405,0.9959488518678278,0.9979966985592256,0.0030547409579667643,0.0074535679374389055
TRI_RUT_200000,RUT,200000,True,gated,LATE_TEST_Q4,0.001,6.386718750000001,0.8910254693484024,0.005399682371625199,0.9984694336904655,0.9416926125106142,33270,51,9394,4069,5.3996823716251985,0.004022982644841424,0.007093546406973612,0.9987632319872987,0.9954668166930517,0.9983961507618284,0.005717310746426681,0.011222869242985706
TRI_RUT_200000,RUT,200000,True,gated,OFFICIAL_TEST,0.0025,3.8769531250000004,0.941953125,0.003922857769011615,0.9950756533700138,0.9677859531772576,72342,358,90902,4458,3.922857769011615,0.0035276551063110387,0.004350085833555988,0.9967911643979621,0.9968110575924329,0.997144217039505,0.0021696252465483235,0.004898093359631821
TRI_RUT_200000,RUT,200000,True,gated,DOMAIN_OOD_EXACT,0.0025,3.8769531250000004,0.9438803494267636,0.006655978234465335,0.9961315826627135,0.969302312801808,70556,274,40892,4195,6.655978234465335,0.005893311988933367,0.007489425149487149,0.9978577959522682,0.9959630653359105,0.9981012001008738,0.0031093620949327115,0.007943448476898412
TRI_RUT_200000,RUT,200000,True,gated,TEMPLATE_OOD_EXACT,0.0025,3.8769531250000004,0.9430751008206661,0.0038868279718730966,0.9947792717753451,0.9682374230908434,66881,351,89954,4037,3.8868279718730965,0.003491467394904134,0.004314560529167881,0.9965331847849699,0.9967195880809144,0.9969759792994871,0.002148275289297381,0.0046841260173855264
TRI_RUT_200000,RUT,200000,True,gated,DOMAIN_TEMPLATE_OOD_EXACT,0.0025,3.8769531250000004,0.9453415251174557,0.006524926686217009,0.9959336592497829,0.9699783440624166,65394,267,40653,3781,6.524926686217009,0.005767795379867127,0.007353301290996788,0.9977161257439405,0.9959488518678278,0.9979966985592256,0.0030547409579667643,0.0074535679374389055
TRI_RUT_200000,RUT,200000,True,gated,LATE_TEST_Q4,0.0025,3.8769531250000004,0.9483114170170599,0.010905240868184224,0.9970995719756702,0.972093725549409,35409,103,9342,1930,10.905240868184224,0.008909688144165472,0.013210401818017936,0.9987632319872987,0.9954668166930517,0.9983961507618284,0.005717310746426681,0.011222869242985706
TRI_RUT_200000,RUT,200000,True,gated,OFFICIAL_TEST,0.005,1.4550781250000002,0.9611848958333333,0.006662283585360508,0.9918309215741599,0.9762674654658229,73819,608,90652,2981,6.662283585360508,0.006144735942926827,0.007211551666499153,0.9967911643979621,0.9968110575924329,0.997144217039505,0.0021696252465483235,0.004898093359631821
TRI_RUT_200000,RUT,200000,True,gated,DOMAIN_OOD_EXACT,0.005,1.4550781250000002,0.9624887961365065,0.012000194335130934,0.9931806573625434,0.9775938909723355,71947,494,40672,2804,12.000194335130933,0.010970734709619545,0.013099316998769503,0.9978577959522682,0.9959630653359105,0.9981012001008738,0.0031093620949327115,0.007943448476898412
TRI_RUT_200000,RUT,200000,True,gated,TEMPLATE_OOD_EXACT,0.005,1.4550781250000002,0.9618009532135706,0.006599856043408449,0.9913378388198532,0.9763460561253338,68209,596,89709,2709,6.599856043408449,0.006082111199915774,0.007149665126926521,0.9965331847849699,0.9967195880809144,0.9969759792994871,0.002148275289297381,0.0046841260173855264
TRI_RUT_200000,RUT,200000,True,gated,DOMAIN_TEMPLATE_OOD_EXACT,0.005,1.4550781250000002,0.9633682688832671,0.011779081133919844,0.9928191528984104,0.9778720157302382,66641,482,40438,2534,11.779081133919844,0.010756264638259934,0.012872024000050674,0.9977161257439405,0.9959488518678278,0.9979966985592256,0.0030547409579667643,0.0074535679374389055
TRI_RUT_200000,RUT,200000,True,gated,LATE_TEST_Q4,0.005,1.4550781250000002,0.9641125900532955,0.014716781365802012,0.9961536332945929,0.9798712522285885,35999,139,9306,1340,14.716781365802012,0.01238591830497599,0.017353508884715922,0.9987632319872987,0.9954668166930517,0.9983961507618284,0.005717310746426681,0.011222869242985706
TRI_RUT_200000,RUT,200000,True,gated,OFFICIAL_TEST,0.01,-1.8398437499999998,0.9740234375,0.013050624589086127,0.9843281225327649,0.9791486688133196,74805,1191,90069,1995,13.050624589086127,0.01232432711564577,0.013808112473819042,0.9967911643979621,0.9968110575924329,0.997144217039505,0.0021696252465483235,0.004898093359631821
TRI_RUT_200000,RUT,200000,True,gated,DOMAIN_OOD_EXACT,0.01,-1.8398437499999998,0.9753983224304692,0.02446193460622844,0.9863769802080656,0.9808569314589359,72912,1007,40159,1839,24.46193460622844,0.02299113695092887,0.02600031737123328,0.9978577959522682,0.9959630653359105,0.9981012001008738,0.0031093620949327115,0.007943448476898412
TRI_RUT_200000,RUT,200000,True,gated,TEMPLATE_OOD_EXACT,0.01,-1.8398437499999998,0.9743929608844017,0.012911798903715188,0.9834063869755792,0.9788789256725172,69102,1166,89139,1816,12.911798903715187,0.012185625062132338,0.013669505222775491,0.9965331847849699,0.9967195880809144,0.9969759792994871,0.002148275289297381,0.0046841260173855264
TRI_RUT_200000,RUT,200000,True,gated,DOMAIN_TEMPLATE_OOD_EXACT,0.01,-1.8398437499999998,0.97597397903867,0.0239980449657869,0.9856631870939485,0.9807946538824727,67513,982,39938,1662,23.998044965786903,0.022536839101398802,0.025527317495706695,0.9977161257439405,0.9959488518678278,0.9979966985592256,0.0030547409579667643,0.0074535679374389055
TRI_RUT_200000,RUT,200000,True,gated,LATE_TEST_Q4,0.01,-1.8398437499999998,0.9736468571734648,0.02593965060878772,0.9933060109289618,0.9833781901297016,36355,245,9200,984,25.93965060878772,0.02282788806718872,0.0293482145150691,0.9987632319872987,0.9954668166930517,0.9983961507618284,0.005717310746426681,0.011222869242985706
TRI_RUT_200000,RUT,200000,True,gated,OFFICIAL_TEST,0.02,-4.218749999999999,0.981796875,0.02552049090510629,0.9700376940988795,0.9758818618917887,75402,2329,88931,1398,25.52049090510629,0.024506965785247137,0.026564324995108517,0.9967911643979621,0.9968110575924329,0.997144217039505,0.0021696252465483235,0.004898093359631821
TRI_RUT_200000,RUT,200000,True,gated,DOMAIN_OOD_EXACT,0.02,-4.218749999999999,0.9831975491966662,0.047029101685857264,0.9743341596956159,0.9787457884433555,73495,1936,39230,1256,47.02910168585726,0.045003925254769137,0.04911847141742048,0.9978577959522682,0.9959630653359105,0.9981012001008738,0.0031093620949327115,0.007943448476898412
TRI_RUT_200000,RUT,200000,True,gated,TEMPLATE_OOD_EXACT,0.02,-4.218749999999999,0.9821483967398967,0.025092741265710646,0.9684918935454268,0.9752723403063653,69652,2266,88039,1266,25.092741265710647,0.024082368646003587,0.026133773909928916,0.9965331847849699,0.9967195880809144,0.9969759792994871,0.002148275289297381,0.0046841260173855264
TRI_RUT_200000,RUT,200000,True,gated,DOMAIN_TEMPLATE_OOD_EXACT,0.02,-4.218749999999999,0.9837224430791471,0.046163245356793746,0.9729903628928479,0.9783269715986285,68049,1889,39031,1126,46.163245356793745,0.04415015936678927,0.048241039973566734,0.9977161257439405,0.9959488518678278,0.9979966985592256,0.0030547409579667643,0.0074535679374389055
TRI_RUT_200000,RUT,200000,True,gated,LATE_TEST_Q4,0.02,-4.218749999999999,0.9805297410214521,0.04235044997353097,0.9891926942613206,0.9848421675565896,36612,400,9045,727,42.35044997353097,0.03837780116125669,0.046608353542888024,0.9987632319872987,0.9954668166930517,0.9983961507618284,0.005717310746426681,0.011222869242985706
TRI_RUT_200000,RUT,200000,True,equal,OFFICIAL_TEST,0.0001,10.156250000000002,0.276015625,4.383081306158229e-05,0.9998113385529667,0.4326034162568111,21198,4,91256,55602,0.04383081306158229,1.1942546347234738e-05,0.00011222045201657389,0.9959971961524373,0.9962210964894257,0.9947045026117739,0.004032434801665571,0.006223975454744685
TRI_RUT_200000,RUT,200000,True,equal,DOMAIN_OOD_EXACT,0.0001,10.156250000000002,0.27542106460114246,7.287567409998542e-05,0.9998543052790054,0.43187682238677605,20588,3,41163,54163,0.07287567409998542,1.5028968153107236e-05,0.00021295872686057568,0.9971397000824676,0.9948321913668113,0.9958565784216523,0.006801729582665306,0.010494097070397902
TRI_RUT_200000,RUT,200000,True,equal,TEMPLATE_OOD_EXACT,0.0001,10.156250000000002,0.27155306128204404,4.4294335861801674e-05,0.9997923372443153,0.42710135284985584,19258,4,90301,51660,0.044294335861801676,1.2068843367173913e-05,0.00011340717288481262,0.9957490460490687,0.9961932199651687,0.9943354238316812,0.004030784563423952,0.006046176845135929
TRI_RUT_200000,RUT,200000,True,equal,DOMAIN_TEMPLATE_OOD_EXACT,0.0001,10.156250000000002,0.27202023852547885,7.331378299120235e-05,0.9998405951115834,0.4276833911017671,18817,3,40917,50358,0.07331378299120235,1.511931977993591e-05,0.00021423888705116096,0.9970081343520699,0.9949399696040578,0.995603376606766,0.006720430107526882,0.01021505376344086
TRI_RUT_200000,RUT,200000,True,equal,LATE_TEST_Q4,0.0001,10.156250000000002,0.30343608559415086,0.0,1.0,0.46559411535063383,11330,0,9445,26009,0.0,0.0,0.0003904880016567448,0.9986927298822269,0.9951055706666849,0.9983366501321769,0.005929062996294336,0.012916887241926946
TRI_RUT_200000,RUT,200000,True,equal,OFFICIAL_TEST,0.0005,7.226562500000001,0.5959244791666667,0.0005807582730659654,0.9988432998690528,0.7464850758440712,45767,53,91207,31033,0.5807582730659654,0.00043505711962383317,0.0007595781690553438,0.9959971961524373,0.9962210964894257,0.9947045026117739,0.004032434801665571,0.006223975454744685
TRI_RUT_200000,RUT,200000,True,equal,DOMAIN_OOD_EXACT,0.0005,7.226562500000001,0.5934770103409988,0.0009959675460331342,0.999076659760382,0.7446267466744996,44363,41,41125,30388,0.9959675460331342,0.0007148153629600982,0.0013509024625372665,0.9971397000824676,0.9948321913668113,0.9958565784216523,0.006801729582665306,0.010494097070397902
TRI_RUT_200000,RUT,200000,True,equal,TEMPLATE_OOD_EXACT,0.0005,7.226562500000001,0.584209932598212,0.0005426056143070705,0.9988187078109932,0.7372195234790653,41431,49,90256,29487,0.5426056143070705,0.00040144873978177484,0.0007172907153990142,0.9957490460490687,0.9961932199651687,0.9943354238316812,0.004030784563423952,0.006046176845135929
TRI_RUT_200000,RUT,200000,True,equal,DOMAIN_TEMPLATE_OOD_EXACT,0.0005,7.226562500000001,0.5823924828333936,0.0009042033235581623,0.9990824322983831,0.7358423364596939,40287,37,40883,28888,0.9042033235581622,0.0006367200003417562,0.0012461119553982308,0.9970081343520699,0.9949399696040578,0.995603376606766,0.006720430107526882,0.01021505376344086
TRI_RUT_200000,RUT,200000,True,equal,LATE_TEST_Q4,0.0005,7.226562500000001,0.5993733094083934,0.0011646373742721016,0.9995087311866375,0.7493721747865394,22380,11,9434,14959,1.1646373742721017,0.0005815216151671629,0.0020829002419568074,0.9986927298822269,0.9951055706666849,0.9983366501321769,0.005929062996294336,0.012916887241926946
TRI_RUT_200000,RUT,200000,True,equal,OFFICIAL_TEST,0.001,5.859375000000001,0.7223177083333333,0.0013368397983782598,0.9978055975250018,0.8380011480709386,55474,122,91138,21326,1.3368397983782598,0.0011102844450277779,0.0015959815462968743,0.9959971961524373,0.9962210964894257,0.9947045026117739,0.004032434801665571,0.006223975454744685
TRI_RUT_200000,RUT,200000,True,equal,DOMAIN_OOD_EXACT,0.001,5.859375000000001,0.7217160974435125,0.00228343778846621,0.9982606443017598,0.8377564172244049,53949,94,41072,20802,2.28343778846621,0.0018456323152951232,0.0027936354473505364,0.9971397000824676,0.9948321913668113,0.9958565784216523,0.006801729582665306,0.010494097070397902
TRI_RUT_200000,RUT,200000,True,equal,TEMPLATE_OOD_EXACT,0.001,5.859375000000001,0.7098620942496968,0.0012845357399922485,0.9977010583059178,0.829521486949644,50342,116,90189,20576,1.2845357399922486,0.0010615493074689127,0.0015404809009842422,0.9957490460490687,0.9961932199651687,0.9943354238316812,0.004030784563423952,0.006046176845135929
TRI_RUT_200000,RUT,200000,True,equal,DOMAIN_TEMPLATE_OOD_EXACT,0.001,5.859375000000001,0.7097795446331767,0.002150537634408602,0.9982109093866266,0.8296412700021967,49099,88,40832,20076,2.150537634408602,0.0017251403909777081,0.002648861243307086,0.9970081343520699,0.9949399696040578,0.995603376606766,0.006720430107526882,0.01021505376344086
TRI_RUT_200000,RUT,200000,True,equal,LATE_TEST_Q4,0.001,5.859375000000001,0.7651249363935831,0.0028586553732133403,0.9990558120016786,0.8665807234397513,28569,27,9418,8770,2.8586553732133404,0.0018846912062296976,0.004156488231043357,0.9986927298822269,0.9951055706666849,0.9983366501321769,0.005929062996294336,0.012916887241926946
TRI_RUT_200000,RUT,200000,True,equal,OFFICIAL_TEST,0.0025,3.2773437500000004,0.89265625,0.0038132807363576594,0.9949494949494949,0.94103113160929,68556,348,90912,8244,3.8132807363576595,0.0034237651964574034,0.00423483664118114,0.9959971961524373,0.9962210964894257,0.9947045026117739,0.004032434801665571,0.006223975454744685
TRI_RUT_200000,RUT,200000,True,equal,DOMAIN_OOD_EXACT,0.0025,3.2773437500000004,0.8951853486909874,0.006534518777632026,0.9959961300885615,0.9429038439860219,66916,269,40897,7835,6.534518777632026,0.005779015241483056,0.007360833250086814,0.9971397000824676,0.9948321913668113,0.9958565784216523,0.006801729582665306,0.010494097070397902
TRI_RUT_200000,RUT,200000,True,equal,TEMPLATE_OOD_EXACT,0.0025,3.2773437500000004,0.8903663385882287,0.0037650185482531423,0.9946442354646126,0.9396209849629096,63143,340,89965,7775,3.7650185482531424,0.0033760486932299582,0.004186377388302712,0.9957490460490687,0.9961932199651687,0.9943354238316812,0.004030784563423952,0.006046176845135929
TRI_RUT_200000,RUT,200000,True,equal,DOMAIN_TEMPLATE_OOD_EXACT,0.0025,3.2773437500000004,0.8932996024575353,0.006378299120234604,0.995794053662074,0.9417663643983846,61794,261,40659,7381,6.378299120234604,0.00562993865757798,0.007197940218990556,0.9970081343520699,0.9949399696040578,0.995603376606766,0.006720430107526882,0.01021505376344086
TRI_RUT_200000,RUT,200000,True,equal,LATE_TEST_Q4,0.0025,3.2773437500000004,0.924315059321353,0.009211222869242986,0.997485549132948,0.9595073604025633,34513,87,9358,2826,9.211222869242986,0.007384203485791873,0.011349772204463269,0.9986927298822269,0.9951055706666849,0.9983366501321769,0.005929062996294336,0.012916887241926946
TRI_RUT_200000,RUT,200000,True,equal,OFFICIAL_TEST,0.005,0.7285156250000001,0.9565494791666667,0.007067718606180145,0.9912964862093161,0.9736130622631006,73463,645,90615,3337,7.0677186061801445,0.006534444663108566,0.007632674615436306,0.9959971961524373,0.9962210964894257,0.9947045026117739,0.004032434801665571,0.006223975454744685
TRI_RUT_200000,RUT,200000,True,equal,DOMAIN_OOD_EXACT,0.005,0.7285156250000001,0.958528982889861,0.01263178351066414,0.9927948899142315,0.9753610759450594,71651,520,40646,3100,12.63178351066414,0.01157529562112345,0.013757818362989607,0.9971397000824676,0.9948321913668113,0.9958565784216523,0.006801729582665306,0.010494097070397902
TRI_RUT_200000,RUT,200000,True,equal,TEMPLATE_OOD_EXACT,0.005,0.7285156250000001,0.9573028004173835,0.0070095786501301145,0.9907622258219868,0.9737451682073421,67890,633,89672,3028,7.0095786501301145,0.006475785176711156,0.007575396936512738,0.9957490460490687,0.9961932199651687,0.9943354238316812,0.004030784563423952,0.006046176845135929
TRI_RUT_200000,RUT,200000,True,equal,DOMAIN_TEMPLATE_OOD_EXACT,0.005,0.7285156250000001,0.9595807734007951,0.012414467253176931,0.9924051011407299,0.975716952565742,66379,508,40412,2796,12.41446725317693,0.01136412314952912,0.01353481942744851,0.9970081343520699,0.9949399696040578,0.995603376606766,0.006720430107526882,0.01021505376344086
TRI_RUT_200000,RUT,200000,True,equal,LATE_TEST_Q4,0.005,0.7285156250000001,0.9587026969120759,0.015669666490206458,0.995882598414244,0.9769390317122428,35797,148,9297,1542,15.669666490206458,0.013262303582911548,0.018382039125197824,0.9986927298822269,0.9951055706666849,0.9983366501321769,0.005929062996294336,0.012916887241926946
TRI_RUT_200000,RUT,200000,True,equal,OFFICIAL_TEST,0.01,-2.0390624999999996,0.971171875,0.012853385930309007,0.9845166910862075,0.9777987532692269,74586,1173,90087,2214,12.853385930309008,0.012132607391873121,0.013605369795694388,0.9959971961524373,0.9962210964894257,0.9947045026117739,0.004032434801665571,0.006223975454744685
TRI_RUT_200000,RUT,200000,True,equal,DOMAIN_OOD_EXACT,0.01,-2.0390624999999996,0.9727361506869473,0.024024680561628528,0.9865810968494749,0.9796097081231097,72713,989,40177,2038,24.02468056162853,0.02256698015774505,0.025550034545454507,0.9971397000824676,0.9948321913668113,0.9958565784216523,0.006801729582665306,0.010494097070397902
TRI_RUT_200000,RUT,200000,True,equal,TEMPLATE_OOD_EXACT,0.01,-2.0390624999999996,0.9716997095236752,0.012778915896129782,0.9835295796760152,0.9775788570253151,68911,1154,89151,2007,12.778915896129782,0.012056495959878033,0.013532878493791688,0.9957490460490687,0.9961932199651687,0.9943354238316812,0.004030784563423952,0.006046176845135929
TRI_RUT_200000,RUT,200000,True,equal,DOMAIN_TEMPLATE_OOD_EXACT,0.01,-2.0390624999999996,0.9735019877123238,0.02370478983382209,0.9858004450169809,0.9796126179202397,67342,970,39950,1833,23.70478983382209,0.022252471786304334,0.02522522087174728,0.9970081343520699,0.9949399696040578,0.995603376606766,0.006720430107526882,0.01021505376344086
TRI_RUT_200000,RUT,200000,True,equal,LATE_TEST_Q4,0.01,-2.0390624999999996,0.9724416829588366,0.024351508734780307,0.9937055281882868,0.9829586215297987,36310,230,9215,1029,24.351508734780307,0.021337406339893245,0.027663602388212173,0.9986927298822269,0.9951055706666849,0.9983366501321769,0.005929062996294336,0.012916887241926946
TRI_RUT_200000,RUT,200000,True,equal,OFFICIAL_TEST,0.02,-4.312499999999999,0.9808072916666667,0.0259916721455183,0.9694715436690777,0.9751064738702119,75326,2372,88888,1474,25.9916721455183,0.02496897960333688,0.02704464167646097,0.9959971961524373,0.9962210964894257,0.9947045026117739,0.004032434801665571,0.006223975454744685
TRI_RUT_200000,RUT,200000,True,equal,DOMAIN_OOD_EXACT,0.02,-4.312499999999999,0.9821808403900951,0.04812223679735704,0.9737267904509284,0.9779355448848159,73419,1981,39185,1332,48.12223679735704,0.046074539251775924,0.050233967327709184,0.9971397000824676,0.9948321913668113,0.9958565784216523,0.006801729582665306,0.010494097070397902
TRI_RUT_200000,RUT,200000,True,equal,TEMPLATE_OOD_EXACT,0.02,-4.312499999999999,0.9815138610789926,0.025735009135706772,0.967691259679415,0.9745535495523244,69607,2324,87981,1311,25.735009135706772,0.024711983196079028,0.02678865097260051,0.9957490460490687,0.9961932199651687,0.9943354238316812,0.004030784563423952,0.006046176845135929
TRI_RUT_200000,RUT,200000,True,equal,DOMAIN_TEMPLATE_OOD_EXACT,0.02,-4.312499999999999,0.9830719190458981,0.04745845552297165,0.9722357247019129,0.9776237951136061,68004,1942,38978,1171,47.45845552297165,0.045418352935849476,0.049563075435608735,0.9970081343520699,0.9949399696040578,0.995603376606766,0.006720430107526882,0.01021505376344086
TRI_RUT_200000,RUT,200000,True,equal,LATE_TEST_Q4,0.02,-4.312499999999999,0.9797798548434613,0.04107993647432504,0.9895055717840529,0.9846186970973342,36584,388,9057,755,41.079936474325045,0.037166414838190755,0.04527957505352319,0.9986927298822269,0.9951055706666849,0.9983366501321769,0.005929062996294336,0.012916887241926946
TRI_RUT_200000,RUT,200000,True,dom,OFFICIAL_TEST,0.0001,4.632812500000001,0.007174479166666667,4.383081306158229e-05,0.9927927927927928,0.014246008661366426,551,4,91256,76249,0.04383081306158229,1.1942546347234738e-05,0.00011222045201657389,0.9106667227492493,0.9131361479649491,0.6933049904242412,0.3351632697786544,0.49525531448608373
TRI_RUT_200000,RUT,200000,True,dom,DOMAIN_OOD_EXACT,0.0001,4.632812500000001,0.007197228130727348,9.716756546664723e-05,0.992619926199262,0.014290837129613643,538,4,41162,74213,0.09716756546664723,2.647550551285466e-05,0.00024876869948476564,0.9369732240311424,0.8876549973926846,0.7858320944062442,0.44791818490987706,0.6226740514016421
TRI_RUT_200000,RUT,200000,True,dom,TEMPLATE_OOD_EXACT,0.0001,4.632812500000001,0.005499309061169238,4.4294335861801674e-05,0.9898477157360406,0.010937850572133723,390,4,90301,70528,0.044294335861801676,1.2068843367173913e-05,0.00011340717288481262,0.8993382691966831,0.9079140826137551,0.6638618752925269,0.35787608659542663,0.49091412435634796
TRI_RUT_200000,RUT,200000,True,dom,DOMAIN_TEMPLATE_OOD_EXACT,0.0001,4.632812500000001,0.0054644018792916514,9.775171065493646e-05,0.9895287958115183,0.010868783875095246,378,4,40916,68797,0.09775171065493646,2.6634672824115537e-05,0.0002502641157298036,0.9281434534112536,0.8805605786816485,0.7691006310277974,0.4569403714565005,0.6205034213098729
TRI_RUT_200000,RUT,200000,True,dom,LATE_TEST_Q4,0.0001,4.632812500000001,0.009078979083531964,0.0,1.0,0.017994585699877913,339,0,9445,37000,0.0,0.0,0.0003904880016567448,0.9691357365564395,0.8902159589111374,0.8812600575413273,0.5156167284277395,0.5156167284277395
TRI_RUT_200000,RUT,200000,True,dom,OFFICIAL_TEST,0.0005,4.546875000000001,0.014296875,0.00020819636204251588,0.9829901521933752,0.028183836646688144,1098,19,91241,75702,0.20819636204251588,0.00012535231629340882,0.00032510540080060897,0.9106667227492493,0.9131361479649491,0.6933049904242412,0.3351632697786544,0.49525531448608373
TRI_RUT_200000,RUT,200000,True,dom,DOMAIN_OOD_EXACT,0.0005,4.546875000000001,0.014381078513999813,0.00043725404459991256,0.9835315645013724,0.028347660988344497,1075,18,41148,73676,0.4372540445999126,0.00025916439234196294,0.0006909622076858093,0.9369732240311424,0.8876549973926846,0.7858320944062442,0.44791818490987706,0.6226740514016421
TRI_RUT_200000,RUT,200000,True,dom,TEMPLATE_OOD_EXACT,0.0005,4.546875000000001,0.011675456160636227,0.0001218094236199546,0.9868891537544696,0.023077887871566536,828,11,90294,70090,0.1218094236199546,6.080834348028405e-05,0.00021794022909927809,0.8993382691966831,0.9079140826137551,0.6638618752925269,0.35787608659542663,0.49091412435634796
TRI_RUT_200000,RUT,200000,True,dom,DOMAIN_TEMPLATE_OOD_EXACT,0.0005,4.546875000000001,0.011694976508854356,0.00026881720430107527,0.9865853658536585,0.023115936852632333,809,11,40909,68366,0.26881720430107525,0.00013419997375316937,0.0004809372080213537,0.9281434534112536,0.8805605786816485,0.7691006310277974,0.4569403714565005,0.6205034213098729
TRI_RUT_200000,RUT,200000,True,dom,LATE_TEST_Q4,0.0005,4.546875000000001,0.016524277565012454,0.0005293806246691371,0.9919614147909968,0.03250704670582967,617,5,9440,36722,0.5293806246691372,0.00017191007756170364,0.0012349617296594268,0.9691357365564395,0.8902159589111374,0.8812600575413273,0.5156167284277395,0.5156167284277395
TRI_RUT_200000,RUT,200000,True,dom,OFFICIAL_TEST,0.001,4.402343750000001,0.0623046875,0.0006245890861275476,0.9882280049566295,0.11721907841552141,4785,57,91203,72015,0.6245890861275476,0.0004730909310309861,0.0008091528929677143,0.9106667227492493,0.9131361479649491,0.6933049904242412,0.3351632697786544,0.49525531448608373
TRI_RUT_200000,RUT,200000,True,dom,DOMAIN_OOD_EXACT,0.001,4.402343750000001,0.0617115490093778,0.001263178351066414,0.9888531618435156,0.11617306336254661,4613,52,41114,70138,1.263178351066414,0.0009435414509929998,0.0016561645350892157,0.9369732240311424,0.8876549973926846,0.7858320944062442,0.44791818490987706,0.6226740514016421
TRI_RUT_200000,RUT,200000,True,dom,TEMPLATE_OOD_EXACT,0.001,4.402343750000001,0.031444767195916414,0.0003322075189635125,0.9867256637168141,0.060947279236929136,2230,30,90275,68688,0.3322075189635125,0.00022414988947382165,0.0004742132080040254,0.8993382691966831,0.9079140826137551,0.6638618752925269,0.35787608659542663,0.49091412435634796
TRI_RUT_200000,RUT,200000,True,dom,DOMAIN_TEMPLATE_OOD_EXACT,0.001,4.402343750000001,0.031788941091434764,0.0007331378299120235,0.9865410497981157,0.06159318805669149,2199,30,40890,66976,0.7331378299120235,0.0004946979696539912,0.0010464357925700962,0.9281434534112536,0.8805605786816485,0.7691006310277974,0.4569403714565005,0.6205034213098729
TRI_RUT_200000,RUT,200000,True,dom,LATE_TEST_Q4,0.001,4.402343750000001,0.07027504753742736,0.000741132874536792,0.9973394146712277,0.13129847385539156,2624,7,9438,34715,0.741132874536792,0.00029802412010012313,0.0015264170052670643,0.9691357365564395,0.8902159589111374,0.8812600575413273,0.5156167284277395,0.5156167284277395
TRI_RUT_200000,RUT,200000,True,dom,OFFICIAL_TEST,0.0025,3.9921875000000004,0.1445703125,0.0019943019943019944,0.9838723969871511,0.2520974059147414,11103,182,91078,65697,1.9943019943019944,0.0017153096386428954,0.0023056669965200215,0.9106667227492493,0.9131361479649491,0.6933049904242412,0.3351632697786544,0.49525531448608373
TRI_RUT_200000,RUT,200000,True,dom,DOMAIN_OOD_EXACT,0.0025,3.9921875000000004,0.14516193763294136,0.0036194918136326095,0.9864545454545455,0.2530815967160733,10851,149,41017,63900,3.6194918136326093,0.003062479082144176,0.004248216646363596,0.9369732240311424,0.8876549973926846,0.7858320944062442,0.44791818490987706,0.6226740514016421
TRI_RUT_200000,RUT,200000,True,dom,TEMPLATE_OOD_EXACT,0.0025,3.9921875000000004,0.1020051326884571,0.001539228171197608,0.9811474298114743,0.18479774175831193,7234,139,90166,63684,1.5392281711976081,0.0012941396352819836,0.0018171742812971585,0.8993382691966831,0.9079140826137551,0.6638618752925269,0.35787608659542663,0.49091412435634796
TRI_RUT_200000,RUT,200000,True,dom,DOMAIN_TEMPLATE_OOD_EXACT,0.0025,3.9921875000000004,0.10311528731478135,0.0028347996089931574,0.9839977927990068,0.1866691091803622,7133,116,40804,62042,2.8347996089931575,0.0023429982825720536,0.003399110638888845,0.9281434534112536,0.8805605786816485,0.7691006310277974,0.4569403714565005,0.6205034213098729
TRI_RUT_200000,RUT,200000,True,dom,LATE_TEST_Q4,0.0025,3.9921875000000004,0.1630734620637939,0.0026469031233456856,0.9959110238796205,0.2802568292177755,6089,25,9420,31250,2.6469031233456857,0.0017136460596266453,0.0039048881477933587,0.9691357365564395,0.8902159589111374,0.8812600575413273,0.5156167284277395,0.5156167284277395
TRI_RUT_200000,RUT,200000,True,dom,OFFICIAL_TEST,0.005,3.5351562500000004,0.25459635416666665,0.004251588866973482,0.9805426006719824,0.4042339855903908,19553,388,90872,57247,4.251588866973482,0.00383979100736454,0.0046953691090208406,0.9106667227492493,0.9131361479649491,0.6933049904242412,0.3351632697786544,0.49525531448608373
TRI_RUT_200000,RUT,200000,True,dom,DOMAIN_OOD_EXACT,0.005,3.5351562500000004,0.25491297775280597,0.006753145799931983,0.985620441731754,0.40506356022277956,19055,278,40888,55696,6.753145799931983,0.0059847972324183485,0.00759225107719805,0.9369732240311424,0.8876549973926846,0.7858320944062442,0.44791818490987706,0.6226740514016421
TRI_RUT_200000,RUT,200000,True,dom,TEMPLATE_OOD_EXACT,0.005,3.5351562500000004,0.21032742040102653,0.0036099883727368364,0.9786117307439969,0.34623955431754877,14916,326,89979,56002,3.6099883727368365,0.0032293053283662366,0.0040230827043744736,0.8993382691966831,0.9079140826137551,0.6638618752925269,0.35787608659542663,0.49091412435634796
TRI_RUT_200000,RUT,200000,True,dom,DOMAIN_TEMPLATE_OOD_EXACT,0.005,3.5351562500000004,0.21091434766895556,0.00581622678396872,0.9839492851362287,0.3473685463614395,14590,238,40682,54585,5.81622678396872,0.005102477931003224,0.006601405031762892,0.9281434534112536,0.8805605786816485,0.7691006310277974,0.4569403714565005,0.6205034213098729
TRI_RUT_200000,RUT,200000,True,dom,LATE_TEST_Q4,0.005,3.5351562500000004,0.23436621227135168,0.006458443620963473,0.9930776214253291,0.379233386058807,8751,61,9384,28588,6.458443620963473,0.004943693802025206,0.008288510927593867,0.9691357365564395,0.8902159589111374,0.8812600575413273,0.5156167284277395,0.5156167284277395
TRI_RUT_200000,RUT,200000,True,dom,OFFICIAL_TEST,0.01,2.6035156250000004,0.43356770833333336,0.009741398202936664,0.9739959633778922,0.6000342382441187,33298,889,90371,43502,9.741398202936663,0.009114314905736174,0.010399931196836522,0.9106667227492493,0.9131361479649491,0.6933049904242412,0.3351632697786544,0.49525531448608373
TRI_RUT_200000,RUT,200000,True,dom,DOMAIN_OOD_EXACT,0.01,2.6035156250000004,0.4355660793835534,0.015814021279696836,0.9803974706413731,0.6031622530358185,32559,651,40515,42192,15.814021279696837,0.01463097648802125,0.017066053629283026,0.9369732240311424,0.8876549973926846,0.7858320944062442,0.44791818490987706,0.6226740514016421
TRI_RUT_200000,RUT,200000,True,dom,TEMPLATE_OOD_EXACT,0.01,2.6035156250000004,0.3904650441354804,0.00900282376391119,0.9714776873421275,0.5570396894047596,27691,813,89492,43227,9.00282376391119,0.008397046346446557,0.009640447448736546,0.8993382691966831,0.9079140826137551,0.6638618752925269,0.35787608659542663,0.49091412435634796
TRI_RUT_200000,RUT,200000,True,dom,DOMAIN_TEMPLATE_OOD_EXACT,0.01,2.6035156250000004,0.39282977954463316,0.014736070381231672,0.9782913921589804,0.5605660533047281,27174,603,40317,42001,14.736070381231672,0.013590907874790704,0.015950824577848483,0.9281434534112536,0.8805605786816485,0.7691006310277974,0.4569403714565005,0.6205034213098729
TRI_RUT_200000,RUT,200000,True,dom,LATE_TEST_Q4,0.01,2.6035156250000004,0.39154771150807466,0.014293276866066702,0.9908505591324974,0.5612930471839368,14620,135,9310,22719,14.293276866066702,0.011997242435167279,0.01689556401282871,0.9691357365564395,0.8902159589111374,0.8812600575413273,0.5156167284277395,0.5156167284277395
TRI_RUT_200000,RUT,200000,True,dom,OFFICIAL_TEST,0.02,1.4111328125000002,0.5951041666666667,0.02069910146833224,0.9603092891811821,0.7348323458715522,45704,1889,89371,31096,20.699101468332238,0.019785157785283548,0.021643685212398407,0.9106667227492493,0.9131361479649491,0.6933049904242412,0.3351632697786544,0.49525531448608373
TRI_RUT_200000,RUT,200000,True,dom,DOMAIN_OOD_EXACT,0.02,1.4111328125000002,0.5981725996976629,0.03408152358742652,0.9695773792744541,0.73988152364563,44714,1403,39763,30037,34.08152358742652,0.03234960101286668,0.03587955984862237,0.9369732240311424,0.8876549973926846,0.7858320944062442,0.44791818490987706,0.6226740514016421
TRI_RUT_200000,RUT,200000,True,dom,TEMPLATE_OOD_EXACT,0.02,1.4111328125000002,0.5643419160156801,0.019755273794363547,0.9573266995168158,0.7100883574039247,40022,1784,88521,30896,19.755273794363546,0.018857574058800983,0.020684005448831005,0.8993382691966831,0.9079140826137551,0.6638618752925269,0.35787608659542663,0.49091412435634796
TRI_RUT_200000,RUT,200000,True,dom,DOMAIN_TEMPLATE_OOD_EXACT,0.02,1.4111328125000002,0.568225514998193,0.032673509286412515,0.9671046156874323,0.7158506269406933,39307,1337,39583,29868,32.67350928641252,0.030971994834142716,0.034441750124722205,0.9281434534112536,0.8805605786816485,0.7691006310277974,0.4569403714565005,0.6205034213098729
TRI_RUT_200000,RUT,200000,True,dom,LATE_TEST_Q4,0.02,1.4111328125000002,0.5609416427863628,0.02752779248279513,0.9877387408630041,0.7155301995080623,20945,260,9185,16394,27.527792482795128,0.024321542171519193,0.03102967267736802,0.9691357365564395,0.8902159589111374,0.8812600575413273,0.5156167284277395,0.5156167284277395
TRI_RUT_200000,RUT,200000,True,cascade,OFFICIAL_TEST,0.0001,1000000000.0000001,0.0,0.0,0.0,0.0,0,0,91260,76800,0.0,0.0,4.042082949625189e-05,0.9853851042195743,0.9862328626086638,0.9977639285611241,0.0016984440061363138,0.005193951347797501
TRI_RUT_200000,RUT,200000,True,cascade,DOMAIN_OOD_EXACT,0.0001,1000000000.0000001,0.0,0.0,0.0,0.0,0,0,41166,74751,0.0,0.0,8.960584412055874e-05,0.9910938435335489,0.986354943923876,0.9985307866969414,0.002404897245299519,0.00806490793373172
TRI_RUT_200000,RUT,200000,True,cascade,TEMPLATE_OOD_EXACT,0.0001,1000000000.0000001,0.0,0.0,0.0,0.0,0,0,90305,70918,0.0,0.0,4.084828205976168e-05,0.9851874304022423,0.9865141922731222,0.9977350120278672,0.0016056696749903107,0.004960965616521787
TRI_RUT_200000,RUT,200000,True,cascade,DOMAIN_TEMPLATE_OOD_EXACT,0.0001,1000000000.0000001,0.0,0.0,0.0,0.0,0,0,40920,69175,0.0,0.0,9.014450599970149e-05,0.9909443012819585,0.9867816770123798,0.9985414329219426,0.0022238514173998046,0.007478005865102639
TRI_RUT_200000,RUT,200000,True,cascade,LATE_TEST_Q4,0.0001,1000000000.0000001,0.0,0.0,0.0,0.0,0,0,9445,37339,0.0,0.0,0.0003904880016567448,0.9949354355785717,0.9866575269740049,0.998234982643996,0.006352567496029645,0.010905240868184224
TRI_RUT_200000,RUT,200000,True,cascade,OFFICIAL_TEST,0.0005,9.171875000000002,0.8045052083333334,0.0006684198991891299,0.9990136950862613,0.891270636941297,61786,61,91199,15014,0.6684198991891299,0.0005113256362706003,0.0008585316643830596,0.9853851042195743,0.9862328626086638,0.9977639285611241,0.0016984440061363138,0.005193951347797501
TRI_RUT_200000,RUT,200000,True,cascade,DOMAIN_OOD_EXACT,0.0005,9.171875000000002,0.8070259929633048,0.0012145945683330905,0.9991718563667683,0.8928785512887877,60326,50,41116,14425,1.2145945683330905,0.0009016257322838223,0.0016009818613583076,0.9910938435335489,0.986354943923876,0.9985307866969414,0.002404897245299519,0.00806490793373172
TRI_RUT_200000,RUT,200000,True,cascade,TEMPLATE_OOD_EXACT,0.0005,9.171875000000002,0.8052257536873573,0.0006533414539615747,0.998967881883703,0.8916943832857076,57105,59,90246,13813,0.6533414539615747,0.0004973898304310645,0.0008426830481255526,0.9851874304022423,0.9865141922731222,0.9977350120278672,0.0016056696749903107,0.004960965616521787
TRI_RUT_200000,RUT,200000,True,cascade,DOMAIN_TEMPLATE_OOD_EXACT,0.0005,9.171875000000002,0.8079363932056379,0.0011730205278592375,0.9991418917710996,0.8934234925506745,55889,48,40872,13286,1.1730205278592376,0.000865015467153547,0.0015549577569782373,0.9909443012819585,0.9867816770123798,0.9985414329219426,0.0022238514173998046,0.007478005865102639
TRI_RUT_200000,RUT,200000,True,cascade,LATE_TEST_Q4,0.0005,9.171875000000002,0.7616701036449824,0.002541026998411858,0.9991568296795953,0.8643982797136909,28440,24,9421,8899,2.541026998411858,0.001628741543235621,0.0037785025335086856,0.9949354355785717,0.9866575269740049,0.998234982643996,0.006352567496029645,0.010905240868184224
TRI_RUT_200000,RUT,200000,True,cascade,OFFICIAL_TEST,0.001,7.007812500000001,0.8894661458333334,0.0014792899408284023,0.9980276422289104,0.9406248709086653,68311,135,91125,8489,1.4792899408284024,0.0012404296900745274,0.001750680813225428,0.9853851042195743,0.9862328626086638,0.9977639285611241,0.0016984440061363138,0.005193951347797501
TRI_RUT_200000,RUT,200000,True,cascade,DOMAIN_OOD_EXACT,0.001,7.007812500000001,0.8919345560594507,0.0022105621143662245,0.9986369899946079,0.9422746705296259,66673,91,41075,8078,2.2105621143662244,0.001780168689597638,0.0027133968827388892,0.9910938435335489,0.986354943923876,0.9985307866969414,0.002404897245299519,0.00806490793373172
TRI_RUT_200000,RUT,200000,True,cascade,TEMPLATE_OOD_EXACT,0.001,7.007812500000001,0.890324036210835,0.0014395659155085542,0.9979453137347875,0.9410677556860524,63140,130,90175,7778,1.4395659155085543,0.0012028893573672295,0.0017091369710450547,0.9851874304022423,0.9865141922731222,0.9977350120278672,0.0016056696749903107,0.004960965616521787
TRI_RUT_200000,RUT,200000,True,cascade,DOMAIN_TEMPLATE_OOD_EXACT,0.001,7.007812500000001,0.8931839537405132,0.002101661779081134,0.9986100336177915,0.942959396247148,61786,86,40834,7389,2.1016617790811343,0.0016813913568388917,0.0025948940466417074,0.9909443012819585,0.9867816770123798,0.9985414329219426,0.0022238514173998046,0.007478005865102639
TRI_RUT_200000,RUT,200000,True,cascade,LATE_TEST_Q4,0.001,7.007812500000001,0.8830713195318568,0.005929062996294336,0.9983045202700657,0.9371589358799454,32973,56,9389,4366,5.929062996294336,0.00448176714738652,0.007692560596991095,0.9949354355785717,0.9866575269740049,0.998234982643996,0.006352567496029645,0.010905240868184224
TRI_RUT_200000,RUT,200000,True,cascade,OFFICIAL_TEST,0.0025,4.015625000000001,0.9398697916666666,0.003802323033092264,0.99521570682072,0.9667512673358825,72182,347,90913,4618,3.802323033092264,0.0034133807256777923,0.00422330722054561,0.9853851042195743,0.9862328626086638,0.9977639285611241,0.0016984440061363138,0.005193951347797501
TRI_RUT_200000,RUT,200000,True,cascade,DOMAIN_OOD_EXACT,0.0025,4.015625000000001,0.9423151529745422,0.006461643103532041,0.9962378898239163,0.9685265647343527,70439,266,40900,4312,6.461643103532041,0.005710469797505449,0.007283645681387835,0.9910938435335489,0.986354943923876,0.9985307866969414,0.002404897245299519,0.00806490793373172
TRI_RUT_200000,RUT,200000,True,cascade,TEMPLATE_OOD_EXACT,0.0025,4.015625000000001,0.9411573930454892,0.0037650185482531423,0.994931802936573,0.967297812366398,66745,340,89965,4173,3.7650185482531424,0.0033760486932299582,0.004186377388302712,0.9851874304022423,0.9865141922731222,0.9977350120278672,0.0016056696749903107,0.004960965616521787
TRI_RUT_200000,RUT,200000,True,cascade,DOMAIN_TEMPLATE_OOD_EXACT,0.0025,4.015625000000001,0.943910372244308,0.006329423264907136,0.9960490587912255,0.969279071320948,65295,259,40661,3880,6.329423264907136,0.005584009203037744,0.007146130534763022,0.9909443012819585,0.9867816770123798,0.9985414329219426,0.0022238514173998046,0.007478005865102639
TRI_RUT_200000,RUT,200000,True,cascade,LATE_TEST_Q4,0.0025,4.015625000000001,0.9483381986662739,0.010693488618316569,0.9971558108755033,0.9721345229924503,35410,101,9344,1929,10.69348861831657,0.008718226758817713,0.012978587577178137,0.9949354355785717,0.9866575269740049,0.998234982643996,0.006352567496029645,0.010905240868184224
TRI_RUT_200000,RUT,200000,True,cascade,OFFICIAL_TEST,0.005,1.1298828125000002,0.9576953125,0.006804733727810651,0.9916275683546352,0.9743661076226056,73551,621,90639,3249,6.804733727810651,0.006281606388144773,0.0073595678966779645,0.9853851042195743,0.9862328626086638,0.9977639285611241,0.0016984440061363138,0.005193951347797501
TRI_RUT_200000,RUT,200000,True,cascade,DOMAIN_OOD_EXACT,0.005,1.1298828125000002,0.9603082233013606,0.012194529466064228,0.9930553634175359,0.9764072988431483,71784,502,40664,2967,12.194529466064228,0.011156676547442795,0.013302009485980006,0.9910938435335489,0.986354943923876,0.9985307866969414,0.002404897245299519,0.00806490793373172
TRI_RUT_200000,RUT,200000,True,cascade,TEMPLATE_OOD_EXACT,0.005,1.1298828125000002,0.9584167630220818,0.006743812634959305,0.9911196010382338,0.974493892297987,67969,609,89696,2949,6.743812634959305,0.0062203726556299644,0.007299302866583471,0.9851874304022423,0.9865141922731222,0.9977350120278672,0.0016056696749903107,0.004960965616521787
TRI_RUT_200000,RUT,200000,True,cascade,DOMAIN_TEMPLATE_OOD_EXACT,0.005,1.1298828125000002,0.9612865919768703,0.011974584555229716,0.992685147864511,0.9767335967450537,66497,490,40430,2678,11.974584555229717,0.01094321784486874,0.013076040999722703,0.9909443012819585,0.9867816770123798,0.9985414329219426,0.0022238514173998046,0.007478005865102639
TRI_RUT_200000,RUT,200000,True,cascade,LATE_TEST_Q4,0.005,1.1298828125000002,0.9625860360480999,0.014822657490735839,0.9961199490050441,0.9790659348142903,35942,140,9305,1397,14.822657490735839,0.012483169196217607,0.017467914022327835,0.9949354355785717,0.9866575269740049,0.998234982643996,0.006352567496029645,0.010905240868184224
TRI_RUT_200000,RUT,200000,True,cascade,OFFICIAL_TEST,0.01,-2.5253906249999996,0.9664453125,0.012458908612754767,0.9849124203821656,0.9755914826498422,74223,1137,90123,2577,12.458908612754767,0.011749301453918393,0.013199751097297652,0.9853851042195743,0.9862328626086638,0.9977639285611241,0.0016984440061363138,0.005193951347797501
TRI_RUT_200000,RUT,200000,True,cascade,DOMAIN_OOD_EXACT,0.01,-2.5253906249999996,0.9691776698639483,0.023150172472428704,0.9870163487738419,0.978015673198291,72447,953,40213,2304,23.150172472428704,0.021719055998851346,0.024649080038925367,0.9910938435335489,0.986354943923876,0.9985307866969414,0.002404897245299519,0.00806490793373172
TRI_RUT_200000,RUT,200000,True,cascade,TEMPLATE_OOD_EXACT,0.01,-2.5253906249999996,0.9668349361234101,0.012358119705442667,0.9839843862116472,0.9753342816500711,68566,1116,89189,2352,12.358119705442666,0.011647722740791467,0.013100091753907861,0.9851874304022423,0.9865141922731222,0.9977350120278672,0.0016056696749903107,0.004960965616521787
TRI_RUT_200000,RUT,200000,True,cascade,DOMAIN_TEMPLATE_OOD_EXACT,0.01,-2.5253906249999996,0.9697867726779906,0.022776148582600197,0.9862975432612435,0.9779724765292438,67085,932,39988,2090,22.776148582600197,0.021352370969623752,0.024268186476371547,0.9909443012819585,0.9867816770123798,0.9985414329219426,0.0022238514173998046,0.007478005865102639
TRI_RUT_200000,RUT,200000,True,cascade,LATE_TEST_Q4,0.01,-2.5253906249999996,0.9703527143201478,0.023186871360508204,0.9939919343776576,0.9820300853774224,36232,219,9226,1107,23.186871360508203,0.02024657876801359,0.026426041281288497,0.9949354355785717,0.9866575269740049,0.998234982643996,0.006352567496029645,0.010905240868184224
TRI_RUT_200000,RUT,200000,True,cascade,OFFICIAL_TEST,0.02,-5.031249999999999,0.9727734375,0.02601358755204909,0.9692020289817469,0.9709844492244107,74709,2374,88886,2091,26.013587552049092,0.0249904708125645,0.027066979794136945,0.9853851042195743,0.9862328626086638,0.9977639285611241,0.0016984440061363138,0.005193951347797501
TRI_RUT_200000,RUT,200000,True,cascade,DOMAIN_OOD_EXACT,0.02,-5.031249999999999,0.9754785889151985,0.04892386921245688,0.9731222975497784,0.9742990185926258,72918,2014,39152,1833,48.92386921245688,0.04685984384080061,0.051051810138081286,0.9910938435335489,0.986354943923876,0.9985307866969414,0.002404897245299519,0.00806490793373172
TRI_RUT_200000,RUT,200000,True,cascade,TEMPLATE_OOD_EXACT,0.02,-5.031249999999999,0.9730392848078062,0.02589003931122308,0.9672291993720565,0.9701255430121888,69006,2338,87967,1912,25.890039311223077,0.024863984744865137,0.026946699139519883,0.9851874304022423,0.9865141922731222,0.9977350120278672,0.0016056696749903107,0.004960965616521787
TRI_RUT_200000,RUT,200000,True,cascade,DOMAIN_TEMPLATE_OOD_EXACT,0.02,-5.031249999999999,0.9759306107697868,0.04850928641251222,0.9714367940139579,0.9736785173433332,67510,1985,38935,1665,48.50928641251222,0.04644757618833239,0.05063535898260101,0.9909443012819585,0.9867816770123798,0.9985414329219426,0.0022238514173998046,0.007478005865102639
TRI_RUT_200000,RUT,200000,True,cascade,LATE_TEST_Q4,0.02,-5.031249999999999,0.9762178954980048,0.03578613022763367,0.9908124711190845,0.983461040362616,36451,338,9107,888,35.78613022763367,0.03213075674552098,0.039731257418056054,0.9949354355785717,0.9866575269740049,0.998234982643996,0.006352567496029645,0.010905240868184224
